{
"type": "FeatureCollection",
"name": "Cambridge_transit_stations",
"crs": { "type": "name", "properties": { "name": "urn:ogc:def:crs:EPSG::6491" } },
"features": [
{ "type": "Feature", "properties": { "stop_id": "101", "stop_name": "Massachusetts Ave @ Sidney St", "municipality": "Cambridge", "station_type": "Bus", "modes_served": "Bus", "multimodal": false, "dep_bus": 765, "dep_rapid_transit": 0, "dep_commuter_rail": 0, "weekly_departures": 765 }, "geometry": { "type": "Point", "coordinates": [ 232992.477654586895369, 901464.931206942535937 ] } },
{ "type": "Feature", "properties": { "stop_id": "102", "stop_name": "Massachusetts Ave @ Prospect St", "municipality": "Cambridge", "station_type": "Bus", "modes_served": "Bus", "multimodal": false, "dep_bus": 765, "dep_rapid_transit": 0, "dep_commuter_rail": 0, "weekly_departures": 765 }, "geometry": { "type": "Point", "coordinates": [ 232668.543981658527628, 901719.230410578893498 ] } },
{ "type": "Feature", "properties": { "stop_id": "104", "stop_name": "Massachusetts Ave @ Inman St", "municipality": "Cambridge", "station_type": "Bus", "modes_served": "Bus", "multimodal": false, "dep_bus": 765, "dep_rapid_transit": 0, "dep_commuter_rail": 0, "weekly_departures": 765 }, "geometry": { "type": "Point", "coordinates": [ 232469.346577167598298, 901883.591252977377735 ] } },
{ "type": "Feature", "properties": { "stop_id": "1059", "stop_name": "River St @ Green St", "municipality": "Cambridge", "station_type": "Bus", "modes_served": "Bus", "multimodal": false, "dep_bus": 1255, "dep_rapid_transit": 0, "dep_commuter_rail": 0, "weekly_departures": 1255 }, "geometry": { "type": "Point", "coordinates": [ 232525.494475040759426, 901694.240631495602429 ] } },
{ "type": "Feature", "properties": { "stop_id": "106", "stop_name": "Massachusetts Ave @ Hancock St", "municipality": "Cambridge", "station_type": "Bus", "modes_served": "Bus", "multimodal": false, "dep_bus": 765, "dep_rapid_transit": 0, "dep_commuter_rail": 0, "weekly_departures": 765 }, "geometry": { "type": "Point", "coordinates": [ 232206.914456546393922, 902080.435644370736554 ] } },
{ "type": "Feature", "properties": { "stop_id": "107", "stop_name": "Massachusetts Ave @ Dana St", "municipality": "Cambridge", "station_type": "Bus", "modes_served": "Bus", "multimodal": false, "dep_bus": 765, "dep_rapid_transit": 0, "dep_commuter_rail": 0, "weekly_departures": 765 }, "geometry": { "type": "Point", "coordinates": [ 232059.532095957925776, 902157.849497329210863 ] } },
{ "type": "Feature", "properties": { "stop_id": "108", "stop_name": "Massachusetts Ave @ Trowbridge St", "municipality": "Cambridge", "station_type": "Bus", "modes_served": "Bus", "multimodal": false, "dep_bus": 765, "dep_rapid_transit": 0, "dep_commuter_rail": 0, "weekly_departures": 765 }, "geometry": { "type": "Point", "coordinates": [ 231875.75987902857014, 902268.646844396251254 ] } },
{ "type": "Feature", "properties": { "stop_id": "109", "stop_name": "Massachusetts Ave @ Bow St", "municipality": "Cambridge", "station_type": "Bus", "modes_served": "Bus", "multimodal": false, "dep_bus": 765, "dep_rapid_transit": 0, "dep_commuter_rail": 0, "weekly_departures": 765 }, "geometry": { "type": "Point", "coordinates": [ 231679.39086251455592, 902470.920613122056238 ] } },
{ "type": "Feature", "properties": { "stop_id": "110", "stop_name": "Massachusetts Ave opp Holyoke St", "municipality": "Cambridge", "station_type": "Bus", "modes_served": "Bus", "multimodal": false, "dep_bus": 1184, "dep_rapid_transit": 0, "dep_commuter_rail": 0, "weekly_departures": 1184 }, "geometry": { "type": "Point", "coordinates": [ 231490.934730636421591, 902582.484461363870651 ] } },
{ "type": "Feature", "properties": { "stop_id": "1123", "stop_name": "Green St @ Magazine St", "municipality": "Cambridge", "station_type": "Bus", "modes_served": "Bus", "multimodal": false, "dep_bus": 790, "dep_rapid_transit": 0, "dep_commuter_rail": 0, "weekly_departures": 790 }, "geometry": { "type": "Point", "coordinates": [ 232586.273250468075275, 901679.304559372249059 ] } },
{ "type": "Feature", "properties": { "stop_id": "113", "stop_name": "Portland St @ Causeway St", "municipality": "Boston", "station_type": "Bus", "modes_served": "Bus", "multimodal": false, "dep_bus": 40, "dep_rapid_transit": 0, "dep_commuter_rail": 0, "weekly_departures": 40 }, "geometry": { "type": "Point", "coordinates": [ 236063.066425207915017, 901674.296462594531476 ] } },
{ "type": "Feature", "properties": { "stop_id": "114", "stop_name": "Causeway St @ North Station", "municipality": "Boston", "station_type": "Bus", "modes_served": "Bus", "multimodal": false, "dep_bus": 45, "dep_rapid_transit": 0, "dep_commuter_rail": 0, "weekly_departures": 45 }, "geometry": { "type": "Point", "coordinates": [ 236237.812861735990737, 901828.150503403507173 ] } },
{ "type": "Feature", "properties": { "stop_id": "11408", "stop_name": "Cambridge St @ Columbia St", "municipality": "Cambridge", "station_type": "Bus", "modes_served": "Bus", "multimodal": false, "dep_bus": 521, "dep_rapid_transit": 0, "dep_commuter_rail": 0, "weekly_departures": 521 }, "geometry": { "type": "Point", "coordinates": [ 233424.042537554778391, 902556.981531821773387 ] } },
{ "type": "Feature", "properties": { "stop_id": "11767", "stop_name": "Pearl St @ Putnam Ave", "municipality": "Cambridge", "station_type": "Bus", "modes_served": "Bus", "multimodal": false, "dep_bus": 313, "dep_rapid_transit": 0, "dep_commuter_rail": 0, "weekly_departures": 313 }, "geometry": { "type": "Point", "coordinates": [ 232147.704685009870445, 900925.175252540386282 ] } },
{ "type": "Feature", "properties": { "stop_id": "11771", "stop_name": "Vassar St @ Massachusetts Ave", "municipality": "Cambridge", "station_type": "Bus", "modes_served": "Bus", "multimodal": false, "dep_bus": 160, "dep_rapid_transit": 0, "dep_commuter_rail": 0, "weekly_departures": 160 }, "geometry": { "type": "Point", "coordinates": [ 233378.705258833098924, 901160.402099656057544 ] } },
{ "type": "Feature", "properties": { "stop_id": "11772", "stop_name": "Vassar St @ Pacific St Extension", "municipality": "Cambridge", "station_type": "Bus", "modes_served": "Bus", "multimodal": false, "dep_bus": 160, "dep_rapid_transit": 0, "dep_commuter_rail": 0, "weekly_departures": 160 }, "geometry": { "type": "Point", "coordinates": [ 233034.722235133551294, 900924.846252329763956 ] } },
{ "type": "Feature", "properties": { "stop_id": "118", "stop_name": "Causeway St @ Medford St", "municipality": "Boston", "station_type": "Bus", "modes_served": "Bus", "multimodal": false, "dep_bus": 40, "dep_rapid_transit": 0, "dep_commuter_rail": 0, "weekly_departures": 40 }, "geometry": { "type": "Point", "coordinates": [ 236285.161309213319328, 901847.16712569235824 ] } },
{ "type": "Feature", "properties": { "stop_id": "11809", "stop_name": "Mountfort St @ Carlton St", "municipality": "Brookline", "station_type": "Bus", "modes_served": "Bus", "multimodal": false, "dep_bus": 454, "dep_rapid_transit": 0, "dep_commuter_rail": 0, "weekly_departures": 454 }, "geometry": { "type": "Point", "coordinates": [ 232250.487747659179149, 899890.623495371313766 ] } },
{ "type": "Feature", "properties": { "stop_id": "12231", "stop_name": "Galileo Way @ Main St", "municipality": "Cambridge", "station_type": "Bus", "modes_served": "Bus", "multimodal": false, "dep_bus": 145, "dep_rapid_transit": 0, "dep_commuter_rail": 0, "weekly_departures": 145 }, "geometry": { "type": "Point", "coordinates": [ 233800.267249174270546, 901498.206413948326372 ] } },
{ "type": "Feature", "properties": { "stop_id": "12301", "stop_name": "Massachusetts Ave @ Upland Rd", "municipality": "Cambridge", "station_type": "Bus", "modes_served": "Bus", "multimodal": false, "dep_bus": 928, "dep_rapid_transit": 0, "dep_commuter_rail": 0, "weekly_departures": 928 }, "geometry": { "type": "Point", "coordinates": [ 231322.856450838473393, 904275.9007423738949 ] } },
{ "type": "Feature", "properties": { "stop_id": "12439", "stop_name": "Prospect St @ Cambridge St", "municipality": "Cambridge", "station_type": "Bus", "modes_served": "Bus", "multimodal": false, "dep_bus": 202, "dep_rapid_transit": 0, "dep_commuter_rail": 0, "weekly_departures": 202 }, "geometry": { "type": "Point", "coordinates": [ 233112.284200886962935, 902664.250865498324856 ] } },
{ "type": "Feature", "properties": { "stop_id": "12451", "stop_name": "Prospect St @ Cambridge St", "municipality": "Cambridge", "station_type": "Bus", "modes_served": "Bus", "multimodal": false, "dep_bus": 202, "dep_rapid_transit": 0, "dep_commuter_rail": 0, "weekly_departures": 202 }, "geometry": { "type": "Point", "coordinates": [ 233122.25022792944219, 902646.747468201909214 ] } },
{ "type": "Feature", "properties": { "stop_id": "12512", "stop_name": "Prospect St @ Oak St", "municipality": "Somerville", "station_type": "Bus", "modes_served": "Bus", "multimodal": false, "dep_bus": 202, "dep_rapid_transit": 0, "dep_commuter_rail": 0, "weekly_departures": 202 }, "geometry": { "type": "Point", "coordinates": [ 233250.798946114140563, 902929.271682346938178 ] } },
{ "type": "Feature", "properties": { "stop_id": "12530", "stop_name": "Prospect St @ Webster Ave", "municipality": "Somerville", "station_type": "Bus", "modes_served": "Bus", "multimodal": false, "dep_bus": 202, "dep_rapid_transit": 0, "dep_commuter_rail": 0, "weekly_departures": 202 }, "geometry": { "type": "Point", "coordinates": [ 233298.298337480751798, 902986.035595439607278 ] } },
{ "type": "Feature", "properties": { "stop_id": "12826", "stop_name": "Main St @ Union St", "municipality": "Boston", "station_type": "Bus", "modes_served": "Bus", "multimodal": false, "dep_bus": 158, "dep_rapid_transit": 0, "dep_commuter_rail": 0, "weekly_departures": 158 }, "geometry": { "type": "Point", "coordinates": [ 235921.382628915598616, 902769.692935374216177 ] } },
{ "type": "Feature", "properties": { "stop_id": "12829", "stop_name": "Chelsea St @ Warren St", "municipality": "Boston", "station_type": "Bus", "modes_served": "Bus", "multimodal": false, "dep_bus": 262, "dep_rapid_transit": 0, "dep_commuter_rail": 0, "weekly_departures": 262 }, "geometry": { "type": "Point", "coordinates": [ 236161.849933194287587, 902471.236669244943187 ] } },
{ "type": "Feature", "properties": { "stop_id": "12836", "stop_name": "Chelsea St @ Warren St", "municipality": "Boston", "station_type": "Bus", "modes_served": "Bus", "multimodal": false, "dep_bus": 259, "dep_rapid_transit": 0, "dep_commuter_rail": 0, "weekly_departures": 259 }, "geometry": { "type": "Point", "coordinates": [ 236220.683206005051034, 902498.420763857662678 ] } },
{ "type": "Feature", "properties": { "stop_id": "1564", "stop_name": "Brookline Ave @ Newbury St", "municipality": "Boston", "station_type": "Bus", "modes_served": "Bus", "multimodal": false, "dep_bus": 770, "dep_rapid_transit": 0, "dep_commuter_rail": 0, "weekly_departures": 770 }, "geometry": { "type": "Point", "coordinates": [ 233163.397778078331612, 899808.897959367837757 ] } },
{ "type": "Feature", "properties": { "stop_id": "1764", "stop_name": "Pearl St @ William St", "municipality": "Cambridge", "station_type": "Bus", "modes_served": "Bus", "multimodal": false, "dep_bus": 313, "dep_rapid_transit": 0, "dep_commuter_rail": 0, "weekly_departures": 313 }, "geometry": { "type": "Point", "coordinates": [ 232534.377025023655733, 901412.587809340679087 ] } },
{ "type": "Feature", "properties": { "stop_id": "1766", "stop_name": "Pearl St @ Erie St", "municipality": "Cambridge", "station_type": "Bus", "modes_served": "Bus", "multimodal": false, "dep_bus": 313, "dep_rapid_transit": 0, "dep_commuter_rail": 0, "weekly_departures": 313 }, "geometry": { "type": "Point", "coordinates": [ 232326.008348545903573, 901152.036836053710431 ] } },
{ "type": "Feature", "properties": { "stop_id": "1771", "stop_name": "Granite St @ Pearl St", "municipality": "Cambridge", "station_type": "Bus", "modes_served": "Bus", "multimodal": false, "dep_bus": 313, "dep_rapid_transit": 0, "dep_commuter_rail": 0, "weekly_departures": 313 }, "geometry": { "type": "Point", "coordinates": [ 231972.329488669085549, 900667.785271894419566 ] } },
{ "type": "Feature", "properties": { "stop_id": "1772", "stop_name": "Granite St @ Brookline St", "municipality": "Cambridge", "station_type": "Bus", "modes_served": "Bus", "multimodal": false, "dep_bus": 313, "dep_rapid_transit": 0, "dep_commuter_rail": 0, "weekly_departures": 313 }, "geometry": { "type": "Point", "coordinates": [ 232091.198018695169594, 900580.686721231322736 ] } },
{ "type": "Feature", "properties": { "stop_id": "1773", "stop_name": "Mountfort St @ Lenox St", "municipality": "Brookline", "station_type": "Bus", "modes_served": "Bus", "multimodal": false, "dep_bus": 473, "dep_rapid_transit": 0, "dep_commuter_rail": 0, "weekly_departures": 473 }, "geometry": { "type": "Point", "coordinates": [ 232133.93168780367705, 899937.519749784143642 ] } },
{ "type": "Feature", "properties": { "stop_id": "1808", "stop_name": "Park Dr @ Beacon St", "municipality": "Boston", "station_type": "Bus", "modes_served": "Bus", "multimodal": false, "dep_bus": 454, "dep_rapid_transit": 0, "dep_commuter_rail": 0, "weekly_departures": 454 }, "geometry": { "type": "Point", "coordinates": [ 232530.121562706277473, 899697.970692524220794 ] } },
{ "type": "Feature", "properties": { "stop_id": "1810", "stop_name": "Commonwealth Ave @ University Rd", "municipality": "Boston", "station_type": "Bus", "modes_served": "Bus", "multimodal": false, "dep_bus": 454, "dep_rapid_transit": 0, "dep_commuter_rail": 0, "weekly_departures": 454 }, "geometry": { "type": "Point", "coordinates": [ 232121.557200469687814, 900085.085418389295228 ] } },
{ "type": "Feature", "properties": { "stop_id": "1811", "stop_name": "Brookline St @ Granite St", "municipality": "Cambridge", "station_type": "Bus", "modes_served": "Bus", "multimodal": false, "dep_bus": 309, "dep_rapid_transit": 0, "dep_commuter_rail": 0, "weekly_departures": 309 }, "geometry": { "type": "Point", "coordinates": [ 232131.327394910535077, 900615.193141239695251 ] } },
{ "type": "Feature", "properties": { "stop_id": "1812", "stop_name": "Brookline St @ Putnam Ave", "municipality": "Cambridge", "station_type": "Bus", "modes_served": "Bus", "multimodal": false, "dep_bus": 309, "dep_rapid_transit": 0, "dep_commuter_rail": 0, "weekly_departures": 309 }, "geometry": { "type": "Point", "coordinates": [ 232307.070890011091251, 900845.263617246411741 ] } },
{ "type": "Feature", "properties": { "stop_id": "1813", "stop_name": "Brookline St @ Erie St", "municipality": "Cambridge", "station_type": "Bus", "modes_served": "Bus", "multimodal": false, "dep_bus": 309, "dep_rapid_transit": 0, "dep_commuter_rail": 0, "weekly_departures": 309 }, "geometry": { "type": "Point", "coordinates": [ 232459.140931036032271, 901043.683114169631153 ] } },
{ "type": "Feature", "properties": { "stop_id": "1814", "stop_name": "Brookline St @ Pacific St", "municipality": "Cambridge", "station_type": "Bus", "modes_served": "Bus", "multimodal": false, "dep_bus": 309, "dep_rapid_transit": 0, "dep_commuter_rail": 0, "weekly_departures": 309 }, "geometry": { "type": "Point", "coordinates": [ 232622.57028596312739, 901259.931229476002045 ] } },
{ "type": "Feature", "properties": { "stop_id": "1816", "stop_name": "Brookline St @ Green St", "municipality": "Cambridge", "station_type": "Bus", "modes_served": "Bus", "multimodal": false, "dep_bus": 309, "dep_rapid_transit": 0, "dep_commuter_rail": 0, "weekly_departures": 309 }, "geometry": { "type": "Point", "coordinates": [ 232789.507755856728181, 901498.970658958773129 ] } },
{ "type": "Feature", "properties": { "stop_id": "2074", "stop_name": "Mt Auburn St @ University Rd", "municipality": "Cambridge", "station_type": "Bus", "modes_served": "Bus", "multimodal": false, "dep_bus": 2404, "dep_rapid_transit": 0, "dep_commuter_rail": 0, "weekly_departures": 2404 }, "geometry": { "type": "Point", "coordinates": [ 231099.416975464788266, 902574.075655280961655 ] } },
{ "type": "Feature", "properties": { "stop_id": "21174", "stop_name": "Vassar St opp Pacific St Extension", "municipality": "Cambridge", "station_type": "Bus", "modes_served": "Bus", "multimodal": false, "dep_bus": 145, "dep_rapid_transit": 0, "dep_commuter_rail": 0, "weekly_departures": 145 }, "geometry": { "type": "Point", "coordinates": [ 233086.113645272736903, 900945.637466762564145 ] } },
{ "type": "Feature", "properties": { "stop_id": "2168", "stop_name": "Massachusetts Ave @ Johnston Gate", "municipality": "Cambridge", "station_type": "Bus", "modes_served": "Bus", "multimodal": false, "dep_bus": 453, "dep_rapid_transit": 0, "dep_commuter_rail": 0, "weekly_departures": 453 }, "geometry": { "type": "Point", "coordinates": [ 231419.264922641828889, 902806.54159213101957 ] } },
{ "type": "Feature", "properties": { "stop_id": "21772", "stop_name": "Vassar St @ Audrey St", "municipality": "Cambridge", "station_type": "Bus", "modes_served": "Bus", "multimodal": false, "dep_bus": 145, "dep_rapid_transit": 0, "dep_commuter_rail": 0, "weekly_departures": 145 }, "geometry": { "type": "Point", "coordinates": [ 232625.432962987775682, 900643.350949136773124 ] } },
{ "type": "Feature", "properties": { "stop_id": "21773", "stop_name": "Vassar St @ Massachusetts Ave", "municipality": "Cambridge", "station_type": "Bus", "modes_served": "Bus", "multimodal": false, "dep_bus": 145, "dep_rapid_transit": 0, "dep_commuter_rail": 0, "weekly_departures": 145 }, "geometry": { "type": "Point", "coordinates": [ 233449.541391185950488, 901197.283629413112067 ] } },
{ "type": "Feature", "properties": { "stop_id": "22173", "stop_name": "Amesbury St @ Vassar St", "municipality": "Cambridge", "station_type": "Bus", "modes_served": "Bus", "multimodal": false, "dep_bus": 160, "dep_rapid_transit": 0, "dep_commuter_rail": 0, "weekly_departures": 160 }, "geometry": { "type": "Point", "coordinates": [ 232560.602262177824741, 900463.992782862507738 ] } },
{ "type": "Feature", "properties": { "stop_id": "22549", "stop_name": "Harvard Sq @ Garden St - Dawes Island", "municipality": "Cambridge", "station_type": "Bus", "modes_served": "Bus", "multimodal": false, "dep_bus": 1808, "dep_rapid_transit": 0, "dep_commuter_rail": 0, "weekly_departures": 1808 }, "geometry": { "type": "Point", "coordinates": [ 231359.387491888395743, 902825.268424042267725 ] } },
{ "type": "Feature", "properties": { "stop_id": "2300", "stop_name": "Massachusetts Ave opp Beech St", "municipality": "Cambridge", "station_type": "Bus", "modes_served": "Bus", "multimodal": false, "dep_bus": 1226, "dep_rapid_transit": 0, "dep_commuter_rail": 0, "weekly_departures": 1226 }, "geometry": { "type": "Point", "coordinates": [ 231240.133056574268267, 904435.374414494726807 ] } },
{ "type": "Feature", "properties": { "stop_id": "2304", "stop_name": "Massachusetts Ave @ Linnaean St", "municipality": "Cambridge", "station_type": "Bus", "modes_served": "Bus", "multimodal": false, "dep_bus": 928, "dep_rapid_transit": 0, "dep_commuter_rail": 0, "weekly_departures": 928 }, "geometry": { "type": "Point", "coordinates": [ 231325.421427331719315, 903848.481950391549617 ] } },
{ "type": "Feature", "properties": { "stop_id": "2305", "stop_name": "Massachusetts Ave @ Shepard St", "municipality": "Cambridge", "station_type": "Bus", "modes_served": "Bus", "multimodal": false, "dep_bus": 928, "dep_rapid_transit": 0, "dep_commuter_rail": 0, "weekly_departures": 928 }, "geometry": { "type": "Point", "coordinates": [ 231298.764125681453152, 903529.012557073496282 ] } },
{ "type": "Feature", "properties": { "stop_id": "2307", "stop_name": "Massachusetts Ave @ Waterhouse St", "municipality": "Cambridge", "station_type": "Bus", "modes_served": "Bus", "multimodal": false, "dep_bus": 928, "dep_rapid_transit": 0, "dep_commuter_rail": 0, "weekly_departures": 928 }, "geometry": { "type": "Point", "coordinates": [ 231271.50589118321659, 903103.461006952216849 ] } },
{ "type": "Feature", "properties": { "stop_id": "231", "stop_name": "Commercial St opp Hull St", "municipality": "Boston", "station_type": "Bus", "modes_served": "Bus", "multimodal": false, "dep_bus": 45, "dep_rapid_transit": 0, "dep_commuter_rail": 0, "weekly_departures": 45 }, "geometry": { "type": "Point", "coordinates": [ 236462.349383217457216, 902020.811427950393409 ] } },
{ "type": "Feature", "properties": { "stop_id": "2310", "stop_name": "Massachusetts Ave opp Waterhouse St", "municipality": "Cambridge", "station_type": "Bus", "modes_served": "Bus", "multimodal": false, "dep_bus": 928, "dep_rapid_transit": 0, "dep_commuter_rail": 0, "weekly_departures": 928 }, "geometry": { "type": "Point", "coordinates": [ 231300.168088800972328, 903103.033269749139436 ] } },
{ "type": "Feature", "properties": { "stop_id": "2312", "stop_name": "Massachusetts Ave @ Wendell St", "municipality": "Cambridge", "station_type": "Bus", "modes_served": "Bus", "multimodal": false, "dep_bus": 928, "dep_rapid_transit": 0, "dep_commuter_rail": 0, "weekly_departures": 928 }, "geometry": { "type": "Point", "coordinates": [ 231328.744179730361793, 903528.146502348128706 ] } },
{ "type": "Feature", "properties": { "stop_id": "2314", "stop_name": "Massachusetts Ave @ Exeter Park", "municipality": "Cambridge", "station_type": "Bus", "modes_served": "Bus", "multimodal": false, "dep_bus": 928, "dep_rapid_transit": 0, "dep_commuter_rail": 0, "weekly_departures": 928 }, "geometry": { "type": "Point", "coordinates": [ 231352.491788399755023, 903890.368248563492671 ] } },
{ "type": "Feature", "properties": { "stop_id": "23151", "stop_name": "Massachusetts Ave @ Porter Red Line Sta", "municipality": "Cambridge", "station_type": "Bus", "modes_served": "Bus", "multimodal": false, "dep_bus": 928, "dep_rapid_transit": 0, "dep_commuter_rail": 0, "weekly_departures": 928 }, "geometry": { "type": "Point", "coordinates": [ 231352.804003943077987, 904244.710202893125825 ] } },
{ "type": "Feature", "properties": { "stop_id": "2316", "stop_name": "Massachusetts Ave @ Davenport St", "municipality": "Cambridge", "station_type": "Bus", "modes_served": "Bus", "multimodal": false, "dep_bus": 1228, "dep_rapid_transit": 0, "dep_commuter_rail": 0, "weekly_departures": 1228 }, "geometry": { "type": "Point", "coordinates": [ 231299.971395706932526, 904385.322220220696181 ] } },
{ "type": "Feature", "properties": { "stop_id": "2440", "stop_name": "Prospect St @ St Mary Rd", "municipality": "Cambridge", "station_type": "Bus", "modes_served": "Bus", "multimodal": false, "dep_bus": 500, "dep_rapid_transit": 0, "dep_commuter_rail": 0, "weekly_departures": 500 }, "geometry": { "type": "Point", "coordinates": [ 232942.930630674323766, 902333.996430471073836 ] } },
{ "type": "Feature", "properties": { "stop_id": "2441", "stop_name": "Prospect St @ Broadway", "municipality": "Cambridge", "station_type": "Bus", "modes_served": "Bus", "multimodal": false, "dep_bus": 500, "dep_rapid_transit": 0, "dep_commuter_rail": 0, "weekly_departures": 500 }, "geometry": { "type": "Point", "coordinates": [ 232873.208753943064949, 902201.708890435402282 ] } },
{ "type": "Feature", "properties": { "stop_id": "2442", "stop_name": "Prospect St @ Harvard St", "municipality": "Cambridge", "station_type": "Bus", "modes_served": "Bus", "multimodal": false, "dep_bus": 775, "dep_rapid_transit": 0, "dep_commuter_rail": 0, "weekly_departures": 775 }, "geometry": { "type": "Point", "coordinates": [ 232803.591493110521697, 902064.090825471794233 ] } },
{ "type": "Feature", "properties": { "stop_id": "2443", "stop_name": "Prospect St @ Bishop Allen Dr", "municipality": "Cambridge", "station_type": "Bus", "modes_served": "Bus", "multimodal": false, "dep_bus": 775, "dep_rapid_transit": 0, "dep_commuter_rail": 0, "weekly_departures": 775 }, "geometry": { "type": "Point", "coordinates": [ 232689.864668452762999, 901846.180787991266698 ] } },
{ "type": "Feature", "properties": { "stop_id": "2444", "stop_name": "Western Ave @ Green St", "municipality": "Cambridge", "station_type": "Bus", "modes_served": "Bus", "multimodal": false, "dep_bus": 1254, "dep_rapid_transit": 0, "dep_commuter_rail": 0, "weekly_departures": 1254 }, "geometry": { "type": "Point", "coordinates": [ 232517.157540148502449, 901715.751191340619698 ] } },
{ "type": "Feature", "properties": { "stop_id": "2446", "stop_name": "Prospect St @ Bishop Allen Dr", "municipality": "Cambridge", "station_type": "Bus", "modes_served": "Bus", "multimodal": false, "dep_bus": 785, "dep_rapid_transit": 0, "dep_commuter_rail": 0, "weekly_departures": 785 }, "geometry": { "type": "Point", "coordinates": [ 232700.016373158112401, 901841.895981954177842 ] } },
{ "type": "Feature", "properties": { "stop_id": "2447", "stop_name": "Prospect St @ Harvard St", "municipality": "Cambridge", "station_type": "Bus", "modes_served": "Bus", "multimodal": false, "dep_bus": 785, "dep_rapid_transit": 0, "dep_commuter_rail": 0, "weekly_departures": 785 }, "geometry": { "type": "Point", "coordinates": [ 232802.955462565441849, 902041.538983778329566 ] } },
{ "type": "Feature", "properties": { "stop_id": "2448", "stop_name": "Prospect St @ Broadway", "municipality": "Cambridge", "station_type": "Bus", "modes_served": "Bus", "multimodal": false, "dep_bus": 502, "dep_rapid_transit": 0, "dep_commuter_rail": 0, "weekly_departures": 502 }, "geometry": { "type": "Point", "coordinates": [ 232863.297505106427707, 902154.676434353226796 ] } },
{ "type": "Feature", "properties": { "stop_id": "2449", "stop_name": "Prospect St @ Gardner Rd", "municipality": "Cambridge", "station_type": "Bus", "modes_served": "Bus", "multimodal": false, "dep_bus": 502, "dep_rapid_transit": 0, "dep_commuter_rail": 0, "weekly_departures": 502 }, "geometry": { "type": "Point", "coordinates": [ 232952.267521362606203, 902327.708757772343233 ] } },
{ "type": "Feature", "properties": { "stop_id": "2512", "stop_name": "25 Webster Ave @ Newton St", "municipality": "Somerville", "station_type": "Bus", "modes_served": "Bus", "multimodal": false, "dep_bus": 362, "dep_rapid_transit": 0, "dep_commuter_rail": 0, "weekly_departures": 362 }, "geometry": { "type": "Point", "coordinates": [ 233275.395320444600657, 903126.663465400924906 ] } },
{ "type": "Feature", "properties": { "stop_id": "2513", "stop_name": "Webster Ave @ Norfolk St", "municipality": "Somerville", "station_type": "Bus", "modes_served": "Bus", "multimodal": false, "dep_bus": 160, "dep_rapid_transit": 0, "dep_commuter_rail": 0, "weekly_departures": 160 }, "geometry": { "type": "Point", "coordinates": [ 233347.921115382341668, 902820.875222193426453 ] } },
{ "type": "Feature", "properties": { "stop_id": "2515", "stop_name": "Windsor St @ Lincoln St", "municipality": "Cambridge", "station_type": "Bus", "modes_served": "Bus", "multimodal": false, "dep_bus": 160, "dep_rapid_transit": 0, "dep_commuter_rail": 0, "weekly_departures": 160 }, "geometry": { "type": "Point", "coordinates": [ 233441.769136593211442, 902362.789900143514387 ] } },
{ "type": "Feature", "properties": { "stop_id": "2516", "stop_name": "Windsor St @ Hampshire St", "municipality": "Cambridge", "station_type": "Bus", "modes_served": "Bus", "multimodal": false, "dep_bus": 160, "dep_rapid_transit": 0, "dep_commuter_rail": 0, "weekly_departures": 160 }, "geometry": { "type": "Point", "coordinates": [ 233374.485321285668761, 902118.097742599667981 ] } },
{ "type": "Feature", "properties": { "stop_id": "2518", "stop_name": "Hampshire St @ Portland St", "municipality": "Cambridge", "station_type": "Bus", "modes_served": "Bus", "multimodal": false, "dep_bus": 160, "dep_rapid_transit": 0, "dep_commuter_rail": 0, "weekly_departures": 160 }, "geometry": { "type": "Point", "coordinates": [ 233639.291307309817057, 901810.563196645118296 ] } },
{ "type": "Feature", "properties": { "stop_id": "2521", "stop_name": "Hampshire St @ Cardinal Medeiros Ave", "municipality": "Cambridge", "station_type": "Bus", "modes_served": "Bus", "multimodal": false, "dep_bus": 145, "dep_rapid_transit": 0, "dep_commuter_rail": 0, "weekly_departures": 145 }, "geometry": { "type": "Point", "coordinates": [ 233603.005786339868791, 901870.927176789846271 ] } },
{ "type": "Feature", "properties": { "stop_id": "2524", "stop_name": "Hampshire St @ Union St", "municipality": "Cambridge", "station_type": "Bus", "modes_served": "Bus", "multimodal": false, "dep_bus": 145, "dep_rapid_transit": 0, "dep_commuter_rail": 0, "weekly_departures": 145 }, "geometry": { "type": "Point", "coordinates": [ 233330.916776321828365, 902169.209058628417552 ] } },
{ "type": "Feature", "properties": { "stop_id": "2525", "stop_name": "Columbia St @ Cambridge St", "municipality": "Cambridge", "station_type": "Bus", "modes_served": "Bus", "multimodal": false, "dep_bus": 145, "dep_rapid_transit": 0, "dep_commuter_rail": 0, "weekly_departures": 145 }, "geometry": { "type": "Point", "coordinates": [ 233399.755272627866361, 902554.866610303288326 ] } },
{ "type": "Feature", "properties": { "stop_id": "2528", "stop_name": "Webster Ave @ Prospect St", "municipality": "Somerville", "station_type": "Bus", "modes_served": "Bus", "multimodal": false, "dep_bus": 145, "dep_rapid_transit": 0, "dep_commuter_rail": 0, "weekly_departures": 145 }, "geometry": { "type": "Point", "coordinates": [ 233328.431712592253461, 902953.410359001485631 ] } },
{ "type": "Feature", "properties": { "stop_id": "2531", "stop_name": "Prospect St @ Union Sq - Green Line", "municipality": "Somerville", "station_type": "Bus", "modes_served": "Bus", "multimodal": false, "dep_bus": 347, "dep_rapid_transit": 0, "dep_commuter_rail": 0, "weekly_departures": 347 }, "geometry": { "type": "Point", "coordinates": [ 233394.728542239608942, 903179.103411051444709 ] } },
{ "type": "Feature", "properties": { "stop_id": "2545", "stop_name": "Washington St @ Dane St", "municipality": "Somerville", "station_type": "Bus", "modes_served": "Bus", "multimodal": false, "dep_bus": 654, "dep_rapid_transit": 0, "dep_commuter_rail": 0, "weekly_departures": 654 }, "geometry": { "type": "Point", "coordinates": [ 232644.005742550943978, 903241.666246760287322 ] } },
{ "type": "Feature", "properties": { "stop_id": "2546", "stop_name": "Washington St @ Beacon St", "municipality": "Somerville", "station_type": "Bus", "modes_served": "Bus", "multimodal": false, "dep_bus": 654, "dep_rapid_transit": 0, "dep_commuter_rail": 0, "weekly_departures": 654 }, "geometry": { "type": "Point", "coordinates": [ 232368.026764214795548, 903153.414741118322127 ] } },
{ "type": "Feature", "properties": { "stop_id": "2547", "stop_name": "Kirkland St opp Trowbridge St", "municipality": "Cambridge", "station_type": "Bus", "modes_served": "Bus", "multimodal": false, "dep_bus": 654, "dep_rapid_transit": 0, "dep_commuter_rail": 0, "weekly_departures": 654 }, "geometry": { "type": "Point", "coordinates": [ 232136.827839033241617, 903086.594814908341505 ] } },
{ "type": "Feature", "properties": { "stop_id": "2548", "stop_name": "Kirkland St @ Kirkland Place", "municipality": "Cambridge", "station_type": "Bus", "modes_served": "Bus", "multimodal": false, "dep_bus": 654, "dep_rapid_transit": 0, "dep_commuter_rail": 0, "weekly_departures": 654 }, "geometry": { "type": "Point", "coordinates": [ 231882.783378238091245, 903007.79341885773465 ] } },
{ "type": "Feature", "properties": { "stop_id": "2550", "stop_name": "JFK St @ Eliot St", "municipality": "Cambridge", "station_type": "Bus", "modes_served": "Bus", "multimodal": false, "dep_bus": 1154, "dep_rapid_transit": 0, "dep_commuter_rail": 0, "weekly_departures": 1154 }, "geometry": { "type": "Point", "coordinates": [ 231193.914021210221108, 902382.662619182374328 ] } },
{ "type": "Feature", "properties": { "stop_id": "2551", "stop_name": "N Harvard St @ Gate 2 Harvard Stadium", "municipality": "Boston", "station_type": "Bus", "modes_served": "Bus", "multimodal": false, "dep_bus": 1154, "dep_rapid_transit": 0, "dep_commuter_rail": 0, "weekly_departures": 1154 }, "geometry": { "type": "Point", "coordinates": [ 230879.937420823436696, 901895.197874604840763 ] } },
{ "type": "Feature", "properties": { "stop_id": "2553", "stop_name": "N Harvard St @ S Campus Dr", "municipality": "Boston", "station_type": "Bus", "modes_served": "Bus", "multimodal": false, "dep_bus": 1154, "dep_rapid_transit": 0, "dep_commuter_rail": 0, "weekly_departures": 1154 }, "geometry": { "type": "Point", "coordinates": [ 230648.359850638051284, 901638.149134889477864 ] } },
{ "type": "Feature", "properties": { "stop_id": "2564", "stop_name": "N Harvard St opp Harvard Stadium Gate 2", "municipality": "Boston", "station_type": "Bus", "modes_served": "Bus", "multimodal": false, "dep_bus": 1153, "dep_rapid_transit": 0, "dep_commuter_rail": 0, "weekly_departures": 1153 }, "geometry": { "type": "Point", "coordinates": [ 230903.265921641024761, 901909.962745653581806 ] } },
{ "type": "Feature", "properties": { "stop_id": "2565", "stop_name": "16 Eliot St", "municipality": "Cambridge", "station_type": "Bus", "modes_served": "Bus", "multimodal": false, "dep_bus": 1146, "dep_rapid_transit": 0, "dep_commuter_rail": 0, "weekly_departures": 1146 }, "geometry": { "type": "Point", "coordinates": [ 231163.875208986661164, 902469.947813196107745 ] } },
{ "type": "Feature", "properties": { "stop_id": "2567", "stop_name": "Kirkland St @ Quincy St", "municipality": "Cambridge", "station_type": "Bus", "modes_served": "Bus", "multimodal": false, "dep_bus": 637, "dep_rapid_transit": 0, "dep_commuter_rail": 0, "weekly_departures": 637 }, "geometry": { "type": "Point", "coordinates": [ 231820.318111450498691, 902979.74060447467491 ] } },
{ "type": "Feature", "properties": { "stop_id": "2568", "stop_name": "Kirkland St @ Irving St", "municipality": "Cambridge", "station_type": "Bus", "modes_served": "Bus", "multimodal": false, "dep_bus": 637, "dep_rapid_transit": 0, "dep_commuter_rail": 0, "weekly_departures": 637 }, "geometry": { "type": "Point", "coordinates": [ 232096.843929701572051, 903059.419963190797716 ] } },
{ "type": "Feature", "properties": { "stop_id": "2570", "stop_name": "Washington St @ Caldwell Ave", "municipality": "Somerville", "station_type": "Bus", "modes_served": "Bus", "multimodal": false, "dep_bus": 637, "dep_rapid_transit": 0, "dep_commuter_rail": 0, "weekly_departures": 637 }, "geometry": { "type": "Point", "coordinates": [ 232534.857368690427393, 903194.173684151144698 ] } },
{ "type": "Feature", "properties": { "stop_id": "25712", "stop_name": "Washington St @ Bowdoin St", "municipality": "Somerville", "station_type": "Bus", "modes_served": "Bus", "multimodal": false, "dep_bus": 637, "dep_rapid_transit": 0, "dep_commuter_rail": 0, "weekly_departures": 637 }, "geometry": { "type": "Point", "coordinates": [ 232892.917195555055514, 903287.480940972920507 ] } },
{ "type": "Feature", "properties": { "stop_id": "25713", "stop_name": "Washington St opp Hawkins St", "municipality": "Somerville", "station_type": "Bus", "modes_served": "Bus", "multimodal": false, "dep_bus": 637, "dep_rapid_transit": 0, "dep_commuter_rail": 0, "weekly_departures": 637 }, "geometry": { "type": "Point", "coordinates": [ 233105.853153369593201, 903294.812748409807682 ] } },
{ "type": "Feature", "properties": { "stop_id": "2575", "stop_name": "Broadway @ Garrison Ave", "municipality": "Somerville", "station_type": "Bus", "modes_served": "Bus", "multimodal": false, "dep_bus": 667, "dep_rapid_transit": 0, "dep_commuter_rail": 0, "weekly_departures": 667 }, "geometry": { "type": "Point", "coordinates": [ 230438.942346540337894, 906127.695871222997084 ] } },
{ "type": "Feature", "properties": { "stop_id": "2576", "stop_name": "Broadway @ Weston Ave", "municipality": "Somerville", "station_type": "Bus", "modes_served": "Bus", "multimodal": false, "dep_bus": 667, "dep_rapid_transit": 0, "dep_commuter_rail": 0, "weekly_departures": 667 }, "geometry": { "type": "Point", "coordinates": [ 230558.075552563561359, 906011.025027821306139 ] } },
{ "type": "Feature", "properties": { "stop_id": "2582", "stop_name": "Elm St @ Chester St", "municipality": "Somerville", "station_type": "Bus", "modes_served": "Bus", "multimodal": false, "dep_bus": 1514, "dep_rapid_transit": 0, "dep_commuter_rail": 0, "weekly_departures": 1514 }, "geometry": { "type": "Point", "coordinates": [ 231138.561980810191017, 905020.974491276196204 ] } },
{ "type": "Feature", "properties": { "stop_id": "2583", "stop_name": "Elm St @ Russell St", "municipality": "Somerville", "station_type": "Bus", "modes_served": "Bus", "multimodal": false, "dep_bus": 610, "dep_rapid_transit": 0, "dep_commuter_rail": 0, "weekly_departures": 610 }, "geometry": { "type": "Point", "coordinates": [ 231215.59073278636788, 904862.473861089791171 ] } },
{ "type": "Feature", "properties": { "stop_id": "2584", "stop_name": "Elm St @ Beech St", "municipality": "Somerville", "station_type": "Bus", "modes_served": "Bus", "multimodal": false, "dep_bus": 610, "dep_rapid_transit": 0, "dep_commuter_rail": 0, "weekly_departures": 610 }, "geometry": { "type": "Point", "coordinates": [ 231352.706862834485946, 904635.373318789410405 ] } },
{ "type": "Feature", "properties": { "stop_id": "2597", "stop_name": "Somerville Ave @ Union Sq", "municipality": "Somerville", "station_type": "Bus", "modes_served": "Bus", "multimodal": false, "dep_bus": 945, "dep_rapid_transit": 0, "dep_commuter_rail": 0, "weekly_departures": 945 }, "geometry": { "type": "Point", "coordinates": [ 233320.032951859699097, 903300.268578110495582 ] } },
{ "type": "Feature", "properties": { "stop_id": "2610", "stop_name": "Washington St @ Washington Terr", "municipality": "Somerville", "station_type": "Bus", "modes_served": "Bus", "multimodal": false, "dep_bus": 1016, "dep_rapid_transit": 0, "dep_commuter_rail": 0, "weekly_departures": 1016 }, "geometry": { "type": "Point", "coordinates": [ 233577.873955947754439, 903302.940392211079597 ] } },
{ "type": "Feature", "properties": { "stop_id": "2612", "stop_name": "Somerville Ave @ Union Sq", "municipality": "Somerville", "station_type": "Bus", "modes_served": "Bus", "multimodal": false, "dep_bus": 1319, "dep_rapid_transit": 0, "dep_commuter_rail": 0, "weekly_departures": 1319 }, "geometry": { "type": "Point", "coordinates": [ 233339.771364411484683, 903305.916159986518323 ] } },
{ "type": "Feature", "properties": { "stop_id": "2613", "stop_name": "Washington St @ Webster Ave", "municipality": "Somerville", "station_type": "Bus", "modes_served": "Bus", "multimodal": false, "dep_bus": 654, "dep_rapid_transit": 0, "dep_commuter_rail": 0, "weekly_departures": 654 }, "geometry": { "type": "Point", "coordinates": [ 233192.975523548666388, 903314.218317969469354 ] } },
{ "type": "Feature", "properties": { "stop_id": "2615", "stop_name": "Washington St opp Parker St", "municipality": "Somerville", "station_type": "Bus", "modes_served": "Bus", "multimodal": false, "dep_bus": 654, "dep_rapid_transit": 0, "dep_commuter_rail": 0, "weekly_departures": 654 }, "geometry": { "type": "Point", "coordinates": [ 232923.383776894421317, 903288.512299393769354 ] } },
{ "type": "Feature", "properties": { "stop_id": "2626", "stop_name": "Elm St @ Saint James Ave", "municipality": "Somerville", "station_type": "Bus", "modes_served": "Bus", "multimodal": false, "dep_bus": 605, "dep_rapid_transit": 0, "dep_commuter_rail": 0, "weekly_departures": 605 }, "geometry": { "type": "Point", "coordinates": [ 231348.397082101699198, 904660.124625898431987 ] } },
{ "type": "Feature", "properties": { "stop_id": "2627", "stop_name": "Elm St @ Cutter Ave", "municipality": "Somerville", "station_type": "Bus", "modes_served": "Bus", "multimodal": false, "dep_bus": 605, "dep_rapid_transit": 0, "dep_commuter_rail": 0, "weekly_departures": 605 }, "geometry": { "type": "Point", "coordinates": [ 231227.771359405422118, 904863.638800149434246 ] } },
{ "type": "Feature", "properties": { "stop_id": "2628", "stop_name": "Grove St @ Highland Ave", "municipality": "Somerville", "station_type": "Bus", "modes_served": "Bus", "multimodal": false, "dep_bus": 1038, "dep_rapid_transit": 0, "dep_commuter_rail": 0, "weekly_departures": 1038 }, "geometry": { "type": "Point", "coordinates": [ 231269.99162335836445, 905126.639000953175128 ] } },
{ "type": "Feature", "properties": { "stop_id": "2637", "stop_name": "Clarendon Hill Busway", "municipality": "Somerville", "station_type": "Bus", "modes_served": "Bus", "multimodal": false, "dep_bus": 667, "dep_rapid_transit": 0, "dep_commuter_rail": 0, "weekly_departures": 667 }, "geometry": { "type": "Point", "coordinates": [ 230287.812770283664577, 906220.126516489661299 ] } },
{ "type": "Feature", "properties": { "stop_id": "2670", "stop_name": "263 Highland Ave", "municipality": "Somerville", "station_type": "Bus", "modes_served": "Bus", "multimodal": false, "dep_bus": 433, "dep_rapid_transit": 0, "dep_commuter_rail": 0, "weekly_departures": 433 }, "geometry": { "type": "Point", "coordinates": [ 232050.728387329087127, 904628.415984405204654 ] } },
{ "type": "Feature", "properties": { "stop_id": "2671", "stop_name": "Highland Ave @ Cedar St", "municipality": "Somerville", "station_type": "Bus", "modes_served": "Bus", "multimodal": false, "dep_bus": 433, "dep_rapid_transit": 0, "dep_commuter_rail": 0, "weekly_departures": 433 }, "geometry": { "type": "Point", "coordinates": [ 231902.604419448471162, 904718.048566579120234 ] } },
{ "type": "Feature", "properties": { "stop_id": "2672", "stop_name": "Highland Ave @ Cherry St", "municipality": "Somerville", "station_type": "Bus", "modes_served": "Bus", "multimodal": false, "dep_bus": 433, "dep_rapid_transit": 0, "dep_commuter_rail": 0, "weekly_departures": 433 }, "geometry": { "type": "Point", "coordinates": [ 231767.553043371328386, 904794.525022837100551 ] } },
{ "type": "Feature", "properties": { "stop_id": "2673", "stop_name": "Highland Ave @ Willow Ave", "municipality": "Somerville", "station_type": "Bus", "modes_served": "Bus", "multimodal": false, "dep_bus": 433, "dep_rapid_transit": 0, "dep_commuter_rail": 0, "weekly_departures": 433 }, "geometry": { "type": "Point", "coordinates": [ 231538.309687336324714, 904926.453056239988655 ] } },
{ "type": "Feature", "properties": { "stop_id": "2674", "stop_name": "Highland Ave @ Cutter Ave", "municipality": "Somerville", "station_type": "Bus", "modes_served": "Bus", "multimodal": false, "dep_bus": 429, "dep_rapid_transit": 0, "dep_commuter_rail": 0, "weekly_departures": 429 }, "geometry": { "type": "Point", "coordinates": [ 231341.820445731806103, 905026.766146498499438 ] } },
{ "type": "Feature", "properties": { "stop_id": "2675", "stop_name": "Highland Ave @ Willow Ave", "municipality": "Somerville", "station_type": "Bus", "modes_served": "Bus", "multimodal": false, "dep_bus": 429, "dep_rapid_transit": 0, "dep_commuter_rail": 0, "weekly_departures": 429 }, "geometry": { "type": "Point", "coordinates": [ 231562.138737292727455, 904900.567680392879993 ] } },
{ "type": "Feature", "properties": { "stop_id": "2676", "stop_name": "Highland Ave @ Cherry St", "municipality": "Somerville", "station_type": "Bus", "modes_served": "Bus", "multimodal": false, "dep_bus": 429, "dep_rapid_transit": 0, "dep_commuter_rail": 0, "weekly_departures": 429 }, "geometry": { "type": "Point", "coordinates": [ 231767.856827247363981, 904781.974499076954089 ] } },
{ "type": "Feature", "properties": { "stop_id": "2677", "stop_name": "Highland Ave @ Cedar St", "municipality": "Somerville", "station_type": "Bus", "modes_served": "Bus", "multimodal": false, "dep_bus": 429, "dep_rapid_transit": 0, "dep_commuter_rail": 0, "weekly_departures": 429 }, "geometry": { "type": "Point", "coordinates": [ 231926.352170979545917, 904692.386216895421967 ] } },
{ "type": "Feature", "properties": { "stop_id": "2678", "stop_name": "Highland Ave @ Conwell St", "municipality": "Somerville", "station_type": "Bus", "modes_served": "Bus", "multimodal": false, "dep_bus": 429, "dep_rapid_transit": 0, "dep_commuter_rail": 0, "weekly_departures": 429 }, "geometry": { "type": "Point", "coordinates": [ 232051.031161018589046, 904616.198706537950784 ] } },
{ "type": "Feature", "properties": { "stop_id": "2691", "stop_name": "Broadway opp Packard Ave", "municipality": "Somerville", "station_type": "Bus", "modes_served": "Bus", "multimodal": false, "dep_bus": 52, "dep_rapid_transit": 0, "dep_commuter_rail": 0, "weekly_departures": 52 }, "geometry": { "type": "Point", "coordinates": [ 230855.923485526698641, 905822.937964273849502 ] } },
{ "type": "Feature", "properties": { "stop_id": "2755", "stop_name": "Green St @ Pearl St", "municipality": "Cambridge", "station_type": "Bus", "modes_served": "Bus", "multimodal": false, "dep_bus": 779, "dep_rapid_transit": 0, "dep_commuter_rail": 0, "weekly_departures": 779 }, "geometry": { "type": "Point", "coordinates": [ 232699.622741014463827, 901590.191166965058073 ] } },
{ "type": "Feature", "properties": { "stop_id": "2773", "stop_name": "Washington St @ Merriam St", "municipality": "Somerville", "station_type": "Bus", "modes_served": "Bus", "multimodal": false, "dep_bus": 984, "dep_rapid_transit": 0, "dep_commuter_rail": 0, "weekly_departures": 984 }, "geometry": { "type": "Point", "coordinates": [ 233576.855928164091893, 903291.93875164934434 ] } },
{ "type": "Feature", "properties": { "stop_id": "2825", "stop_name": "Main St @ W School St", "municipality": "Boston", "station_type": "Bus", "modes_served": "Bus", "multimodal": false, "dep_bus": 158, "dep_rapid_transit": 0, "dep_commuter_rail": 0, "weekly_departures": 158 }, "geometry": { "type": "Point", "coordinates": [ 235765.285245635226602, 902968.17148423450999 ] } },
{ "type": "Feature", "properties": { "stop_id": "2827", "stop_name": "Main St @ Harvard St", "municipality": "Boston", "station_type": "Bus", "modes_served": "Bus", "multimodal": false, "dep_bus": 158, "dep_rapid_transit": 0, "dep_commuter_rail": 0, "weekly_departures": 158 }, "geometry": { "type": "Point", "coordinates": [ 236010.957510854845168, 902663.960414474597201 ] } },
{ "type": "Feature", "properties": { "stop_id": "28281", "stop_name": "Main St @ City Sq", "municipality": "Boston", "station_type": "Bus", "modes_served": "Bus", "multimodal": false, "dep_bus": 165, "dep_rapid_transit": 0, "dep_commuter_rail": 0, "weekly_departures": 165 }, "geometry": { "type": "Point", "coordinates": [ 236076.814748339238577, 902510.010195080772974 ] } },
{ "type": "Feature", "properties": { "stop_id": "2829", "stop_name": "N Washington St @ Medford St", "municipality": "Boston", "station_type": "Bus", "modes_served": "Bus", "multimodal": false, "dep_bus": 1755, "dep_rapid_transit": 0, "dep_commuter_rail": 0, "weekly_departures": 1755 }, "geometry": { "type": "Point", "coordinates": [ 236366.685393753868993, 901788.272761759813875 ] } },
{ "type": "Feature", "properties": { "stop_id": "2835", "stop_name": "Warren St @ Winthrop St", "municipality": "Boston", "station_type": "Bus", "modes_served": "Bus", "multimodal": false, "dep_bus": 163, "dep_rapid_transit": 0, "dep_commuter_rail": 0, "weekly_departures": 163 }, "geometry": { "type": "Point", "coordinates": [ 236114.58722704538377, 902660.604643560247496 ] } },
{ "type": "Feature", "properties": { "stop_id": "2836", "stop_name": "Warren St @ Church St", "municipality": "Boston", "station_type": "Bus", "modes_served": "Bus", "multimodal": false, "dep_bus": 163, "dep_rapid_transit": 0, "dep_commuter_rail": 0, "weekly_departures": 163 }, "geometry": { "type": "Point", "coordinates": [ 235941.201004700240446, 902824.000657595926896 ] } },
{ "type": "Feature", "properties": { "stop_id": "2837", "stop_name": "Main St @ School St", "municipality": "Boston", "station_type": "Bus", "modes_served": "Bus", "multimodal": false, "dep_bus": 163, "dep_rapid_transit": 0, "dep_commuter_rail": 0, "weekly_departures": 163 }, "geometry": { "type": "Point", "coordinates": [ 235736.21840670495294, 903015.565206374041736 ] } },
{ "type": "Feature", "properties": { "stop_id": "2855", "stop_name": "Park St @ Warren St", "municipality": "Boston", "station_type": "Bus", "modes_served": "Bus", "multimodal": false, "dep_bus": 189, "dep_rapid_transit": 0, "dep_commuter_rail": 0, "weekly_departures": 189 }, "geometry": { "type": "Point", "coordinates": [ 236167.192808156338288, 902617.33247471996583 ] } },
{ "type": "Feature", "properties": { "stop_id": "32549", "stop_name": "Eliot St @ Bennett St", "municipality": "Cambridge", "station_type": "Bus", "modes_served": "Bus", "multimodal": false, "dep_bus": 1154, "dep_rapid_transit": 0, "dep_commuter_rail": 0, "weekly_departures": 1154 }, "geometry": { "type": "Point", "coordinates": [ 231150.98248062771745, 902516.987777092726901 ] } },
{ "type": "Feature", "properties": { "stop_id": "34509", "stop_name": "Beacon St @ Raleigh St", "municipality": "Boston", "station_type": "Bus", "modes_served": "Bus", "multimodal": false, "dep_bus": 6, "dep_rapid_transit": 0, "dep_commuter_rail": 0, "weekly_departures": 6 }, "geometry": { "type": "Point", "coordinates": [ 233261.15410550130764, 899923.436765550868586 ] } },
{ "type": "Feature", "properties": { "stop_id": "34510", "stop_name": "Commonwealth Ave @ Kenmore St", "municipality": "Boston", "station_type": "Bus", "modes_served": "Bus", "multimodal": false, "dep_bus": 6, "dep_rapid_transit": 0, "dep_commuter_rail": 0, "weekly_departures": 6 }, "geometry": { "type": "Point", "coordinates": [ 233359.743071594071807, 899879.250805639778264 ] } },
{ "type": "Feature", "properties": { "stop_id": "34579", "stop_name": "Ames St @ Main St", "municipality": "Cambridge", "station_type": "Bus", "modes_served": "Bus", "multimodal": false, "dep_bus": 160, "dep_rapid_transit": 0, "dep_commuter_rail": 0, "weekly_departures": 160 }, "geometry": { "type": "Point", "coordinates": [ 233924.261230117292143, 901477.476990296388976 ] } },
{ "type": "Feature", "properties": { "stop_id": "5014", "stop_name": "College Ave @ William St", "municipality": "Somerville", "station_type": "Bus", "modes_served": "Bus", "multimodal": false, "dep_bus": 777, "dep_rapid_transit": 0, "dep_commuter_rail": 0, "weekly_departures": 777 }, "geometry": { "type": "Point", "coordinates": [ 231285.400878799147904, 905456.389589988510124 ] } },
{ "type": "Feature", "properties": { "stop_id": "5015", "stop_name": "College Ave @ Highland Ave", "municipality": "Somerville", "station_type": "Bus", "modes_served": "Bus", "multimodal": false, "dep_bus": 777, "dep_rapid_transit": 0, "dep_commuter_rail": 0, "weekly_departures": 777 }, "geometry": { "type": "Point", "coordinates": [ 231107.167668083420722, 905212.446243203128688 ] } },
{ "type": "Feature", "properties": { "stop_id": "66", "stop_name": "Mt Auburn St @ DeWolfe St", "municipality": "Cambridge", "station_type": "Bus", "modes_served": "Bus", "multimodal": false, "dep_bus": 738, "dep_rapid_transit": 0, "dep_commuter_rail": 0, "weekly_departures": 738 }, "geometry": { "type": "Point", "coordinates": [ 231630.642580004729098, 902340.295170634170063 ] } },
{ "type": "Feature", "properties": { "stop_id": "67", "stop_name": "Mt Auburn St @ Putnam Ave", "municipality": "Cambridge", "station_type": "Bus", "modes_served": "Bus", "multimodal": false, "dep_bus": 738, "dep_rapid_transit": 0, "dep_commuter_rail": 0, "weekly_departures": 738 }, "geometry": { "type": "Point", "coordinates": [ 231833.373122574965237, 902243.350990276434459 ] } },
{ "type": "Feature", "properties": { "stop_id": "68", "stop_name": "Massachusetts Ave @ Bay St", "municipality": "Cambridge", "station_type": "Bus", "modes_served": "Bus", "multimodal": false, "dep_bus": 738, "dep_rapid_transit": 0, "dep_commuter_rail": 0, "weekly_departures": 738 }, "geometry": { "type": "Point", "coordinates": [ 232088.19024244544562, 902123.101790077867918 ] } },
{ "type": "Feature", "properties": { "stop_id": "69", "stop_name": "Massachusetts Ave opp Lee St", "municipality": "Cambridge", "station_type": "Bus", "modes_served": "Bus", "multimodal": false, "dep_bus": 738, "dep_rapid_transit": 0, "dep_commuter_rail": 0, "weekly_departures": 738 }, "geometry": { "type": "Point", "coordinates": [ 232298.200021959783044, 902004.321865203324705 ] } },
{ "type": "Feature", "properties": { "stop_id": "71", "stop_name": "Massachusetts Ave opp Inman St", "municipality": "Cambridge", "station_type": "Bus", "modes_served": "Bus", "multimodal": false, "dep_bus": 738, "dep_rapid_transit": 0, "dep_commuter_rail": 0, "weekly_departures": 738 }, "geometry": { "type": "Point", "coordinates": [ 232460.375703578465618, 901864.1111290671397 ] } },
{ "type": "Feature", "properties": { "stop_id": "72", "stop_name": "Massachusetts Ave @ Pearl St", "municipality": "Cambridge", "station_type": "Bus", "modes_served": "Bus", "multimodal": false, "dep_bus": 1208, "dep_rapid_transit": 0, "dep_commuter_rail": 0, "weekly_departures": 1208 }, "geometry": { "type": "Point", "coordinates": [ 232695.921013381506782, 901677.592392860911787 ] } },
{ "type": "Feature", "properties": { "stop_id": "73", "stop_name": "Massachusetts Ave @ Sidney St", "municipality": "Cambridge", "station_type": "Bus", "modes_served": "Bus", "multimodal": false, "dep_bus": 1201, "dep_rapid_transit": 0, "dep_commuter_rail": 0, "weekly_departures": 1201 }, "geometry": { "type": "Point", "coordinates": [ 232990.678998636984034, 901444.48439722834155 ] } },
{ "type": "Feature", "properties": { "stop_id": "74", "stop_name": "Massachusetts Ave @ Albany St", "municipality": "Cambridge", "station_type": "Bus", "modes_served": "Bus", "multimodal": false, "dep_bus": 738, "dep_rapid_transit": 0, "dep_commuter_rail": 0, "weekly_departures": 738 }, "geometry": { "type": "Point", "coordinates": [ 233279.682195296394639, 901213.027697719051503 ] } },
{ "type": "Feature", "properties": { "stop_id": "75", "stop_name": "84 Massachusetts Ave", "municipality": "Cambridge", "station_type": "Bus", "modes_served": "Bus", "multimodal": false, "dep_bus": 738, "dep_rapid_transit": 0, "dep_commuter_rail": 0, "weekly_departures": 738 }, "geometry": { "type": "Point", "coordinates": [ 233483.655549131130101, 900987.952963973395526 ] } },
{ "type": "Feature", "properties": { "stop_id": "77", "stop_name": "Massachusetts Ave @ Marlborough St", "municipality": "Boston", "station_type": "Bus", "modes_served": "Bus", "multimodal": false, "dep_bus": 738, "dep_rapid_transit": 0, "dep_commuter_rail": 0, "weekly_departures": 738 }, "geometry": { "type": "Point", "coordinates": [ 233851.043152204918442, 900020.780564617947675 ] } },
{ "type": "Feature", "properties": { "stop_id": "8993", "stop_name": "Brookline Ave opp Newbury St", "municipality": "Boston", "station_type": "Bus", "modes_served": "Bus", "multimodal": false, "dep_bus": 735, "dep_rapid_transit": 0, "dep_commuter_rail": 0, "weekly_departures": 735 }, "geometry": { "type": "Point", "coordinates": [ 233141.403777425322914, 899807.683430832228623 ] } },
{ "type": "Feature", "properties": { "stop_id": "933", "stop_name": "Commonwealth Ave @ Babcock St", "municipality": "Boston", "station_type": "Bus", "modes_served": "Bus", "multimodal": false, "dep_bus": 799, "dep_rapid_transit": 0, "dep_commuter_rail": 0, "weekly_departures": 799 }, "geometry": { "type": "Point", "coordinates": [ 231212.061426866101101, 900188.288189179846086 ] } },
{ "type": "Feature", "properties": { "stop_id": "934", "stop_name": "Commonwealth Ave @ Pleasant St", "municipality": "Boston", "station_type": "Bus", "modes_served": "Bus", "multimodal": false, "dep_bus": 799, "dep_rapid_transit": 0, "dep_commuter_rail": 0, "weekly_departures": 799 }, "geometry": { "type": "Point", "coordinates": [ 231456.679710554773919, 900151.834644013899378 ] } },
{ "type": "Feature", "properties": { "stop_id": "937", "stop_name": "Commonwealth Ave @ Carlton St", "municipality": "Boston", "station_type": "Bus", "modes_served": "Bus", "multimodal": false, "dep_bus": 799, "dep_rapid_transit": 0, "dep_commuter_rail": 0, "weekly_departures": 799 }, "geometry": { "type": "Point", "coordinates": [ 232239.067999913706444, 900027.085566689842381 ] } },
{ "type": "Feature", "properties": { "stop_id": "938", "stop_name": "Commonwealth Ave @ St Mary's St", "municipality": "Boston", "station_type": "Bus", "modes_served": "Bus", "multimodal": false, "dep_bus": 799, "dep_rapid_transit": 0, "dep_commuter_rail": 0, "weekly_departures": 799 }, "geometry": { "type": "Point", "coordinates": [ 232430.445985422877129, 899996.086807379382662 ] } },
{ "type": "Feature", "properties": { "stop_id": "939", "stop_name": "Commonwealth Ave @ Hinsdale St", "municipality": "Boston", "station_type": "Bus", "modes_served": "Bus", "multimodal": false, "dep_bus": 799, "dep_rapid_transit": 0, "dep_commuter_rail": 0, "weekly_departures": 799 }, "geometry": { "type": "Point", "coordinates": [ 232705.507644176628673, 899953.930118479998782 ] } },
{ "type": "Feature", "properties": { "stop_id": "941", "stop_name": "Commonwealth Ave @ Blandford St", "municipality": "Boston", "station_type": "Bus", "modes_served": "Bus", "multimodal": false, "dep_bus": 799, "dep_rapid_transit": 0, "dep_commuter_rail": 0, "weekly_departures": 799 }, "geometry": { "type": "Point", "coordinates": [ 232986.853282944619423, 899907.814878257922828 ] } },
{ "type": "Feature", "properties": { "stop_id": "95", "stop_name": "Massachusetts Ave @ Beacon St", "municipality": "Boston", "station_type": "Bus", "modes_served": "Bus", "multimodal": false, "dep_bus": 765, "dep_rapid_transit": 0, "dep_commuter_rail": 0, "weekly_departures": 765 }, "geometry": { "type": "Point", "coordinates": [ 233835.278172485530376, 900112.121690605999902 ] } },
{ "type": "Feature", "properties": { "stop_id": "951", "stop_name": "Commonwealth Ave @ Silber Way", "municipality": "Boston", "station_type": "Bus", "modes_served": "Bus", "multimodal": false, "dep_bus": 791, "dep_rapid_transit": 0, "dep_commuter_rail": 0, "weekly_departures": 791 }, "geometry": { "type": "Point", "coordinates": [ 232896.214440690644551, 899961.595952535280958 ] } },
{ "type": "Feature", "properties": { "stop_id": "952", "stop_name": "Commonwealth Ave @ Granby St", "municipality": "Boston", "station_type": "Bus", "modes_served": "Bus", "multimodal": false, "dep_bus": 791, "dep_rapid_transit": 0, "dep_commuter_rail": 0, "weekly_departures": 791 }, "geometry": { "type": "Point", "coordinates": [ 232643.81895322346827, 900001.851031354162842 ] } },
{ "type": "Feature", "properties": { "stop_id": "953", "stop_name": "Commonwealth Ave @ St Mary's St", "municipality": "Boston", "station_type": "Bus", "modes_served": "Bus", "multimodal": false, "dep_bus": 791, "dep_rapid_transit": 0, "dep_commuter_rail": 0, "weekly_departures": 791 }, "geometry": { "type": "Point", "coordinates": [ 232410.562721117079491, 900037.538142264471389 ] } },
{ "type": "Feature", "properties": { "stop_id": "954", "stop_name": "Commonwealth Ave @ University Rd", "municipality": "Boston", "station_type": "Bus", "modes_served": "Bus", "multimodal": false, "dep_bus": 791, "dep_rapid_transit": 0, "dep_commuter_rail": 0, "weekly_departures": 791 }, "geometry": { "type": "Point", "coordinates": [ 232229.070848149945959, 900069.027082116925158 ] } },
{ "type": "Feature", "properties": { "stop_id": "956", "stop_name": "Commonwealth Ave @ Buick St", "municipality": "Boston", "station_type": "Bus", "modes_served": "Bus", "multimodal": false, "dep_bus": 791, "dep_rapid_transit": 0, "dep_commuter_rail": 0, "weekly_departures": 791 }, "geometry": { "type": "Point", "coordinates": [ 231643.500504594005179, 900161.559587907511741 ] } },
{ "type": "Feature", "properties": { "stop_id": "958", "stop_name": "Commonwealth Ave @ Babcock St", "municipality": "Boston", "station_type": "Bus", "modes_served": "Bus", "multimodal": false, "dep_bus": 791, "dep_rapid_transit": 0, "dep_commuter_rail": 0, "weekly_departures": 791 }, "geometry": { "type": "Point", "coordinates": [ 231189.370861234492622, 900232.840667214244604 ] } },
{ "type": "Feature", "properties": { "stop_id": "97", "stop_name": "77 Massachusetts Ave", "municipality": "Cambridge", "station_type": "Bus", "modes_served": "Bus", "multimodal": false, "dep_bus": 765, "dep_rapid_transit": 0, "dep_commuter_rail": 0, "weekly_departures": 765 }, "geometry": { "type": "Point", "coordinates": [ 233469.705135863099713, 901062.975232877884991 ] } },
{ "type": "Feature", "properties": { "stop_id": "99", "stop_name": "Massachusetts Ave @ Albany St", "municipality": "Cambridge", "station_type": "Bus", "modes_served": "Bus", "multimodal": false, "dep_bus": 765, "dep_rapid_transit": 0, "dep_commuter_rail": 0, "weekly_departures": 765 }, "geometry": { "type": "Point", "coordinates": [ 233303.71015702598379, 901218.695444636628963 ] } },
{ "type": "Feature", "properties": { "stop_id": "place-alfcl", "stop_name": "Alewife", "municipality": "Cambridge", "station_type": "Metro Rapid Transit", "modes_served": "Metro Rapid Transit; Bus", "multimodal": true, "dep_bus": 579, "dep_rapid_transit": 1501, "dep_commuter_rail": 0, "weekly_departures": 2080 }, "geometry": { "type": "Point", "coordinates": [ 229533.785832098656101, 905097.573421915876679 ] } },
{ "type": "Feature", "properties": { "stop_id": "place-amory", "stop_name": "Amory Street", "municipality": "Boston", "station_type": "Metro Rapid Transit", "modes_served": "Metro Rapid Transit", "multimodal": false, "dep_bus": 0, "dep_rapid_transit": 1800, "dep_commuter_rail": 0, "weekly_departures": 1800 }, "geometry": { "type": "Point", "coordinates": [ 231741.292209666746203, 900126.677899722475559 ] } },
{ "type": "Feature", "properties": { "stop_id": "place-babck", "stop_name": "Babcock Street", "municipality": "Boston", "station_type": "Metro Rapid Transit", "modes_served": "Metro Rapid Transit", "multimodal": false, "dep_bus": 0, "dep_rapid_transit": 1800, "dep_commuter_rail": 0, "weekly_departures": 1800 }, "geometry": { "type": "Point", "coordinates": [ 231314.530457161134109, 900194.075771037256345 ] } },
{ "type": "Feature", "properties": { "stop_id": "place-bland", "stop_name": "Blandford Street", "municipality": "Boston", "station_type": "Metro Rapid Transit", "modes_served": "Metro Rapid Transit", "multimodal": false, "dep_bus": 0, "dep_rapid_transit": 1800, "dep_commuter_rail": 0, "weekly_departures": 1800 }, "geometry": { "type": "Point", "coordinates": [ 232936.013450895727146, 899943.454535730415955 ] } },
{ "type": "Feature", "properties": { "stop_id": "place-bucen", "stop_name": "Boston University Central", "municipality": "Boston", "station_type": "Metro Rapid Transit", "modes_served": "Metro Rapid Transit", "multimodal": false, "dep_bus": 0, "dep_rapid_transit": 1800, "dep_commuter_rail": 0, "weekly_departures": 1800 }, "geometry": { "type": "Point", "coordinates": [ 232391.241681894054636, 900028.562846537330188 ] } },
{ "type": "Feature", "properties": { "stop_id": "place-buest", "stop_name": "Boston University East", "municipality": "Boston", "station_type": "Metro Rapid Transit", "modes_served": "Metro Rapid Transit", "multimodal": false, "dep_bus": 0, "dep_rapid_transit": 1800, "dep_commuter_rail": 0, "weekly_departures": 1800 }, "geometry": { "type": "Point", "coordinates": [ 232636.617986878845841, 899991.154125707689673 ] } },
{ "type": "Feature", "properties": { "stop_id": "place-ccmnl", "stop_name": "Community College", "municipality": "Boston", "station_type": "Metro Rapid Transit", "modes_served": "Metro Rapid Transit", "multimodal": false, "dep_bus": 0, "dep_rapid_transit": 2932, "dep_commuter_rail": 0, "weekly_departures": 2932 }, "geometry": { "type": "Point", "coordinates": [ 235453.884900075005135, 902658.127779389615171 ] } },
{ "type": "Feature", "properties": { "stop_id": "place-chmnl", "stop_name": "Charles/MGH", "municipality": "Boston", "station_type": "Metro Rapid Transit", "modes_served": "Metro Rapid Transit", "multimodal": false, "dep_bus": 0, "dep_rapid_transit": 3002, "dep_commuter_rail": 0, "weekly_departures": 3002 }, "geometry": { "type": "Point", "coordinates": [ 235370.66463137473329, 901274.116201002267189 ] } },
{ "type": "Feature", "properties": { "stop_id": "place-cntsq", "stop_name": "Central", "municipality": "Cambridge", "station_type": "Metro Rapid Transit", "modes_served": "Metro Rapid Transit", "multimodal": false, "dep_bus": 0, "dep_rapid_transit": 3002, "dep_commuter_rail": 0, "weekly_departures": 3002 }, "geometry": { "type": "Point", "coordinates": [ 232635.659412985551171, 901740.73781486065127 ] } },
{ "type": "Feature", "properties": { "stop_id": "place-davis", "stop_name": "Davis", "municipality": "Somerville", "station_type": "Metro Rapid Transit", "modes_served": "Metro Rapid Transit; Bus", "multimodal": true, "dep_bus": 1504, "dep_rapid_transit": 3002, "dep_commuter_rail": 0, "weekly_departures": 4506 }, "geometry": { "type": "Point", "coordinates": [ 231136.508460096170893, 905205.578309709439054 ] } },
{ "type": "Feature", "properties": { "stop_id": "place-harsq", "stop_name": "Harvard", "municipality": "Cambridge", "station_type": "Metro Rapid Transit", "modes_served": "Metro Rapid Transit; Bus", "multimodal": true, "dep_bus": 5094, "dep_rapid_transit": 3002, "dep_commuter_rail": 0, "weekly_departures": 8096 }, "geometry": { "type": "Point", "coordinates": [ 231383.49296756478725, 902609.884293065872043 ] } },
{ "type": "Feature", "properties": { "stop_id": "place-kencl", "stop_name": "Kenmore", "municipality": "Boston", "station_type": "Metro Rapid Transit", "modes_served": "Metro Rapid Transit; Bus", "multimodal": true, "dep_bus": 1520, "dep_rapid_transit": 5506, "dep_commuter_rail": 0, "weekly_departures": 7026 }, "geometry": { "type": "Point", "coordinates": [ 233355.490553865034599, 899907.222212859196588 ] } },
{ "type": "Feature", "properties": { "stop_id": "place-knncl", "stop_name": "Kendall/MIT", "municipality": "Cambridge", "station_type": "Metro Rapid Transit", "modes_served": "Metro Rapid Transit", "multimodal": false, "dep_bus": 0, "dep_rapid_transit": 3002, "dep_commuter_rail": 0, "weekly_departures": 3002 }, "geometry": { "type": "Point", "coordinates": [ 234089.152823647658806, 901414.960517329163849 ] } },
{ "type": "Feature", "properties": { "stop_id": "place-lech", "stop_name": "Lechmere", "municipality": "Cambridge", "station_type": "Metro Rapid Transit", "modes_served": "Metro Rapid Transit; Bus", "multimodal": true, "dep_bus": 1137, "dep_rapid_transit": 3772, "dep_commuter_rail": 0, "weekly_departures": 4909 }, "geometry": { "type": "Point", "coordinates": [ 234874.289504419488367, 902427.515766153810546 ] } },
{ "type": "Feature", "properties": { "stop_id": "place-north", "stop_name": "North Station", "municipality": "Boston", "station_type": "Metro Rapid Transit", "modes_served": "Metro Rapid Transit; Commuter Rail", "multimodal": true, "dep_bus": 0, "dep_rapid_transit": 6704, "dep_commuter_rail": 549, "weekly_departures": 7253 }, "geometry": { "type": "Point", "coordinates": [ 236137.380556002142839, 901767.984122384921648 ] } },
{ "type": "Feature", "properties": { "stop_id": "place-portr", "stop_name": "Porter", "municipality": "Cambridge", "station_type": "Metro Rapid Transit", "modes_served": "Metro Rapid Transit; Commuter Rail", "multimodal": true, "dep_bus": 0, "dep_rapid_transit": 3002, "dep_commuter_rail": 222, "weekly_departures": 3224 }, "geometry": { "type": "Point", "coordinates": [ 231360.138926462968811, 904280.177020573872142 ] } },
{ "type": "Feature", "properties": { "stop_id": "place-spmnl", "stop_name": "Science Park/West End", "municipality": "Boston", "station_type": "Metro Rapid Transit", "modes_served": "Metro Rapid Transit", "multimodal": false, "dep_bus": 0, "dep_rapid_transit": 3772, "dep_commuter_rail": 0, "weekly_departures": 3772 }, "geometry": { "type": "Point", "coordinates": [ 235611.569802889949642, 901886.041494276607409 ] } },
{ "type": "Feature", "properties": { "stop_id": "place-unsqu", "stop_name": "Union Square", "municipality": "Somerville", "station_type": "Metro Rapid Transit", "modes_served": "Metro Rapid Transit", "multimodal": false, "dep_bus": 0, "dep_rapid_transit": 930, "dep_commuter_rail": 0, "weekly_departures": 930 }, "geometry": { "type": "Point", "coordinates": [ 233374.114342292858055, 903063.03951563173905 ] } },
{ "type": "Feature", "properties": { "stop_id": "2634", "stop_name": "Broadway @ Curtis St", "municipality": "Somerville", "station_type": "Bus", "modes_served": "Bus", "multimodal": false, "dep_bus": 640, "dep_rapid_transit": 0, "dep_commuter_rail": 0, "weekly_departures": 640 }, "geometry": { "type": "Point", "coordinates": [ 230678.574956722703064, 905940.571022671181709 ] } },
{ "type": "Feature", "properties": { "stop_id": "2635", "stop_name": "Broadway @ Dickson St", "municipality": "Somerville", "station_type": "Bus", "modes_served": "Bus", "multimodal": false, "dep_bus": 640, "dep_rapid_transit": 0, "dep_commuter_rail": 0, "weekly_departures": 640 }, "geometry": { "type": "Point", "coordinates": [ 230579.997726205183426, 906005.455440001795068 ] } },
{ "type": "Feature", "properties": { "stop_id": "2636", "stop_name": "Broadway @ North St", "municipality": "Somerville", "station_type": "Bus", "modes_served": "Bus", "multimodal": false, "dep_bus": 640, "dep_rapid_transit": 0, "dep_commuter_rail": 0, "weekly_departures": 640 }, "geometry": { "type": "Point", "coordinates": [ 230336.533612116589211, 906223.113821948762052 ] } },
{ "type": "Feature", "properties": { "stop_id": "2715", "stop_name": "Broadway @ Belknap St", "municipality": "Somerville", "station_type": "Bus", "modes_served": "Bus", "multimodal": false, "dep_bus": 640, "dep_rapid_transit": 0, "dep_commuter_rail": 0, "weekly_departures": 640 }, "geometry": { "type": "Point", "coordinates": [ 230434.002171844127588, 906146.891118552535772 ] } },
{ "type": "Feature", "properties": { "stop_id": "2742", "stop_name": "Broadway @ Mason St", "municipality": "Somerville", "station_type": "Bus", "modes_served": "Bus", "multimodal": false, "dep_bus": 40, "dep_rapid_transit": 0, "dep_commuter_rail": 0, "weekly_departures": 40 }, "geometry": { "type": "Point", "coordinates": [ 231052.516076386382338, 905748.49308146443218 ] } },
{ "type": "Feature", "properties": { "stop_id": "2743", "stop_name": "Broadway @ Packard Ave", "municipality": "Somerville", "station_type": "Bus", "modes_served": "Bus", "multimodal": false, "dep_bus": 40, "dep_rapid_transit": 0, "dep_commuter_rail": 0, "weekly_departures": 40 }, "geometry": { "type": "Point", "coordinates": [ 230885.742721386952326, 905818.959140710765496 ] } },
{ "type": "Feature", "properties": { "stop_id": "1042", "stop_name": "Market St @ Lothrop St", "municipality": "Boston", "station_type": "Bus", "modes_served": "Bus", "multimodal": false, "dep_bus": 422, "dep_rapid_transit": 0, "dep_commuter_rail": 0, "weekly_departures": 422 }, "geometry": { "type": "Point", "coordinates": [ 229133.969331166357733, 901166.956962258089334 ] } },
{ "type": "Feature", "properties": { "stop_id": "1043", "stop_name": "Western Ave @ Mackin St", "municipality": "Boston", "station_type": "Bus", "modes_served": "Bus", "multimodal": false, "dep_bus": 892, "dep_rapid_transit": 0, "dep_commuter_rail": 0, "weekly_departures": 892 }, "geometry": { "type": "Point", "coordinates": [ 229292.234708749805577, 901301.907970342086628 ] } },
{ "type": "Feature", "properties": { "stop_id": "1045", "stop_name": "450 Western Ave", "municipality": "Boston", "station_type": "Bus", "modes_served": "Bus", "multimodal": false, "dep_bus": 892, "dep_rapid_transit": 0, "dep_commuter_rail": 0, "weekly_departures": 892 }, "geometry": { "type": "Point", "coordinates": [ 229508.653900581877679, 901357.908116722363047 ] } },
{ "type": "Feature", "properties": { "stop_id": "1046", "stop_name": "Western Ave @ Litchfield St", "municipality": "Boston", "station_type": "Bus", "modes_served": "Bus", "multimodal": false, "dep_bus": 892, "dep_rapid_transit": 0, "dep_commuter_rail": 0, "weekly_departures": 892 }, "geometry": { "type": "Point", "coordinates": [ 229711.830253349849954, 901408.416123940842226 ] } },
{ "type": "Feature", "properties": { "stop_id": "1049", "stop_name": "Western Ave @ Everett St", "municipality": "Boston", "station_type": "Bus", "modes_served": "Bus", "multimodal": false, "dep_bus": 892, "dep_rapid_transit": 0, "dep_commuter_rail": 0, "weekly_departures": 892 }, "geometry": { "type": "Point", "coordinates": [ 229960.672503835958196, 901451.349149746354669 ] } },
{ "type": "Feature", "properties": { "stop_id": "1053", "stop_name": "Western Ave @ Genzyme", "municipality": "Boston", "station_type": "Bus", "modes_served": "Bus", "multimodal": false, "dep_bus": 470, "dep_rapid_transit": 0, "dep_commuter_rail": 0, "weekly_departures": 470 }, "geometry": { "type": "Point", "coordinates": [ 231318.245500317454571, 901560.238405918469653 ] } },
{ "type": "Feature", "properties": { "stop_id": "1055", "stop_name": "River St opp Blackstone St", "municipality": "Cambridge", "station_type": "Bus", "modes_served": "Bus", "multimodal": false, "dep_bus": 753, "dep_rapid_transit": 0, "dep_commuter_rail": 0, "weekly_departures": 753 }, "geometry": { "type": "Point", "coordinates": [ 231719.097233159583993, 901319.997692408040166 ] } },
{ "type": "Feature", "properties": { "stop_id": "1057", "stop_name": "River St @ Kelly Rd", "municipality": "Cambridge", "station_type": "Bus", "modes_served": "Bus", "multimodal": false, "dep_bus": 753, "dep_rapid_transit": 0, "dep_commuter_rail": 0, "weekly_departures": 753 }, "geometry": { "type": "Point", "coordinates": [ 232076.467491918621818, 901479.350795155740343 ] } },
{ "type": "Feature", "properties": { "stop_id": "1058", "stop_name": "River St opp Kinnaird St", "municipality": "Cambridge", "station_type": "Bus", "modes_served": "Bus", "multimodal": false, "dep_bus": 753, "dep_rapid_transit": 0, "dep_commuter_rail": 0, "weekly_departures": 753 }, "geometry": { "type": "Point", "coordinates": [ 232209.042333734862041, 901544.382536362507381 ] } },
{ "type": "Feature", "properties": { "stop_id": "1061", "stop_name": "Western Ave @ Kinnaird St", "municipality": "Cambridge", "station_type": "Bus", "modes_served": "Bus", "multimodal": false, "dep_bus": 752, "dep_rapid_transit": 0, "dep_commuter_rail": 0, "weekly_departures": 752 }, "geometry": { "type": "Point", "coordinates": [ 232215.919032000179868, 901679.484966836986132 ] } },
{ "type": "Feature", "properties": { "stop_id": "1062", "stop_name": "Western Ave @ Howard St", "municipality": "Cambridge", "station_type": "Bus", "modes_served": "Bus", "multimodal": false, "dep_bus": 752, "dep_rapid_transit": 0, "dep_commuter_rail": 0, "weekly_departures": 752 }, "geometry": { "type": "Point", "coordinates": [ 232072.010465749888681, 901661.720567524665967 ] } },
{ "type": "Feature", "properties": { "stop_id": "1064", "stop_name": "Western Ave @ Putnam Ave", "municipality": "Cambridge", "station_type": "Bus", "modes_served": "Bus", "multimodal": false, "dep_bus": 752, "dep_rapid_transit": 0, "dep_commuter_rail": 0, "weekly_departures": 752 }, "geometry": { "type": "Point", "coordinates": [ 231786.743742755672429, 901626.434317030129023 ] } },
{ "type": "Feature", "properties": { "stop_id": "1067", "stop_name": "Western Ave opp Genzyme", "municipality": "Boston", "station_type": "Bus", "modes_served": "Bus", "multimodal": false, "dep_bus": 477, "dep_rapid_transit": 0, "dep_commuter_rail": 0, "weekly_departures": 477 }, "geometry": { "type": "Point", "coordinates": [ 231326.486492750205798, 901577.936541779781692 ] } },
{ "type": "Feature", "properties": { "stop_id": "1071", "stop_name": "Western Ave opp Riverdale St", "municipality": "Boston", "station_type": "Bus", "modes_served": "Bus", "multimodal": false, "dep_bus": 899, "dep_rapid_transit": 0, "dep_commuter_rail": 0, "weekly_departures": 899 }, "geometry": { "type": "Point", "coordinates": [ 230307.508559709909605, 901482.272294189315289 ] } },
{ "type": "Feature", "properties": { "stop_id": "1072", "stop_name": "Western Ave @ Everett St", "municipality": "Boston", "station_type": "Bus", "modes_served": "Bus", "multimodal": false, "dep_bus": 899, "dep_rapid_transit": 0, "dep_commuter_rail": 0, "weekly_departures": 899 }, "geometry": { "type": "Point", "coordinates": [ 230022.280648152896902, 901472.827994794119149 ] } },
{ "type": "Feature", "properties": { "stop_id": "1074", "stop_name": "367 Western Ave opp Brighton Mills Mall", "municipality": "Boston", "station_type": "Bus", "modes_served": "Bus", "multimodal": false, "dep_bus": 899, "dep_rapid_transit": 0, "dep_commuter_rail": 0, "weekly_departures": 899 }, "geometry": { "type": "Point", "coordinates": [ 229798.851991824078141, 901439.775365003966726 ] } },
{ "type": "Feature", "properties": { "stop_id": "1076", "stop_name": "445 Western Ave", "municipality": "Boston", "station_type": "Bus", "modes_served": "Bus", "multimodal": false, "dep_bus": 899, "dep_rapid_transit": 0, "dep_commuter_rail": 0, "weekly_departures": 899 }, "geometry": { "type": "Point", "coordinates": [ 229543.416278751508798, 901377.714966784580611 ] } },
{ "type": "Feature", "properties": { "stop_id": "1077", "stop_name": "495 Western Ave", "municipality": "Boston", "station_type": "Bus", "modes_served": "Bus", "multimodal": false, "dep_bus": 899, "dep_rapid_transit": 0, "dep_commuter_rail": 0, "weekly_departures": 899 }, "geometry": { "type": "Point", "coordinates": [ 229325.179663114948198, 901323.15016957744956 ] } },
{ "type": "Feature", "properties": { "stop_id": "1115", "stop_name": "Cambridge St @ Seattle St", "municipality": "Boston", "station_type": "Bus", "modes_served": "Bus", "multimodal": false, "dep_bus": 283, "dep_rapid_transit": 0, "dep_commuter_rail": 0, "weekly_departures": 283 }, "geometry": { "type": "Point", "coordinates": [ 230977.980748854693957, 900974.793531855451874 ] } },
{ "type": "Feature", "properties": { "stop_id": "1116", "stop_name": "Cambridge St @ Mass Pike Exit", "municipality": "Boston", "station_type": "Bus", "modes_served": "Bus", "multimodal": false, "dep_bus": 283, "dep_rapid_transit": 0, "dep_commuter_rail": 0, "weekly_departures": 283 }, "geometry": { "type": "Point", "coordinates": [ 231407.361721588240471, 901194.745476542506367 ] } },
{ "type": "Feature", "properties": { "stop_id": "11410", "stop_name": "Cambridge St @ Max Ave", "municipality": "Cambridge", "station_type": "Bus", "modes_served": "Bus", "multimodal": false, "dep_bus": 361, "dep_rapid_transit": 0, "dep_commuter_rail": 0, "weekly_departures": 361 }, "geometry": { "type": "Point", "coordinates": [ 233972.382935688248836, 902462.640387507155538 ] } },
{ "type": "Feature", "properties": { "stop_id": "1189", "stop_name": "Soldiers Field Rd @ Cambridge St", "municipality": "Boston", "station_type": "Bus", "modes_served": "Bus", "multimodal": false, "dep_bus": 275, "dep_rapid_transit": 0, "dep_commuter_rail": 0, "weekly_departures": 275 }, "geometry": { "type": "Point", "coordinates": [ 231472.176367984822718, 901272.345710485707968 ] } },
{ "type": "Feature", "properties": { "stop_id": "1190", "stop_name": "Cambridge St @ Seattle St", "municipality": "Boston", "station_type": "Bus", "modes_served": "Bus", "multimodal": false, "dep_bus": 275, "dep_rapid_transit": 0, "dep_commuter_rail": 0, "weekly_departures": 275 }, "geometry": { "type": "Point", "coordinates": [ 230987.25848193798447, 901000.604493807302788 ] } },
{ "type": "Feature", "properties": { "stop_id": "12080", "stop_name": "Huron Ave @ Larchwood Dr", "municipality": "Cambridge", "station_type": "Bus", "modes_served": "Bus", "multimodal": false, "dep_bus": 252, "dep_rapid_transit": 0, "dep_commuter_rail": 0, "weekly_departures": 252 }, "geometry": { "type": "Point", "coordinates": [ 229118.846575428789947, 903205.397087552468292 ] } },
{ "type": "Feature", "properties": { "stop_id": "12144", "stop_name": "Huron Ave opp Fountain Terr", "municipality": "Cambridge", "station_type": "Bus", "modes_served": "Bus", "multimodal": false, "dep_bus": 222, "dep_rapid_transit": 0, "dep_commuter_rail": 0, "weekly_departures": 222 }, "geometry": { "type": "Point", "coordinates": [ 228805.65275124454638, 903264.421231933753006 ] } },
{ "type": "Feature", "properties": { "stop_id": "12145", "stop_name": "Fresh Pond Golf Course", "municipality": "Cambridge", "station_type": "Bus", "modes_served": "Bus", "multimodal": false, "dep_bus": 222, "dep_rapid_transit": 0, "dep_commuter_rail": 0, "weekly_departures": 222 }, "geometry": { "type": "Point", "coordinates": [ 228521.164554465038236, 903414.771020497079007 ] } },
{ "type": "Feature", "properties": { "stop_id": "12147", "stop_name": "700 Huron Ave", "municipality": "Cambridge", "station_type": "Bus", "modes_served": "Bus", "multimodal": false, "dep_bus": 232, "dep_rapid_transit": 0, "dep_commuter_rail": 0, "weekly_departures": 232 }, "geometry": { "type": "Point", "coordinates": [ 228438.522109546291176, 903465.865158262429759 ] } },
{ "type": "Feature", "properties": { "stop_id": "12232", "stop_name": "Main St @ Galileo Way", "municipality": "Cambridge", "station_type": "Bus", "modes_served": "Bus", "multimodal": false, "dep_bus": 360, "dep_rapid_transit": 0, "dep_commuter_rail": 0, "weekly_departures": 360 }, "geometry": { "type": "Point", "coordinates": [ 233841.881852484541014, 901443.86736524652224 ] } },
{ "type": "Feature", "properties": { "stop_id": "12610", "stop_name": "Somerville Ave @ Merriam St", "municipality": "Somerville", "station_type": "Bus", "modes_served": "Bus", "multimodal": false, "dep_bus": 303, "dep_rapid_transit": 0, "dep_commuter_rail": 0, "weekly_departures": 303 }, "geometry": { "type": "Point", "coordinates": [ 233626.477732441417174, 903162.325335586792789 ] } },
{ "type": "Feature", "properties": { "stop_id": "12614", "stop_name": "Waterhouse St @ Massachusetts Ave", "municipality": "Cambridge", "station_type": "Bus", "modes_served": "Bus", "multimodal": false, "dep_bus": 669, "dep_rapid_transit": 0, "dep_commuter_rail": 0, "weekly_departures": 669 }, "geometry": { "type": "Point", "coordinates": [ 231251.024566855921876, 903097.704865705221891 ] } },
{ "type": "Feature", "properties": { "stop_id": "12616", "stop_name": "Somerville Ave @ School St", "municipality": "Somerville", "station_type": "Bus", "modes_served": "Bus", "multimodal": false, "dep_bus": 303, "dep_rapid_transit": 0, "dep_commuter_rail": 0, "weekly_departures": 303 }, "geometry": { "type": "Point", "coordinates": [ 232787.722559325076872, 903575.571083371876739 ] } },
{ "type": "Feature", "properties": { "stop_id": "12636", "stop_name": "Broadway opp Clarendon Hill Busway", "municipality": "Somerville", "station_type": "Bus", "modes_served": "Bus", "multimodal": false, "dep_bus": 303, "dep_rapid_transit": 0, "dep_commuter_rail": 0, "weekly_departures": 303 }, "geometry": { "type": "Point", "coordinates": [ 230245.811965179687832, 906281.483224180177785 ] } },
{ "type": "Feature", "properties": { "stop_id": "12637", "stop_name": "Broadway @ Sunnyside Ave", "municipality": "Arlington", "station_type": "Bus", "modes_served": "Bus", "multimodal": false, "dep_bus": 303, "dep_rapid_transit": 0, "dep_commuter_rail": 0, "weekly_departures": 303 }, "geometry": { "type": "Point", "coordinates": [ 230081.472758583113318, 906384.302851669490337 ] } },
{ "type": "Feature", "properties": { "stop_id": "12638", "stop_name": "Broadway @ Silk St", "municipality": "Arlington", "station_type": "Bus", "modes_served": "Bus", "multimodal": false, "dep_bus": 303, "dep_rapid_transit": 0, "dep_commuter_rail": 0, "weekly_departures": 303 }, "geometry": { "type": "Point", "coordinates": [ 229965.256032855599187, 906457.451285429298878 ] } },
{ "type": "Feature", "properties": { "stop_id": "12639", "stop_name": "Broadway opp Cleveland St", "municipality": "Arlington", "station_type": "Bus", "modes_served": "Bus", "multimodal": false, "dep_bus": 303, "dep_rapid_transit": 0, "dep_commuter_rail": 0, "weekly_departures": 303 }, "geometry": { "type": "Point", "coordinates": [ 229832.033797774231061, 906542.525903840898536 ] } },
{ "type": "Feature", "properties": { "stop_id": "12652", "stop_name": "Broadway @ Cleveland St", "municipality": "Arlington", "station_type": "Bus", "modes_served": "Bus", "multimodal": false, "dep_bus": 308, "dep_rapid_transit": 0, "dep_commuter_rail": 0, "weekly_departures": 308 }, "geometry": { "type": "Point", "coordinates": [ 229854.947992890665773, 906516.075414292514324 ] } },
{ "type": "Feature", "properties": { "stop_id": "12653", "stop_name": "Broadway opp Silk St", "municipality": "Arlington", "station_type": "Bus", "modes_served": "Bus", "multimodal": false, "dep_bus": 308, "dep_rapid_transit": 0, "dep_commuter_rail": 0, "weekly_departures": 308 }, "geometry": { "type": "Point", "coordinates": [ 229966.631877436913783, 906443.683359944145195 ] } },
{ "type": "Feature", "properties": { "stop_id": "12654", "stop_name": "Broadway opp Sunnyside Ave", "municipality": "Arlington", "station_type": "Bus", "modes_served": "Bus", "multimodal": false, "dep_bus": 308, "dep_rapid_transit": 0, "dep_commuter_rail": 0, "weekly_departures": 308 }, "geometry": { "type": "Point", "coordinates": [ 230081.936216363683343, 906372.197226048447192 ] } },
{ "type": "Feature", "properties": { "stop_id": "1400", "stop_name": "Cambridge St @ Prescott St", "municipality": "Cambridge", "station_type": "Bus", "modes_served": "Bus", "multimodal": false, "dep_bus": 361, "dep_rapid_transit": 0, "dep_commuter_rail": 0, "weekly_departures": 361 }, "geometry": { "type": "Point", "coordinates": [ 231883.971864326682407, 902818.521360809216276 ] } },
{ "type": "Feature", "properties": { "stop_id": "1401", "stop_name": "Cambridge St @ Trowbridge St", "municipality": "Cambridge", "station_type": "Bus", "modes_served": "Bus", "multimodal": false, "dep_bus": 361, "dep_rapid_transit": 0, "dep_commuter_rail": 0, "weekly_departures": 361 }, "geometry": { "type": "Point", "coordinates": [ 232060.280931670800783, 902787.888630492379889 ] } },
{ "type": "Feature", "properties": { "stop_id": "1402", "stop_name": "Cambridge St @ Dana St", "municipality": "Cambridge", "station_type": "Bus", "modes_served": "Bus", "multimodal": false, "dep_bus": 361, "dep_rapid_transit": 0, "dep_commuter_rail": 0, "weekly_departures": 361 }, "geometry": { "type": "Point", "coordinates": [ 232351.818235236074543, 902738.684563246322796 ] } },
{ "type": "Feature", "properties": { "stop_id": "1403", "stop_name": "Cambridge St @ Highland Ave", "municipality": "Cambridge", "station_type": "Bus", "modes_served": "Bus", "multimodal": false, "dep_bus": 361, "dep_rapid_transit": 0, "dep_commuter_rail": 0, "weekly_departures": 361 }, "geometry": { "type": "Point", "coordinates": [ 232571.313870721962303, 902702.709746674867347 ] } },
{ "type": "Feature", "properties": { "stop_id": "14031", "stop_name": "Cambridge St @ Fayette St", "municipality": "Cambridge", "station_type": "Bus", "modes_served": "Bus", "multimodal": false, "dep_bus": 361, "dep_rapid_transit": 0, "dep_commuter_rail": 0, "weekly_departures": 361 }, "geometry": { "type": "Point", "coordinates": [ 232762.385446252737893, 902669.163964229286648 ] } },
{ "type": "Feature", "properties": { "stop_id": "1404", "stop_name": "Cambridge St @ Hampshire St", "municipality": "Cambridge", "station_type": "Bus", "modes_served": "Bus", "multimodal": false, "dep_bus": 361, "dep_rapid_transit": 0, "dep_commuter_rail": 0, "weekly_departures": 361 }, "geometry": { "type": "Point", "coordinates": [ 232938.437396028195508, 902642.328712038579397 ] } },
{ "type": "Feature", "properties": { "stop_id": "1405", "stop_name": "Cambridge St @ Prospect St", "municipality": "Cambridge", "station_type": "Bus", "modes_served": "Bus", "multimodal": false, "dep_bus": 361, "dep_rapid_transit": 0, "dep_commuter_rail": 0, "weekly_departures": 361 }, "geometry": { "type": "Point", "coordinates": [ 233089.128677811939269, 902614.267585586989298 ] } },
{ "type": "Feature", "properties": { "stop_id": "1406", "stop_name": "Cambridge St @ Norfolk St", "municipality": "Cambridge", "station_type": "Bus", "modes_served": "Bus", "multimodal": false, "dep_bus": 361, "dep_rapid_transit": 0, "dep_commuter_rail": 0, "weekly_departures": 361 }, "geometry": { "type": "Point", "coordinates": [ 233270.965957707900088, 902583.802324098884128 ] } },
{ "type": "Feature", "properties": { "stop_id": "1409", "stop_name": "Cambridge St @ Berkshire St", "municipality": "Cambridge", "station_type": "Bus", "modes_served": "Bus", "multimodal": false, "dep_bus": 361, "dep_rapid_transit": 0, "dep_commuter_rail": 0, "weekly_departures": 361 }, "geometry": { "type": "Point", "coordinates": [ 233800.421850245213136, 902493.357182787032798 ] } },
{ "type": "Feature", "properties": { "stop_id": "1411", "stop_name": "Cambridge St @ Sixth St", "municipality": "Cambridge", "station_type": "Bus", "modes_served": "Bus", "multimodal": false, "dep_bus": 361, "dep_rapid_transit": 0, "dep_commuter_rail": 0, "weekly_departures": 361 }, "geometry": { "type": "Point", "coordinates": [ 234187.688691103190649, 902428.02869445993565 ] } },
{ "type": "Feature", "properties": { "stop_id": "1413", "stop_name": "Cambridge St @ Sciarappa St", "municipality": "Cambridge", "station_type": "Bus", "modes_served": "Bus", "multimodal": false, "dep_bus": 361, "dep_rapid_transit": 0, "dep_commuter_rail": 0, "weekly_departures": 361 }, "geometry": { "type": "Point", "coordinates": [ 234458.318311928393086, 902382.364735908573493 ] } },
{ "type": "Feature", "properties": { "stop_id": "1416", "stop_name": "Cambridge St @ Third St", "municipality": "Cambridge", "station_type": "Bus", "modes_served": "Bus", "multimodal": false, "dep_bus": 358, "dep_rapid_transit": 0, "dep_commuter_rail": 0, "weekly_departures": 358 }, "geometry": { "type": "Point", "coordinates": [ 234662.345775514637353, 902364.262943324167281 ] } },
{ "type": "Feature", "properties": { "stop_id": "1417", "stop_name": "Cambridge St @ Sciarappa St", "municipality": "Cambridge", "station_type": "Bus", "modes_served": "Bus", "multimodal": false, "dep_bus": 358, "dep_rapid_transit": 0, "dep_commuter_rail": 0, "weekly_departures": 358 }, "geometry": { "type": "Point", "coordinates": [ 234453.7332741561695, 902393.561165391467512 ] } },
{ "type": "Feature", "properties": { "stop_id": "1419", "stop_name": "Cambridge St @ Sixth St", "municipality": "Cambridge", "station_type": "Bus", "modes_served": "Bus", "multimodal": false, "dep_bus": 358, "dep_rapid_transit": 0, "dep_commuter_rail": 0, "weekly_departures": 358 }, "geometry": { "type": "Point", "coordinates": [ 234209.316742467170116, 902435.020837603253312 ] } },
{ "type": "Feature", "properties": { "stop_id": "1420", "stop_name": "Cambridge St @ Lambert St", "municipality": "Cambridge", "station_type": "Bus", "modes_served": "Bus", "multimodal": false, "dep_bus": 358, "dep_rapid_transit": 0, "dep_commuter_rail": 0, "weekly_departures": 358 }, "geometry": { "type": "Point", "coordinates": [ 233955.562843603664078, 902483.330724488478154 ] } },
{ "type": "Feature", "properties": { "stop_id": "1421", "stop_name": "Cambridge St opp Berkshire St", "municipality": "Cambridge", "station_type": "Bus", "modes_served": "Bus", "multimodal": false, "dep_bus": 358, "dep_rapid_transit": 0, "dep_commuter_rail": 0, "weekly_departures": 358 }, "geometry": { "type": "Point", "coordinates": [ 233773.745012750761816, 902508.557696798467077 ] } },
{ "type": "Feature", "properties": { "stop_id": "1422", "stop_name": "Cambridge St @ Windsor St", "municipality": "Cambridge", "station_type": "Bus", "modes_served": "Bus", "multimodal": false, "dep_bus": 358, "dep_rapid_transit": 0, "dep_commuter_rail": 0, "weekly_departures": 358 }, "geometry": { "type": "Point", "coordinates": [ 233509.799321864440572, 902553.613402534741908 ] } },
{ "type": "Feature", "properties": { "stop_id": "1423", "stop_name": "Cambridge St @ Norfolk St", "municipality": "Cambridge", "station_type": "Bus", "modes_served": "Bus", "multimodal": false, "dep_bus": 358, "dep_rapid_transit": 0, "dep_commuter_rail": 0, "weekly_departures": 358 }, "geometry": { "type": "Point", "coordinates": [ 233265.972188820567681, 902594.775431335670874 ] } },
{ "type": "Feature", "properties": { "stop_id": "1424", "stop_name": "Cambridge St @ Prospect St", "municipality": "Cambridge", "station_type": "Bus", "modes_served": "Bus", "multimodal": false, "dep_bus": 358, "dep_rapid_transit": 0, "dep_commuter_rail": 0, "weekly_departures": 358 }, "geometry": { "type": "Point", "coordinates": [ 233111.085105058707995, 902621.591129672015086 ] } },
{ "type": "Feature", "properties": { "stop_id": "1425", "stop_name": "Cambridge St @ Springfield St", "municipality": "Cambridge", "station_type": "Bus", "modes_served": "Bus", "multimodal": false, "dep_bus": 358, "dep_rapid_transit": 0, "dep_commuter_rail": 0, "weekly_departures": 358 }, "geometry": { "type": "Point", "coordinates": [ 232913.992987232748419, 902656.210011608665809 ] } },
{ "type": "Feature", "properties": { "stop_id": "1427", "stop_name": "Cambridge St opp Highland Ave - Cambridge Hospital", "municipality": "Cambridge", "station_type": "Bus", "modes_served": "Bus", "multimodal": false, "dep_bus": 358, "dep_rapid_transit": 0, "dep_commuter_rail": 0, "weekly_departures": 358 }, "geometry": { "type": "Point", "coordinates": [ 232576.352728805824881, 902717.284371024463326 ] } },
{ "type": "Feature", "properties": { "stop_id": "1428", "stop_name": "Cambridge St @ Hovey Ave", "municipality": "Cambridge", "station_type": "Bus", "modes_served": "Bus", "multimodal": false, "dep_bus": 358, "dep_rapid_transit": 0, "dep_commuter_rail": 0, "weekly_departures": 358 }, "geometry": { "type": "Point", "coordinates": [ 232288.375312395772198, 902761.941279668011703 ] } },
{ "type": "Feature", "properties": { "stop_id": "1429", "stop_name": "Cambridge St @ Trowbridge St", "municipality": "Cambridge", "station_type": "Bus", "modes_served": "Bus", "multimodal": false, "dep_bus": 358, "dep_rapid_transit": 0, "dep_commuter_rail": 0, "weekly_departures": 358 }, "geometry": { "type": "Point", "coordinates": [ 232125.670600161829498, 902788.964908144669607 ] } },
{ "type": "Feature", "properties": { "stop_id": "1430", "stop_name": "Felton St @ Cambridge St", "municipality": "Cambridge", "station_type": "Bus", "modes_served": "Bus", "multimodal": false, "dep_bus": 358, "dep_rapid_transit": 0, "dep_commuter_rail": 0, "weekly_departures": 358 }, "geometry": { "type": "Point", "coordinates": [ 231927.544176358438563, 902799.613791451090947 ] } },
{ "type": "Feature", "properties": { "stop_id": "1431", "stop_name": "Broadway @ Felton St", "municipality": "Cambridge", "station_type": "Bus", "modes_served": "Bus", "multimodal": false, "dep_bus": 85, "dep_rapid_transit": 0, "dep_commuter_rail": 0, "weekly_departures": 85 }, "geometry": { "type": "Point", "coordinates": [ 231901.329293619084638, 902677.975059468997642 ] } },
{ "type": "Feature", "properties": { "stop_id": "1589", "stop_name": "Western Ave @ Riverdale St", "municipality": "Boston", "station_type": "Bus", "modes_served": "Bus", "multimodal": false, "dep_bus": 892, "dep_rapid_transit": 0, "dep_commuter_rail": 0, "weekly_departures": 892 }, "geometry": { "type": "Point", "coordinates": [ 230310.936229203362018, 901470.623902538209222 ] } },
{ "type": "Feature", "properties": { "stop_id": "2020", "stop_name": "Mt Auburn St @ Story St", "municipality": "Cambridge", "station_type": "Bus", "modes_served": "Bus", "multimodal": false, "dep_bus": 1277, "dep_rapid_transit": 0, "dep_commuter_rail": 0, "weekly_departures": 1277 }, "geometry": { "type": "Point", "coordinates": [ 231028.111161500564776, 902625.300632877042517 ] } },
{ "type": "Feature", "properties": { "stop_id": "2021", "stop_name": "Mt Auburn St @ Ash St", "municipality": "Cambridge", "station_type": "Bus", "modes_served": "Bus", "multimodal": false, "dep_bus": 1277, "dep_rapid_transit": 0, "dep_commuter_rail": 0, "weekly_departures": 1277 }, "geometry": { "type": "Point", "coordinates": [ 230833.328870022145566, 902717.859782389481552 ] } },
{ "type": "Feature", "properties": { "stop_id": "2023", "stop_name": "Mt Auburn St @ Sparks St", "municipality": "Cambridge", "station_type": "Bus", "modes_served": "Bus", "multimodal": false, "dep_bus": 1277, "dep_rapid_transit": 0, "dep_commuter_rail": 0, "weekly_departures": 1277 }, "geometry": { "type": "Point", "coordinates": [ 230435.844450031785527, 902757.558590359985828 ] } },
{ "type": "Feature", "properties": { "stop_id": "2025", "stop_name": "Mt Auburn St @ Longfellow Rd", "municipality": "Cambridge", "station_type": "Bus", "modes_served": "Bus", "multimodal": false, "dep_bus": 1277, "dep_rapid_transit": 0, "dep_commuter_rail": 0, "weekly_departures": 1277 }, "geometry": { "type": "Point", "coordinates": [ 230138.073948085570009, 902784.932965470710769 ] } },
{ "type": "Feature", "properties": { "stop_id": "2026", "stop_name": "Mt Auburn St @ Traill St", "municipality": "Cambridge", "station_type": "Bus", "modes_served": "Bus", "multimodal": false, "dep_bus": 1277, "dep_rapid_transit": 0, "dep_commuter_rail": 0, "weekly_departures": 1277 }, "geometry": { "type": "Point", "coordinates": [ 229925.629180540447123, 902793.466397225507535 ] } },
{ "type": "Feature", "properties": { "stop_id": "2027", "stop_name": "Mt Auburn St opp Coolidge Ave", "municipality": "Cambridge", "station_type": "Bus", "modes_served": "Bus", "multimodal": false, "dep_bus": 1277, "dep_rapid_transit": 0, "dep_commuter_rail": 0, "weekly_departures": 1277 }, "geometry": { "type": "Point", "coordinates": [ 229652.539308747771429, 902789.198173416079953 ] } },
{ "type": "Feature", "properties": { "stop_id": "2028", "stop_name": "Mt Auburn St @ Brattle St", "municipality": "Cambridge", "station_type": "Bus", "modes_served": "Bus", "multimodal": false, "dep_bus": 1277, "dep_rapid_transit": 0, "dep_commuter_rail": 0, "weekly_departures": 1277 }, "geometry": { "type": "Point", "coordinates": [ 229404.223146477947012, 902828.253609098261222 ] } },
{ "type": "Feature", "properties": { "stop_id": "2030", "stop_name": "Mt Auburn St @ Homer Ave", "municipality": "Cambridge", "station_type": "Bus", "modes_served": "Bus", "multimodal": false, "dep_bus": 1262, "dep_rapid_transit": 0, "dep_commuter_rail": 0, "weekly_departures": 1262 }, "geometry": { "type": "Point", "coordinates": [ 228967.17833541429718, 902778.452115925960243 ] } },
{ "type": "Feature", "properties": { "stop_id": "2032", "stop_name": "Mt Auburn St @ Saint Marys St", "municipality": "Watertown", "station_type": "Bus", "modes_served": "Bus", "multimodal": false, "dep_bus": 631, "dep_rapid_transit": 0, "dep_commuter_rail": 0, "weekly_departures": 631 }, "geometry": { "type": "Point", "coordinates": [ 228625.131464499951107, 902657.863265958381817 ] } },
{ "type": "Feature", "properties": { "stop_id": "2033", "stop_name": "Mt Auburn St @ Keenan St", "municipality": "Watertown", "station_type": "Bus", "modes_served": "Bus", "multimodal": false, "dep_bus": 631, "dep_rapid_transit": 0, "dep_commuter_rail": 0, "weekly_departures": 631 }, "geometry": { "type": "Point", "coordinates": [ 228412.453974581003422, 902540.256890980526805 ] } },
{ "type": "Feature", "properties": { "stop_id": "2034", "stop_name": "Mt Auburn St @ Kimball Rd", "municipality": "Watertown", "station_type": "Bus", "modes_served": "Bus", "multimodal": false, "dep_bus": 631, "dep_rapid_transit": 0, "dep_commuter_rail": 0, "weekly_departures": 631 }, "geometry": { "type": "Point", "coordinates": [ 228198.536268378200475, 902401.547221113694832 ] } },
{ "type": "Feature", "properties": { "stop_id": "2060", "stop_name": "Mt Auburn St @ Bigelow Ave", "municipality": "Watertown", "station_type": "Bus", "modes_served": "Bus", "multimodal": false, "dep_bus": 614, "dep_rapid_transit": 0, "dep_commuter_rail": 0, "weekly_departures": 614 }, "geometry": { "type": "Point", "coordinates": [ 228172.450200826075161, 902354.567669859621674 ] } },
{ "type": "Feature", "properties": { "stop_id": "2061", "stop_name": "Mt Auburn St opp Keenan St", "municipality": "Watertown", "station_type": "Bus", "modes_served": "Bus", "multimodal": false, "dep_bus": 614, "dep_rapid_transit": 0, "dep_commuter_rail": 0, "weekly_departures": 614 }, "geometry": { "type": "Point", "coordinates": [ 228418.190431133960374, 902527.061811915715225 ] } },
{ "type": "Feature", "properties": { "stop_id": "2062", "stop_name": "Mt Auburn St @ Cottage St", "municipality": "Watertown", "station_type": "Bus", "modes_served": "Bus", "multimodal": false, "dep_bus": 614, "dep_rapid_transit": 0, "dep_commuter_rail": 0, "weekly_departures": 614 }, "geometry": { "type": "Point", "coordinates": [ 228714.742411494517, 902677.778714051935822 ] } },
{ "type": "Feature", "properties": { "stop_id": "2064", "stop_name": "Mt Auburn St opp Homer Ave", "municipality": "Cambridge", "station_type": "Bus", "modes_served": "Bus", "multimodal": false, "dep_bus": 1228, "dep_rapid_transit": 0, "dep_commuter_rail": 0, "weekly_departures": 1228 }, "geometry": { "type": "Point", "coordinates": [ 228999.822437393246219, 902771.366723399725743 ] } },
{ "type": "Feature", "properties": { "stop_id": "2066", "stop_name": "Mt Auburn St opp Brattle St", "municipality": "Cambridge", "station_type": "Bus", "modes_served": "Bus", "multimodal": false, "dep_bus": 1258, "dep_rapid_transit": 0, "dep_commuter_rail": 0, "weekly_departures": 1258 }, "geometry": { "type": "Point", "coordinates": [ 229404.661441902746446, 902821.923990381183103 ] } },
{ "type": "Feature", "properties": { "stop_id": "2067", "stop_name": "Mt Auburn St @ Coolidge Ave", "municipality": "Cambridge", "station_type": "Bus", "modes_served": "Bus", "multimodal": false, "dep_bus": 1258, "dep_rapid_transit": 0, "dep_commuter_rail": 0, "weekly_departures": 1258 }, "geometry": { "type": "Point", "coordinates": [ 229652.031715132208774, 902772.867545077693649 ] } },
{ "type": "Feature", "properties": { "stop_id": "2068", "stop_name": "Mt Auburn St opp Traill St", "municipality": "Cambridge", "station_type": "Bus", "modes_served": "Bus", "multimodal": false, "dep_bus": 1258, "dep_rapid_transit": 0, "dep_commuter_rail": 0, "weekly_departures": 1258 }, "geometry": { "type": "Point", "coordinates": [ 229933.575890611158684, 902784.058610992738977 ] } },
{ "type": "Feature", "properties": { "stop_id": "2070", "stop_name": "Mt Auburn St @ Mt Auburn Hospital", "municipality": "Cambridge", "station_type": "Bus", "modes_served": "Bus", "multimodal": false, "dep_bus": 1258, "dep_rapid_transit": 0, "dep_commuter_rail": 0, "weekly_departures": 1258 }, "geometry": { "type": "Point", "coordinates": [ 230163.843963210645597, 902767.826454483787529 ] } },
{ "type": "Feature", "properties": { "stop_id": "2071", "stop_name": "Mt Auburn St opp Sparks St", "municipality": "Cambridge", "station_type": "Bus", "modes_served": "Bus", "multimodal": false, "dep_bus": 1258, "dep_rapid_transit": 0, "dep_commuter_rail": 0, "weekly_departures": 1258 }, "geometry": { "type": "Point", "coordinates": [ 230414.645691963145509, 902745.914647320169024 ] } },
{ "type": "Feature", "properties": { "stop_id": "2073", "stop_name": "Mt Auburn St @ Brewer St", "municipality": "Cambridge", "station_type": "Bus", "modes_served": "Bus", "multimodal": false, "dep_bus": 1258, "dep_rapid_transit": 0, "dep_commuter_rail": 0, "weekly_departures": 1258 }, "geometry": { "type": "Point", "coordinates": [ 230905.836456586024724, 902673.747119610197842 ] } },
{ "type": "Feature", "properties": { "stop_id": "2077", "stop_name": "Aberdeen Ave @ Mt Auburn St", "municipality": "Cambridge", "station_type": "Bus", "modes_served": "Bus", "multimodal": false, "dep_bus": 20, "dep_rapid_transit": 0, "dep_commuter_rail": 0, "weekly_departures": 20 }, "geometry": { "type": "Point", "coordinates": [ 229174.29619175879634, 902842.623739795875736 ] } },
{ "type": "Feature", "properties": { "stop_id": "2078", "stop_name": "61 Aberdeen Ave", "municipality": "Cambridge", "station_type": "Bus", "modes_served": "Bus", "multimodal": false, "dep_bus": 20, "dep_rapid_transit": 0, "dep_commuter_rail": 0, "weekly_departures": 20 }, "geometry": { "type": "Point", "coordinates": [ 229138.008551718696253, 902953.773414690978825 ] } },
{ "type": "Feature", "properties": { "stop_id": "2080", "stop_name": "Huron Ave @ Larch Rd", "municipality": "Cambridge", "station_type": "Bus", "modes_served": "Bus", "multimodal": false, "dep_bus": 252, "dep_rapid_transit": 0, "dep_commuter_rail": 0, "weekly_departures": 252 }, "geometry": { "type": "Point", "coordinates": [ 229376.950257847609464, 903362.758826273493469 ] } },
{ "type": "Feature", "properties": { "stop_id": "2082", "stop_name": "Huron Ave @ Lakeview Ave", "municipality": "Cambridge", "station_type": "Bus", "modes_served": "Bus", "multimodal": false, "dep_bus": 252, "dep_rapid_transit": 0, "dep_commuter_rail": 0, "weekly_departures": 252 }, "geometry": { "type": "Point", "coordinates": [ 229637.628601436328609, 903434.166411606944166 ] } },
{ "type": "Feature", "properties": { "stop_id": "2083", "stop_name": "Huron Ave @ Gurney St", "municipality": "Cambridge", "station_type": "Bus", "modes_served": "Bus", "multimodal": false, "dep_bus": 252, "dep_rapid_transit": 0, "dep_commuter_rail": 0, "weekly_departures": 252 }, "geometry": { "type": "Point", "coordinates": [ 229817.40333088018815, 903473.471409197663888 ] } },
{ "type": "Feature", "properties": { "stop_id": "2085", "stop_name": "Huron Ave @ Appleton St", "municipality": "Cambridge", "station_type": "Bus", "modes_served": "Bus", "multimodal": false, "dep_bus": 252, "dep_rapid_transit": 0, "dep_commuter_rail": 0, "weekly_departures": 252 }, "geometry": { "type": "Point", "coordinates": [ 230146.614625253714621, 903500.757855879608542 ] } },
{ "type": "Feature", "properties": { "stop_id": "2090", "stop_name": "Huron Ave @ Appleton St", "municipality": "Cambridge", "station_type": "Bus", "modes_served": "Bus", "multimodal": false, "dep_bus": 257, "dep_rapid_transit": 0, "dep_commuter_rail": 0, "weekly_departures": 257 }, "geometry": { "type": "Point", "coordinates": [ 230120.611228595167631, 903515.30864194710739 ] } },
{ "type": "Feature", "properties": { "stop_id": "2092", "stop_name": "Huron Ave @ Chilton St", "municipality": "Cambridge", "station_type": "Bus", "modes_served": "Bus", "multimodal": false, "dep_bus": 257, "dep_rapid_transit": 0, "dep_commuter_rail": 0, "weekly_departures": 257 }, "geometry": { "type": "Point", "coordinates": [ 229810.360110931331292, 903483.660718758357689 ] } },
{ "type": "Feature", "properties": { "stop_id": "2093", "stop_name": "Huron Ave @ Lakeview Ave", "municipality": "Cambridge", "station_type": "Bus", "modes_served": "Bus", "multimodal": false, "dep_bus": 257, "dep_rapid_transit": 0, "dep_commuter_rail": 0, "weekly_departures": 257 }, "geometry": { "type": "Point", "coordinates": [ 229628.781835403147852, 903442.459961119806394 ] } },
{ "type": "Feature", "properties": { "stop_id": "2095", "stop_name": "Huron Ave @ Larch Rd", "municipality": "Cambridge", "station_type": "Bus", "modes_served": "Bus", "multimodal": false, "dep_bus": 257, "dep_rapid_transit": 0, "dep_commuter_rail": 0, "weekly_departures": 257 }, "geometry": { "type": "Point", "coordinates": [ 229340.70402819669107, 903365.273209994775243 ] } },
{ "type": "Feature", "properties": { "stop_id": "20951", "stop_name": "Huron Ave opp Larchwood Dr", "municipality": "Cambridge", "station_type": "Bus", "modes_served": "Bus", "multimodal": false, "dep_bus": 257, "dep_rapid_transit": 0, "dep_commuter_rail": 0, "weekly_departures": 257 }, "geometry": { "type": "Point", "coordinates": [ 229130.522826573287603, 903229.660546861006878 ] } },
{ "type": "Feature", "properties": { "stop_id": "2096", "stop_name": "Aberdeen Ave @ Huron Ave", "municipality": "Cambridge", "station_type": "Bus", "modes_served": "Bus", "multimodal": false, "dep_bus": 35, "dep_rapid_transit": 0, "dep_commuter_rail": 0, "weekly_departures": 35 }, "geometry": { "type": "Point", "coordinates": [ 229035.615099429123802, 903178.171637236955576 ] } },
{ "type": "Feature", "properties": { "stop_id": "2097", "stop_name": "Aberdeen Ave @ Aberdeen Way", "municipality": "Cambridge", "station_type": "Bus", "modes_served": "Bus", "multimodal": false, "dep_bus": 35, "dep_rapid_transit": 0, "dep_commuter_rail": 0, "weekly_departures": 35 }, "geometry": { "type": "Point", "coordinates": [ 229094.014141291962005, 902997.133699587662704 ] } },
{ "type": "Feature", "properties": { "stop_id": "2098", "stop_name": "Aberdeen Ave @ Mt Auburn St", "municipality": "Cambridge", "station_type": "Bus", "modes_served": "Bus", "multimodal": false, "dep_bus": 30, "dep_rapid_transit": 0, "dep_commuter_rail": 0, "weekly_departures": 30 }, "geometry": { "type": "Point", "coordinates": [ 229145.910130929580191, 902835.841222721501254 ] } },
{ "type": "Feature", "properties": { "stop_id": "2113", "stop_name": "Belmont St @ Woodleigh Rd", "municipality": "Belmont", "station_type": "Bus", "modes_served": "Bus", "multimodal": false, "dep_bus": 614, "dep_rapid_transit": 0, "dep_commuter_rail": 0, "weekly_departures": 614 }, "geometry": { "type": "Point", "coordinates": [ 227965.067347699950915, 902951.116571890306659 ] } },
{ "type": "Feature", "properties": { "stop_id": "2115", "stop_name": "Belmont St @ Prentiss St", "municipality": "Belmont", "station_type": "Bus", "modes_served": "Bus", "multimodal": false, "dep_bus": 614, "dep_rapid_transit": 0, "dep_commuter_rail": 0, "weekly_departures": 614 }, "geometry": { "type": "Point", "coordinates": [ 228283.676487862103386, 902837.4263540355023 ] } },
{ "type": "Feature", "properties": { "stop_id": "2117", "stop_name": "Belmont St @ St. Mary's St", "municipality": "Cambridge", "station_type": "Bus", "modes_served": "Bus", "multimodal": false, "dep_bus": 614, "dep_rapid_transit": 0, "dep_commuter_rail": 0, "weekly_departures": 614 }, "geometry": { "type": "Point", "coordinates": [ 228606.061100804479793, 902769.974417471443303 ] } },
{ "type": "Feature", "properties": { "stop_id": "2118", "stop_name": "Belmont St @ Cushing St", "municipality": "Cambridge", "station_type": "Bus", "modes_served": "Bus", "multimodal": false, "dep_bus": 631, "dep_rapid_transit": 0, "dep_commuter_rail": 0, "weekly_departures": 631 }, "geometry": { "type": "Point", "coordinates": [ 228701.509785099566216, 902771.807755203684792 ] } },
{ "type": "Feature", "properties": { "stop_id": "2119", "stop_name": "Belmont St @ Sullivan Rd", "municipality": "Cambridge", "station_type": "Bus", "modes_served": "Bus", "multimodal": false, "dep_bus": 631, "dep_rapid_transit": 0, "dep_commuter_rail": 0, "weekly_departures": 631 }, "geometry": { "type": "Point", "coordinates": [ 228493.030524966015946, 902798.06211916427128 ] } },
{ "type": "Feature", "properties": { "stop_id": "2121", "stop_name": "Belmont St @ Marlboro St", "municipality": "Belmont", "station_type": "Bus", "modes_served": "Bus", "multimodal": false, "dep_bus": 631, "dep_rapid_transit": 0, "dep_commuter_rail": 0, "weekly_departures": 631 }, "geometry": { "type": "Point", "coordinates": [ 228202.604528900206788, 902885.863676296779886 ] } },
{ "type": "Feature", "properties": { "stop_id": "2122", "stop_name": "Belmont St @ Falmouth St", "municipality": "Belmont", "station_type": "Bus", "modes_served": "Bus", "multimodal": false, "dep_bus": 631, "dep_rapid_transit": 0, "dep_commuter_rail": 0, "weekly_departures": 631 }, "geometry": { "type": "Point", "coordinates": [ 227924.126721107866615, 902973.946868860861287 ] } },
{ "type": "Feature", "properties": { "stop_id": "21248", "stop_name": "Huron Ave @ Fountain Terrace", "municipality": "Cambridge", "station_type": "Bus", "modes_served": "Bus", "multimodal": false, "dep_bus": 232, "dep_rapid_transit": 0, "dep_commuter_rail": 0, "weekly_departures": 232 }, "geometry": { "type": "Point", "coordinates": [ 228802.183504779794021, 903246.856652462156489 ] } },
{ "type": "Feature", "properties": { "stop_id": "2143", "stop_name": "Concord Ave @ Edgemoor Rd", "municipality": "Belmont", "station_type": "Bus", "modes_served": "Bus", "multimodal": false, "dep_bus": 444, "dep_rapid_transit": 0, "dep_commuter_rail": 0, "weekly_departures": 444 }, "geometry": { "type": "Point", "coordinates": [ 227680.499501782061998, 904690.252405046718195 ] } },
{ "type": "Feature", "properties": { "stop_id": "2144", "stop_name": "Concord Ave @ Watson Rd", "municipality": "Belmont", "station_type": "Bus", "modes_served": "Bus", "multimodal": false, "dep_bus": 444, "dep_rapid_transit": 0, "dep_commuter_rail": 0, "weekly_departures": 444 }, "geometry": { "type": "Point", "coordinates": [ 227878.864481763739605, 904624.945361708058044 ] } },
{ "type": "Feature", "properties": { "stop_id": "2145", "stop_name": "Bright Rd @ Gale Rd", "municipality": "Belmont", "station_type": "Bus", "modes_served": "Bus", "multimodal": false, "dep_bus": 232, "dep_rapid_transit": 0, "dep_commuter_rail": 0, "weekly_departures": 232 }, "geometry": { "type": "Point", "coordinates": [ 227906.752828844939359, 904382.460852492018603 ] } },
{ "type": "Feature", "properties": { "stop_id": "2146", "stop_name": "Bright Rd @ Washington St", "municipality": "Belmont", "station_type": "Bus", "modes_served": "Bus", "multimodal": false, "dep_bus": 232, "dep_rapid_transit": 0, "dep_commuter_rail": 0, "weekly_departures": 232 }, "geometry": { "type": "Point", "coordinates": [ 227904.153312860842561, 904062.655940088210627 ] } },
{ "type": "Feature", "properties": { "stop_id": "2148", "stop_name": "Concord Ave @ Blanchard Rd", "municipality": "Cambridge", "station_type": "Bus", "modes_served": "Bus", "multimodal": false, "dep_bus": 417, "dep_rapid_transit": 0, "dep_commuter_rail": 0, "weekly_departures": 417 }, "geometry": { "type": "Point", "coordinates": [ 228252.658183408377226, 904528.912236548494548 ] } },
{ "type": "Feature", "properties": { "stop_id": "2149", "stop_name": "Concord Ave opp Spinelli Pl", "municipality": "Cambridge", "station_type": "Bus", "modes_served": "Bus", "multimodal": false, "dep_bus": 417, "dep_rapid_transit": 0, "dep_commuter_rail": 0, "weekly_departures": 417 }, "geometry": { "type": "Point", "coordinates": [ 228478.811086323839845, 904497.057495203800499 ] } },
{ "type": "Feature", "properties": { "stop_id": "2150", "stop_name": "Concord Ave opp Smith Pl", "municipality": "Cambridge", "station_type": "Bus", "modes_served": "Bus", "multimodal": false, "dep_bus": 417, "dep_rapid_transit": 0, "dep_commuter_rail": 0, "weekly_departures": 417 }, "geometry": { "type": "Point", "coordinates": [ 228755.911039833474206, 904450.97824236843735 ] } },
{ "type": "Feature", "properties": { "stop_id": "2151", "stop_name": "Concord Ave opp Moulton St", "municipality": "Cambridge", "station_type": "Bus", "modes_served": "Bus", "multimodal": false, "dep_bus": 417, "dep_rapid_transit": 0, "dep_commuter_rail": 0, "weekly_departures": 417 }, "geometry": { "type": "Point", "coordinates": [ 228949.610844937327784, 904402.899469467578456 ] } },
{ "type": "Feature", "properties": { "stop_id": "2152", "stop_name": "Concord Ave opp Fawcett St", "municipality": "Cambridge", "station_type": "Bus", "modes_served": "Bus", "multimodal": false, "dep_bus": 417, "dep_rapid_transit": 0, "dep_commuter_rail": 0, "weekly_departures": 417 }, "geometry": { "type": "Point", "coordinates": [ 229130.809950248192763, 904351.775053804274648 ] } },
{ "type": "Feature", "properties": { "stop_id": "2153", "stop_name": "Concord Ave opp Wheeler St", "municipality": "Cambridge", "station_type": "Bus", "modes_served": "Bus", "multimodal": false, "dep_bus": 417, "dep_rapid_transit": 0, "dep_commuter_rail": 0, "weekly_departures": 417 }, "geometry": { "type": "Point", "coordinates": [ 229246.497956176666776, 904312.934069949551485 ] } },
{ "type": "Feature", "properties": { "stop_id": "2154", "stop_name": "Concord Ave opp New St", "municipality": "Cambridge", "station_type": "Bus", "modes_served": "Bus", "multimodal": false, "dep_bus": 417, "dep_rapid_transit": 0, "dep_commuter_rail": 0, "weekly_departures": 417 }, "geometry": { "type": "Point", "coordinates": [ 229478.309986891166773, 904132.289923059055582 ] } },
{ "type": "Feature", "properties": { "stop_id": "2155", "stop_name": "Concord Ave opp Fern St", "municipality": "Cambridge", "station_type": "Bus", "modes_served": "Bus", "multimodal": false, "dep_bus": 417, "dep_rapid_transit": 0, "dep_commuter_rail": 0, "weekly_departures": 417 }, "geometry": { "type": "Point", "coordinates": [ 229726.310567219072254, 904001.373992468928918 ] } },
{ "type": "Feature", "properties": { "stop_id": "2156", "stop_name": "Concord Ave @ Alpine St", "municipality": "Cambridge", "station_type": "Bus", "modes_served": "Bus", "multimodal": false, "dep_bus": 417, "dep_rapid_transit": 0, "dep_commuter_rail": 0, "weekly_departures": 417 }, "geometry": { "type": "Point", "coordinates": [ 229857.987503557902528, 903922.733607991714962 ] } },
{ "type": "Feature", "properties": { "stop_id": "2158", "stop_name": "Concord Ave @ Walden St", "municipality": "Cambridge", "station_type": "Bus", "modes_served": "Bus", "multimodal": false, "dep_bus": 417, "dep_rapid_transit": 0, "dep_commuter_rail": 0, "weekly_departures": 417 }, "geometry": { "type": "Point", "coordinates": [ 230121.012741737125907, 903767.347169535700232 ] } },
{ "type": "Feature", "properties": { "stop_id": "2159", "stop_name": "Concord Ave @ Huron Ave", "municipality": "Cambridge", "station_type": "Bus", "modes_served": "Bus", "multimodal": false, "dep_bus": 669, "dep_rapid_transit": 0, "dep_commuter_rail": 0, "weekly_departures": 669 }, "geometry": { "type": "Point", "coordinates": [ 230389.121970120846527, 903600.662581011187285 ] } },
{ "type": "Feature", "properties": { "stop_id": "2160", "stop_name": "Concord Ave @ Buckingham St", "municipality": "Cambridge", "station_type": "Bus", "modes_served": "Bus", "multimodal": false, "dep_bus": 669, "dep_rapid_transit": 0, "dep_commuter_rail": 0, "weekly_departures": 669 }, "geometry": { "type": "Point", "coordinates": [ 230553.487561111018294, 903469.85882914008107 ] } },
{ "type": "Feature", "properties": { "stop_id": "2161", "stop_name": "Concord Ave @ Parker St", "municipality": "Cambridge", "station_type": "Bus", "modes_served": "Bus", "multimodal": false, "dep_bus": 669, "dep_rapid_transit": 0, "dep_commuter_rail": 0, "weekly_departures": 669 }, "geometry": { "type": "Point", "coordinates": [ 230683.026700168906245, 903376.006885331124067 ] } },
{ "type": "Feature", "properties": { "stop_id": "2162", "stop_name": "Concord Ave @ Craigie St", "municipality": "Cambridge", "station_type": "Bus", "modes_served": "Bus", "multimodal": false, "dep_bus": 669, "dep_rapid_transit": 0, "dep_commuter_rail": 0, "weekly_departures": 669 }, "geometry": { "type": "Point", "coordinates": [ 230811.338383505528327, 903281.152244645287283 ] } },
{ "type": "Feature", "properties": { "stop_id": "2163", "stop_name": "Garden St @ Concord Ave", "municipality": "Cambridge", "station_type": "Bus", "modes_served": "Bus", "multimodal": false, "dep_bus": 669, "dep_rapid_transit": 0, "dep_commuter_rail": 0, "weekly_departures": 669 }, "geometry": { "type": "Point", "coordinates": [ 230992.647160270164022, 903140.213922074064612 ] } },
{ "type": "Feature", "properties": { "stop_id": "2166", "stop_name": "Quincy St @ Broadway opp Fogg Museum", "municipality": "Cambridge", "station_type": "Bus", "modes_served": "Bus", "multimodal": false, "dep_bus": 443, "dep_rapid_transit": 0, "dep_commuter_rail": 0, "weekly_departures": 443 }, "geometry": { "type": "Point", "coordinates": [ 231744.06559681717772, 902758.460879688616842 ] } },
{ "type": "Feature", "properties": { "stop_id": "2167", "stop_name": "Quincy St @ Harvard St", "municipality": "Cambridge", "station_type": "Bus", "modes_served": "Bus", "multimodal": false, "dep_bus": 443, "dep_rapid_transit": 0, "dep_commuter_rail": 0, "weekly_departures": 443 }, "geometry": { "type": "Point", "coordinates": [ 231698.815485812578117, 902528.657823706394993 ] } },
{ "type": "Feature", "properties": { "stop_id": "2170", "stop_name": "Garden St opp Mason St", "municipality": "Cambridge", "station_type": "Bus", "modes_served": "Bus", "multimodal": false, "dep_bus": 670, "dep_rapid_transit": 0, "dep_commuter_rail": 0, "weekly_departures": 670 }, "geometry": { "type": "Point", "coordinates": [ 231102.881955617311178, 903000.631412890041247 ] } },
{ "type": "Feature", "properties": { "stop_id": "2172", "stop_name": "Concord Ave @ Chauncy St", "municipality": "Cambridge", "station_type": "Bus", "modes_served": "Bus", "multimodal": false, "dep_bus": 670, "dep_rapid_transit": 0, "dep_commuter_rail": 0, "weekly_departures": 670 }, "geometry": { "type": "Point", "coordinates": [ 230934.216839721571887, 903205.270414643688127 ] } },
{ "type": "Feature", "properties": { "stop_id": "2173", "stop_name": "Concord Ave opp Craigie St", "municipality": "Cambridge", "station_type": "Bus", "modes_served": "Bus", "multimodal": false, "dep_bus": 670, "dep_rapid_transit": 0, "dep_commuter_rail": 0, "weekly_departures": 670 }, "geometry": { "type": "Point", "coordinates": [ 230833.588927607343066, 903277.806449667550623 ] } },
{ "type": "Feature", "properties": { "stop_id": "2174", "stop_name": "Concord Ave @ Bond St", "municipality": "Cambridge", "station_type": "Bus", "modes_served": "Bus", "multimodal": false, "dep_bus": 670, "dep_rapid_transit": 0, "dep_commuter_rail": 0, "weekly_departures": 670 }, "geometry": { "type": "Point", "coordinates": [ 230687.018291266664164, 903386.021372889867052 ] } },
{ "type": "Feature", "properties": { "stop_id": "2175", "stop_name": "Concord Ave opp Buckingham St", "municipality": "Cambridge", "station_type": "Bus", "modes_served": "Bus", "multimodal": false, "dep_bus": 670, "dep_rapid_transit": 0, "dep_commuter_rail": 0, "weekly_departures": 670 }, "geometry": { "type": "Point", "coordinates": [ 230575.738832394708879, 903466.17898730118759 ] } },
{ "type": "Feature", "properties": { "stop_id": "2176", "stop_name": "Concord Ave @ Huron Ave", "municipality": "Cambridge", "station_type": "Bus", "modes_served": "Bus", "multimodal": false, "dep_bus": 670, "dep_rapid_transit": 0, "dep_commuter_rail": 0, "weekly_departures": 670 }, "geometry": { "type": "Point", "coordinates": [ 230402.629243529954692, 903600.276718476437964 ] } },
{ "type": "Feature", "properties": { "stop_id": "2177", "stop_name": "Concord Ave @ Walden St", "municipality": "Cambridge", "station_type": "Bus", "modes_served": "Bus", "multimodal": false, "dep_bus": 413, "dep_rapid_transit": 0, "dep_commuter_rail": 0, "weekly_departures": 413 }, "geometry": { "type": "Point", "coordinates": [ 230126.988871295470744, 903775.592600871110335 ] } },
{ "type": "Feature", "properties": { "stop_id": "2179", "stop_name": "Concord Ave @ Corporal Burns Rd", "municipality": "Cambridge", "station_type": "Bus", "modes_served": "Bus", "multimodal": false, "dep_bus": 413, "dep_rapid_transit": 0, "dep_commuter_rail": 0, "weekly_departures": 413 }, "geometry": { "type": "Point", "coordinates": [ 229816.728550453233765, 903962.213331170147285 ] } },
{ "type": "Feature", "properties": { "stop_id": "2180", "stop_name": "Concord Ave @ Birch St", "municipality": "Cambridge", "station_type": "Bus", "modes_served": "Bus", "multimodal": false, "dep_bus": 413, "dep_rapid_transit": 0, "dep_commuter_rail": 0, "weekly_departures": 413 }, "geometry": { "type": "Point", "coordinates": [ 229680.60808823624393, 904040.391398012638092 ] } },
{ "type": "Feature", "properties": { "stop_id": "2181", "stop_name": "Concord Ave @ New St", "municipality": "Cambridge", "station_type": "Bus", "modes_served": "Bus", "multimodal": false, "dep_bus": 413, "dep_rapid_transit": 0, "dep_commuter_rail": 0, "weekly_departures": 413 }, "geometry": { "type": "Point", "coordinates": [ 229520.518569629784906, 904140.464849177747965 ] } },
{ "type": "Feature", "properties": { "stop_id": "2182", "stop_name": "Concord Ave @ Wheeler St", "municipality": "Cambridge", "station_type": "Bus", "modes_served": "Bus", "multimodal": false, "dep_bus": 413, "dep_rapid_transit": 0, "dep_commuter_rail": 0, "weekly_departures": 413 }, "geometry": { "type": "Point", "coordinates": [ 229243.877849450160284, 904329.140615463722497 ] } },
{ "type": "Feature", "properties": { "stop_id": "2184", "stop_name": "Concord Ave @ Moulton St", "municipality": "Cambridge", "station_type": "Bus", "modes_served": "Bus", "multimodal": false, "dep_bus": 413, "dep_rapid_transit": 0, "dep_commuter_rail": 0, "weekly_departures": 413 }, "geometry": { "type": "Point", "coordinates": [ 228960.925253954599611, 904414.72043316566851 ] } },
{ "type": "Feature", "properties": { "stop_id": "2185", "stop_name": "Concord Ave @ Smith Pl", "municipality": "Cambridge", "station_type": "Bus", "modes_served": "Bus", "multimodal": false, "dep_bus": 413, "dep_rapid_transit": 0, "dep_commuter_rail": 0, "weekly_departures": 413 }, "geometry": { "type": "Point", "coordinates": [ 228777.112817967339652, 904461.284301371313632 ] } },
{ "type": "Feature", "properties": { "stop_id": "2186", "stop_name": "Concord Ave @ Spinelli Pl", "municipality": "Cambridge", "station_type": "Bus", "modes_served": "Bus", "multimodal": false, "dep_bus": 413, "dep_rapid_transit": 0, "dep_commuter_rail": 0, "weekly_departures": 413 }, "geometry": { "type": "Point", "coordinates": [ 228535.924695152032655, 904504.620499121374451 ] } },
{ "type": "Feature", "properties": { "stop_id": "2187", "stop_name": "799 Concord Ave", "municipality": "Cambridge", "station_type": "Bus", "modes_served": "Bus", "multimodal": false, "dep_bus": 413, "dep_rapid_transit": 0, "dep_commuter_rail": 0, "weekly_departures": 413 }, "geometry": { "type": "Point", "coordinates": [ 228312.127352015988436, 904544.480546118225902 ] } },
{ "type": "Feature", "properties": { "stop_id": "2189", "stop_name": "Bright Rd @ Washington St", "municipality": "Belmont", "station_type": "Bus", "modes_served": "Bus", "multimodal": false, "dep_bus": 222, "dep_rapid_transit": 0, "dep_commuter_rail": 0, "weekly_departures": 222 }, "geometry": { "type": "Point", "coordinates": [ 227914.366908855183283, 904124.122839067596942 ] } },
{ "type": "Feature", "properties": { "stop_id": "2190", "stop_name": "Bright Rd @ Glenn Rd", "municipality": "Belmont", "station_type": "Bus", "modes_served": "Bus", "multimodal": false, "dep_bus": 222, "dep_rapid_transit": 0, "dep_commuter_rail": 0, "weekly_departures": 222 }, "geometry": { "type": "Point", "coordinates": [ 227913.936307338997722, 904336.05863340490032 ] } },
{ "type": "Feature", "properties": { "stop_id": "2191", "stop_name": "Concord Ave @ Trowbridge St", "municipality": "Belmont", "station_type": "Bus", "modes_served": "Bus", "multimodal": false, "dep_bus": 434, "dep_rapid_transit": 0, "dep_commuter_rail": 0, "weekly_departures": 434 }, "geometry": { "type": "Point", "coordinates": [ 227895.679292984103085, 904641.229583754320629 ] } },
{ "type": "Feature", "properties": { "stop_id": "2192", "stop_name": "Concord Ave opp Edgemoor Rd", "municipality": "Belmont", "station_type": "Bus", "modes_served": "Bus", "multimodal": false, "dep_bus": 434, "dep_rapid_transit": 0, "dep_commuter_rail": 0, "weekly_departures": 434 }, "geometry": { "type": "Point", "coordinates": [ 227681.366270526486915, 904721.024553062161431 ] } },
{ "type": "Feature", "properties": { "stop_id": "22146", "stop_name": "Huron Ave @ Grove St", "municipality": "Cambridge", "station_type": "Bus", "modes_served": "Bus", "multimodal": false, "dep_bus": 232, "dep_rapid_transit": 0, "dep_commuter_rail": 0, "weekly_departures": 232 }, "geometry": { "type": "Point", "coordinates": [ 228196.33700019159005, 903564.97028256545309 ] } },
{ "type": "Feature", "properties": { "stop_id": "2217", "stop_name": "454 Broadway", "municipality": "Cambridge", "station_type": "Bus", "modes_served": "Bus", "multimodal": false, "dep_bus": 85, "dep_rapid_transit": 0, "dep_commuter_rail": 0, "weekly_departures": 85 }, "geometry": { "type": "Point", "coordinates": [ 231983.121577728365082, 902622.252439146745019 ] } },
{ "type": "Feature", "properties": { "stop_id": "2218", "stop_name": "Broadway @ Ellery St", "municipality": "Cambridge", "station_type": "Bus", "modes_served": "Bus", "multimodal": false, "dep_bus": 85, "dep_rapid_transit": 0, "dep_commuter_rail": 0, "weekly_departures": 85 }, "geometry": { "type": "Point", "coordinates": [ 232152.108860035368707, 902536.938169531174935 ] } },
{ "type": "Feature", "properties": { "stop_id": "2220", "stop_name": "Broadway @ Crawford St", "municipality": "Cambridge", "station_type": "Bus", "modes_served": "Bus", "multimodal": false, "dep_bus": 85, "dep_rapid_transit": 0, "dep_commuter_rail": 0, "weekly_departures": 85 }, "geometry": { "type": "Point", "coordinates": [ 232371.658525674691191, 902418.870527536259033 ] } },
{ "type": "Feature", "properties": { "stop_id": "2221", "stop_name": "Broadway @ Lee St", "municipality": "Cambridge", "station_type": "Bus", "modes_served": "Bus", "multimodal": false, "dep_bus": 85, "dep_rapid_transit": 0, "dep_commuter_rail": 0, "weekly_departures": 85 }, "geometry": { "type": "Point", "coordinates": [ 232561.560596275317948, 902319.222331516211852 ] } },
{ "type": "Feature", "properties": { "stop_id": "2222", "stop_name": "Broadway @ Inman St", "municipality": "Cambridge", "station_type": "Bus", "modes_served": "Bus", "multimodal": false, "dep_bus": 85, "dep_rapid_transit": 0, "dep_commuter_rail": 0, "weekly_departures": 85 }, "geometry": { "type": "Point", "coordinates": [ 232717.286856401886325, 902236.97038516565226 ] } },
{ "type": "Feature", "properties": { "stop_id": "2224", "stop_name": "Broadway @ Antrim St", "municipality": "Cambridge", "station_type": "Bus", "modes_served": "Bus", "multimodal": false, "dep_bus": 85, "dep_rapid_transit": 0, "dep_commuter_rail": 0, "weekly_departures": 85 }, "geometry": { "type": "Point", "coordinates": [ 232619.697347878594883, 902304.496465499280021 ] } },
{ "type": "Feature", "properties": { "stop_id": "2225", "stop_name": "Broadway @ Highland Ave", "municipality": "Cambridge", "station_type": "Bus", "modes_served": "Bus", "multimodal": false, "dep_bus": 85, "dep_rapid_transit": 0, "dep_commuter_rail": 0, "weekly_departures": 85 }, "geometry": { "type": "Point", "coordinates": [ 232370.778590908914339, 902431.085079406853765 ] } },
{ "type": "Feature", "properties": { "stop_id": "2226", "stop_name": "Broadway @ Ellery St", "municipality": "Cambridge", "station_type": "Bus", "modes_served": "Bus", "multimodal": false, "dep_bus": 85, "dep_rapid_transit": 0, "dep_commuter_rail": 0, "weekly_departures": 85 }, "geometry": { "type": "Point", "coordinates": [ 232155.279803179670125, 902545.950021092314273 ] } },
{ "type": "Feature", "properties": { "stop_id": "2231", "stop_name": "Main St @ Kendall Station - Red Line", "municipality": "Cambridge", "station_type": "Bus", "modes_served": "Bus", "multimodal": false, "dep_bus": 360, "dep_rapid_transit": 0, "dep_commuter_rail": 0, "weekly_departures": 360 }, "geometry": { "type": "Point", "coordinates": [ 234116.744780982087832, 901415.87198528368026 ] } },
{ "type": "Feature", "properties": { "stop_id": "2266", "stop_name": "Massachusetts Ave @ Milton St", "municipality": "Arlington", "station_type": "Bus", "modes_served": "Bus", "multimodal": false, "dep_bus": 792, "dep_rapid_transit": 0, "dep_commuter_rail": 0, "weekly_departures": 792 }, "geometry": { "type": "Point", "coordinates": [ 229615.732871615298791, 906009.097729016793892 ] } },
{ "type": "Feature", "properties": { "stop_id": "22661", "stop_name": "Massachusetts Ave @ Thorndike St", "municipality": "Arlington", "station_type": "Bus", "modes_served": "Bus", "multimodal": false, "dep_bus": 792, "dep_rapid_transit": 0, "dep_commuter_rail": 0, "weekly_departures": 792 }, "geometry": { "type": "Point", "coordinates": [ 229747.965809209621511, 905867.808975350810215 ] } },
{ "type": "Feature", "properties": { "stop_id": "22671", "stop_name": "Massachusetts Ave @ Lafayette St", "municipality": "Arlington", "station_type": "Bus", "modes_served": "Bus", "multimodal": false, "dep_bus": 792, "dep_rapid_transit": 0, "dep_commuter_rail": 0, "weekly_departures": 792 }, "geometry": { "type": "Point", "coordinates": [ 229857.324996407842264, 905744.086970790987834 ] } },
{ "type": "Feature", "properties": { "stop_id": "2268", "stop_name": "Massachusetts Ave @ Magoun St", "municipality": "Cambridge", "station_type": "Bus", "modes_served": "Bus", "multimodal": false, "dep_bus": 626, "dep_rapid_transit": 0, "dep_commuter_rail": 0, "weekly_departures": 626 }, "geometry": { "type": "Point", "coordinates": [ 230023.024191734613851, 905614.720165065373294 ] } },
{ "type": "Feature", "properties": { "stop_id": "2269", "stop_name": "Massachusetts Ave @ Cottage Park Ave", "municipality": "Cambridge", "station_type": "Bus", "modes_served": "Bus", "multimodal": false, "dep_bus": 626, "dep_rapid_transit": 0, "dep_commuter_rail": 0, "weekly_departures": 626 }, "geometry": { "type": "Point", "coordinates": [ 230204.057862502260832, 905500.974251312436536 ] } },
{ "type": "Feature", "properties": { "stop_id": "2270", "stop_name": "Massachusetts Ave @ Cedar St", "municipality": "Cambridge", "station_type": "Bus", "modes_served": "Bus", "multimodal": false, "dep_bus": 626, "dep_rapid_transit": 0, "dep_commuter_rail": 0, "weekly_departures": 626 }, "geometry": { "type": "Point", "coordinates": [ 230369.83624645191594, 905337.0704849724425 ] } },
{ "type": "Feature", "properties": { "stop_id": "2271", "stop_name": "Massachusetts Ave @ Cameron Ave", "municipality": "Cambridge", "station_type": "Bus", "modes_served": "Bus", "multimodal": false, "dep_bus": 626, "dep_rapid_transit": 0, "dep_commuter_rail": 0, "weekly_departures": 626 }, "geometry": { "type": "Point", "coordinates": [ 230405.731838259845972, 905337.225815484998748 ] } },
{ "type": "Feature", "properties": { "stop_id": "2273", "stop_name": "Massachusetts Ave @ Churchill Ave", "municipality": "Cambridge", "station_type": "Bus", "modes_served": "Bus", "multimodal": false, "dep_bus": 626, "dep_rapid_transit": 0, "dep_commuter_rail": 0, "weekly_departures": 626 }, "geometry": { "type": "Point", "coordinates": [ 230192.913457971328171, 905546.246478819753975 ] } },
{ "type": "Feature", "properties": { "stop_id": "2274", "stop_name": "Massachusetts Ave @ Gladstone St", "municipality": "Cambridge", "station_type": "Bus", "modes_served": "Bus", "multimodal": false, "dep_bus": 626, "dep_rapid_transit": 0, "dep_commuter_rail": 0, "weekly_departures": 626 }, "geometry": { "type": "Point", "coordinates": [ 230020.249670785997296, 905647.47655525256414 ] } },
{ "type": "Feature", "properties": { "stop_id": "2275", "stop_name": "Massachusetts Ave @ Teel St", "municipality": "Arlington", "station_type": "Bus", "modes_served": "Bus", "multimodal": false, "dep_bus": 805, "dep_rapid_transit": 0, "dep_commuter_rail": 0, "weekly_departures": 805 }, "geometry": { "type": "Point", "coordinates": [ 229771.422246187255951, 905869.241333938669413 ] } },
{ "type": "Feature", "properties": { "stop_id": "22751", "stop_name": "Massachusetts Ave @ Route 16", "municipality": "Arlington", "station_type": "Bus", "modes_served": "Bus", "multimodal": false, "dep_bus": 805, "dep_rapid_transit": 0, "dep_commuter_rail": 0, "weekly_departures": 805 }, "geometry": { "type": "Point", "coordinates": [ 229901.530900658661267, 905725.502749672392383 ] } },
{ "type": "Feature", "properties": { "stop_id": "2276", "stop_name": "Massachusetts Ave @ Trowbridge St", "municipality": "Arlington", "station_type": "Bus", "modes_served": "Bus", "multimodal": false, "dep_bus": 805, "dep_rapid_transit": 0, "dep_commuter_rail": 0, "weekly_departures": 805 }, "geometry": { "type": "Point", "coordinates": [ 229596.186007100797724, 906056.779234249843284 ] } },
{ "type": "Feature", "properties": { "stop_id": "2296", "stop_name": "Massachusetts Ave @ Norris St", "municipality": "Cambridge", "station_type": "Bus", "modes_served": "Bus", "multimodal": false, "dep_bus": 626, "dep_rapid_transit": 0, "dep_commuter_rail": 0, "weekly_departures": 626 }, "geometry": { "type": "Point", "coordinates": [ 230566.051473931554938, 905105.322878710925579 ] } },
{ "type": "Feature", "properties": { "stop_id": "2297", "stop_name": "Massachusetts Ave @ Haskell St", "municipality": "Cambridge", "station_type": "Bus", "modes_served": "Bus", "multimodal": false, "dep_bus": 626, "dep_rapid_transit": 0, "dep_commuter_rail": 0, "weekly_departures": 626 }, "geometry": { "type": "Point", "coordinates": [ 230708.07105381693691, 904937.213877723785117 ] } },
{ "type": "Feature", "properties": { "stop_id": "2298", "stop_name": "Massachusetts Ave @ Rindge Ave", "municipality": "Cambridge", "station_type": "Bus", "modes_served": "Bus", "multimodal": false, "dep_bus": 626, "dep_rapid_transit": 0, "dep_commuter_rail": 0, "weekly_departures": 626 }, "geometry": { "type": "Point", "coordinates": [ 230859.724038769956678, 904751.932908598333597 ] } },
{ "type": "Feature", "properties": { "stop_id": "2299", "stop_name": "Massachusetts Ave @ Walden St", "municipality": "Cambridge", "station_type": "Bus", "modes_served": "Bus", "multimodal": false, "dep_bus": 924, "dep_rapid_transit": 0, "dep_commuter_rail": 0, "weekly_departures": 924 }, "geometry": { "type": "Point", "coordinates": [ 231024.475230086944066, 904585.70754813333042 ] } },
{ "type": "Feature", "properties": { "stop_id": "2318", "stop_name": "Massachusetts Ave opp Walden St", "municipality": "Cambridge", "station_type": "Bus", "modes_served": "Bus", "multimodal": false, "dep_bus": 926, "dep_rapid_transit": 0, "dep_commuter_rail": 0, "weekly_departures": 926 }, "geometry": { "type": "Point", "coordinates": [ 231022.167128517467063, 904623.575171385426074 ] } },
{ "type": "Feature", "properties": { "stop_id": "2319", "stop_name": "Massachusetts Ave opp Rindge Ave", "municipality": "Cambridge", "station_type": "Bus", "modes_served": "Bus", "multimodal": false, "dep_bus": 626, "dep_rapid_transit": 0, "dep_commuter_rail": 0, "weekly_departures": 626 }, "geometry": { "type": "Point", "coordinates": [ 230883.345033851568587, 904772.919532849104144 ] } },
{ "type": "Feature", "properties": { "stop_id": "2320", "stop_name": "Massachusetts Ave @ Dover St", "municipality": "Cambridge", "station_type": "Bus", "modes_served": "Bus", "multimodal": false, "dep_bus": 626, "dep_rapid_transit": 0, "dep_commuter_rail": 0, "weekly_departures": 626 }, "geometry": { "type": "Point", "coordinates": [ 230727.253137611667626, 904956.514396808226593 ] } },
{ "type": "Feature", "properties": { "stop_id": "2321", "stop_name": "Massachusetts Ave @ Shea Rd", "municipality": "Cambridge", "station_type": "Bus", "modes_served": "Bus", "multimodal": false, "dep_bus": 626, "dep_rapid_transit": 0, "dep_commuter_rail": 0, "weekly_departures": 626 }, "geometry": { "type": "Point", "coordinates": [ 230554.200530279718805, 905160.921755593037233 ] } },
{ "type": "Feature", "properties": { "stop_id": "2336", "stop_name": "Brighton St @ Eliot Rd", "municipality": "Belmont", "station_type": "Bus", "modes_served": "Bus", "multimodal": false, "dep_bus": 205, "dep_rapid_transit": 0, "dep_commuter_rail": 0, "weekly_departures": 205 }, "geometry": { "type": "Point", "coordinates": [ 227896.887987869296921, 905352.581324322381988 ] } },
{ "type": "Feature", "properties": { "stop_id": "2338", "stop_name": "Brighton St @ Hittinger St", "municipality": "Belmont", "station_type": "Bus", "modes_served": "Bus", "multimodal": false, "dep_bus": 205, "dep_rapid_transit": 0, "dep_commuter_rail": 0, "weekly_departures": 205 }, "geometry": { "type": "Point", "coordinates": [ 228096.239022124325857, 905057.240554988849908 ] } },
{ "type": "Feature", "properties": { "stop_id": "2339", "stop_name": "Blanchard Rd @ Hamilton Rd", "municipality": "Cambridge", "station_type": "Bus", "modes_served": "Bus", "multimodal": false, "dep_bus": 205, "dep_rapid_transit": 0, "dep_commuter_rail": 0, "weekly_departures": 205 }, "geometry": { "type": "Point", "coordinates": [ 228141.899028164567426, 904860.592204700922593 ] } },
{ "type": "Feature", "properties": { "stop_id": "2340", "stop_name": "Blanchard Rd @ Merrill Ave", "municipality": "Cambridge", "station_type": "Bus", "modes_served": "Bus", "multimodal": false, "dep_bus": 205, "dep_rapid_transit": 0, "dep_commuter_rail": 0, "weekly_departures": 205 }, "geometry": { "type": "Point", "coordinates": [ 228194.393467030284228, 904643.977531327400357 ] } },
{ "type": "Feature", "properties": { "stop_id": "2341", "stop_name": "Blanchard Rd opp Merrill Ave", "municipality": "Cambridge", "station_type": "Bus", "modes_served": "Bus", "multimodal": false, "dep_bus": 201, "dep_rapid_transit": 0, "dep_commuter_rail": 0, "weekly_departures": 201 }, "geometry": { "type": "Point", "coordinates": [ 228195.581542901345529, 904676.195058753481135 ] } },
{ "type": "Feature", "properties": { "stop_id": "2342", "stop_name": "Blanchard Rd @ Normandy Ave", "municipality": "Cambridge", "station_type": "Bus", "modes_served": "Bus", "multimodal": false, "dep_bus": 201, "dep_rapid_transit": 0, "dep_commuter_rail": 0, "weekly_departures": 201 }, "geometry": { "type": "Point", "coordinates": [ 228148.763071716268314, 904873.615900508593768 ] } },
{ "type": "Feature", "properties": { "stop_id": "2343", "stop_name": "Brighton St opp Hittinger St", "municipality": "Belmont", "station_type": "Bus", "modes_served": "Bus", "multimodal": false, "dep_bus": 201, "dep_rapid_transit": 0, "dep_commuter_rail": 0, "weekly_departures": 201 }, "geometry": { "type": "Point", "coordinates": [ 228103.929835863964399, 905069.378892086911947 ] } },
{ "type": "Feature", "properties": { "stop_id": "2345", "stop_name": "Brighton St opp Statler Rd", "municipality": "Belmont", "station_type": "Bus", "modes_served": "Bus", "multimodal": false, "dep_bus": 201, "dep_rapid_transit": 0, "dep_commuter_rail": 0, "weekly_departures": 201 }, "geometry": { "type": "Point", "coordinates": [ 227853.921298549073981, 905391.621519966516644 ] } },
{ "type": "Feature", "properties": { "stop_id": "2425", "stop_name": "Rindge Ave @ Russell Field", "municipality": "Cambridge", "station_type": "Bus", "modes_served": "Bus", "multimodal": false, "dep_bus": 298, "dep_rapid_transit": 0, "dep_commuter_rail": 0, "weekly_departures": 298 }, "geometry": { "type": "Point", "coordinates": [ 229789.979370708053466, 904890.827360204304568 ] } },
{ "type": "Feature", "properties": { "stop_id": "2426", "stop_name": "Rindge Ave opp Clifton St", "municipality": "Cambridge", "station_type": "Bus", "modes_served": "Bus", "multimodal": false, "dep_bus": 298, "dep_rapid_transit": 0, "dep_commuter_rail": 0, "weekly_departures": 298 }, "geometry": { "type": "Point", "coordinates": [ 229931.56034697702853, 904860.882732774829492 ] } },
{ "type": "Feature", "properties": { "stop_id": "2427", "stop_name": "Rindge Ave opp Clay St", "municipality": "Cambridge", "station_type": "Bus", "modes_served": "Bus", "multimodal": false, "dep_bus": 298, "dep_rapid_transit": 0, "dep_commuter_rail": 0, "weekly_departures": 298 }, "geometry": { "type": "Point", "coordinates": [ 230128.349481396086048, 904840.50819008750841 ] } },
{ "type": "Feature", "properties": { "stop_id": "2428", "stop_name": "Rindge Ave @ Middlesex St", "municipality": "Cambridge", "station_type": "Bus", "modes_served": "Bus", "multimodal": false, "dep_bus": 298, "dep_rapid_transit": 0, "dep_commuter_rail": 0, "weekly_departures": 298 }, "geometry": { "type": "Point", "coordinates": [ 230360.283070667035645, 904823.512281944742426 ] } },
{ "type": "Feature", "properties": { "stop_id": "24281", "stop_name": "Rindge Ave @ Haskell St", "municipality": "Cambridge", "station_type": "Bus", "modes_served": "Bus", "multimodal": false, "dep_bus": 298, "dep_rapid_transit": 0, "dep_commuter_rail": 0, "weekly_departures": 298 }, "geometry": { "type": "Point", "coordinates": [ 230654.751493075513281, 904740.815988393500447 ] } },
{ "type": "Feature", "properties": { "stop_id": "2429", "stop_name": "Rindge Ave @ Pemberton St", "municipality": "Cambridge", "station_type": "Bus", "modes_served": "Bus", "multimodal": false, "dep_bus": 298, "dep_rapid_transit": 0, "dep_commuter_rail": 0, "weekly_departures": 298 }, "geometry": { "type": "Point", "coordinates": [ 230844.563066818140214, 904735.648820219677873 ] } },
{ "type": "Feature", "properties": { "stop_id": "2430", "stop_name": "Somerville Ave @ Massachusetts Ave", "municipality": "Somerville", "station_type": "Bus", "modes_served": "Bus", "multimodal": false, "dep_bus": 298, "dep_rapid_transit": 0, "dep_commuter_rail": 0, "weekly_departures": 298 }, "geometry": { "type": "Point", "coordinates": [ 231393.714072411152301, 904266.44219200219959 ] } },
{ "type": "Feature", "properties": { "stop_id": "2431", "stop_name": "Somerville Ave opp Beacon Terr", "municipality": "Somerville", "station_type": "Bus", "modes_served": "Bus", "multimodal": false, "dep_bus": 298, "dep_rapid_transit": 0, "dep_commuter_rail": 0, "weekly_departures": 298 }, "geometry": { "type": "Point", "coordinates": [ 231509.466737621260108, 904179.652769240085036 ] } },
{ "type": "Feature", "properties": { "stop_id": "2432", "stop_name": "Somerville Ave opp Elm St", "municipality": "Somerville", "station_type": "Bus", "modes_served": "Bus", "multimodal": false, "dep_bus": 298, "dep_rapid_transit": 0, "dep_commuter_rail": 0, "weekly_departures": 298 }, "geometry": { "type": "Point", "coordinates": [ 231750.399101219169097, 903999.235393525101244 ] } },
{ "type": "Feature", "properties": { "stop_id": "2433", "stop_name": "Park St @ Beacon St", "municipality": "Somerville", "station_type": "Bus", "modes_served": "Bus", "multimodal": false, "dep_bus": 298, "dep_rapid_transit": 0, "dep_commuter_rail": 0, "weekly_departures": 298 }, "geometry": { "type": "Point", "coordinates": [ 232237.965439080435317, 903391.079863365157507 ] } },
{ "type": "Feature", "properties": { "stop_id": "2435", "stop_name": "Beacon St @ Washington St", "municipality": "Somerville", "station_type": "Bus", "modes_served": "Bus", "multimodal": false, "dep_bus": 298, "dep_rapid_transit": 0, "dep_commuter_rail": 0, "weekly_departures": 298 }, "geometry": { "type": "Point", "coordinates": [ 232398.168547045992455, 903171.437318584299646 ] } },
{ "type": "Feature", "properties": { "stop_id": "2436", "stop_name": "Beacon St @ Smith Ave", "municipality": "Somerville", "station_type": "Bus", "modes_served": "Bus", "multimodal": false, "dep_bus": 298, "dep_rapid_transit": 0, "dep_commuter_rail": 0, "weekly_departures": 298 }, "geometry": { "type": "Point", "coordinates": [ 232522.826790470950073, 903035.498005481669679 ] } },
{ "type": "Feature", "properties": { "stop_id": "2437", "stop_name": "Beacon St @ Cooney St", "municipality": "Somerville", "station_type": "Bus", "modes_served": "Bus", "multimodal": false, "dep_bus": 298, "dep_rapid_transit": 0, "dep_commuter_rail": 0, "weekly_departures": 298 }, "geometry": { "type": "Point", "coordinates": [ 232614.21745359810302, 902934.840389716322534 ] } },
{ "type": "Feature", "properties": { "stop_id": "2438", "stop_name": "Beacon St opp Concord Ave", "municipality": "Cambridge", "station_type": "Bus", "modes_served": "Bus", "multimodal": false, "dep_bus": 298, "dep_rapid_transit": 0, "dep_commuter_rail": 0, "weekly_departures": 298 }, "geometry": { "type": "Point", "coordinates": [ 232742.371607569599291, 902792.811922328895889 ] } },
{ "type": "Feature", "properties": { "stop_id": "2439", "stop_name": "Hampshire St @ Inman St", "municipality": "Cambridge", "station_type": "Bus", "modes_served": "Bus", "multimodal": false, "dep_bus": 298, "dep_rapid_transit": 0, "dep_commuter_rail": 0, "weekly_departures": 298 }, "geometry": { "type": "Point", "coordinates": [ 232936.099721167760435, 902578.780950639978983 ] } },
{ "type": "Feature", "properties": { "stop_id": "24481", "stop_name": "Broadway @ Prospect St", "municipality": "Cambridge", "station_type": "Bus", "modes_served": "Bus", "multimodal": false, "dep_bus": 368, "dep_rapid_transit": 0, "dep_commuter_rail": 0, "weekly_departures": 368 }, "geometry": { "type": "Point", "coordinates": [ 232875.823473147756886, 902153.402099468163215 ] } },
{ "type": "Feature", "properties": { "stop_id": "24483", "stop_name": "Broadway @ Columbia St", "municipality": "Cambridge", "station_type": "Bus", "modes_served": "Bus", "multimodal": false, "dep_bus": 368, "dep_rapid_transit": 0, "dep_commuter_rail": 0, "weekly_departures": 368 }, "geometry": { "type": "Point", "coordinates": [ 233178.127340936625842, 901993.981962637975812 ] } },
{ "type": "Feature", "properties": { "stop_id": "24484", "stop_name": "Broadway @ Windsor St", "municipality": "Cambridge", "station_type": "Bus", "modes_served": "Bus", "multimodal": false, "dep_bus": 368, "dep_rapid_transit": 0, "dep_commuter_rail": 0, "weekly_departures": 368 }, "geometry": { "type": "Point", "coordinates": [ 233364.893318046000786, 901900.449952771887183 ] } },
{ "type": "Feature", "properties": { "stop_id": "24485", "stop_name": "Broadway opp Hampshire St", "municipality": "Cambridge", "station_type": "Bus", "modes_served": "Bus", "multimodal": false, "dep_bus": 368, "dep_rapid_transit": 0, "dep_commuter_rail": 0, "weekly_departures": 368 }, "geometry": { "type": "Point", "coordinates": [ 233658.836474101786735, 901737.011966030928306 ] } },
{ "type": "Feature", "properties": { "stop_id": "24486", "stop_name": "Broadway @ Hampshire St", "municipality": "Cambridge", "station_type": "Bus", "modes_served": "Bus", "multimodal": false, "dep_bus": 360, "dep_rapid_transit": 0, "dep_commuter_rail": 0, "weekly_departures": 360 }, "geometry": { "type": "Point", "coordinates": [ 233670.79830997766112, 901750.509740961133502 ] } },
{ "type": "Feature", "properties": { "stop_id": "24487", "stop_name": "Broadway @ Windsor St", "municipality": "Cambridge", "station_type": "Bus", "modes_served": "Bus", "multimodal": false, "dep_bus": 360, "dep_rapid_transit": 0, "dep_commuter_rail": 0, "weekly_departures": 360 }, "geometry": { "type": "Point", "coordinates": [ 233312.916918768256437, 901935.192944966605864 ] } },
{ "type": "Feature", "properties": { "stop_id": "24488", "stop_name": "Broadway @ Columbia St", "municipality": "Cambridge", "station_type": "Bus", "modes_served": "Bus", "multimodal": false, "dep_bus": 360, "dep_rapid_transit": 0, "dep_commuter_rail": 0, "weekly_departures": 360 }, "geometry": { "type": "Point", "coordinates": [ 233152.551766606979072, 902020.075687148841098 ] } },
{ "type": "Feature", "properties": { "stop_id": "24489", "stop_name": "Broadway @ Tremont St", "municipality": "Cambridge", "station_type": "Bus", "modes_served": "Bus", "multimodal": false, "dep_bus": 360, "dep_rapid_transit": 0, "dep_commuter_rail": 0, "weekly_departures": 360 }, "geometry": { "type": "Point", "coordinates": [ 232935.366145626932848, 902137.9078728267923 ] } },
{ "type": "Feature", "properties": { "stop_id": "2451", "stop_name": "Hampshire St @ Cambridge St", "municipality": "Cambridge", "station_type": "Bus", "modes_served": "Bus", "multimodal": false, "dep_bus": 300, "dep_rapid_transit": 0, "dep_commuter_rail": 0, "weekly_departures": 300 }, "geometry": { "type": "Point", "coordinates": [ 232909.937765689683147, 902625.20015943387989 ] } },
{ "type": "Feature", "properties": { "stop_id": "2453", "stop_name": "45 Beacon St", "municipality": "Somerville", "station_type": "Bus", "modes_served": "Bus", "multimodal": false, "dep_bus": 300, "dep_rapid_transit": 0, "dep_commuter_rail": 0, "weekly_departures": 300 }, "geometry": { "type": "Point", "coordinates": [ 232672.061949936760357, 902893.343716728850268 ] } },
{ "type": "Feature", "properties": { "stop_id": "2454", "stop_name": "Beacon St @ Calvin St", "municipality": "Somerville", "station_type": "Bus", "modes_served": "Bus", "multimodal": false, "dep_bus": 300, "dep_rapid_transit": 0, "dep_commuter_rail": 0, "weekly_departures": 300 }, "geometry": { "type": "Point", "coordinates": [ 232524.660299673880218, 903048.613744807429612 ] } },
{ "type": "Feature", "properties": { "stop_id": "2455", "stop_name": "Beacon St @ Washington St", "municipality": "Somerville", "station_type": "Bus", "modes_served": "Bus", "multimodal": false, "dep_bus": 300, "dep_rapid_transit": 0, "dep_commuter_rail": 0, "weekly_departures": 300 }, "geometry": { "type": "Point", "coordinates": [ 232440.366717314405832, 903146.750504972413182 ] } },
{ "type": "Feature", "properties": { "stop_id": "2457", "stop_name": "Beacon St @ Park St", "municipality": "Somerville", "station_type": "Bus", "modes_served": "Bus", "multimodal": false, "dep_bus": 300, "dep_rapid_transit": 0, "dep_commuter_rail": 0, "weekly_departures": 300 }, "geometry": { "type": "Point", "coordinates": [ 232234.541023709025467, 903365.627183148171753 ] } },
{ "type": "Feature", "properties": { "stop_id": "24581", "stop_name": "Somerville Ave @ Elm St", "municipality": "Somerville", "station_type": "Bus", "modes_served": "Bus", "multimodal": false, "dep_bus": 300, "dep_rapid_transit": 0, "dep_commuter_rail": 0, "weekly_departures": 300 }, "geometry": { "type": "Point", "coordinates": [ 231761.129038673272589, 904011.946861852775328 ] } },
{ "type": "Feature", "properties": { "stop_id": "2459", "stop_name": "Somerville Ave @ Mossland St", "municipality": "Somerville", "station_type": "Bus", "modes_served": "Bus", "multimodal": false, "dep_bus": 300, "dep_rapid_transit": 0, "dep_commuter_rail": 0, "weekly_departures": 300 }, "geometry": { "type": "Point", "coordinates": [ 231519.809542744536884, 904186.919285515090451 ] } },
{ "type": "Feature", "properties": { "stop_id": "2460", "stop_name": "Somerville Ave @ White St (Porter Sq)", "municipality": "Somerville", "station_type": "Bus", "modes_served": "Bus", "multimodal": false, "dep_bus": 300, "dep_rapid_transit": 0, "dep_commuter_rail": 0, "weekly_departures": 300 }, "geometry": { "type": "Point", "coordinates": [ 231388.908889910468133, 904291.413399572484195 ] } },
{ "type": "Feature", "properties": { "stop_id": "2461", "stop_name": "Rindge Ave @ Massachusetts Ave", "municipality": "Cambridge", "station_type": "Bus", "modes_served": "Bus", "multimodal": false, "dep_bus": 300, "dep_rapid_transit": 0, "dep_commuter_rail": 0, "weekly_departures": 300 }, "geometry": { "type": "Point", "coordinates": [ 230837.274544277228415, 904745.391735798679292 ] } },
{ "type": "Feature", "properties": { "stop_id": "24610", "stop_name": "Rindge Ave @ Hollis St", "municipality": "Cambridge", "station_type": "Bus", "modes_served": "Bus", "multimodal": false, "dep_bus": 300, "dep_rapid_transit": 0, "dep_commuter_rail": 0, "weekly_departures": 300 }, "geometry": { "type": "Point", "coordinates": [ 230521.273042073356919, 904799.661711296532303 ] } },
{ "type": "Feature", "properties": { "stop_id": "2462", "stop_name": "Rindge Ave opp Middlesex St", "municipality": "Cambridge", "station_type": "Bus", "modes_served": "Bus", "multimodal": false, "dep_bus": 300, "dep_rapid_transit": 0, "dep_commuter_rail": 0, "weekly_departures": 300 }, "geometry": { "type": "Point", "coordinates": [ 230346.980039442976704, 904834.340492923045531 ] } },
{ "type": "Feature", "properties": { "stop_id": "24621", "stop_name": "Rindge Ave @ Clay St", "municipality": "Cambridge", "station_type": "Bus", "modes_served": "Bus", "multimodal": false, "dep_bus": 300, "dep_rapid_transit": 0, "dep_commuter_rail": 0, "weekly_departures": 300 }, "geometry": { "type": "Point", "coordinates": [ 230131.681854568421841, 904850.630643456242979 ] } },
{ "type": "Feature", "properties": { "stop_id": "2463", "stop_name": "Rindge Ave @ Clifton St", "municipality": "Cambridge", "station_type": "Bus", "modes_served": "Bus", "multimodal": false, "dep_bus": 300, "dep_rapid_transit": 0, "dep_commuter_rail": 0, "weekly_departures": 300 }, "geometry": { "type": "Point", "coordinates": [ 229939.249161518586334, 904872.80092097108718 ] } },
{ "type": "Feature", "properties": { "stop_id": "2478", "stop_name": "Lake St @ Rt 2 East on Ramp", "municipality": "Belmont", "station_type": "Bus", "modes_served": "Bus", "multimodal": false, "dep_bus": 400, "dep_rapid_transit": 0, "dep_commuter_rail": 0, "weekly_departures": 400 }, "geometry": { "type": "Point", "coordinates": [ 228177.123311854054919, 905808.345253140782006 ] } },
{ "type": "Feature", "properties": { "stop_id": "24790", "stop_name": "375 Acorn Park Dr", "municipality": "Belmont", "station_type": "Bus", "modes_served": "Bus", "multimodal": false, "dep_bus": 400, "dep_rapid_transit": 0, "dep_commuter_rail": 0, "weekly_departures": 400 }, "geometry": { "type": "Point", "coordinates": [ 228501.856917132856324, 905513.742102519143373 ] } },
{ "type": "Feature", "properties": { "stop_id": "24791", "stop_name": "Opp 10 Acorn Park Dr", "municipality": "Cambridge", "station_type": "Bus", "modes_served": "Bus", "multimodal": false, "dep_bus": 400, "dep_rapid_transit": 0, "dep_commuter_rail": 0, "weekly_departures": 400 }, "geometry": { "type": "Point", "coordinates": [ 229113.691233415389434, 905382.51331068133004 ] } },
{ "type": "Feature", "properties": { "stop_id": "2482", "stop_name": "West Service Rd @ Lake St", "municipality": "Arlington", "station_type": "Bus", "modes_served": "Bus", "multimodal": false, "dep_bus": 400, "dep_rapid_transit": 0, "dep_commuter_rail": 0, "weekly_departures": 400 }, "geometry": { "type": "Point", "coordinates": [ 228346.142965409148019, 905868.008343791239895 ] } },
{ "type": "Feature", "properties": { "stop_id": "2577", "stop_name": "Broadway @ Holland St - Teele Sq", "municipality": "Somerville", "station_type": "Bus", "modes_served": "Bus", "multimodal": false, "dep_bus": 615, "dep_rapid_transit": 0, "dep_commuter_rail": 0, "weekly_departures": 615 }, "geometry": { "type": "Point", "coordinates": [ 230664.437840769533068, 905935.399639744777232 ] } },
{ "type": "Feature", "properties": { "stop_id": "2579", "stop_name": "Holland St @ Cameron Ave", "municipality": "Somerville", "station_type": "Bus", "modes_served": "Bus", "multimodal": false, "dep_bus": 615, "dep_rapid_transit": 0, "dep_commuter_rail": 0, "weekly_departures": 615 }, "geometry": { "type": "Point", "coordinates": [ 230778.500890134950168, 905662.311326297698542 ] } },
{ "type": "Feature", "properties": { "stop_id": "2580", "stop_name": "Holland St @ Jay St", "municipality": "Somerville", "station_type": "Bus", "modes_served": "Bus", "multimodal": false, "dep_bus": 615, "dep_rapid_transit": 0, "dep_commuter_rail": 0, "weekly_departures": 615 }, "geometry": { "type": "Point", "coordinates": [ 230880.506194558867719, 905493.36389826098457 ] } },
{ "type": "Feature", "properties": { "stop_id": "2581", "stop_name": "Holland St @ Dover St", "municipality": "Somerville", "station_type": "Bus", "modes_served": "Bus", "multimodal": false, "dep_bus": 615, "dep_rapid_transit": 0, "dep_commuter_rail": 0, "weekly_departures": 615 }, "geometry": { "type": "Point", "coordinates": [ 231041.240670349448919, 905226.26152586680837 ] } },
{ "type": "Feature", "properties": { "stop_id": "2586", "stop_name": "Elm St @ Porter Sq Shopping Ctr", "municipality": "Somerville", "station_type": "Bus", "modes_served": "Bus", "multimodal": false, "dep_bus": 308, "dep_rapid_transit": 0, "dep_commuter_rail": 0, "weekly_departures": 308 }, "geometry": { "type": "Point", "coordinates": [ 231519.790776030073175, 904429.625971144065261 ] } },
{ "type": "Feature", "properties": { "stop_id": "2587", "stop_name": "Elm St @ Mossland St", "municipality": "Somerville", "station_type": "Bus", "modes_served": "Bus", "multimodal": false, "dep_bus": 308, "dep_rapid_transit": 0, "dep_commuter_rail": 0, "weekly_departures": 308 }, "geometry": { "type": "Point", "coordinates": [ 231655.034696710034041, 904238.29036501457449 ] } },
{ "type": "Feature", "properties": { "stop_id": "2588", "stop_name": "Elm St opp Porter St", "municipality": "Somerville", "station_type": "Bus", "modes_served": "Bus", "multimodal": false, "dep_bus": 308, "dep_rapid_transit": 0, "dep_commuter_rail": 0, "weekly_departures": 308 }, "geometry": { "type": "Point", "coordinates": [ 231803.625532320846105, 904010.695138249080628 ] } },
{ "type": "Feature", "properties": { "stop_id": "2589", "stop_name": "Somerville Ave @ Sacramento St", "municipality": "Somerville", "station_type": "Bus", "modes_served": "Bus", "multimodal": false, "dep_bus": 606, "dep_rapid_transit": 0, "dep_commuter_rail": 0, "weekly_departures": 606 }, "geometry": { "type": "Point", "coordinates": [ 231949.812057941046078, 903861.180390235269442 ] } },
{ "type": "Feature", "properties": { "stop_id": "2590", "stop_name": "594 Somerville Ave", "municipality": "Somerville", "station_type": "Bus", "modes_served": "Bus", "multimodal": false, "dep_bus": 606, "dep_rapid_transit": 0, "dep_commuter_rail": 0, "weekly_departures": 606 }, "geometry": { "type": "Point", "coordinates": [ 232180.55646355060162, 903770.37182554975152 ] } },
{ "type": "Feature", "properties": { "stop_id": "2591", "stop_name": "Somerville Ave opp Central St", "municipality": "Somerville", "station_type": "Bus", "modes_served": "Bus", "multimodal": false, "dep_bus": 606, "dep_rapid_transit": 0, "dep_commuter_rail": 0, "weekly_departures": 606 }, "geometry": { "type": "Point", "coordinates": [ 232361.314924231439363, 903716.440585830016062 ] } },
{ "type": "Feature", "properties": { "stop_id": "2593", "stop_name": "Somerville Ave opp Loring St", "municipality": "Somerville", "station_type": "Bus", "modes_served": "Bus", "multimodal": false, "dep_bus": 308, "dep_rapid_transit": 0, "dep_commuter_rail": 0, "weekly_departures": 308 }, "geometry": { "type": "Point", "coordinates": [ 232591.817132498486899, 903644.527747778687626 ] } },
{ "type": "Feature", "properties": { "stop_id": "2594", "stop_name": "Somerville Ave opp School St", "municipality": "Somerville", "station_type": "Bus", "modes_served": "Bus", "multimodal": false, "dep_bus": 308, "dep_rapid_transit": 0, "dep_commuter_rail": 0, "weekly_departures": 308 }, "geometry": { "type": "Point", "coordinates": [ 232790.673774135648273, 903560.811415059259161 ] } },
{ "type": "Feature", "properties": { "stop_id": "2598", "stop_name": "Somerville Ave @ Linden St", "municipality": "Somerville", "station_type": "Bus", "modes_served": "Bus", "multimodal": false, "dep_bus": 308, "dep_rapid_transit": 0, "dep_commuter_rail": 0, "weekly_departures": 308 }, "geometry": { "type": "Point", "coordinates": [ 233542.418127837736392, 903191.248168544261716 ] } },
{ "type": "Feature", "properties": { "stop_id": "2599", "stop_name": "Somerville Ave opp Mansfield St", "municipality": "Somerville", "station_type": "Bus", "modes_served": "Bus", "multimodal": false, "dep_bus": 308, "dep_rapid_transit": 0, "dep_commuter_rail": 0, "weekly_departures": 308 }, "geometry": { "type": "Point", "coordinates": [ 233741.425643084920011, 903098.339922163519077 ] } },
{ "type": "Feature", "properties": { "stop_id": "2600", "stop_name": "McGrath Hwy @ Medford St", "municipality": "Somerville", "station_type": "Bus", "modes_served": "Bus", "multimodal": false, "dep_bus": 795, "dep_rapid_transit": 0, "dep_commuter_rail": 0, "weekly_departures": 795 }, "geometry": { "type": "Point", "coordinates": [ 233855.422706845507491, 903027.020625331788324 ] } },
{ "type": "Feature", "properties": { "stop_id": "2601", "stop_name": "McGrath Hwy @ Twin City Plaza", "municipality": "Cambridge", "station_type": "Bus", "modes_served": "Bus", "multimodal": false, "dep_bus": 795, "dep_rapid_transit": 0, "dep_commuter_rail": 0, "weekly_departures": 795 }, "geometry": { "type": "Point", "coordinates": [ 234470.234216997982003, 902622.90795785037335 ] } },
{ "type": "Feature", "properties": { "stop_id": "2605", "stop_name": "McGrath Hwy opp Twin City Plaza", "municipality": "Somerville", "station_type": "Bus", "modes_served": "Bus", "multimodal": false, "dep_bus": 779, "dep_rapid_transit": 0, "dep_commuter_rail": 0, "weekly_departures": 779 }, "geometry": { "type": "Point", "coordinates": [ 234395.334078813844826, 902696.741242112824693 ] } },
{ "type": "Feature", "properties": { "stop_id": "2607", "stop_name": "McGrath Hwy @ Poplar St", "municipality": "Somerville", "station_type": "Bus", "modes_served": "Bus", "multimodal": false, "dep_bus": 779, "dep_rapid_transit": 0, "dep_commuter_rail": 0, "weekly_departures": 779 }, "geometry": { "type": "Point", "coordinates": [ 233916.406983722554287, 903035.978926217067055 ] } },
{ "type": "Feature", "properties": { "stop_id": "2617", "stop_name": "Somerville Ave @ Loring St", "municipality": "Somerville", "station_type": "Bus", "modes_served": "Bus", "multimodal": false, "dep_bus": 303, "dep_rapid_transit": 0, "dep_commuter_rail": 0, "weekly_departures": 303 }, "geometry": { "type": "Point", "coordinates": [ 232606.031572563457303, 903651.480586879653856 ] } },
{ "type": "Feature", "properties": { "stop_id": "2618", "stop_name": "Somerville Ave @ Central St", "municipality": "Somerville", "station_type": "Bus", "modes_served": "Bus", "multimodal": false, "dep_bus": 603, "dep_rapid_transit": 0, "dep_commuter_rail": 0, "weekly_departures": 603 }, "geometry": { "type": "Point", "coordinates": [ 232357.967773353273515, 903727.977333261515014 ] } },
{ "type": "Feature", "properties": { "stop_id": "2620", "stop_name": "Somerville Ave @ Spring St", "municipality": "Somerville", "station_type": "Bus", "modes_served": "Bus", "multimodal": false, "dep_bus": 603, "dep_rapid_transit": 0, "dep_commuter_rail": 0, "weekly_departures": 603 }, "geometry": { "type": "Point", "coordinates": [ 232142.740060109877959, 903792.303297735052183 ] } },
{ "type": "Feature", "properties": { "stop_id": "2621", "stop_name": "Somerville Ave @ Lowell St", "municipality": "Somerville", "station_type": "Bus", "modes_served": "Bus", "multimodal": false, "dep_bus": 603, "dep_rapid_transit": 0, "dep_commuter_rail": 0, "weekly_departures": 603 }, "geometry": { "type": "Point", "coordinates": [ 231949.588754805095959, 903874.064485272392631 ] } },
{ "type": "Feature", "properties": { "stop_id": "2622", "stop_name": "Elm St @ Porter St", "municipality": "Somerville", "station_type": "Bus", "modes_served": "Bus", "multimodal": false, "dep_bus": 303, "dep_rapid_transit": 0, "dep_commuter_rail": 0, "weekly_departures": 303 }, "geometry": { "type": "Point", "coordinates": [ 231793.179570957960095, 904044.415730616310611 ] } },
{ "type": "Feature", "properties": { "stop_id": "2623", "stop_name": "Elm St @ Cedar St", "municipality": "Somerville", "station_type": "Bus", "modes_served": "Bus", "multimodal": false, "dep_bus": 303, "dep_rapid_transit": 0, "dep_commuter_rail": 0, "weekly_departures": 303 }, "geometry": { "type": "Point", "coordinates": [ 231677.336231315421173, 904223.062066685874015 ] } },
{ "type": "Feature", "properties": { "stop_id": "2625", "stop_name": "Elm St @ Hancock St", "municipality": "Somerville", "station_type": "Bus", "modes_served": "Bus", "multimodal": false, "dep_bus": 303, "dep_rapid_transit": 0, "dep_commuter_rail": 0, "weekly_departures": 303 }, "geometry": { "type": "Point", "coordinates": [ 231535.116485589096555, 904427.362116734148003 ] } },
{ "type": "Feature", "properties": { "stop_id": "2631", "stop_name": "Holland St @ Simpson Ave", "municipality": "Somerville", "station_type": "Bus", "modes_served": "Bus", "multimodal": false, "dep_bus": 600, "dep_rapid_transit": 0, "dep_commuter_rail": 0, "weekly_departures": 600 }, "geometry": { "type": "Point", "coordinates": [ 230896.237101705453824, 905491.98906830244232 ] } },
{ "type": "Feature", "properties": { "stop_id": "2632", "stop_name": "Holland St opp Cameron Ave", "municipality": "Somerville", "station_type": "Bus", "modes_served": "Bus", "multimodal": false, "dep_bus": 600, "dep_rapid_transit": 0, "dep_commuter_rail": 0, "weekly_departures": 600 }, "geometry": { "type": "Point", "coordinates": [ 230774.360872792662121, 905705.280709444195963 ] } },
{ "type": "Feature", "properties": { "stop_id": "730", "stop_name": "Franklin St @ Sidney St", "municipality": "Cambridge", "station_type": "Bus", "modes_served": "Bus", "multimodal": false, "dep_bus": 470, "dep_rapid_transit": 0, "dep_commuter_rail": 0, "weekly_departures": 470 }, "geometry": { "type": "Point", "coordinates": [ 232897.439687056554249, 901336.52367811370641 ] } },
{ "type": "Feature", "properties": { "stop_id": "place-WML-0025", "stop_name": "Lansdowne", "municipality": "Boston", "station_type": "Commuter Rail", "modes_served": "Commuter Rail", "multimodal": false, "dep_bus": 0, "dep_rapid_transit": 0, "dep_commuter_rail": 315, "weekly_departures": 315 }, "geometry": { "type": "Point", "coordinates": [ 232960.304775207943749, 899753.403387026628479 ] } }
]
}
