{
"type": "FeatureCollection",
"name": "innercore_public_institutions_category_only",
"crs": { "type": "name", "properties": { "name": "urn:ogc:def:crs:EPSG::6491" } },
"features": [
{ "type": "Feature", "properties": { "category": "public_institution" }, "geometry": { "type": "Point", "coordinates": [ 230614.813550660095643, 904760.63593323668465 ] } },
{ "type": "Feature", "properties": { "category": "public_institution" }, "geometry": { "type": "Point", "coordinates": [ 230498.442549616098404, 892935.059198482427746 ] } },
{ "type": "Feature", "properties": { "category": "public_institution" }, "geometry": { "type": "Point", "coordinates": [ 231805.727808836381882, 907763.286698031704873 ] } },
{ "type": "Feature", "properties": { "category": "public_institution" }, "geometry": { "type": "Point", "coordinates": [ 232233.773525997268734, 902976.5160223019775 ] } },
{ "type": "Feature", "properties": { "category": "public_institution" }, "geometry": { "type": "Point", "coordinates": [ 221947.369991370011121, 892450.107083860319108 ] } },
{ "type": "Feature", "properties": { "category": "public_institution" }, "geometry": { "type": "Point", "coordinates": [ 236052.824730660009664, 901069.533734648488462 ] } },
{ "type": "Feature", "properties": { "category": "public_institution" }, "geometry": { "type": "Point", "coordinates": [ 236072.593602987064514, 901214.481208725948818 ] } },
{ "type": "Feature", "properties": { "category": "public_institution" }, "geometry": { "type": "Point", "coordinates": [ 236328.537746375281131, 900100.908498473698273 ] } },
{ "type": "Feature", "properties": { "category": "public_institution" }, "geometry": { "type": "Point", "coordinates": [ 226535.601477340533165, 905122.371460949769244 ] } },
{ "type": "Feature", "properties": { "category": "public_institution" }, "geometry": { "type": "Point", "coordinates": [ 220101.605704786343267, 906164.359568525687791 ] } },
{ "type": "Feature", "properties": { "category": "public_institution" }, "geometry": { "type": "Point", "coordinates": [ 236052.824730660009664, 901069.533734648488462 ] } },
{ "type": "Feature", "properties": { "category": "public_institution" }, "geometry": { "type": "Point", "coordinates": [ 238732.916436675761361, 902972.910748836584389 ] } },
{ "type": "Feature", "properties": { "category": "public_institution" }, "geometry": { "type": "Point", "coordinates": [ 229722.43823112823884, 888458.501868152408861 ] } },
{ "type": "Feature", "properties": { "category": "public_institution" }, "geometry": { "type": "Point", "coordinates": [ 231058.370090325712226, 897565.848348523839377 ] } },
{ "type": "Feature", "properties": { "category": "public_institution" }, "geometry": { "type": "Point", "coordinates": [ 236023.650947421119781, 900637.73436415346805 ] } },
{ "type": "Feature", "properties": { "category": "public_institution" }, "geometry": { "type": "Point", "coordinates": [ 236052.824730660009664, 901069.533734648488462 ] } },
{ "type": "Feature", "properties": { "category": "public_institution" }, "geometry": { "type": "Point", "coordinates": [ 236655.057282971247332, 906524.95668850664515 ] } },
{ "type": "Feature", "properties": { "category": "public_institution" }, "geometry": { "type": "Point", "coordinates": [ 236143.432280932029244, 895349.614061985048465 ] } },
{ "type": "Feature", "properties": { "category": "public_institution" }, "geometry": { "type": "Point", "coordinates": [ 236216.184350345516577, 900686.487606751383282 ] } },
{ "type": "Feature", "properties": { "category": "public_institution" }, "geometry": { "type": "Point", "coordinates": [ 231197.02489532387699, 898211.154083120985888 ] } },
{ "type": "Feature", "properties": { "category": "public_institution" }, "geometry": { "type": "Point", "coordinates": [ 221892.808894757181406, 893443.841364601277746 ] } },
{ "type": "Feature", "properties": { "category": "public_institution" }, "geometry": { "type": "Point", "coordinates": [ 235989.271016966551542, 894476.092348052887246 ] } },
{ "type": "Feature", "properties": { "category": "public_institution" }, "geometry": { "type": "Point", "coordinates": [ 229161.670083132805303, 905030.370865539996885 ] } },
{ "type": "Feature", "properties": { "category": "public_institution" }, "geometry": { "type": "Point", "coordinates": [ 228451.202055443136487, 888858.228837663191371 ] } },
{ "type": "Feature", "properties": { "category": "public_institution" }, "geometry": { "type": "Point", "coordinates": [ 238423.002211444749264, 904898.874834783142433 ] } },
{ "type": "Feature", "properties": { "category": "public_institution" }, "geometry": { "type": "Point", "coordinates": [ 237231.106641213700641, 898585.19751981634181 ] } },
{ "type": "Feature", "properties": { "category": "public_institution" }, "geometry": { "type": "Point", "coordinates": [ 227626.403279696969548, 907744.928768008714542 ] } },
{ "type": "Feature", "properties": { "category": "public_institution" }, "geometry": { "type": "Point", "coordinates": [ 236302.802428370167036, 901047.383280621492304 ] } },
{ "type": "Feature", "properties": { "category": "public_institution" }, "geometry": { "type": "Point", "coordinates": [ 221734.282262481603539, 892329.150834067957476 ] } },
{ "type": "Feature", "properties": { "category": "public_institution" }, "geometry": { "type": "Point", "coordinates": [ 235698.45366330377874, 908691.969285871484317 ] } },
{ "type": "Feature", "properties": { "category": "public_institution" }, "geometry": { "type": "Point", "coordinates": [ 236235.613853792892769, 898787.377261576475576 ] } },
{ "type": "Feature", "properties": { "category": "public_institution" }, "geometry": { "type": "Point", "coordinates": [ 241738.43076714759809, 889758.771513274055906 ] } },
{ "type": "Feature", "properties": { "category": "public_institution" }, "geometry": { "type": "Point", "coordinates": [ 240905.82636967979488, 889053.991845959913917 ] } },
{ "type": "Feature", "properties": { "category": "public_institution" }, "geometry": { "type": "Point", "coordinates": [ 245969.105652928352356, 913084.674399454961531 ] } },
{ "type": "Feature", "properties": { "category": "public_institution" }, "geometry": { "type": "Point", "coordinates": [ 236332.948348832927877, 901860.965651686885394 ] } },
{ "type": "Feature", "properties": { "category": "public_institution" }, "geometry": { "type": "Point", "coordinates": [ 232061.398368577822112, 907358.34337015170604 ] } },
{ "type": "Feature", "properties": { "category": "public_institution" }, "geometry": { "type": "Point", "coordinates": [ 237346.652468100481201, 900506.904185911873356 ] } },
{ "type": "Feature", "properties": { "category": "public_institution" }, "geometry": { "type": "Point", "coordinates": [ 242137.197527664800873, 914169.094248366774991 ] } },
{ "type": "Feature", "properties": { "category": "public_institution" }, "geometry": { "type": "Point", "coordinates": [ 235793.528927220118931, 911880.238020676886663 ] } },
{ "type": "Feature", "properties": { "category": "public_institution" }, "geometry": { "type": "Point", "coordinates": [ 235839.097896728577325, 908319.901740051689558 ] } },
{ "type": "Feature", "properties": { "category": "public_institution" }, "geometry": { "type": "Point", "coordinates": [ 239572.269559283042327, 890651.085534753510728 ] } },
{ "type": "Feature", "properties": { "category": "public_institution" }, "geometry": { "type": "Point", "coordinates": [ 226885.140205347590381, 888406.440070519573055 ] } },
{ "type": "Feature", "properties": { "category": "public_institution" }, "geometry": { "type": "Point", "coordinates": [ 240991.056415866914904, 888433.239131015492603 ] } },
{ "type": "Feature", "properties": { "category": "public_institution" }, "geometry": { "type": "Point", "coordinates": [ 242336.343799126014346, 903010.365432771737687 ] } },
{ "type": "Feature", "properties": { "category": "public_institution" }, "geometry": { "type": "Point", "coordinates": [ 234446.18134502065368, 895308.994492548750713 ] } },
{ "type": "Feature", "properties": { "category": "public_institution" }, "geometry": { "type": "Point", "coordinates": [ 241702.448387198557612, 904947.685563562088646 ] } },
{ "type": "Feature", "properties": { "category": "public_institution" }, "geometry": { "type": "Point", "coordinates": [ 235502.721858938166406, 899577.398872965015471 ] } },
{ "type": "Feature", "properties": { "category": "public_institution" }, "geometry": { "type": "Point", "coordinates": [ 232057.127839761291398, 896759.69131317245774 ] } },
{ "type": "Feature", "properties": { "category": "public_institution" }, "geometry": { "type": "Point", "coordinates": [ 228879.048844818491489, 906903.991392242722213 ] } },
{ "type": "Feature", "properties": { "category": "public_institution" }, "geometry": { "type": "Point", "coordinates": [ 230472.865757244057022, 892937.169881148613058 ] } },
{ "type": "Feature", "properties": { "category": "public_institution" }, "geometry": { "type": "Point", "coordinates": [ 236053.506872703961562, 901081.08936908445321 ] } },
{ "type": "Feature", "properties": { "category": "public_institution" }, "geometry": { "type": "Point", "coordinates": [ 245395.959384972637054, 912678.26993858627975 ] } },
{ "type": "Feature", "properties": { "category": "public_institution" }, "geometry": { "type": "Point", "coordinates": [ 236464.926855978963431, 901174.963048377074301 ] } },
{ "type": "Feature", "properties": { "category": "public_institution" }, "geometry": { "type": "Point", "coordinates": [ 236458.336435793899, 900238.095598927815445 ] } },
{ "type": "Feature", "properties": { "category": "public_institution" }, "geometry": { "type": "Point", "coordinates": [ 231365.8305590042728, 889477.751423059264198 ] } },
{ "type": "Feature", "properties": { "category": "public_institution" }, "geometry": { "type": "Point", "coordinates": [ 221849.814276476681698, 891965.736704658949748 ] } },
{ "type": "Feature", "properties": { "category": "public_institution" }, "geometry": { "type": "Point", "coordinates": [ 221576.088022063107928, 901888.457316673360765 ] } },
{ "type": "Feature", "properties": { "category": "public_institution" }, "geometry": { "type": "Point", "coordinates": [ 232481.213381046429276, 901918.080324811977334 ] } },
{ "type": "Feature", "properties": { "category": "public_institution" }, "geometry": { "type": "Point", "coordinates": [ 236464.926855978963431, 901174.963048377074301 ] } },
{ "type": "Feature", "properties": { "category": "public_institution" }, "geometry": { "type": "Point", "coordinates": [ 234197.367208588548237, 902301.002154889167286 ] } },
{ "type": "Feature", "properties": { "category": "public_institution" }, "geometry": { "type": "Point", "coordinates": [ 231408.303884662920609, 902531.796119032660499 ] } },
{ "type": "Feature", "properties": { "category": "public_institution" }, "geometry": { "type": "Point", "coordinates": [ 240905.82636967979488, 889053.991845959913917 ] } },
{ "type": "Feature", "properties": { "category": "public_institution" }, "geometry": { "type": "Point", "coordinates": [ 231526.162453819357324, 894558.193847013404593 ] } },
{ "type": "Feature", "properties": { "category": "public_institution" }, "geometry": { "type": "Point", "coordinates": [ 231810.666441367648076, 903092.330328108393587 ] } },
{ "type": "Feature", "properties": { "category": "public_institution" }, "geometry": { "type": "Point", "coordinates": [ 236671.310217952268431, 901186.811722412821837 ] } },
{ "type": "Feature", "properties": { "category": "public_institution" }, "geometry": { "type": "Point", "coordinates": [ 245541.923867857141886, 912441.167677752557211 ] } },
{ "type": "Feature", "properties": { "category": "public_institution" }, "geometry": { "type": "Point", "coordinates": [ 234772.541591849323595, 908202.457707137684338 ] } },
{ "type": "Feature", "properties": { "category": "public_institution" }, "geometry": { "type": "Point", "coordinates": [ 226570.391206938249525, 905175.709601056296378 ] } },
{ "type": "Feature", "properties": { "category": "public_institution" }, "geometry": { "type": "Point", "coordinates": [ 235877.939556239754893, 899582.747723571374081 ] } },
{ "type": "Feature", "properties": { "category": "public_institution" }, "geometry": { "type": "Point", "coordinates": [ 238311.898690831061685, 901778.949720687931404 ] } },
{ "type": "Feature", "properties": { "category": "public_institution" }, "geometry": { "type": "Point", "coordinates": [ 235135.242787913040956, 895103.801047307206318 ] } },
{ "type": "Feature", "properties": { "category": "public_institution" }, "geometry": { "type": "Point", "coordinates": [ 240071.527797361544799, 906490.527954555582255 ] } },
{ "type": "Feature", "properties": { "category": "public_institution" }, "geometry": { "type": "Point", "coordinates": [ 232333.335562695458066, 900078.725468719378114 ] } },
{ "type": "Feature", "properties": { "category": "public_institution" }, "geometry": { "type": "Point", "coordinates": [ 227382.375488888152177, 901325.085146218072623 ] } },
{ "type": "Feature", "properties": { "category": "public_institution" }, "geometry": { "type": "Point", "coordinates": [ 236052.824730660009664, 901069.533734648488462 ] } },
{ "type": "Feature", "properties": { "category": "public_institution" }, "geometry": { "type": "Point", "coordinates": [ 236290.193026296328753, 901829.864882553229108 ] } },
{ "type": "Feature", "properties": { "category": "public_institution" }, "geometry": { "type": "Point", "coordinates": [ 224001.895986711664591, 898585.779974044766277 ] } },
{ "type": "Feature", "properties": { "category": "public_institution" }, "geometry": { "type": "Point", "coordinates": [ 240071.527797361544799, 906490.527954555582255 ] } },
{ "type": "Feature", "properties": { "category": "public_institution" }, "geometry": { "type": "Point", "coordinates": [ 240039.543940163828665, 887232.475597480428405 ] } },
{ "type": "Feature", "properties": { "category": "public_institution" }, "geometry": { "type": "Point", "coordinates": [ 232602.009808354720008, 901607.621122367912903 ] } },
{ "type": "Feature", "properties": { "category": "public_institution" }, "geometry": { "type": "Point", "coordinates": [ 236178.424235296115512, 900339.729425650206394 ] } },
{ "type": "Feature", "properties": { "category": "public_institution" }, "geometry": { "type": "Point", "coordinates": [ 235161.466613273369148, 898762.038973895134404 ] } },
{ "type": "Feature", "properties": { "category": "public_institution" }, "geometry": { "type": "Point", "coordinates": [ 236072.593602987064514, 901214.481208725948818 ] } },
{ "type": "Feature", "properties": { "category": "public_institution" }, "geometry": { "type": "Point", "coordinates": [ 236052.824730660009664, 901069.533734648488462 ] } },
{ "type": "Feature", "properties": { "category": "public_institution" }, "geometry": { "type": "Point", "coordinates": [ 236060.14748834312195, 901649.177774355513975 ] } },
{ "type": "Feature", "properties": { "category": "public_institution" }, "geometry": { "type": "Point", "coordinates": [ 237419.210101545584621, 906957.86612801020965 ] } },
{ "type": "Feature", "properties": { "category": "public_institution" }, "geometry": { "type": "Point", "coordinates": [ 222599.523783123906469, 891790.384266929700971 ] } },
{ "type": "Feature", "properties": { "category": "public_institution" }, "geometry": { "type": "Point", "coordinates": [ 236410.391548110201256, 900729.700907004531473 ] } },
{ "type": "Feature", "properties": { "category": "public_institution" }, "geometry": { "type": "Point", "coordinates": [ 230574.218357766745612, 896315.888090552063659 ] } },
{ "type": "Feature", "properties": { "category": "public_institution" }, "geometry": { "type": "Point", "coordinates": [ 235678.300818503659684, 903100.468117544660345 ] } },
{ "type": "Feature", "properties": { "category": "public_institution" }, "geometry": { "type": "Point", "coordinates": [ 237542.700467695627594, 899757.949318201979622 ] } },
{ "type": "Feature", "properties": { "category": "public_institution" }, "geometry": { "type": "Point", "coordinates": [ 230114.747586508863606, 898309.847067097667605 ] } },
{ "type": "Feature", "properties": { "category": "public_institution" }, "geometry": { "type": "Point", "coordinates": [ 234719.8954704667849, 898417.058575619827025 ] } },
{ "type": "Feature", "properties": { "category": "public_institution" }, "geometry": { "type": "Point", "coordinates": [ 227844.503663902403787, 907579.171720664948225 ] } },
{ "type": "Feature", "properties": { "category": "public_institution" }, "geometry": { "type": "Point", "coordinates": [ 234677.813234310684493, 889378.438281930051744 ] } },
{ "type": "Feature", "properties": { "category": "public_institution" }, "geometry": { "type": "Point", "coordinates": [ 236136.978382436733227, 901029.311393872951157 ] } },
{ "type": "Feature", "properties": { "category": "public_institution" }, "geometry": { "type": "Point", "coordinates": [ 235974.064851907838602, 898703.947367858258076 ] } },
{ "type": "Feature", "properties": { "category": "public_institution" }, "geometry": { "type": "Point", "coordinates": [ 224001.895986711664591, 898585.779974044766277 ] } },
{ "type": "Feature", "properties": { "category": "public_institution" }, "geometry": { "type": "Point", "coordinates": [ 239836.062505110225175, 887102.91783300274983 ] } },
{ "type": "Feature", "properties": { "category": "public_institution" }, "geometry": { "type": "Point", "coordinates": [ 237682.498770501551917, 898410.878151166485623 ] } },
{ "type": "Feature", "properties": { "category": "public_institution" }, "geometry": { "type": "Point", "coordinates": [ 226050.284180669666966, 902692.607735036755912 ] } },
{ "type": "Feature", "properties": { "category": "public_institution" }, "geometry": { "type": "Point", "coordinates": [ 230149.686448573658708, 902477.962833817466162 ] } },
{ "type": "Feature", "properties": { "category": "public_institution" }, "geometry": { "type": "Point", "coordinates": [ 242624.253521217440721, 912204.225051076035015 ] } },
{ "type": "Feature", "properties": { "category": "public_institution" }, "geometry": { "type": "Point", "coordinates": [ 232443.365631174528971, 907594.475774412276223 ] } },
{ "type": "Feature", "properties": { "category": "public_institution" }, "geometry": { "type": "Point", "coordinates": [ 236072.593602987064514, 901214.481208725948818 ] } },
{ "type": "Feature", "properties": { "category": "public_institution" }, "geometry": { "type": "Point", "coordinates": [ 228243.267699409567285, 907231.531914784340188 ] } },
{ "type": "Feature", "properties": { "category": "public_institution" }, "geometry": { "type": "Point", "coordinates": [ 242574.762085248512449, 912796.54443750041537 ] } },
{ "type": "Feature", "properties": { "category": "public_institution" }, "geometry": { "type": "Point", "coordinates": [ 232660.511079391115345, 902242.260123196989298 ] } },
{ "type": "Feature", "properties": { "category": "public_institution" }, "geometry": { "type": "Point", "coordinates": [ 230600.372974817932118, 904673.37626148108393 ] } },
{ "type": "Feature", "properties": { "category": "public_institution" }, "geometry": { "type": "Point", "coordinates": [ 240917.204023379279533, 911498.470700683072209 ] } },
{ "type": "Feature", "properties": { "category": "public_institution" }, "geometry": { "type": "Point", "coordinates": [ 233840.815763009159127, 893463.516542105353437 ] } },
{ "type": "Feature", "properties": { "category": "public_institution" }, "geometry": { "type": "Point", "coordinates": [ 236072.673699700069847, 901214.925932917743921 ] } },
{ "type": "Feature", "properties": { "category": "public_institution" }, "geometry": { "type": "Point", "coordinates": [ 237756.584370112803299, 904374.965538414893672 ] } },
{ "type": "Feature", "properties": { "category": "public_institution" }, "geometry": { "type": "Point", "coordinates": [ 224651.71827297512209, 902360.214559556450695 ] } },
{ "type": "Feature", "properties": { "category": "public_institution" }, "geometry": { "type": "Point", "coordinates": [ 226749.68638006033143, 888803.572507706587203 ] } },
{ "type": "Feature", "properties": { "category": "public_institution" }, "geometry": { "type": "Point", "coordinates": [ 243632.902554293221328, 902418.471193047356792 ] } },
{ "type": "Feature", "properties": { "category": "public_institution" }, "geometry": { "type": "Point", "coordinates": [ 228320.219123916700482, 902169.439493958721869 ] } },
{ "type": "Feature", "properties": { "category": "public_institution" }, "geometry": { "type": "Point", "coordinates": [ 227833.821228958608117, 891324.965313832391985 ] } },
{ "type": "Feature", "properties": { "category": "public_institution" }, "geometry": { "type": "Point", "coordinates": [ 238312.54159747689846, 897731.15579373948276 ] } },
{ "type": "Feature", "properties": { "category": "public_institution" }, "geometry": { "type": "Point", "coordinates": [ 236093.923040370253148, 900590.331369651481509 ] } },
{ "type": "Feature", "properties": { "category": "public_institution" }, "geometry": { "type": "Point", "coordinates": [ 236136.978382436733227, 901029.311393872951157 ] } },
{ "type": "Feature", "properties": { "category": "public_institution" }, "geometry": { "type": "Point", "coordinates": [ 236053.506872703961562, 901081.08936908445321 ] } },
{ "type": "Feature", "properties": { "category": "public_institution" }, "geometry": { "type": "Point", "coordinates": [ 240549.319592246989487, 912839.307204757118598 ] } },
{ "type": "Feature", "properties": { "category": "public_institution" }, "geometry": { "type": "Point", "coordinates": [ 230174.117087402468314, 900547.978440920938738 ] } },
{ "type": "Feature", "properties": { "category": "public_institution" }, "geometry": { "type": "Point", "coordinates": [ 229849.860072574054357, 900737.647169480915181 ] } },
{ "type": "Feature", "properties": { "category": "public_institution" }, "geometry": { "type": "Point", "coordinates": [ 239652.642942403617781, 901466.815390035044402 ] } },
{ "type": "Feature", "properties": { "category": "public_institution" }, "geometry": { "type": "Point", "coordinates": [ 235825.317277396272402, 901419.044091869029216 ] } },
{ "type": "Feature", "properties": { "category": "public_institution" }, "geometry": { "type": "Point", "coordinates": [ 228850.469107588665793, 894728.429845505626872 ] } },
{ "type": "Feature", "properties": { "category": "public_institution" }, "geometry": { "type": "Point", "coordinates": [ 236235.613853792892769, 898787.377261576475576 ] } },
{ "type": "Feature", "properties": { "category": "public_institution" }, "geometry": { "type": "Point", "coordinates": [ 230920.793820938735735, 895169.537207302520983 ] } },
{ "type": "Feature", "properties": { "category": "public_institution" }, "geometry": { "type": "Point", "coordinates": [ 236096.199720931792399, 901462.195918918820098 ] } },
{ "type": "Feature", "properties": { "category": "public_institution" }, "geometry": { "type": "Point", "coordinates": [ 240905.82636967979488, 889053.991845959913917 ] } },
{ "type": "Feature", "properties": { "category": "public_institution" }, "geometry": { "type": "Point", "coordinates": [ 236598.172365395934321, 901057.246369561064057 ] } },
{ "type": "Feature", "properties": { "category": "public_institution" }, "geometry": { "type": "Point", "coordinates": [ 236502.616406859218841, 901293.79035432531964 ] } },
{ "type": "Feature", "properties": { "category": "public_institution" }, "geometry": { "type": "Point", "coordinates": [ 223171.976640085922554, 895026.327451385557652 ] } },
{ "type": "Feature", "properties": { "category": "public_institution" }, "geometry": { "type": "Point", "coordinates": [ 245909.172349685744848, 912654.172614173963666 ] } },
{ "type": "Feature", "properties": { "category": "public_institution" }, "geometry": { "type": "Point", "coordinates": [ 235908.305317959137028, 900316.128377425950021 ] } },
{ "type": "Feature", "properties": { "category": "public_institution" }, "geometry": { "type": "Point", "coordinates": [ 237145.39204595409683, 900239.249897341243923 ] } },
{ "type": "Feature", "properties": { "category": "public_institution" }, "geometry": { "type": "Point", "coordinates": [ 236136.978382436733227, 901029.311393872951157 ] } },
{ "type": "Feature", "properties": { "category": "public_institution" }, "geometry": { "type": "Point", "coordinates": [ 237318.072400216042297, 900489.757389680715278 ] } },
{ "type": "Feature", "properties": { "category": "public_institution" }, "geometry": { "type": "Point", "coordinates": [ 234291.096797315083677, 904241.890675834962167 ] } },
{ "type": "Feature", "properties": { "category": "public_institution" }, "geometry": { "type": "Point", "coordinates": [ 245672.136471820878796, 912641.517178890295327 ] } },
{ "type": "Feature", "properties": { "category": "public_institution" }, "geometry": { "type": "Point", "coordinates": [ 227340.435084831784479, 900141.946165252476931 ] } },
{ "type": "Feature", "properties": { "category": "public_institution" }, "geometry": { "type": "Point", "coordinates": [ 224001.895986711664591, 898585.779974044766277 ] } },
{ "type": "Feature", "properties": { "category": "public_institution" }, "geometry": { "type": "Point", "coordinates": [ 236464.926855978963431, 901174.963048377074301 ] } },
{ "type": "Feature", "properties": { "category": "public_institution" }, "geometry": { "type": "Point", "coordinates": [ 234660.438210575724952, 889404.566557138692588 ] } },
{ "type": "Feature", "properties": { "category": "public_institution" }, "geometry": { "type": "Point", "coordinates": [ 242456.199547125346726, 903047.522783454274759 ] } },
{ "type": "Feature", "properties": { "category": "public_institution" }, "geometry": { "type": "Point", "coordinates": [ 231896.252025015797699, 900984.122479056473821 ] } },
{ "type": "Feature", "properties": { "category": "public_institution" }, "geometry": { "type": "Point", "coordinates": [ 226154.084194127324736, 887055.015781544847414 ] } },
{ "type": "Feature", "properties": { "category": "public_institution" }, "geometry": { "type": "Point", "coordinates": [ 236726.088608607533388, 900541.400115288794041 ] } },
{ "type": "Feature", "properties": { "category": "public_institution" }, "geometry": { "type": "Point", "coordinates": [ 241119.275782161799725, 906814.274480088381097 ] } },
{ "type": "Feature", "properties": { "category": "public_institution" }, "geometry": { "type": "Point", "coordinates": [ 232591.548812814813573, 901643.006495799403638 ] } },
{ "type": "Feature", "properties": { "category": "public_institution" }, "geometry": { "type": "Point", "coordinates": [ 235738.817388952506008, 900123.876983387861401 ] } },
{ "type": "Feature", "properties": { "category": "public_institution" }, "geometry": { "type": "Point", "coordinates": [ 241117.526033921632916, 888696.005160875734873 ] } },
{ "type": "Feature", "properties": { "category": "public_institution" }, "geometry": { "type": "Point", "coordinates": [ 238403.247060426132521, 896304.859908390324563 ] } },
{ "type": "Feature", "properties": { "category": "public_institution" }, "geometry": { "type": "Point", "coordinates": [ 236816.412008664105088, 900143.213402350549586 ] } },
{ "type": "Feature", "properties": { "category": "public_institution" }, "geometry": { "type": "Point", "coordinates": [ 238687.127825539879268, 903286.345240291790105 ] } },
{ "type": "Feature", "properties": { "category": "public_institution" }, "geometry": { "type": "Point", "coordinates": [ 236662.848741526162485, 901608.532012443756685 ] } },
{ "type": "Feature", "properties": { "category": "public_institution" }, "geometry": { "type": "Point", "coordinates": [ 235938.875845136091812, 900959.760136800818145 ] } },
{ "type": "Feature", "properties": { "category": "public_institution" }, "geometry": { "type": "Point", "coordinates": [ 235476.266621056478471, 889672.214234583778307 ] } },
{ "type": "Feature", "properties": { "category": "public_institution" }, "geometry": { "type": "Point", "coordinates": [ 234712.745088440395193, 889189.004320325213484 ] } },
{ "type": "Feature", "properties": { "category": "public_institution" }, "geometry": { "type": "Point", "coordinates": [ 236654.258451725239865, 900902.362411975860596 ] } },
{ "type": "Feature", "properties": { "category": "public_institution" }, "geometry": { "type": "Point", "coordinates": [ 238423.002211444749264, 904898.874834783142433 ] } },
{ "type": "Feature", "properties": { "category": "public_institution" }, "geometry": { "type": "Point", "coordinates": [ 236458.336435793899, 900238.095598927815445 ] } },
{ "type": "Feature", "properties": { "category": "public_institution" }, "geometry": { "type": "Point", "coordinates": [ 232422.048397857783129, 901940.800218941411003 ] } },
{ "type": "Feature", "properties": { "category": "public_institution" }, "geometry": { "type": "Point", "coordinates": [ 236464.14683224298642, 901182.401244604960084 ] } },
{ "type": "Feature", "properties": { "category": "public_institution" }, "geometry": { "type": "Point", "coordinates": [ 236072.673699700069847, 901214.925932917743921 ] } },
{ "type": "Feature", "properties": { "category": "public_institution" }, "geometry": { "type": "Point", "coordinates": [ 234982.156357100640889, 892843.628514789859764 ] } },
{ "type": "Feature", "properties": { "category": "public_institution" }, "geometry": { "type": "Point", "coordinates": [ 234677.813234310684493, 889378.438281930051744 ] } },
{ "type": "Feature", "properties": { "category": "public_institution" }, "geometry": { "type": "Point", "coordinates": [ 236200.414415955950972, 901300.779922875226475 ] } },
{ "type": "Feature", "properties": { "category": "public_institution" }, "geometry": { "type": "Point", "coordinates": [ 240346.605913789622718, 907942.36382291384507 ] } },
{ "type": "Feature", "properties": { "category": "public_institution" }, "geometry": { "type": "Point", "coordinates": [ 236052.824730660009664, 901069.533734648488462 ] } },
{ "type": "Feature", "properties": { "category": "public_institution" }, "geometry": { "type": "Point", "coordinates": [ 235092.478386072616559, 899870.250157141825184 ] } },
{ "type": "Feature", "properties": { "category": "public_institution" }, "geometry": { "type": "Point", "coordinates": [ 241331.686367430869723, 888920.52243323600851 ] } },
{ "type": "Feature", "properties": { "category": "public_institution" }, "geometry": { "type": "Point", "coordinates": [ 228558.32177746258094, 888714.931405806913972 ] } },
{ "type": "Feature", "properties": { "category": "public_institution" }, "geometry": { "type": "Point", "coordinates": [ 224504.012979497405468, 904090.625160001218319 ] } },
{ "type": "Feature", "properties": { "category": "public_institution" }, "geometry": { "type": "Point", "coordinates": [ 241117.526033921632916, 888696.005160875734873 ] } },
{ "type": "Feature", "properties": { "category": "public_institution" }, "geometry": { "type": "Point", "coordinates": [ 236970.697941577003803, 900087.262481767917052 ] } },
{ "type": "Feature", "properties": { "category": "public_institution" }, "geometry": { "type": "Point", "coordinates": [ 236290.193026296328753, 901829.864882553229108 ] } },
{ "type": "Feature", "properties": { "category": "public_institution" }, "geometry": { "type": "Point", "coordinates": [ 234818.404199276410509, 898977.487985340529121 ] } },
{ "type": "Feature", "properties": { "category": "public_institution" }, "geometry": { "type": "Point", "coordinates": [ 237196.250705359969288, 900328.270335006876849 ] } },
{ "type": "Feature", "properties": { "category": "public_institution" }, "geometry": { "type": "Point", "coordinates": [ 236769.866804795048665, 900834.764385350863449 ] } },
{ "type": "Feature", "properties": { "category": "public_institution" }, "geometry": { "type": "Point", "coordinates": [ 241318.569062694761669, 906574.956380090443417 ] } },
{ "type": "Feature", "properties": { "category": "public_institution" }, "geometry": { "type": "Point", "coordinates": [ 236072.673699700069847, 901214.925932917743921 ] } },
{ "type": "Feature", "properties": { "category": "public_institution" }, "geometry": { "type": "Point", "coordinates": [ 235272.766142732521985, 900131.630421979702078 ] } },
{ "type": "Feature", "properties": { "category": "public_institution" }, "geometry": { "type": "Point", "coordinates": [ 223147.578226895013358, 902256.238493243930861 ] } },
{ "type": "Feature", "properties": { "category": "public_institution" }, "geometry": { "type": "Point", "coordinates": [ 235825.317277396272402, 901419.044091869029216 ] } },
{ "type": "Feature", "properties": { "category": "public_institution" }, "geometry": { "type": "Point", "coordinates": [ 233492.936870977922808, 892098.834790788823739 ] } },
{ "type": "Feature", "properties": { "category": "public_institution" }, "geometry": { "type": "Point", "coordinates": [ 229885.606103473954136, 892361.498487040400505 ] } },
{ "type": "Feature", "properties": { "category": "public_institution" }, "geometry": { "type": "Point", "coordinates": [ 240905.82636967979488, 889053.991845959913917 ] } },
{ "type": "Feature", "properties": { "category": "public_institution" }, "geometry": { "type": "Point", "coordinates": [ 246068.456770328251878, 912107.361238963669166 ] } },
{ "type": "Feature", "properties": { "category": "public_institution" }, "geometry": { "type": "Point", "coordinates": [ 236035.421995198383229, 902486.804493993753567 ] } },
{ "type": "Feature", "properties": { "category": "public_institution" }, "geometry": { "type": "Point", "coordinates": [ 224001.895986711664591, 898585.779974044766277 ] } },
{ "type": "Feature", "properties": { "category": "public_institution" }, "geometry": { "type": "Point", "coordinates": [ 237318.072400216042297, 900489.757389680715278 ] } },
{ "type": "Feature", "properties": { "category": "public_institution" }, "geometry": { "type": "Point", "coordinates": [ 235988.433914676279528, 901722.788260688772425 ] } },
{ "type": "Feature", "properties": { "category": "public_institution" }, "geometry": { "type": "Point", "coordinates": [ 235463.213980218075449, 888561.502628546906635 ] } },
{ "type": "Feature", "properties": { "category": "public_institution" }, "geometry": { "type": "Point", "coordinates": [ 235988.433914676279528, 901722.788260688772425 ] } },
{ "type": "Feature", "properties": { "category": "public_institution" }, "geometry": { "type": "Point", "coordinates": [ 232384.123425765137654, 896296.666033776942641 ] } },
{ "type": "Feature", "properties": { "category": "public_institution" }, "geometry": { "type": "Point", "coordinates": [ 233111.115933742141351, 898051.18297664320562 ] } },
{ "type": "Feature", "properties": { "category": "public_institution" }, "geometry": { "type": "Point", "coordinates": [ 237997.318432742264122, 902387.396137805306353 ] } },
{ "type": "Feature", "properties": { "category": "public_institution" }, "geometry": { "type": "Point", "coordinates": [ 221820.899103135685436, 893043.856715541216545 ] } },
{ "type": "Feature", "properties": { "category": "public_institution" }, "geometry": { "type": "Point", "coordinates": [ 236464.926855978963431, 901174.963048377074301 ] } },
{ "type": "Feature", "properties": { "category": "public_institution" }, "geometry": { "type": "Point", "coordinates": [ 232443.365631174528971, 907594.475774412276223 ] } },
{ "type": "Feature", "properties": { "category": "public_institution" }, "geometry": { "type": "Point", "coordinates": [ 236464.926855978963431, 901174.963048377074301 ] } },
{ "type": "Feature", "properties": { "category": "public_institution" }, "geometry": { "type": "Point", "coordinates": [ 235022.18604089593282, 896331.970619634725153 ] } },
{ "type": "Feature", "properties": { "category": "public_institution" }, "geometry": { "type": "Point", "coordinates": [ 235988.433914676279528, 901722.788260688772425 ] } },
{ "type": "Feature", "properties": { "category": "public_institution" }, "geometry": { "type": "Point", "coordinates": [ 236414.964692522276891, 900483.131133563234471 ] } },
{ "type": "Feature", "properties": { "category": "public_institution" }, "geometry": { "type": "Point", "coordinates": [ 235877.939556239754893, 899582.747723571374081 ] } },
{ "type": "Feature", "properties": { "category": "public_institution" }, "geometry": { "type": "Point", "coordinates": [ 234870.041354591754498, 889353.174151660408825 ] } },
{ "type": "Feature", "properties": { "category": "public_institution" }, "geometry": { "type": "Point", "coordinates": [ 225742.81401722249575, 901977.355167195433751 ] } },
{ "type": "Feature", "properties": { "category": "public_institution" }, "geometry": { "type": "Point", "coordinates": [ 235217.304411888762843, 907951.302037035813555 ] } },
{ "type": "Feature", "properties": { "category": "public_institution" }, "geometry": { "type": "Point", "coordinates": [ 233526.051383918209467, 901046.24891418335028 ] } },
{ "type": "Feature", "properties": { "category": "public_institution" }, "geometry": { "type": "Point", "coordinates": [ 231608.649007978936424, 889263.684580762172118 ] } },
{ "type": "Feature", "properties": { "category": "public_institution" }, "geometry": { "type": "Point", "coordinates": [ 236053.878302868222818, 900912.363492167321965 ] } },
{ "type": "Feature", "properties": { "category": "public_institution" }, "geometry": { "type": "Point", "coordinates": [ 236052.824730660009664, 901069.533734648488462 ] } },
{ "type": "Feature", "properties": { "category": "public_institution" }, "geometry": { "type": "Point", "coordinates": [ 240130.130993768776534, 906779.892420086776838 ] } },
{ "type": "Feature", "properties": { "category": "public_institution" }, "geometry": { "type": "Point", "coordinates": [ 238149.478239765681792, 899529.28585811285302 ] } },
{ "type": "Feature", "properties": { "category": "public_institution" }, "geometry": { "type": "Point", "coordinates": [ 232426.571682978130411, 901870.952952417545021 ] } },
{ "type": "Feature", "properties": { "category": "public_institution" }, "geometry": { "type": "Point", "coordinates": [ 242444.833022793580312, 903143.093311265925877 ] } },
{ "type": "Feature", "properties": { "category": "public_institution" }, "geometry": { "type": "Point", "coordinates": [ 231033.625883301137947, 906185.394234368111938 ] } },
{ "type": "Feature", "properties": { "category": "public_institution" }, "geometry": { "type": "Point", "coordinates": [ 236206.210986577410949, 900079.727774584433064 ] } },
{ "type": "Feature", "properties": { "category": "public_institution" }, "geometry": { "type": "Point", "coordinates": [ 232676.78711892690626, 895513.484317088266835 ] } },
{ "type": "Feature", "properties": { "category": "public_institution" }, "geometry": { "type": "Point", "coordinates": [ 228482.962885714281583, 903371.628748507471755 ] } },
{ "type": "Feature", "properties": { "category": "public_institution" }, "geometry": { "type": "Point", "coordinates": [ 240905.82636967979488, 889053.991845959913917 ] } },
{ "type": "Feature", "properties": { "category": "public_institution" }, "geometry": { "type": "Point", "coordinates": [ 237997.318432742264122, 902387.396137805306353 ] } },
{ "type": "Feature", "properties": { "category": "public_institution" }, "geometry": { "type": "Point", "coordinates": [ 235665.957391875766916, 897579.050077829393558 ] } },
{ "type": "Feature", "properties": { "category": "public_institution" }, "geometry": { "type": "Point", "coordinates": [ 241104.117329243832501, 889253.862305259215645 ] } },
{ "type": "Feature", "properties": { "category": "public_institution" }, "geometry": { "type": "Point", "coordinates": [ 236036.251890215440653, 902485.586887084296905 ] } },
{ "type": "Feature", "properties": { "category": "public_institution" }, "geometry": { "type": "Point", "coordinates": [ 236464.926855978963431, 901174.963048377074301 ] } },
{ "type": "Feature", "properties": { "category": "public_institution" }, "geometry": { "type": "Point", "coordinates": [ 236220.163403053651564, 901352.97741430636961 ] } },
{ "type": "Feature", "properties": { "category": "public_institution" }, "geometry": { "type": "Point", "coordinates": [ 221952.655260412837379, 902082.898709544213489 ] } },
{ "type": "Feature", "properties": { "category": "public_institution" }, "geometry": { "type": "Point", "coordinates": [ 224016.385588234436, 900277.977248836075887 ] } },
{ "type": "Feature", "properties": { "category": "public_institution" }, "geometry": { "type": "Point", "coordinates": [ 236290.193026296328753, 901829.864882553229108 ] } },
{ "type": "Feature", "properties": { "category": "public_institution" }, "geometry": { "type": "Point", "coordinates": [ 221734.282262481603539, 892329.150834067957476 ] } },
{ "type": "Feature", "properties": { "category": "public_institution" }, "geometry": { "type": "Point", "coordinates": [ 236514.908883044874528, 900117.092089492361993 ] } },
{ "type": "Feature", "properties": { "category": "public_institution" }, "geometry": { "type": "Point", "coordinates": [ 234541.917648043163354, 889443.193608792964369 ] } },
{ "type": "Feature", "properties": { "category": "public_institution" }, "geometry": { "type": "Point", "coordinates": [ 230862.05967153023812, 903451.991252968786284 ] } },
{ "type": "Feature", "properties": { "category": "public_institution" }, "geometry": { "type": "Point", "coordinates": [ 232443.365631174528971, 907594.475774412276223 ] } },
{ "type": "Feature", "properties": { "category": "public_institution" }, "geometry": { "type": "Point", "coordinates": [ 236464.926855978963431, 901174.963048377074301 ] } },
{ "type": "Feature", "properties": { "category": "public_institution" }, "geometry": { "type": "Point", "coordinates": [ 236350.728604441042989, 900637.19714952330105 ] } },
{ "type": "Feature", "properties": { "category": "public_institution" }, "geometry": { "type": "Point", "coordinates": [ 245072.901819096819963, 914379.185346070444211 ] } },
{ "type": "Feature", "properties": { "category": "public_institution" }, "geometry": { "type": "Point", "coordinates": [ 232384.123425765137654, 896296.666033776942641 ] } },
{ "type": "Feature", "properties": { "category": "public_institution" }, "geometry": { "type": "Point", "coordinates": [ 235665.957391875766916, 897579.050077829393558 ] } },
{ "type": "Feature", "properties": { "category": "public_institution" }, "geometry": { "type": "Point", "coordinates": [ 236090.596670087892562, 900740.714068956323899 ] } },
{ "type": "Feature", "properties": { "category": "public_institution" }, "geometry": { "type": "Point", "coordinates": [ 238045.098338354902808, 904894.706917718518525 ] } },
{ "type": "Feature", "properties": { "category": "public_institution" }, "geometry": { "type": "Point", "coordinates": [ 235856.089469694590662, 900861.255188619950786 ] } },
{ "type": "Feature", "properties": { "category": "public_institution" }, "geometry": { "type": "Point", "coordinates": [ 236166.367406156117795, 901401.574755544308573 ] } },
{ "type": "Feature", "properties": { "category": "public_institution" }, "geometry": { "type": "Point", "coordinates": [ 234677.813234310684493, 889378.438281930051744 ] } },
{ "type": "Feature", "properties": { "category": "public_institution" }, "geometry": { "type": "Point", "coordinates": [ 236053.506872703961562, 901081.08936908445321 ] } },
{ "type": "Feature", "properties": { "category": "public_institution" }, "geometry": { "type": "Point", "coordinates": [ 229828.860728191852104, 898794.257648091181181 ] } },
{ "type": "Feature", "properties": { "category": "public_institution" }, "geometry": { "type": "Point", "coordinates": [ 236053.506872703961562, 901081.08936908445321 ] } },
{ "type": "Feature", "properties": { "category": "public_institution" }, "geometry": { "type": "Point", "coordinates": [ 236052.824730660009664, 901069.533734648488462 ] } },
{ "type": "Feature", "properties": { "category": "public_institution" }, "geometry": { "type": "Point", "coordinates": [ 223273.532680467935279, 897748.144636660930701 ] } },
{ "type": "Feature", "properties": { "category": "public_institution" }, "geometry": { "type": "Point", "coordinates": [ 231161.093062084575649, 898229.544605059898458 ] } },
{ "type": "Feature", "properties": { "category": "public_institution" }, "geometry": { "type": "Point", "coordinates": [ 222035.717528225068236, 893763.297056215000339 ] } },
{ "type": "Feature", "properties": { "category": "public_institution" }, "geometry": { "type": "Point", "coordinates": [ 227467.399817722034641, 907701.65042840980459 ] } },
{ "type": "Feature", "properties": { "category": "public_institution" }, "geometry": { "type": "Point", "coordinates": [ 236060.14748834312195, 901649.177774355513975 ] } },
{ "type": "Feature", "properties": { "category": "public_institution" }, "geometry": { "type": "Point", "coordinates": [ 232731.077127547992859, 901539.9081818604609 ] } },
{ "type": "Feature", "properties": { "category": "public_institution" }, "geometry": { "type": "Point", "coordinates": [ 229079.943548142240616, 902994.076327965012752 ] } },
{ "type": "Feature", "properties": { "category": "public_institution" }, "geometry": { "type": "Point", "coordinates": [ 231367.329997849243227, 903905.319018182926811 ] } },
{ "type": "Feature", "properties": { "category": "public_institution" }, "geometry": { "type": "Point", "coordinates": [ 232143.968954987212783, 894568.432435378199443 ] } },
{ "type": "Feature", "properties": { "category": "public_institution" }, "geometry": { "type": "Point", "coordinates": [ 236052.824730660009664, 901069.533734648488462 ] } },
{ "type": "Feature", "properties": { "category": "public_institution" }, "geometry": { "type": "Point", "coordinates": [ 235452.471206921414705, 897891.986150378244929 ] } },
{ "type": "Feature", "properties": { "category": "public_institution" }, "geometry": { "type": "Point", "coordinates": [ 231589.901492930133827, 902388.541940768132918 ] } },
{ "type": "Feature", "properties": { "category": "public_institution" }, "geometry": { "type": "Point", "coordinates": [ 237189.97033517685486, 900222.823950320016593 ] } },
{ "type": "Feature", "properties": { "category": "public_institution" }, "geometry": { "type": "Point", "coordinates": [ 228561.966237766464474, 907211.271922660991549 ] } },
{ "type": "Feature", "properties": { "category": "public_institution" }, "geometry": { "type": "Point", "coordinates": [ 239990.620661628927337, 890859.16399809718132 ] } },
{ "type": "Feature", "properties": { "category": "public_institution" }, "geometry": { "type": "Point", "coordinates": [ 223454.717076803528471, 905217.15237447572872 ] } },
{ "type": "Feature", "properties": { "category": "public_institution" }, "geometry": { "type": "Point", "coordinates": [ 236655.057282971247332, 906524.95668850664515 ] } },
{ "type": "Feature", "properties": { "category": "public_institution" }, "geometry": { "type": "Point", "coordinates": [ 232482.808707769872854, 901733.36479891941417 ] } },
{ "type": "Feature", "properties": { "category": "public_institution" }, "geometry": { "type": "Point", "coordinates": [ 236655.057282971247332, 906524.95668850664515 ] } },
{ "type": "Feature", "properties": { "category": "public_institution" }, "geometry": { "type": "Point", "coordinates": [ 236452.267914456198923, 901391.944351686863229 ] } },
{ "type": "Feature", "properties": { "category": "public_institution" }, "geometry": { "type": "Point", "coordinates": [ 226416.77254308690317, 890213.413860997883603 ] } },
{ "type": "Feature", "properties": { "category": "public_institution" }, "geometry": { "type": "Point", "coordinates": [ 227163.542526603851002, 888355.414713259204291 ] } },
{ "type": "Feature", "properties": { "category": "public_institution" }, "geometry": { "type": "Point", "coordinates": [ 236464.926855978963431, 901174.963048377074301 ] } },
{ "type": "Feature", "properties": { "category": "public_institution" }, "geometry": { "type": "Point", "coordinates": [ 241738.43076714759809, 889758.771513274055906 ] } },
{ "type": "Feature", "properties": { "category": "public_institution" }, "geometry": { "type": "Point", "coordinates": [ 240144.372325524076587, 912864.081959234201349 ] } },
{ "type": "Feature", "properties": { "category": "public_institution" }, "geometry": { "type": "Point", "coordinates": [ 233936.277822492906125, 899893.118934572325088 ] } },
{ "type": "Feature", "properties": { "category": "public_institution" }, "geometry": { "type": "Point", "coordinates": [ 234399.384147562552243, 899715.424424112192355 ] } },
{ "type": "Feature", "properties": { "category": "public_institution" }, "geometry": { "type": "Point", "coordinates": [ 241590.651929152809316, 889604.278112463420257 ] } },
{ "type": "Feature", "properties": { "category": "public_institution" }, "geometry": { "type": "Point", "coordinates": [ 219508.420337300223764, 904380.88167835935019 ] } },
{ "type": "Feature", "properties": { "category": "public_institution" }, "geometry": { "type": "Point", "coordinates": [ 235793.528927220118931, 911880.238020676886663 ] } },
{ "type": "Feature", "properties": { "category": "public_institution" }, "geometry": { "type": "Point", "coordinates": [ 236410.391548110201256, 900729.700907004531473 ] } },
{ "type": "Feature", "properties": { "category": "public_institution" }, "geometry": { "type": "Point", "coordinates": [ 235917.084164774540113, 900371.712261653272435 ] } },
{ "type": "Feature", "properties": { "category": "public_institution" }, "geometry": { "type": "Point", "coordinates": [ 227240.16574132439564, 898610.912678934284486 ] } },
{ "type": "Feature", "properties": { "category": "public_institution" }, "geometry": { "type": "Point", "coordinates": [ 235988.433914676279528, 901722.788260688772425 ] } },
{ "type": "Feature", "properties": { "category": "public_institution" }, "geometry": { "type": "Point", "coordinates": [ 231260.285309850412887, 898237.316113685723394 ] } },
{ "type": "Feature", "properties": { "category": "public_institution" }, "geometry": { "type": "Point", "coordinates": [ 233159.198790815280518, 902461.643123469781131 ] } },
{ "type": "Feature", "properties": { "category": "public_institution" }, "geometry": { "type": "Point", "coordinates": [ 231739.05330358989886, 895419.994857506942935 ] } },
{ "type": "Feature", "properties": { "category": "public_institution" }, "geometry": { "type": "Point", "coordinates": [ 235834.533571840263903, 902018.580904696369544 ] } },
{ "type": "Feature", "properties": { "category": "public_institution" }, "geometry": { "type": "Point", "coordinates": [ 236538.275667717534816, 900788.902907759649679 ] } },
{ "type": "Feature", "properties": { "category": "public_institution" }, "geometry": { "type": "Point", "coordinates": [ 221794.030820874089841, 902873.943953366135247 ] } },
{ "type": "Feature", "properties": { "category": "public_institution" }, "geometry": { "type": "Point", "coordinates": [ 224001.895986711664591, 898585.779974044766277 ] } },
{ "type": "Feature", "properties": { "category": "public_institution" }, "geometry": { "type": "Point", "coordinates": [ 223951.062479252577759, 900757.941416518879123 ] } },
{ "type": "Feature", "properties": { "category": "public_institution" }, "geometry": { "type": "Point", "coordinates": [ 235270.643186035187682, 909751.065451643546112 ] } },
{ "type": "Feature", "properties": { "category": "public_institution" }, "geometry": { "type": "Point", "coordinates": [ 236464.926855978963431, 901174.963048377074301 ] } },
{ "type": "Feature", "properties": { "category": "public_institution" }, "geometry": { "type": "Point", "coordinates": [ 236096.199720931792399, 901462.195918918820098 ] } },
{ "type": "Feature", "properties": { "category": "public_institution" }, "geometry": { "type": "Point", "coordinates": [ 235914.819234435155522, 898025.182370668975636 ] } },
{ "type": "Feature", "properties": { "category": "public_institution" }, "geometry": { "type": "Point", "coordinates": [ 236035.421995198383229, 902486.804493993753567 ] } },
{ "type": "Feature", "properties": { "category": "public_institution" }, "geometry": { "type": "Point", "coordinates": [ 234727.14636351930676, 899584.853764805826358 ] } },
{ "type": "Feature", "properties": { "category": "public_institution" }, "geometry": { "type": "Point", "coordinates": [ 234530.782578079873929, 903458.293787625734694 ] } },
{ "type": "Feature", "properties": { "category": "public_institution" }, "geometry": { "type": "Point", "coordinates": [ 226372.903911634028191, 892077.539855689043179 ] } },
{ "type": "Feature", "properties": { "category": "public_institution" }, "geometry": { "type": "Point", "coordinates": [ 234552.149329885898624, 902395.821764141088352 ] } },
{ "type": "Feature", "properties": { "category": "public_institution" }, "geometry": { "type": "Point", "coordinates": [ 228618.225454975909088, 907665.259403690928593 ] } },
{ "type": "Feature", "properties": { "category": "public_institution" }, "geometry": { "type": "Point", "coordinates": [ 241256.316764821589459, 889304.848158716806211 ] } },
{ "type": "Feature", "properties": { "category": "public_institution" }, "geometry": { "type": "Point", "coordinates": [ 226885.140205347590381, 888406.440070519573055 ] } },
{ "type": "Feature", "properties": { "category": "public_institution" }, "geometry": { "type": "Point", "coordinates": [ 235988.433914676279528, 901722.788260688772425 ] } },
{ "type": "Feature", "properties": { "category": "public_institution" }, "geometry": { "type": "Point", "coordinates": [ 225983.541463979578111, 904459.390824532718398 ] } },
{ "type": "Feature", "properties": { "category": "public_institution" }, "geometry": { "type": "Point", "coordinates": [ 241191.424018217658158, 888901.372648441232741 ] } },
{ "type": "Feature", "properties": { "category": "public_institution" }, "geometry": { "type": "Point", "coordinates": [ 235704.463939476147061, 900204.122823690762743 ] } },
{ "type": "Feature", "properties": { "category": "public_institution" }, "geometry": { "type": "Point", "coordinates": [ 235938.875845136091812, 900959.760136800818145 ] } },
{ "type": "Feature", "properties": { "category": "public_institution" }, "geometry": { "type": "Point", "coordinates": [ 234100.809304217080353, 895188.681237039156258 ] } },
{ "type": "Feature", "properties": { "category": "public_institution" }, "geometry": { "type": "Point", "coordinates": [ 232481.213381046429276, 901918.080324811977334 ] } },
{ "type": "Feature", "properties": { "category": "public_institution" }, "geometry": { "type": "Point", "coordinates": [ 235635.932683634076966, 912737.64655106747523 ] } },
{ "type": "Feature", "properties": { "category": "public_institution" }, "geometry": { "type": "Point", "coordinates": [ 236072.593602987064514, 901214.481208725948818 ] } },
{ "type": "Feature", "properties": { "category": "public_institution" }, "geometry": { "type": "Point", "coordinates": [ 226627.651625678467099, 905187.034334881929681 ] } },
{ "type": "Feature", "properties": { "category": "public_institution" }, "geometry": { "type": "Point", "coordinates": [ 231477.1485313589219, 902405.697271740646102 ] } },
{ "type": "Feature", "properties": { "category": "public_institution" }, "geometry": { "type": "Point", "coordinates": [ 237045.969281752069946, 900812.999234074144624 ] } },
{ "type": "Feature", "properties": { "category": "public_institution" }, "geometry": { "type": "Point", "coordinates": [ 239330.006614629266551, 893356.996686175465584 ] } },
{ "type": "Feature", "properties": { "category": "public_institution" }, "geometry": { "type": "Point", "coordinates": [ 225742.81401722249575, 901977.355167195433751 ] } },
{ "type": "Feature", "properties": { "category": "public_institution" }, "geometry": { "type": "Point", "coordinates": [ 230653.6789714503102, 892893.525010159355588 ] } },
{ "type": "Feature", "properties": { "category": "public_institution" }, "geometry": { "type": "Point", "coordinates": [ 238458.52412343287142, 904967.716277352068573 ] } },
{ "type": "Feature", "properties": { "category": "public_institution" }, "geometry": { "type": "Point", "coordinates": [ 245241.696532247442519, 912890.106190572842024 ] } },
{ "type": "Feature", "properties": { "category": "public_institution" }, "geometry": { "type": "Point", "coordinates": [ 242375.490296161733568, 913122.028889803797938 ] } },
{ "type": "Feature", "properties": { "category": "public_institution" }, "geometry": { "type": "Point", "coordinates": [ 236052.824730660009664, 901069.533734648488462 ] } },
{ "type": "Feature", "properties": { "category": "public_institution" }, "geometry": { "type": "Point", "coordinates": [ 232481.213381046429276, 901918.080324811977334 ] } },
{ "type": "Feature", "properties": { "category": "public_institution" }, "geometry": { "type": "Point", "coordinates": [ 230565.311973898671567, 905237.392292818753049 ] } },
{ "type": "Feature", "properties": { "category": "public_institution" }, "geometry": { "type": "Point", "coordinates": [ 231778.718898825871293, 899958.120071430341341 ] } },
{ "type": "Feature", "properties": { "category": "public_institution" }, "geometry": { "type": "Point", "coordinates": [ 235166.743615932064131, 908630.412807648070157 ] } },
{ "type": "Feature", "properties": { "category": "public_institution" }, "geometry": { "type": "Point", "coordinates": [ 235665.957391875766916, 897579.050077829393558 ] } },
{ "type": "Feature", "properties": { "category": "public_institution" }, "geometry": { "type": "Point", "coordinates": [ 236464.926855978963431, 901174.963048377074301 ] } },
{ "type": "Feature", "properties": { "category": "public_institution" }, "geometry": { "type": "Point", "coordinates": [ 229942.013931567547843, 905498.852321998332627 ] } },
{ "type": "Feature", "properties": { "category": "public_institution" }, "geometry": { "type": "Point", "coordinates": [ 235938.875845136091812, 900959.760136800818145 ] } },
{ "type": "Feature", "properties": { "category": "public_institution" }, "geometry": { "type": "Point", "coordinates": [ 219872.26622844603844, 902990.76331054943148 ] } },
{ "type": "Feature", "properties": { "category": "public_institution" }, "geometry": { "type": "Point", "coordinates": [ 233159.198790815280518, 902461.643123469781131 ] } },
{ "type": "Feature", "properties": { "category": "public_institution" }, "geometry": { "type": "Point", "coordinates": [ 231287.217558189266128, 902497.376960627734661 ] } },
{ "type": "Feature", "properties": { "category": "public_institution" }, "geometry": { "type": "Point", "coordinates": [ 232059.901227782305796, 895608.947762658353895 ] } },
{ "type": "Feature", "properties": { "category": "public_institution" }, "geometry": { "type": "Point", "coordinates": [ 234314.965859598334646, 900129.332017563050613 ] } },
{ "type": "Feature", "properties": { "category": "public_institution" }, "geometry": { "type": "Point", "coordinates": [ 237682.498770501551917, 898410.878151166485623 ] } },
{ "type": "Feature", "properties": { "category": "public_institution" }, "geometry": { "type": "Point", "coordinates": [ 232481.213381046429276, 901918.080324811977334 ] } },
{ "type": "Feature", "properties": { "category": "public_institution" }, "geometry": { "type": "Point", "coordinates": [ 233034.159358866338152, 897871.431075381115079 ] } },
{ "type": "Feature", "properties": { "category": "public_institution" }, "geometry": { "type": "Point", "coordinates": [ 236146.872384299349505, 892385.328306776704267 ] } },
{ "type": "Feature", "properties": { "category": "public_institution" }, "geometry": { "type": "Point", "coordinates": [ 225742.81401722249575, 901977.355167195433751 ] } },
{ "type": "Feature", "properties": { "category": "public_institution" }, "geometry": { "type": "Point", "coordinates": [ 237318.072400216042297, 900489.757389680715278 ] } },
{ "type": "Feature", "properties": { "category": "public_institution" }, "geometry": { "type": "Point", "coordinates": [ 226885.140205347590381, 888406.440070519573055 ] } },
{ "type": "Feature", "properties": { "category": "public_institution" }, "geometry": { "type": "Point", "coordinates": [ 235274.949221886548912, 908632.28872931166552 ] } },
{ "type": "Feature", "properties": { "category": "public_institution" }, "geometry": { "type": "Point", "coordinates": [ 231647.061408189823851, 903028.832095682388172 ] } },
{ "type": "Feature", "properties": { "category": "public_institution" }, "geometry": { "type": "Point", "coordinates": [ 233480.733970476489048, 902638.116532206535339 ] } },
{ "type": "Feature", "properties": { "category": "public_institution" }, "geometry": { "type": "Point", "coordinates": [ 230508.182020922424272, 888023.338700433494523 ] } },
{ "type": "Feature", "properties": { "category": "public_institution" }, "geometry": { "type": "Point", "coordinates": [ 236122.589685711369384, 900943.707195078022778 ] } },
{ "type": "Feature", "properties": { "category": "public_institution" }, "geometry": { "type": "Point", "coordinates": [ 232443.365631174528971, 907594.475774412276223 ] } },
{ "type": "Feature", "properties": { "category": "public_institution" }, "geometry": { "type": "Point", "coordinates": [ 236799.809072578296764, 901567.038231376092881 ] } },
{ "type": "Feature", "properties": { "category": "public_institution" }, "geometry": { "type": "Point", "coordinates": [ 236480.645045961253345, 900051.37810277286917 ] } },
{ "type": "Feature", "properties": { "category": "public_institution" }, "geometry": { "type": "Point", "coordinates": [ 239165.793115040345583, 887562.564971606130712 ] } },
{ "type": "Feature", "properties": { "category": "public_institution" }, "geometry": { "type": "Point", "coordinates": [ 222885.914594671980012, 893188.30701268883422 ] } },
{ "type": "Feature", "properties": { "category": "public_institution" }, "geometry": { "type": "Point", "coordinates": [ 225254.148536395339761, 898047.001591736334376 ] } },
{ "type": "Feature", "properties": { "category": "public_institution" }, "geometry": { "type": "Point", "coordinates": [ 225522.273515864741057, 897245.218306026421487 ] } },
{ "type": "Feature", "properties": { "category": "public_institution" }, "geometry": { "type": "Point", "coordinates": [ 221782.99273200504831, 903113.615467636263929 ] } },
{ "type": "Feature", "properties": { "category": "public_institution" }, "geometry": { "type": "Point", "coordinates": [ 235647.783850184088806, 896123.845754448440857 ] } },
{ "type": "Feature", "properties": { "category": "public_institution" }, "geometry": { "type": "Point", "coordinates": [ 228277.945328389148926, 907306.872057893662713 ] } },
{ "type": "Feature", "properties": { "category": "public_institution" }, "geometry": { "type": "Point", "coordinates": [ 235166.743615932064131, 908630.412807648070157 ] } },
{ "type": "Feature", "properties": { "category": "public_institution" }, "geometry": { "type": "Point", "coordinates": [ 221077.201520645903656, 899240.974088110378943 ] } },
{ "type": "Feature", "properties": { "category": "public_institution" }, "geometry": { "type": "Point", "coordinates": [ 234860.266192112118006, 899077.221074776374735 ] } },
{ "type": "Feature", "properties": { "category": "public_institution" }, "geometry": { "type": "Point", "coordinates": [ 226885.140205347590381, 888406.440070519573055 ] } },
{ "type": "Feature", "properties": { "category": "public_institution" }, "geometry": { "type": "Point", "coordinates": [ 223204.118745620071422, 899675.431766293244436 ] } },
{ "type": "Feature", "properties": { "category": "public_institution" }, "geometry": { "type": "Point", "coordinates": [ 236423.272116696229205, 900899.050816664355807 ] } },
{ "type": "Feature", "properties": { "category": "public_institution" }, "geometry": { "type": "Point", "coordinates": [ 224001.895986711664591, 898585.779974044766277 ] } },
{ "type": "Feature", "properties": { "category": "public_institution" }, "geometry": { "type": "Point", "coordinates": [ 236687.387282715702895, 900000.803060506470501 ] } },
{ "type": "Feature", "properties": { "category": "public_institution" }, "geometry": { "type": "Point", "coordinates": [ 233640.393398520915071, 895967.111778583843261 ] } },
{ "type": "Feature", "properties": { "category": "public_institution" }, "geometry": { "type": "Point", "coordinates": [ 237477.223256252589636, 906991.943795181810856 ] } },
{ "type": "Feature", "properties": { "category": "public_institution" }, "geometry": { "type": "Point", "coordinates": [ 238768.039461288717575, 888220.597556074499153 ] } },
{ "type": "Feature", "properties": { "category": "public_institution" }, "geometry": { "type": "Point", "coordinates": [ 227183.762538870447315, 901538.138463163748384 ] } },
{ "type": "Feature", "properties": { "category": "public_institution" }, "geometry": { "type": "Point", "coordinates": [ 224021.817198446020484, 903724.734472574084066 ] } },
{ "type": "Feature", "properties": { "category": "public_institution" }, "geometry": { "type": "Point", "coordinates": [ 244421.710124478908256, 915293.903327249456197 ] } },
{ "type": "Feature", "properties": { "category": "public_institution" }, "geometry": { "type": "Point", "coordinates": [ 225816.407890221948037, 901899.870811393950135 ] } },
{ "type": "Feature", "properties": { "category": "public_institution" }, "geometry": { "type": "Point", "coordinates": [ 232028.789022429060424, 900969.50768093415536 ] } },
{ "type": "Feature", "properties": { "category": "public_institution" }, "geometry": { "type": "Point", "coordinates": [ 226841.961126607144251, 888713.73085933981929 ] } },
{ "type": "Feature", "properties": { "category": "public_institution" }, "geometry": { "type": "Point", "coordinates": [ 236146.872384299349505, 892385.328306776704267 ] } },
{ "type": "Feature", "properties": { "category": "public_institution" }, "geometry": { "type": "Point", "coordinates": [ 237477.223256252589636, 906991.943795181810856 ] } },
{ "type": "Feature", "properties": { "category": "public_institution" }, "geometry": { "type": "Point", "coordinates": [ 238150.502548618242145, 898429.61995706113521 ] } },
{ "type": "Feature", "properties": { "category": "public_institution" }, "geometry": { "type": "Point", "coordinates": [ 225953.805836798652308, 907179.59612387267407 ] } },
{ "type": "Feature", "properties": { "category": "public_institution" }, "geometry": { "type": "Point", "coordinates": [ 242796.294632402277784, 903920.559714009403251 ] } },
{ "type": "Feature", "properties": { "category": "public_institution" }, "geometry": { "type": "Point", "coordinates": [ 226570.391206938249525, 905175.709601056296378 ] } },
{ "type": "Feature", "properties": { "category": "public_institution" }, "geometry": { "type": "Point", "coordinates": [ 224139.478448085515993, 896917.657038948498666 ] } },
{ "type": "Feature", "properties": { "category": "public_institution" }, "geometry": { "type": "Point", "coordinates": [ 234463.943611439026427, 891531.148929786751978 ] } },
{ "type": "Feature", "properties": { "category": "public_institution" }, "geometry": { "type": "Point", "coordinates": [ 235695.681907528924057, 900813.785686402814463 ] } },
{ "type": "Feature", "properties": { "category": "public_institution" }, "geometry": { "type": "Point", "coordinates": [ 221788.984405648894608, 903306.020772104617208 ] } },
{ "type": "Feature", "properties": { "category": "public_institution" }, "geometry": { "type": "Point", "coordinates": [ 224020.520655735570472, 901767.539347806479782 ] } },
{ "type": "Feature", "properties": { "category": "public_institution" }, "geometry": { "type": "Point", "coordinates": [ 237388.848887788190041, 908794.410678262123838 ] } },
{ "type": "Feature", "properties": { "category": "public_institution" }, "geometry": { "type": "Point", "coordinates": [ 231147.842989082681015, 902779.229498925153166 ] } },
{ "type": "Feature", "properties": { "category": "public_institution" }, "geometry": { "type": "Point", "coordinates": [ 235877.939556239754893, 899582.747723571374081 ] } },
{ "type": "Feature", "properties": { "category": "public_institution" }, "geometry": { "type": "Point", "coordinates": [ 231260.285309850412887, 898237.316113685723394 ] } },
{ "type": "Feature", "properties": { "category": "public_institution" }, "geometry": { "type": "Point", "coordinates": [ 230508.182020922424272, 888023.338700433494523 ] } },
{ "type": "Feature", "properties": { "category": "public_institution" }, "geometry": { "type": "Point", "coordinates": [ 236537.052262132841861, 900453.77375829371158 ] } },
{ "type": "Feature", "properties": { "category": "public_institution" }, "geometry": { "type": "Point", "coordinates": [ 235839.097896728577325, 908319.901740051689558 ] } },
{ "type": "Feature", "properties": { "category": "public_institution" }, "geometry": { "type": "Point", "coordinates": [ 235166.743615932064131, 908630.412807648070157 ] } },
{ "type": "Feature", "properties": { "category": "public_institution" }, "geometry": { "type": "Point", "coordinates": [ 236464.926855978963431, 901174.963048377074301 ] } },
{ "type": "Feature", "properties": { "category": "public_institution" }, "geometry": { "type": "Point", "coordinates": [ 221541.236980156914797, 898934.698098873835988 ] } },
{ "type": "Feature", "properties": { "category": "public_institution" }, "geometry": { "type": "Point", "coordinates": [ 234444.486660911468789, 899086.945438401657157 ] } },
{ "type": "Feature", "properties": { "category": "public_institution" }, "geometry": { "type": "Point", "coordinates": [ 232333.335562695458066, 900078.725468719378114 ] } },
{ "type": "Feature", "properties": { "category": "public_institution" }, "geometry": { "type": "Point", "coordinates": [ 231416.456151500344276, 902918.940242286305875 ] } },
{ "type": "Feature", "properties": { "category": "public_institution" }, "geometry": { "type": "Point", "coordinates": [ 242796.294632402277784, 903920.559714009403251 ] } },
{ "type": "Feature", "properties": { "category": "public_institution" }, "geometry": { "type": "Point", "coordinates": [ 232301.422749330755323, 900138.338525044498965 ] } },
{ "type": "Feature", "properties": { "category": "public_institution" }, "geometry": { "type": "Point", "coordinates": [ 235665.957391875766916, 897579.050077829393558 ] } },
{ "type": "Feature", "properties": { "category": "public_institution" }, "geometry": { "type": "Point", "coordinates": [ 231339.047597216558643, 898298.537144603091292 ] } },
{ "type": "Feature", "properties": { "category": "public_institution" }, "geometry": { "type": "Point", "coordinates": [ 233040.934433678077767, 898078.288856482598931 ] } },
{ "type": "Feature", "properties": { "category": "public_institution" }, "geometry": { "type": "Point", "coordinates": [ 227069.090113265585387, 891583.231542517896742 ] } },
{ "type": "Feature", "properties": { "category": "public_institution" }, "geometry": { "type": "Point", "coordinates": [ 233398.976765760831768, 904000.327566851163283 ] } },
{ "type": "Feature", "properties": { "category": "public_institution" }, "geometry": { "type": "Point", "coordinates": [ 233526.051383918209467, 901046.24891418335028 ] } },
{ "type": "Feature", "properties": { "category": "public_institution" }, "geometry": { "type": "Point", "coordinates": [ 236200.414415955950972, 901300.779922875226475 ] } },
{ "type": "Feature", "properties": { "category": "public_institution" }, "geometry": { "type": "Point", "coordinates": [ 222944.690729074092815, 891198.4701694319956 ] } },
{ "type": "Feature", "properties": { "category": "public_institution" }, "geometry": { "type": "Point", "coordinates": [ 237985.805501177732367, 902384.001517972559668 ] } },
{ "type": "Feature", "properties": { "category": "public_institution" }, "geometry": { "type": "Point", "coordinates": [ 225798.051251579483505, 901941.457521932316013 ] } },
{ "type": "Feature", "properties": { "category": "public_institution" }, "geometry": { "type": "Point", "coordinates": [ 235085.207012589497026, 900616.990937733906321 ] } },
{ "type": "Feature", "properties": { "category": "public_institution" }, "geometry": { "type": "Point", "coordinates": [ 236568.302379158034455, 902981.303187464829534 ] } },
{ "type": "Feature", "properties": { "category": "public_institution" }, "geometry": { "type": "Point", "coordinates": [ 235584.444702778244391, 899889.941017495235428 ] } },
{ "type": "Feature", "properties": { "category": "public_institution" }, "geometry": { "type": "Point", "coordinates": [ 236053.506872703961562, 901081.08936908445321 ] } },
{ "type": "Feature", "properties": { "category": "public_institution" }, "geometry": { "type": "Point", "coordinates": [ 231260.285309850412887, 898237.316113685723394 ] } },
{ "type": "Feature", "properties": { "category": "public_institution" }, "geometry": { "type": "Point", "coordinates": [ 232752.237736579263583, 893527.675406346446835 ] } },
{ "type": "Feature", "properties": { "category": "public_institution" }, "geometry": { "type": "Point", "coordinates": [ 232420.486066928773653, 906863.467832380905747 ] } },
{ "type": "Feature", "properties": { "category": "public_institution" }, "geometry": { "type": "Point", "coordinates": [ 243788.710828274401138, 912952.644518990651704 ] } },
{ "type": "Feature", "properties": { "category": "public_institution" }, "geometry": { "type": "Point", "coordinates": [ 245128.663845931645483, 912843.501293244538829 ] } },
{ "type": "Feature", "properties": { "category": "public_institution" }, "geometry": { "type": "Point", "coordinates": [ 236464.926855978963431, 901174.963048377074301 ] } },
{ "type": "Feature", "properties": { "category": "public_institution" }, "geometry": { "type": "Point", "coordinates": [ 224631.692836690956028, 906471.926460582879372 ] } },
{ "type": "Feature", "properties": { "category": "public_institution" }, "geometry": { "type": "Point", "coordinates": [ 236053.506872703961562, 901081.08936908445321 ] } },
{ "type": "Feature", "properties": { "category": "public_institution" }, "geometry": { "type": "Point", "coordinates": [ 235793.528927220118931, 911880.238020676886663 ] } },
{ "type": "Feature", "properties": { "category": "public_institution" }, "geometry": { "type": "Point", "coordinates": [ 239019.276616536662914, 891775.97828757588286 ] } },
{ "type": "Feature", "properties": { "category": "public_institution" }, "geometry": { "type": "Point", "coordinates": [ 235001.215353993495228, 907251.419185362290591 ] } },
{ "type": "Feature", "properties": { "category": "public_institution" }, "geometry": { "type": "Point", "coordinates": [ 232942.716936700802762, 899796.530145013472065 ] } },
{ "type": "Feature", "properties": { "category": "public_institution" }, "geometry": { "type": "Point", "coordinates": [ 237427.146139601594768, 904124.718405904015526 ] } },
{ "type": "Feature", "properties": { "category": "public_institution" }, "geometry": { "type": "Point", "coordinates": [ 228653.057814640022116, 892525.094907091348432 ] } },
{ "type": "Feature", "properties": { "category": "public_institution" }, "geometry": { "type": "Point", "coordinates": [ 231260.285309850412887, 898237.316113685723394 ] } },
{ "type": "Feature", "properties": { "category": "public_institution" }, "geometry": { "type": "Point", "coordinates": [ 233654.815211886860197, 887137.969045995268971 ] } },
{ "type": "Feature", "properties": { "category": "public_institution" }, "geometry": { "type": "Point", "coordinates": [ 235520.101027957629412, 900181.972659633727744 ] } },
{ "type": "Feature", "properties": { "category": "public_institution" }, "geometry": { "type": "Point", "coordinates": [ 231418.497582202398917, 903107.004946484812535 ] } },
{ "type": "Feature", "properties": { "category": "public_institution" }, "geometry": { "type": "Point", "coordinates": [ 224128.105085607181536, 899894.25498384097591 ] } },
{ "type": "Feature", "properties": { "category": "public_institution" }, "geometry": { "type": "Point", "coordinates": [ 236332.948348832927877, 901860.965651686885394 ] } },
{ "type": "Feature", "properties": { "category": "public_institution" }, "geometry": { "type": "Point", "coordinates": [ 236464.926855978963431, 901174.963048377074301 ] } },
{ "type": "Feature", "properties": { "category": "public_institution" }, "geometry": { "type": "Point", "coordinates": [ 219866.923399882536614, 891816.12676138151437 ] } },
{ "type": "Feature", "properties": { "category": "public_institution" }, "geometry": { "type": "Point", "coordinates": [ 236750.844940733804833, 900533.75407242262736 ] } },
{ "type": "Feature", "properties": { "category": "public_institution" }, "geometry": { "type": "Point", "coordinates": [ 233384.022481795254862, 901029.577459549065679 ] } },
{ "type": "Feature", "properties": { "category": "public_institution" }, "geometry": { "type": "Point", "coordinates": [ 231339.047597216558643, 898298.537144603091292 ] } },
{ "type": "Feature", "properties": { "category": "public_institution" }, "geometry": { "type": "Point", "coordinates": [ 232851.119180874986341, 904177.246881439350545 ] } },
{ "type": "Feature", "properties": { "category": "public_institution" }, "geometry": { "type": "Point", "coordinates": [ 237885.190317469678121, 914103.181631893850863 ] } },
{ "type": "Feature", "properties": { "category": "public_institution" }, "geometry": { "type": "Point", "coordinates": [ 233657.986798101977911, 904561.289862114703283 ] } },
{ "type": "Feature", "properties": { "category": "public_institution" }, "geometry": { "type": "Point", "coordinates": [ 233040.934433678077767, 898078.288856482598931 ] } },
{ "type": "Feature", "properties": { "category": "public_institution" }, "geometry": { "type": "Point", "coordinates": [ 235377.72880251557217, 911799.150602746405639 ] } },
{ "type": "Feature", "properties": { "category": "public_institution" }, "geometry": { "type": "Point", "coordinates": [ 238758.244545351422857, 894326.412398577667773 ] } },
{ "type": "Feature", "properties": { "category": "public_institution" }, "geometry": { "type": "Point", "coordinates": [ 238732.916436675761361, 902972.910748836584389 ] } },
{ "type": "Feature", "properties": { "category": "public_institution" }, "geometry": { "type": "Point", "coordinates": [ 228557.592021643009502, 899192.18798004812561 ] } },
{ "type": "Feature", "properties": { "category": "public_institution" }, "geometry": { "type": "Point", "coordinates": [ 229641.454551598755643, 900301.340685859089717 ] } },
{ "type": "Feature", "properties": { "category": "public_institution" }, "geometry": { "type": "Point", "coordinates": [ 236253.813102474843618, 894361.375735167646781 ] } },
{ "type": "Feature", "properties": { "category": "public_institution" }, "geometry": { "type": "Point", "coordinates": [ 239831.771608426468447, 901910.143857455230318 ] } },
{ "type": "Feature", "properties": { "category": "public_institution" }, "geometry": { "type": "Point", "coordinates": [ 232899.727979977964424, 903521.333085141261108 ] } },
{ "type": "Feature", "properties": { "category": "public_institution" }, "geometry": { "type": "Point", "coordinates": [ 232422.048397857783129, 901940.800218941411003 ] } },
{ "type": "Feature", "properties": { "category": "public_institution" }, "geometry": { "type": "Point", "coordinates": [ 239152.295375978486845, 891575.446625779266469 ] } },
{ "type": "Feature", "properties": { "category": "public_institution" }, "geometry": { "type": "Point", "coordinates": [ 236366.954523330525262, 900860.881456209812313 ] } },
{ "type": "Feature", "properties": { "category": "public_institution" }, "geometry": { "type": "Point", "coordinates": [ 246067.184859897563001, 913039.996371579589322 ] } },
{ "type": "Feature", "properties": { "category": "public_institution" }, "geometry": { "type": "Point", "coordinates": [ 235938.875845136091812, 900959.760136800818145 ] } },
{ "type": "Feature", "properties": { "category": "public_institution" }, "geometry": { "type": "Point", "coordinates": [ 231297.243966075562639, 898562.159432585118338 ] } },
{ "type": "Feature", "properties": { "category": "public_institution" }, "geometry": { "type": "Point", "coordinates": [ 227821.970810758764856, 902046.040595968486741 ] } },
{ "type": "Feature", "properties": { "category": "public_institution" }, "geometry": { "type": "Point", "coordinates": [ 240069.475516073929612, 906402.985362876439467 ] } },
{ "type": "Feature", "properties": { "category": "public_institution" }, "geometry": { "type": "Point", "coordinates": [ 239070.296319648361532, 901544.751473017851822 ] } },
{ "type": "Feature", "properties": { "category": "public_institution" }, "geometry": { "type": "Point", "coordinates": [ 235504.38782611998613, 898872.396728478255682 ] } },
{ "type": "Feature", "properties": { "category": "public_institution" }, "geometry": { "type": "Point", "coordinates": [ 229908.584093001612928, 902657.212008865899406 ] } },
{ "type": "Feature", "properties": { "category": "public_institution" }, "geometry": { "type": "Point", "coordinates": [ 233329.991026951756794, 896039.166551642701961 ] } },
{ "type": "Feature", "properties": { "category": "public_institution" }, "geometry": { "type": "Point", "coordinates": [ 237723.373741610703291, 914666.937052658759058 ] } },
{ "type": "Feature", "properties": { "category": "public_institution" }, "geometry": { "type": "Point", "coordinates": [ 227216.188638321647886, 898354.454026760067791 ] } },
{ "type": "Feature", "properties": { "category": "public_institution" }, "geometry": { "type": "Point", "coordinates": [ 235974.064851907838602, 898703.947367858258076 ] } },
{ "type": "Feature", "properties": { "category": "public_institution" }, "geometry": { "type": "Point", "coordinates": [ 231598.654549171274994, 902383.582787104533054 ] } },
{ "type": "Feature", "properties": { "category": "public_institution" }, "geometry": { "type": "Point", "coordinates": [ 231260.285309850412887, 898237.316113685723394 ] } },
{ "type": "Feature", "properties": { "category": "public_institution" }, "geometry": { "type": "Point", "coordinates": [ 235962.851301729446277, 901345.657479844521731 ] } },
{ "type": "Feature", "properties": { "category": "public_institution" }, "geometry": { "type": "Point", "coordinates": [ 231365.8305590042728, 889477.751423059264198 ] } },
{ "type": "Feature", "properties": { "category": "public_institution" }, "geometry": { "type": "Point", "coordinates": [ 242444.833022793580312, 903143.093311265925877 ] } },
{ "type": "Feature", "properties": { "category": "public_institution" }, "geometry": { "type": "Point", "coordinates": [ 242835.834822027565679, 903580.897728696581908 ] } },
{ "type": "Feature", "properties": { "category": "public_institution" }, "geometry": { "type": "Point", "coordinates": [ 238856.817556432797574, 902892.618511623004451 ] } },
{ "type": "Feature", "properties": { "category": "public_institution" }, "geometry": { "type": "Point", "coordinates": [ 236098.879031985416077, 903088.843090189038776 ] } },
{ "type": "Feature", "properties": { "category": "public_institution" }, "geometry": { "type": "Point", "coordinates": [ 237867.999061822571093, 911483.683602227945812 ] } },
{ "type": "Feature", "properties": { "category": "public_institution" }, "geometry": { "type": "Point", "coordinates": [ 233111.115933742141351, 898051.18297664320562 ] } },
{ "type": "Feature", "properties": { "category": "public_institution" }, "geometry": { "type": "Point", "coordinates": [ 235988.433914676279528, 901722.788260688772425 ] } },
{ "type": "Feature", "properties": { "category": "public_institution" }, "geometry": { "type": "Point", "coordinates": [ 235938.875845136091812, 900959.760136800818145 ] } },
{ "type": "Feature", "properties": { "category": "public_institution" }, "geometry": { "type": "Point", "coordinates": [ 234310.868925101065543, 906059.906387278344482 ] } },
{ "type": "Feature", "properties": { "category": "public_institution" }, "geometry": { "type": "Point", "coordinates": [ 242846.444157146150246, 911351.029620399698615 ] } },
{ "type": "Feature", "properties": { "category": "public_institution" }, "geometry": { "type": "Point", "coordinates": [ 235166.743615932064131, 908630.412807648070157 ] } },
{ "type": "Feature", "properties": { "category": "public_institution" }, "geometry": { "type": "Point", "coordinates": [ 234098.650976893230109, 900051.635389269562438 ] } },
{ "type": "Feature", "properties": { "category": "public_institution" }, "geometry": { "type": "Point", "coordinates": [ 236655.057282971247332, 906524.95668850664515 ] } },
{ "type": "Feature", "properties": { "category": "public_institution" }, "geometry": { "type": "Point", "coordinates": [ 232443.365631174528971, 907594.475774412276223 ] } },
{ "type": "Feature", "properties": { "category": "public_institution" }, "geometry": { "type": "Point", "coordinates": [ 226361.319256030867109, 902067.84438475756906 ] } },
{ "type": "Feature", "properties": { "category": "public_institution" }, "geometry": { "type": "Point", "coordinates": [ 236027.058333984954515, 900181.998531230259687 ] } },
{ "type": "Feature", "properties": { "category": "public_institution" }, "geometry": { "type": "Point", "coordinates": [ 236655.057282971247332, 906524.95668850664515 ] } },
{ "type": "Feature", "properties": { "category": "public_institution" }, "geometry": { "type": "Point", "coordinates": [ 236887.865275896008825, 906616.372553541208617 ] } },
{ "type": "Feature", "properties": { "category": "public_institution" }, "geometry": { "type": "Point", "coordinates": [ 231161.646815419720951, 890678.681970430305228 ] } },
{ "type": "Feature", "properties": { "category": "public_institution" }, "geometry": { "type": "Point", "coordinates": [ 231129.229751554608811, 902388.818237381987274 ] } },
{ "type": "Feature", "properties": { "category": "public_institution" }, "geometry": { "type": "Point", "coordinates": [ 235908.305317959137028, 900316.128377425950021 ] } },
{ "type": "Feature", "properties": { "category": "public_institution" }, "geometry": { "type": "Point", "coordinates": [ 240905.82636967979488, 889053.991845959913917 ] } },
{ "type": "Feature", "properties": { "category": "public_institution" }, "geometry": { "type": "Point", "coordinates": [ 235463.213980218075449, 888561.502628546906635 ] } },
{ "type": "Feature", "properties": { "category": "public_institution" }, "geometry": { "type": "Point", "coordinates": [ 235600.139611323713325, 902873.693356236442924 ] } },
{ "type": "Feature", "properties": { "category": "public_institution" }, "geometry": { "type": "Point", "coordinates": [ 235908.305317959137028, 900316.128377425950021 ] } },
{ "type": "Feature", "properties": { "category": "public_institution" }, "geometry": { "type": "Point", "coordinates": [ 225863.063441994512687, 900771.716402884456329 ] } },
{ "type": "Feature", "properties": { "category": "public_institution" }, "geometry": { "type": "Point", "coordinates": [ 235983.775023942580447, 901651.341021170257591 ] } },
{ "type": "Feature", "properties": { "category": "public_institution" }, "geometry": { "type": "Point", "coordinates": [ 238423.002211444749264, 904898.874834783142433 ] } },
{ "type": "Feature", "properties": { "category": "public_institution" }, "geometry": { "type": "Point", "coordinates": [ 237973.548460079910001, 896066.820106044993736 ] } },
{ "type": "Feature", "properties": { "category": "public_institution" }, "geometry": { "type": "Point", "coordinates": [ 226749.68638006033143, 888803.572507706587203 ] } },
{ "type": "Feature", "properties": { "category": "public_institution" }, "geometry": { "type": "Point", "coordinates": [ 232427.518792403512634, 904020.879056358127855 ] } },
{ "type": "Feature", "properties": { "category": "public_institution" }, "geometry": { "type": "Point", "coordinates": [ 236859.569377734151203, 900413.359421412693337 ] } },
{ "type": "Feature", "properties": { "category": "public_institution" }, "geometry": { "type": "Point", "coordinates": [ 236464.926855978963431, 901174.963048377074301 ] } },
{ "type": "Feature", "properties": { "category": "public_institution" }, "geometry": { "type": "Point", "coordinates": [ 236655.057282971247332, 906524.95668850664515 ] } },
{ "type": "Feature", "properties": { "category": "public_institution" }, "geometry": { "type": "Point", "coordinates": [ 222427.981033384829061, 899947.49455450871028 ] } },
{ "type": "Feature", "properties": { "category": "public_institution" }, "geometry": { "type": "Point", "coordinates": [ 236035.421995198383229, 902486.804493993753567 ] } },
{ "type": "Feature", "properties": { "category": "public_institution" }, "geometry": { "type": "Point", "coordinates": [ 225742.81401722249575, 901977.355167195433751 ] } },
{ "type": "Feature", "properties": { "category": "public_institution" }, "geometry": { "type": "Point", "coordinates": [ 233214.198784281412372, 897061.082559850648977 ] } },
{ "type": "Feature", "properties": { "category": "public_institution" }, "geometry": { "type": "Point", "coordinates": [ 221060.89571734063793, 903497.519718157942407 ] } },
{ "type": "Feature", "properties": { "category": "public_institution" }, "geometry": { "type": "Point", "coordinates": [ 226975.181555872550234, 904949.875151576241478 ] } },
{ "type": "Feature", "properties": { "category": "public_institution" }, "geometry": { "type": "Point", "coordinates": [ 236376.6537580350996, 900085.273237203713506 ] } },
{ "type": "Feature", "properties": { "category": "public_institution" }, "geometry": { "type": "Point", "coordinates": [ 235839.097896728577325, 908319.901740051689558 ] } },
{ "type": "Feature", "properties": { "category": "public_institution" }, "geometry": { "type": "Point", "coordinates": [ 236464.926855978963431, 901174.963048377074301 ] } },
{ "type": "Feature", "properties": { "category": "public_institution" }, "geometry": { "type": "Point", "coordinates": [ 235938.875845136091812, 900959.760136800818145 ] } },
{ "type": "Feature", "properties": { "category": "public_institution" }, "geometry": { "type": "Point", "coordinates": [ 234677.813234310684493, 889378.438281930051744 ] } },
{ "type": "Feature", "properties": { "category": "public_institution" }, "geometry": { "type": "Point", "coordinates": [ 235988.433914676279528, 901722.788260688772425 ] } },
{ "type": "Feature", "properties": { "category": "public_institution" }, "geometry": { "type": "Point", "coordinates": [ 235205.060432363854488, 898219.0878183292225 ] } },
{ "type": "Feature", "properties": { "category": "public_institution" }, "geometry": { "type": "Point", "coordinates": [ 236250.859357658075169, 901598.507727546500973 ] } },
{ "type": "Feature", "properties": { "category": "public_institution" }, "geometry": { "type": "Point", "coordinates": [ 233750.490105305012548, 897745.095400017686188 ] } },
{ "type": "Feature", "properties": { "category": "public_institution" }, "geometry": { "type": "Point", "coordinates": [ 228277.945328389148926, 907306.872057893662713 ] } },
{ "type": "Feature", "properties": { "category": "public_institution" }, "geometry": { "type": "Point", "coordinates": [ 232132.133303202950628, 907566.94064966449514 ] } },
{ "type": "Feature", "properties": { "category": "public_institution" }, "geometry": { "type": "Point", "coordinates": [ 236464.926855978963431, 901174.963048377074301 ] } },
{ "type": "Feature", "properties": { "category": "public_institution" }, "geometry": { "type": "Point", "coordinates": [ 225742.81401722249575, 901977.355167195433751 ] } },
{ "type": "Feature", "properties": { "category": "public_institution" }, "geometry": { "type": "Point", "coordinates": [ 232911.6313656977145, 901665.82553957705386 ] } },
{ "type": "Feature", "properties": { "category": "public_institution" }, "geometry": { "type": "Point", "coordinates": [ 232443.365631174528971, 907594.475774412276223 ] } },
{ "type": "Feature", "properties": { "category": "public_institution" }, "geometry": { "type": "Point", "coordinates": [ 237824.178548934112769, 904820.090221309103072 ] } },
{ "type": "Feature", "properties": { "category": "public_institution" }, "geometry": { "type": "Point", "coordinates": [ 237318.072400216042297, 900489.757389680715278 ] } },
{ "type": "Feature", "properties": { "category": "public_institution" }, "geometry": { "type": "Point", "coordinates": [ 231055.228804344253149, 905153.677844407735392 ] } },
{ "type": "Feature", "properties": { "category": "public_institution" }, "geometry": { "type": "Point", "coordinates": [ 235938.875845136091812, 900959.760136800818145 ] } },
{ "type": "Feature", "properties": { "category": "public_institution" }, "geometry": { "type": "Point", "coordinates": [ 233694.878065966709983, 903153.100349664338864 ] } },
{ "type": "Feature", "properties": { "category": "public_institution" }, "geometry": { "type": "Point", "coordinates": [ 243769.743934976839228, 900760.690582334762439 ] } },
{ "type": "Feature", "properties": { "category": "public_institution" }, "geometry": { "type": "Point", "coordinates": [ 236053.506872703961562, 901081.08936908445321 ] } },
{ "type": "Feature", "properties": { "category": "public_institution" }, "geometry": { "type": "Point", "coordinates": [ 236464.926855978963431, 901174.963048377074301 ] } },
{ "type": "Feature", "properties": { "category": "public_institution" }, "geometry": { "type": "Point", "coordinates": [ 238874.088600782706635, 903120.314704971970059 ] } },
{ "type": "Feature", "properties": { "category": "public_institution" }, "geometry": { "type": "Point", "coordinates": [ 236457.695274272118695, 900980.98290093941614 ] } },
{ "type": "Feature", "properties": { "category": "public_institution" }, "geometry": { "type": "Point", "coordinates": [ 244484.786920845857821, 889326.845256563159637 ] } },
{ "type": "Feature", "properties": { "category": "public_institution" }, "geometry": { "type": "Point", "coordinates": [ 233977.606859723600792, 906114.936226206598803 ] } },
{ "type": "Feature", "properties": { "category": "public_institution" }, "geometry": { "type": "Point", "coordinates": [ 236464.926855978963431, 901174.963048377074301 ] } },
{ "type": "Feature", "properties": { "category": "public_institution" }, "geometry": { "type": "Point", "coordinates": [ 224001.895986711664591, 898585.779974044766277 ] } },
{ "type": "Feature", "properties": { "category": "public_institution" }, "geometry": { "type": "Point", "coordinates": [ 236530.586515026167035, 900588.144681349163875 ] } },
{ "type": "Feature", "properties": { "category": "public_institution" }, "geometry": { "type": "Point", "coordinates": [ 221645.115334682341199, 893053.976902189431712 ] } },
{ "type": "Feature", "properties": { "category": "public_institution" }, "geometry": { "type": "Point", "coordinates": [ 234677.813234310684493, 889378.438281930051744 ] } },
{ "type": "Feature", "properties": { "category": "public_institution" }, "geometry": { "type": "Point", "coordinates": [ 235642.950988301075995, 911518.014769515022635 ] } },
{ "type": "Feature", "properties": { "category": "public_institution" }, "geometry": { "type": "Point", "coordinates": [ 226955.244667009217665, 888482.905601418460719 ] } },
{ "type": "Feature", "properties": { "category": "public_institution" }, "geometry": { "type": "Point", "coordinates": [ 232028.789022429060424, 900969.50768093415536 ] } },
{ "type": "Feature", "properties": { "category": "public_institution" }, "geometry": { "type": "Point", "coordinates": [ 241180.495186705957167, 905807.583245259942487 ] } },
{ "type": "Feature", "properties": { "category": "public_institution" }, "geometry": { "type": "Point", "coordinates": [ 232875.488459812098881, 902629.81522927840706 ] } },
{ "type": "Feature", "properties": { "category": "public_institution" }, "geometry": { "type": "Point", "coordinates": [ 235704.463939476147061, 900204.122823690762743 ] } },
{ "type": "Feature", "properties": { "category": "public_institution" }, "geometry": { "type": "Point", "coordinates": [ 226727.581691681902157, 888648.316744423238561 ] } },
{ "type": "Feature", "properties": { "category": "public_institution" }, "geometry": { "type": "Point", "coordinates": [ 241079.051464015676174, 888472.628707570256665 ] } },
{ "type": "Feature", "properties": { "category": "public_institution" }, "geometry": { "type": "Point", "coordinates": [ 242444.833022793580312, 903143.093311265925877 ] } },
{ "type": "Feature", "properties": { "category": "public_institution" }, "geometry": { "type": "Point", "coordinates": [ 236746.668391439074185, 892974.030834869481623 ] } },
{ "type": "Feature", "properties": { "category": "public_institution" }, "geometry": { "type": "Point", "coordinates": [ 231295.358057932404336, 902703.796523532946594 ] } },
{ "type": "Feature", "properties": { "category": "public_institution" }, "geometry": { "type": "Point", "coordinates": [ 231096.178943593899021, 904812.069767229259014 ] } },
{ "type": "Feature", "properties": { "category": "public_institution" }, "geometry": { "type": "Point", "coordinates": [ 230565.311973898671567, 905237.392292818753049 ] } },
{ "type": "Feature", "properties": { "category": "public_institution" }, "geometry": { "type": "Point", "coordinates": [ 232481.213381046429276, 901918.080324811977334 ] } },
{ "type": "Feature", "properties": { "category": "public_institution" }, "geometry": { "type": "Point", "coordinates": [ 237242.488895522983512, 900154.011491467012092 ] } },
{ "type": "Feature", "properties": { "category": "public_institution" }, "geometry": { "type": "Point", "coordinates": [ 231647.848282886436209, 903219.779322265414521 ] } },
{ "type": "Feature", "properties": { "category": "public_institution" }, "geometry": { "type": "Point", "coordinates": [ 221931.3624235552561, 898637.996567365480587 ] } },
{ "type": "Feature", "properties": { "category": "public_institution" }, "geometry": { "type": "Point", "coordinates": [ 236446.713348378892988, 900938.160815313225612 ] } },
{ "type": "Feature", "properties": { "category": "public_institution" }, "geometry": { "type": "Point", "coordinates": [ 233119.36944586361642, 898048.667078740196303 ] } },
{ "type": "Feature", "properties": { "category": "public_institution" }, "geometry": { "type": "Point", "coordinates": [ 233560.385515627800487, 896286.408930924953893 ] } },
{ "type": "Feature", "properties": { "category": "public_institution" }, "geometry": { "type": "Point", "coordinates": [ 232130.841614524397301, 897440.707965009729378 ] } },
{ "type": "Feature", "properties": { "category": "public_institution" }, "geometry": { "type": "Point", "coordinates": [ 245067.020664262934588, 912837.217657217988744 ] } },
{ "type": "Feature", "properties": { "category": "public_institution" }, "geometry": { "type": "Point", "coordinates": [ 227626.403279696969548, 907744.928768008714542 ] } },
{ "type": "Feature", "properties": { "category": "public_institution" }, "geometry": { "type": "Point", "coordinates": [ 234076.561365497589577, 900189.264776934403926 ] } },
{ "type": "Feature", "properties": { "category": "public_institution" }, "geometry": { "type": "Point", "coordinates": [ 227163.542526603851002, 888355.414713259204291 ] } },
{ "type": "Feature", "properties": { "category": "public_institution" }, "geometry": { "type": "Point", "coordinates": [ 224721.111599888536148, 900920.226515066577122 ] } },
{ "type": "Feature", "properties": { "category": "public_institution" }, "geometry": { "type": "Point", "coordinates": [ 236216.184350345516577, 900686.487606751383282 ] } },
{ "type": "Feature", "properties": { "category": "public_institution" }, "geometry": { "type": "Point", "coordinates": [ 236405.595111258677207, 901194.316243803361431 ] } },
{ "type": "Feature", "properties": { "category": "public_institution" }, "geometry": { "type": "Point", "coordinates": [ 241191.424018217658158, 888901.372648441232741 ] } },
{ "type": "Feature", "properties": { "category": "public_institution" }, "geometry": { "type": "Point", "coordinates": [ 222944.690729074092815, 891198.4701694319956 ] } },
{ "type": "Feature", "properties": { "category": "public_institution" }, "geometry": { "type": "Point", "coordinates": [ 222427.981033384829061, 899947.49455450871028 ] } },
{ "type": "Feature", "properties": { "category": "public_institution" }, "geometry": { "type": "Point", "coordinates": [ 235938.875845136091812, 900959.760136800818145 ] } },
{ "type": "Feature", "properties": { "category": "public_institution" }, "geometry": { "type": "Point", "coordinates": [ 235477.529311437654542, 898005.744833155535161 ] } },
{ "type": "Feature", "properties": { "category": "public_institution" }, "geometry": { "type": "Point", "coordinates": [ 232443.365631174528971, 907594.475774412276223 ] } },
{ "type": "Feature", "properties": { "category": "public_institution" }, "geometry": { "type": "Point", "coordinates": [ 226727.581691681902157, 888648.316744423238561 ] } },
{ "type": "Feature", "properties": { "category": "public_institution" }, "geometry": { "type": "Point", "coordinates": [ 240905.82636967979488, 889053.991845959913917 ] } },
{ "type": "Feature", "properties": { "category": "public_institution" }, "geometry": { "type": "Point", "coordinates": [ 226570.391206938249525, 905175.709601056296378 ] } },
{ "type": "Feature", "properties": { "category": "public_institution" }, "geometry": { "type": "Point", "coordinates": [ 236053.506872703961562, 901081.08936908445321 ] } },
{ "type": "Feature", "properties": { "category": "public_institution" }, "geometry": { "type": "Point", "coordinates": [ 226887.687475827464368, 907543.673208326101303 ] } },
{ "type": "Feature", "properties": { "category": "public_institution" }, "geometry": { "type": "Point", "coordinates": [ 226810.188110200047959, 888778.921883427072316 ] } },
{ "type": "Feature", "properties": { "category": "public_institution" }, "geometry": { "type": "Point", "coordinates": [ 226749.68638006033143, 888803.572507706587203 ] } },
{ "type": "Feature", "properties": { "category": "public_institution" }, "geometry": { "type": "Point", "coordinates": [ 228998.720002753834706, 892989.031441301107407 ] } },
{ "type": "Feature", "properties": { "category": "public_institution" }, "geometry": { "type": "Point", "coordinates": [ 235463.213980218075449, 888561.502628546906635 ] } },
{ "type": "Feature", "properties": { "category": "public_institution" }, "geometry": { "type": "Point", "coordinates": [ 234118.174804510956164, 899492.231390897301026 ] } },
{ "type": "Feature", "properties": { "category": "public_institution" }, "geometry": { "type": "Point", "coordinates": [ 228441.314712619408965, 909320.40112972795032 ] } },
{ "type": "Feature", "properties": { "category": "public_institution" }, "geometry": { "type": "Point", "coordinates": [ 227626.403279696969548, 907744.928768008714542 ] } },
{ "type": "Feature", "properties": { "category": "public_institution" }, "geometry": { "type": "Point", "coordinates": [ 245321.887618853710592, 912864.186349101597443 ] } },
{ "type": "Feature", "properties": { "category": "public_institution" }, "geometry": { "type": "Point", "coordinates": [ 236888.942158676392864, 906223.378877037204802 ] } },
{ "type": "Feature", "properties": { "category": "public_institution" }, "geometry": { "type": "Point", "coordinates": [ 235333.795409154554363, 893805.197995680267923 ] } },
{ "type": "Feature", "properties": { "category": "public_institution" }, "geometry": { "type": "Point", "coordinates": [ 236315.712041449005483, 894654.382507930509746 ] } },
{ "type": "Feature", "properties": { "category": "public_institution" }, "geometry": { "type": "Point", "coordinates": [ 222250.83354238542961, 902965.460051228990778 ] } },
{ "type": "Feature", "properties": { "category": "public_institution" }, "geometry": { "type": "Point", "coordinates": [ 234786.802038727211766, 900200.964406938059255 ] } },
{ "type": "Feature", "properties": { "category": "public_institution" }, "geometry": { "type": "Point", "coordinates": [ 240993.648352356773103, 889192.681522697675973 ] } },
{ "type": "Feature", "properties": { "category": "public_institution" }, "geometry": { "type": "Point", "coordinates": [ 239074.182846531213727, 898771.037756305187941 ] } },
{ "type": "Feature", "properties": { "category": "public_institution" }, "geometry": { "type": "Point", "coordinates": [ 231446.448391399171669, 895217.07624005060643 ] } },
{ "type": "Feature", "properties": { "category": "public_institution" }, "geometry": { "type": "Point", "coordinates": [ 232900.946107456024038, 899989.276457427302375 ] } },
{ "type": "Feature", "properties": { "category": "public_institution" }, "geometry": { "type": "Point", "coordinates": [ 235665.957391875766916, 897579.050077829393558 ] } },
{ "type": "Feature", "properties": { "category": "public_institution" }, "geometry": { "type": "Point", "coordinates": [ 225122.674752161285141, 897799.051427762024105 ] } },
{ "type": "Feature", "properties": { "category": "public_institution" }, "geometry": { "type": "Point", "coordinates": [ 236136.978382436733227, 901029.311393872951157 ] } },
{ "type": "Feature", "properties": { "category": "public_institution" }, "geometry": { "type": "Point", "coordinates": [ 235988.433914676279528, 901722.788260688772425 ] } },
{ "type": "Feature", "properties": { "category": "public_institution" }, "geometry": { "type": "Point", "coordinates": [ 240200.470257223350927, 903493.230289804749191 ] } },
{ "type": "Feature", "properties": { "category": "public_institution" }, "geometry": { "type": "Point", "coordinates": [ 225742.81401722249575, 901977.355167195433751 ] } },
{ "type": "Feature", "properties": { "category": "public_institution" }, "geometry": { "type": "Point", "coordinates": [ 235877.939556239754893, 899582.747723571374081 ] } },
{ "type": "Feature", "properties": { "category": "public_institution" }, "geometry": { "type": "Point", "coordinates": [ 233604.835416561807506, 893884.586800404591486 ] } },
{ "type": "Feature", "properties": { "category": "public_institution" }, "geometry": { "type": "Point", "coordinates": [ 238531.556223291030619, 904892.693755061365664 ] } },
{ "type": "Feature", "properties": { "category": "public_institution" }, "geometry": { "type": "Point", "coordinates": [ 241242.325879490352236, 905764.95826758723706 ] } },
{ "type": "Feature", "properties": { "category": "public_institution" }, "geometry": { "type": "Point", "coordinates": [ 236091.482505396183114, 902989.611837767995894 ] } },
{ "type": "Feature", "properties": { "category": "public_institution" }, "geometry": { "type": "Point", "coordinates": [ 232507.941822563501773, 901606.74095187918283 ] } },
{ "type": "Feature", "properties": { "category": "public_institution" }, "geometry": { "type": "Point", "coordinates": [ 235704.463939476147061, 900204.122823690762743 ] } },
{ "type": "Feature", "properties": { "category": "public_institution" }, "geometry": { "type": "Point", "coordinates": [ 236100.369621927762637, 893619.371633796952665 ] } },
{ "type": "Feature", "properties": { "category": "public_institution" }, "geometry": { "type": "Point", "coordinates": [ 234735.426894184784032, 899309.866172390058637 ] } },
{ "type": "Feature", "properties": { "category": "public_institution" }, "geometry": { "type": "Point", "coordinates": [ 233452.320528531214222, 891550.592257810058072 ] } },
{ "type": "Feature", "properties": { "category": "public_institution" }, "geometry": { "type": "Point", "coordinates": [ 232660.511079391115345, 902242.260123196989298 ] } },
{ "type": "Feature", "properties": { "category": "public_institution" }, "geometry": { "type": "Point", "coordinates": [ 230959.056319024239201, 889563.811059117782861 ] } },
{ "type": "Feature", "properties": { "category": "public_institution" }, "geometry": { "type": "Point", "coordinates": [ 235704.463939476147061, 900204.122823690762743 ] } },
{ "type": "Feature", "properties": { "category": "public_institution" }, "geometry": { "type": "Point", "coordinates": [ 235250.304787603759905, 903868.415961125167087 ] } },
{ "type": "Feature", "properties": { "category": "public_institution" }, "geometry": { "type": "Point", "coordinates": [ 236173.501899328752188, 901327.855497882352211 ] } },
{ "type": "Feature", "properties": { "category": "public_institution" }, "geometry": { "type": "Point", "coordinates": [ 237692.8415150535875, 899555.702315018163063 ] } },
{ "type": "Feature", "properties": { "category": "public_institution" }, "geometry": { "type": "Point", "coordinates": [ 231733.292330627416959, 902827.836130475159734 ] } },
{ "type": "Feature", "properties": { "category": "public_institution" }, "geometry": { "type": "Point", "coordinates": [ 231805.727808836381882, 907763.286698031704873 ] } },
{ "type": "Feature", "properties": { "category": "public_institution" }, "geometry": { "type": "Point", "coordinates": [ 236630.988404941628687, 900324.8567947645206 ] } },
{ "type": "Feature", "properties": { "category": "public_institution" }, "geometry": { "type": "Point", "coordinates": [ 236332.948348832927877, 901860.965651686885394 ] } },
{ "type": "Feature", "properties": { "category": "public_institution" }, "geometry": { "type": "Point", "coordinates": [ 225742.81401722249575, 901977.355167195433751 ] } },
{ "type": "Feature", "properties": { "category": "public_institution" }, "geometry": { "type": "Point", "coordinates": [ 232921.69658543317928, 903771.473854489973746 ] } },
{ "type": "Feature", "properties": { "category": "public_institution" }, "geometry": { "type": "Point", "coordinates": [ 236200.414415955950972, 901300.779922875226475 ] } },
{ "type": "Feature", "properties": { "category": "public_institution" }, "geometry": { "type": "Point", "coordinates": [ 220647.299221298890188, 899582.148045729962178 ] } },
{ "type": "Feature", "properties": { "category": "public_institution" }, "geometry": { "type": "Point", "coordinates": [ 232141.659253971709404, 889802.037827503285371 ] } },
{ "type": "Feature", "properties": { "category": "public_institution" }, "geometry": { "type": "Point", "coordinates": [ 236052.824730660009664, 901069.533734648488462 ] } },
{ "type": "Feature", "properties": { "category": "public_institution" }, "geometry": { "type": "Point", "coordinates": [ 228396.456787338713184, 899731.815158003009856 ] } },
{ "type": "Feature", "properties": { "category": "public_institution" }, "geometry": { "type": "Point", "coordinates": [ 238014.800115050806198, 898469.539233147748746 ] } },
{ "type": "Feature", "properties": { "category": "public_institution" }, "geometry": { "type": "Point", "coordinates": [ 236464.926855978963431, 901174.963048377074301 ] } },
{ "type": "Feature", "properties": { "category": "public_institution" }, "geometry": { "type": "Point", "coordinates": [ 236655.057282971247332, 906524.95668850664515 ] } },
{ "type": "Feature", "properties": { "category": "public_institution" }, "geometry": { "type": "Point", "coordinates": [ 240905.82636967979488, 889053.991845959913917 ] } },
{ "type": "Feature", "properties": { "category": "public_institution" }, "geometry": { "type": "Point", "coordinates": [ 234824.519074232841376, 908226.042135804425925 ] } },
{ "type": "Feature", "properties": { "category": "public_institution" }, "geometry": { "type": "Point", "coordinates": [ 233201.899845511303283, 900710.809452674235217 ] } },
{ "type": "Feature", "properties": { "category": "public_institution" }, "geometry": { "type": "Point", "coordinates": [ 232241.195226869051112, 903781.868840013747104 ] } },
{ "type": "Feature", "properties": { "category": "public_institution" }, "geometry": { "type": "Point", "coordinates": [ 231213.806698005122598, 897902.545064798789099 ] } },
{ "type": "Feature", "properties": { "category": "public_institution" }, "geometry": { "type": "Point", "coordinates": [ 235938.875845136091812, 900959.760136800818145 ] } },
{ "type": "Feature", "properties": { "category": "public_institution" }, "geometry": { "type": "Point", "coordinates": [ 231309.709888676356059, 902736.073161018895917 ] } },
{ "type": "Feature", "properties": { "category": "public_institution" }, "geometry": { "type": "Point", "coordinates": [ 238311.855485637148377, 902708.233597259270027 ] } },
{ "type": "Feature", "properties": { "category": "public_institution" }, "geometry": { "type": "Point", "coordinates": [ 234933.390116861584829, 900115.384014359558932 ] } },
{ "type": "Feature", "properties": { "category": "public_institution" }, "geometry": { "type": "Point", "coordinates": [ 221633.472173887916142, 902673.285693060839549 ] } },
{ "type": "Feature", "properties": { "category": "public_institution" }, "geometry": { "type": "Point", "coordinates": [ 231416.456151500344276, 902918.940242286305875 ] } },
{ "type": "Feature", "properties": { "category": "public_institution" }, "geometry": { "type": "Point", "coordinates": [ 240071.527797361544799, 906490.527954555582255 ] } },
{ "type": "Feature", "properties": { "category": "public_institution" }, "geometry": { "type": "Point", "coordinates": [ 234088.875127815932501, 901947.579133164603263 ] } },
{ "type": "Feature", "properties": { "category": "public_institution" }, "geometry": { "type": "Point", "coordinates": [ 236270.7722319153836, 901044.218759360839613 ] } },
{ "type": "Feature", "properties": { "category": "public_institution" }, "geometry": { "type": "Point", "coordinates": [ 227857.705789993429789, 904665.849350098171271 ] } },
{ "type": "Feature", "properties": { "category": "public_institution" }, "geometry": { "type": "Point", "coordinates": [ 242444.833022793580312, 903143.093311265925877 ] } },
{ "type": "Feature", "properties": { "category": "public_institution" }, "geometry": { "type": "Point", "coordinates": [ 235333.795409154554363, 893805.197995680267923 ] } },
{ "type": "Feature", "properties": { "category": "public_institution" }, "geometry": { "type": "Point", "coordinates": [ 234946.209903136477806, 900122.112426794948988 ] } },
{ "type": "Feature", "properties": { "category": "public_institution" }, "geometry": { "type": "Point", "coordinates": [ 231666.78532522986643, 902544.841868741437793 ] } },
{ "type": "Feature", "properties": { "category": "public_institution" }, "geometry": { "type": "Point", "coordinates": [ 231311.683954134670785, 901794.139422018430196 ] } },
{ "type": "Feature", "properties": { "category": "public_institution" }, "geometry": { "type": "Point", "coordinates": [ 227132.479315546748694, 886264.756620827130973 ] } },
{ "type": "Feature", "properties": { "category": "public_institution" }, "geometry": { "type": "Point", "coordinates": [ 236052.824730660009664, 901069.533734648488462 ] } },
{ "type": "Feature", "properties": { "category": "public_institution" }, "geometry": { "type": "Point", "coordinates": [ 225742.81401722249575, 901977.355167195433751 ] } },
{ "type": "Feature", "properties": { "category": "public_institution" }, "geometry": { "type": "Point", "coordinates": [ 230973.555167031125166, 898726.119764110422693 ] } },
{ "type": "Feature", "properties": { "category": "public_institution" }, "geometry": { "type": "Point", "coordinates": [ 231465.038746528356569, 902516.499051909311675 ] } },
{ "type": "Feature", "properties": { "category": "public_institution" }, "geometry": { "type": "Point", "coordinates": [ 232443.365631174528971, 907594.475774412276223 ] } },
{ "type": "Feature", "properties": { "category": "public_institution" }, "geometry": { "type": "Point", "coordinates": [ 234538.099971743300557, 895344.989924679626711 ] } },
{ "type": "Feature", "properties": { "category": "public_institution" }, "geometry": { "type": "Point", "coordinates": [ 237439.695462420175318, 898367.260111078503542 ] } },
{ "type": "Feature", "properties": { "category": "public_institution" }, "geometry": { "type": "Point", "coordinates": [ 244707.652951058116741, 911720.657872215844691 ] } },
{ "type": "Feature", "properties": { "category": "public_institution" }, "geometry": { "type": "Point", "coordinates": [ 243398.103114008205011, 911415.848067558836192 ] } },
{ "type": "Feature", "properties": { "category": "public_institution" }, "geometry": { "type": "Point", "coordinates": [ 240350.016296365676681, 891230.100602755555883 ] } },
{ "type": "Feature", "properties": { "category": "public_institution" }, "geometry": { "type": "Point", "coordinates": [ 232481.213381046429276, 901918.080324811977334 ] } },
{ "type": "Feature", "properties": { "category": "public_institution" }, "geometry": { "type": "Point", "coordinates": [ 236488.79895735665923, 900861.179875898291357 ] } },
{ "type": "Feature", "properties": { "category": "public_institution" }, "geometry": { "type": "Point", "coordinates": [ 239539.268551034387201, 887933.424157524365 ] } },
{ "type": "Feature", "properties": { "category": "public_institution" }, "geometry": { "type": "Point", "coordinates": [ 241104.117329243832501, 889253.862305259215645 ] } },
{ "type": "Feature", "properties": { "category": "public_institution" }, "geometry": { "type": "Point", "coordinates": [ 232151.68738163850503, 902521.052051034988835 ] } },
{ "type": "Feature", "properties": { "category": "public_institution" }, "geometry": { "type": "Point", "coordinates": [ 241738.43076714759809, 889758.771513274055906 ] } },
{ "type": "Feature", "properties": { "category": "public_institution" }, "geometry": { "type": "Point", "coordinates": [ 234618.724754791590385, 898845.652220933814533 ] } },
{ "type": "Feature", "properties": { "category": "public_institution" }, "geometry": { "type": "Point", "coordinates": [ 234735.866328169649933, 903070.418753505218774 ] } },
{ "type": "Feature", "properties": { "category": "public_institution" }, "geometry": { "type": "Point", "coordinates": [ 227103.628156513907015, 888376.288013638579287 ] } },
{ "type": "Feature", "properties": { "category": "public_institution" }, "geometry": { "type": "Point", "coordinates": [ 225122.010885566356592, 899483.530821474036202 ] } },
{ "type": "Feature", "properties": { "category": "public_institution" }, "geometry": { "type": "Point", "coordinates": [ 235666.030578805541154, 900974.698433176614344 ] } },
{ "type": "Feature", "properties": { "category": "public_institution" }, "geometry": { "type": "Point", "coordinates": [ 236410.391548110201256, 900729.700907004531473 ] } },
{ "type": "Feature", "properties": { "category": "public_institution" }, "geometry": { "type": "Point", "coordinates": [ 235856.089469694590662, 900861.255188619950786 ] } },
{ "type": "Feature", "properties": { "category": "public_institution" }, "geometry": { "type": "Point", "coordinates": [ 235166.743615932064131, 908630.412807648070157 ] } },
{ "type": "Feature", "properties": { "category": "public_institution" }, "geometry": { "type": "Point", "coordinates": [ 236663.925591213366715, 900707.470597171224654 ] } },
{ "type": "Feature", "properties": { "category": "public_institution" }, "geometry": { "type": "Point", "coordinates": [ 236558.367168312892318, 900315.814532820950262 ] } },
{ "type": "Feature", "properties": { "category": "public_institution" }, "geometry": { "type": "Point", "coordinates": [ 237320.121784801769536, 907450.310596908675507 ] } },
{ "type": "Feature", "properties": { "category": "public_institution" }, "geometry": { "type": "Point", "coordinates": [ 232290.565065728267655, 901622.400275717722252 ] } },
{ "type": "Feature", "properties": { "category": "public_institution" }, "geometry": { "type": "Point", "coordinates": [ 236307.994051884452347, 906208.909586966270581 ] } },
{ "type": "Feature", "properties": { "category": "public_institution" }, "geometry": { "type": "Point", "coordinates": [ 228998.720002753834706, 892989.031441301107407 ] } },
{ "type": "Feature", "properties": { "category": "public_institution" }, "geometry": { "type": "Point", "coordinates": [ 225756.275610900222091, 901900.316577990655787 ] } },
{ "type": "Feature", "properties": { "category": "public_institution" }, "geometry": { "type": "Point", "coordinates": [ 236405.595111258677207, 901194.316243803361431 ] } },
{ "type": "Feature", "properties": { "category": "public_institution" }, "geometry": { "type": "Point", "coordinates": [ 224001.895986711664591, 898585.779974044766277 ] } },
{ "type": "Feature", "properties": { "category": "public_institution" }, "geometry": { "type": "Point", "coordinates": [ 236642.083858699770644, 901167.442707691108808 ] } },
{ "type": "Feature", "properties": { "category": "public_institution" }, "geometry": { "type": "Point", "coordinates": [ 230614.813550660095643, 904760.63593323668465 ] } },
{ "type": "Feature", "properties": { "category": "public_institution" }, "geometry": { "type": "Point", "coordinates": [ 234136.149583481950685, 901626.79259348323103 ] } },
{ "type": "Feature", "properties": { "category": "public_institution" }, "geometry": { "type": "Point", "coordinates": [ 235866.186911504890304, 901320.170781358261593 ] } },
{ "type": "Feature", "properties": { "category": "public_institution" }, "geometry": { "type": "Point", "coordinates": [ 235988.433914676279528, 901722.788260688772425 ] } },
{ "type": "Feature", "properties": { "category": "public_institution" }, "geometry": { "type": "Point", "coordinates": [ 231260.285309850412887, 898237.316113685723394 ] } },
{ "type": "Feature", "properties": { "category": "public_institution" }, "geometry": { "type": "Point", "coordinates": [ 232657.320482031500433, 902202.146055583609268 ] } },
{ "type": "Feature", "properties": { "category": "public_institution" }, "geometry": { "type": "Point", "coordinates": [ 236052.824730660009664, 901069.533734648488462 ] } },
{ "type": "Feature", "properties": { "category": "public_institution" }, "geometry": { "type": "Point", "coordinates": [ 223302.308135446743108, 906089.388204435352236 ] } },
{ "type": "Feature", "properties": { "category": "public_institution" }, "geometry": { "type": "Point", "coordinates": [ 232738.142057410092093, 899015.031949160154909 ] } },
{ "type": "Feature", "properties": { "category": "public_institution" }, "geometry": { "type": "Point", "coordinates": [ 244932.180187446298078, 912805.13867568213027 ] } },
{ "type": "Feature", "properties": { "category": "public_institution" }, "geometry": { "type": "Point", "coordinates": [ 236851.453443483827868, 901992.072859789943323 ] } },
{ "type": "Feature", "properties": { "category": "public_institution" }, "geometry": { "type": "Point", "coordinates": [ 236351.849764910759404, 900898.23665071465075 ] } },
{ "type": "Feature", "properties": { "category": "public_institution" }, "geometry": { "type": "Point", "coordinates": [ 232657.320482031500433, 902202.146055583609268 ] } },
{ "type": "Feature", "properties": { "category": "public_institution" }, "geometry": { "type": "Point", "coordinates": [ 233480.733970476489048, 902638.116532206535339 ] } },
{ "type": "Feature", "properties": { "category": "public_institution" }, "geometry": { "type": "Point", "coordinates": [ 235968.864124281710247, 892984.006527372286655 ] } },
{ "type": "Feature", "properties": { "category": "public_institution" }, "geometry": { "type": "Point", "coordinates": [ 238423.002211444749264, 904898.874834783142433 ] } },
{ "type": "Feature", "properties": { "category": "public_institution" }, "geometry": { "type": "Point", "coordinates": [ 219504.796972659940366, 904469.956139000831172 ] } },
{ "type": "Feature", "properties": { "category": "public_institution" }, "geometry": { "type": "Point", "coordinates": [ 236087.510276116110617, 900940.638916349271312 ] } },
{ "type": "Feature", "properties": { "category": "public_institution" }, "geometry": { "type": "Point", "coordinates": [ 224813.652776371774962, 907508.821549336658791 ] } },
{ "type": "Feature", "properties": { "category": "public_institution" }, "geometry": { "type": "Point", "coordinates": [ 221777.081737180706114, 902948.202381833805703 ] } },
{ "type": "Feature", "properties": { "category": "public_institution" }, "geometry": { "type": "Point", "coordinates": [ 236303.020944849180523, 900941.304711925797164 ] } },
{ "type": "Feature", "properties": { "category": "public_institution" }, "geometry": { "type": "Point", "coordinates": [ 224016.385588234436, 900277.977248836075887 ] } },
{ "type": "Feature", "properties": { "category": "public_institution" }, "geometry": { "type": "Point", "coordinates": [ 223900.42804084517411, 903678.223002062179148 ] } },
{ "type": "Feature", "properties": { "category": "public_institution" }, "geometry": { "type": "Point", "coordinates": [ 234552.302746918518096, 899684.07308540516533 ] } },
{ "type": "Feature", "properties": { "category": "public_institution" }, "geometry": { "type": "Point", "coordinates": [ 221849.814276476681698, 891965.736704658949748 ] } },
{ "type": "Feature", "properties": { "category": "public_institution" }, "geometry": { "type": "Point", "coordinates": [ 235063.673755611700471, 899879.992314856965095 ] } },
{ "type": "Feature", "properties": { "category": "public_institution" }, "geometry": { "type": "Point", "coordinates": [ 228618.225454975909088, 907665.259403690928593 ] } },
{ "type": "Feature", "properties": { "category": "public_institution" }, "geometry": { "type": "Point", "coordinates": [ 235710.758041889377637, 897862.191781498491764 ] } },
{ "type": "Feature", "properties": { "category": "public_institution" }, "geometry": { "type": "Point", "coordinates": [ 226749.68638006033143, 888803.572507706587203 ] } },
{ "type": "Feature", "properties": { "category": "public_institution" }, "geometry": { "type": "Point", "coordinates": [ 236464.926855978963431, 901174.963048377074301 ] } },
{ "type": "Feature", "properties": { "category": "public_institution" }, "geometry": { "type": "Point", "coordinates": [ 234677.813234310684493, 889378.438281930051744 ] } },
{ "type": "Feature", "properties": { "category": "public_institution" }, "geometry": { "type": "Point", "coordinates": [ 235394.475422734481981, 900095.808791470830329 ] } },
{ "type": "Feature", "properties": { "category": "public_institution" }, "geometry": { "type": "Point", "coordinates": [ 236098.879031985416077, 903088.843090189038776 ] } },
{ "type": "Feature", "properties": { "category": "public_institution" }, "geometry": { "type": "Point", "coordinates": [ 235047.765034020325402, 898691.492214825120755 ] } },
{ "type": "Feature", "properties": { "category": "public_institution" }, "geometry": { "type": "Point", "coordinates": [ 241738.43076714759809, 889758.771513274055906 ] } },
{ "type": "Feature", "properties": { "category": "public_institution" }, "geometry": { "type": "Point", "coordinates": [ 245541.923867857141886, 912441.167677752557211 ] } },
{ "type": "Feature", "properties": { "category": "public_institution" }, "geometry": { "type": "Point", "coordinates": [ 235793.528927220118931, 911880.238020676886663 ] } },
{ "type": "Feature", "properties": { "category": "public_institution" }, "geometry": { "type": "Point", "coordinates": [ 219037.150135107949609, 902782.179408567491919 ] } },
{ "type": "Feature", "properties": { "category": "public_institution" }, "geometry": { "type": "Point", "coordinates": [ 228277.945328389148926, 907306.872057893662713 ] } },
{ "type": "Feature", "properties": { "category": "public_institution" }, "geometry": { "type": "Point", "coordinates": [ 231197.02489532387699, 898211.154083120985888 ] } },
{ "type": "Feature", "properties": { "category": "public_institution" }, "geometry": { "type": "Point", "coordinates": [ 227273.747880915558198, 896964.439248895738274 ] } },
{ "type": "Feature", "properties": { "category": "public_institution" }, "geometry": { "type": "Point", "coordinates": [ 220334.804716958402423, 905316.503877740236931 ] } },
{ "type": "Feature", "properties": { "category": "public_institution" }, "geometry": { "type": "Point", "coordinates": [ 234677.813234310684493, 889378.438281930051744 ] } },
{ "type": "Feature", "properties": { "category": "public_institution" }, "geometry": { "type": "Point", "coordinates": [ 226900.37646875003702, 888673.855777020915411 ] } },
{ "type": "Feature", "properties": { "category": "public_institution" }, "geometry": { "type": "Point", "coordinates": [ 223470.288800268026534, 896013.228907891782001 ] } },
{ "type": "Feature", "properties": { "category": "public_institution" }, "geometry": { "type": "Point", "coordinates": [ 229801.571709483367158, 901458.892288994626142 ] } },
{ "type": "Feature", "properties": { "category": "public_institution" }, "geometry": { "type": "Point", "coordinates": [ 232922.605594820226543, 894323.555938224773854 ] } },
{ "type": "Feature", "properties": { "category": "public_institution" }, "geometry": { "type": "Point", "coordinates": [ 231608.649007978936424, 889263.684580762172118 ] } },
{ "type": "Feature", "properties": { "category": "public_institution" }, "geometry": { "type": "Point", "coordinates": [ 235825.317277396272402, 901419.044091869029216 ] } },
{ "type": "Feature", "properties": { "category": "public_institution" }, "geometry": { "type": "Point", "coordinates": [ 237723.373741610703291, 914666.937052658759058 ] } },
{ "type": "Feature", "properties": { "category": "public_institution" }, "geometry": { "type": "Point", "coordinates": [ 236052.824730660009664, 901069.533734648488462 ] } },
{ "type": "Feature", "properties": { "category": "public_institution" }, "geometry": { "type": "Point", "coordinates": [ 234088.875127815932501, 901947.579133164603263 ] } },
{ "type": "Feature", "properties": { "category": "public_institution" }, "geometry": { "type": "Point", "coordinates": [ 235793.528927220118931, 911880.238020676886663 ] } },
{ "type": "Feature", "properties": { "category": "public_institution" }, "geometry": { "type": "Point", "coordinates": [ 231442.415468066756148, 901130.032760929549113 ] } },
{ "type": "Feature", "properties": { "category": "public_institution" }, "geometry": { "type": "Point", "coordinates": [ 234305.512931085017044, 895666.085479979170486 ] } },
{ "type": "Feature", "properties": { "category": "public_institution" }, "geometry": { "type": "Point", "coordinates": [ 221713.520206207002047, 903581.482279241317883 ] } },
{ "type": "Feature", "properties": { "category": "public_institution" }, "geometry": { "type": "Point", "coordinates": [ 227668.166572812595405, 897384.073316087946296 ] } },
{ "type": "Feature", "properties": { "category": "public_institution" }, "geometry": { "type": "Point", "coordinates": [ 236053.506872703961562, 901081.08936908445321 ] } },
{ "type": "Feature", "properties": { "category": "public_institution" }, "geometry": { "type": "Point", "coordinates": [ 245375.386245761648752, 913061.480429716524668 ] } },
{ "type": "Feature", "properties": { "category": "public_institution" }, "geometry": { "type": "Point", "coordinates": [ 242336.343799126014346, 903010.365432771737687 ] } },
{ "type": "Feature", "properties": { "category": "public_institution" }, "geometry": { "type": "Point", "coordinates": [ 234293.077460713189794, 899211.722819302580319 ] } },
{ "type": "Feature", "properties": { "category": "public_institution" }, "geometry": { "type": "Point", "coordinates": [ 233595.206712033424992, 885011.931403640541248 ] } },
{ "type": "Feature", "properties": { "category": "public_institution" }, "geometry": { "type": "Point", "coordinates": [ 226627.651625678467099, 905187.034334881929681 ] } },
{ "type": "Feature", "properties": { "category": "public_institution" }, "geometry": { "type": "Point", "coordinates": [ 234994.452256259566639, 894118.736958341323771 ] } },
{ "type": "Feature", "properties": { "category": "public_institution" }, "geometry": { "type": "Point", "coordinates": [ 236099.142198607878527, 900696.993177132098936 ] } },
{ "type": "Feature", "properties": { "category": "public_institution" }, "geometry": { "type": "Point", "coordinates": [ 233296.922845057095401, 891180.527588690863922 ] } },
{ "type": "Feature", "properties": { "category": "public_institution" }, "geometry": { "type": "Point", "coordinates": [ 234677.813234310684493, 889378.438281930051744 ] } },
{ "type": "Feature", "properties": { "category": "public_institution" }, "geometry": { "type": "Point", "coordinates": [ 243334.984940820751945, 902511.488802967127413 ] } },
{ "type": "Feature", "properties": { "category": "public_institution" }, "geometry": { "type": "Point", "coordinates": [ 226841.961126607144251, 888713.73085933981929 ] } },
{ "type": "Feature", "properties": { "category": "public_institution" }, "geometry": { "type": "Point", "coordinates": [ 233721.391328944184352, 891813.127541040303186 ] } },
{ "type": "Feature", "properties": { "category": "public_institution" }, "geometry": { "type": "Point", "coordinates": [ 238423.002211444749264, 904898.874834783142433 ] } },
{ "type": "Feature", "properties": { "category": "public_institution" }, "geometry": { "type": "Point", "coordinates": [ 229499.830914359248709, 899377.691014040145092 ] } },
{ "type": "Feature", "properties": { "category": "public_institution" }, "geometry": { "type": "Point", "coordinates": [ 234244.271301070228219, 891970.382071605301462 ] } },
{ "type": "Feature", "properties": { "category": "public_institution" }, "geometry": { "type": "Point", "coordinates": [ 236464.926855978963431, 901174.963048377074301 ] } },
{ "type": "Feature", "properties": { "category": "public_institution" }, "geometry": { "type": "Point", "coordinates": [ 234677.813234310684493, 889378.438281930051744 ] } },
{ "type": "Feature", "properties": { "category": "public_institution" }, "geometry": { "type": "Point", "coordinates": [ 233956.524586694285972, 908396.851245527155697 ] } },
{ "type": "Feature", "properties": { "category": "public_institution" }, "geometry": { "type": "Point", "coordinates": [ 236655.057282971247332, 906524.95668850664515 ] } },
{ "type": "Feature", "properties": { "category": "public_institution" }, "geometry": { "type": "Point", "coordinates": [ 236655.057282971247332, 906524.95668850664515 ] } },
{ "type": "Feature", "properties": { "category": "public_institution" }, "geometry": { "type": "Point", "coordinates": [ 236053.506872703961562, 901081.08936908445321 ] } },
{ "type": "Feature", "properties": { "category": "public_institution" }, "geometry": { "type": "Point", "coordinates": [ 233236.956501878798008, 896117.812948603648692 ] } },
{ "type": "Feature", "properties": { "category": "public_institution" }, "geometry": { "type": "Point", "coordinates": [ 235647.885944513662253, 911760.973331418354064 ] } },
{ "type": "Feature", "properties": { "category": "public_institution" }, "geometry": { "type": "Point", "coordinates": [ 236464.926855978963431, 901174.963048377074301 ] } },
{ "type": "Feature", "properties": { "category": "public_institution" }, "geometry": { "type": "Point", "coordinates": [ 235798.306049686390907, 906183.854466360528022 ] } },
{ "type": "Feature", "properties": { "category": "public_institution" }, "geometry": { "type": "Point", "coordinates": [ 232443.365631174528971, 907594.475774412276223 ] } },
{ "type": "Feature", "properties": { "category": "public_institution" }, "geometry": { "type": "Point", "coordinates": [ 221726.040507500001695, 892086.647730062133633 ] } },
{ "type": "Feature", "properties": { "category": "public_institution" }, "geometry": { "type": "Point", "coordinates": [ 240580.724156432435848, 906808.363999239751138 ] } },
{ "type": "Feature", "properties": { "category": "public_institution" }, "geometry": { "type": "Point", "coordinates": [ 236099.142198607878527, 900696.993177132098936 ] } },
{ "type": "Feature", "properties": { "category": "public_institution" }, "geometry": { "type": "Point", "coordinates": [ 233491.82872509281151, 891309.189930209890008 ] } },
{ "type": "Feature", "properties": { "category": "public_institution" }, "geometry": { "type": "Point", "coordinates": [ 237848.289406998781487, 902667.842919715447351 ] } },
{ "type": "Feature", "properties": { "category": "public_institution" }, "geometry": { "type": "Point", "coordinates": [ 233175.09038185281679, 908004.780001930776052 ] } },
{ "type": "Feature", "properties": { "category": "public_institution" }, "geometry": { "type": "Point", "coordinates": [ 235320.042816772474907, 898331.186465698177926 ] } },
{ "type": "Feature", "properties": { "category": "public_institution" }, "geometry": { "type": "Point", "coordinates": [ 223718.095333334582392, 905266.133909626747482 ] } },
{ "type": "Feature", "properties": { "category": "public_institution" }, "geometry": { "type": "Point", "coordinates": [ 226727.581691681902157, 888648.316744423238561 ] } },
{ "type": "Feature", "properties": { "category": "public_institution" }, "geometry": { "type": "Point", "coordinates": [ 233526.051383918209467, 901046.24891418335028 ] } },
{ "type": "Feature", "properties": { "category": "public_institution" }, "geometry": { "type": "Point", "coordinates": [ 232277.216946644650307, 898914.485538228182122 ] } },
{ "type": "Feature", "properties": { "category": "public_institution" }, "geometry": { "type": "Point", "coordinates": [ 230191.062292769463966, 896198.490510181989521 ] } },
{ "type": "Feature", "properties": { "category": "public_institution" }, "geometry": { "type": "Point", "coordinates": [ 236539.437226408335846, 900470.447876635240391 ] } },
{ "type": "Feature", "properties": { "category": "public_institution" }, "geometry": { "type": "Point", "coordinates": [ 232443.365631174528971, 907594.475774412276223 ] } },
{ "type": "Feature", "properties": { "category": "public_institution" }, "geometry": { "type": "Point", "coordinates": [ 235506.316070691915229, 910721.985188505379483 ] } },
{ "type": "Feature", "properties": { "category": "public_institution" }, "geometry": { "type": "Point", "coordinates": [ 226875.800138037622673, 896636.230376045918092 ] } },
{ "type": "Feature", "properties": { "category": "public_institution" }, "geometry": { "type": "Point", "coordinates": [ 222427.981033384829061, 899947.49455450871028 ] } },
{ "type": "Feature", "properties": { "category": "public_institution" }, "geometry": { "type": "Point", "coordinates": [ 240071.527797361544799, 906490.527954555582255 ] } },
{ "type": "Feature", "properties": { "category": "public_institution" }, "geometry": { "type": "Point", "coordinates": [ 236166.36168879136676, 901402.685509091475978 ] } },
{ "type": "Feature", "properties": { "category": "public_institution" }, "geometry": { "type": "Point", "coordinates": [ 235020.376929978636326, 907947.65092247154098 ] } },
{ "type": "Feature", "properties": { "category": "public_institution" }, "geometry": { "type": "Point", "coordinates": [ 231260.285309850412887, 898237.316113685723394 ] } },
{ "type": "Feature", "properties": { "category": "public_institution" }, "geometry": { "type": "Point", "coordinates": [ 245779.087956468370976, 912687.313552535604686 ] } },
{ "type": "Feature", "properties": { "category": "public_institution" }, "geometry": { "type": "Point", "coordinates": [ 230472.957967818481848, 892992.041864156955853 ] } },
{ "type": "Feature", "properties": { "category": "public_institution" }, "geometry": { "type": "Point", "coordinates": [ 224020.520655735570472, 901767.539347806479782 ] } },
{ "type": "Feature", "properties": { "category": "public_institution" }, "geometry": { "type": "Point", "coordinates": [ 235793.528927220118931, 911880.238020676886663 ] } },
{ "type": "Feature", "properties": { "category": "public_institution" }, "geometry": { "type": "Point", "coordinates": [ 240861.391546965809539, 890367.988060085568577 ] } },
{ "type": "Feature", "properties": { "category": "public_institution" }, "geometry": { "type": "Point", "coordinates": [ 235356.243286041310057, 898523.643740063766018 ] } },
{ "type": "Feature", "properties": { "category": "public_institution" }, "geometry": { "type": "Point", "coordinates": [ 225063.701588936906774, 897557.026889189844951 ] } },
{ "type": "Feature", "properties": { "category": "public_institution" }, "geometry": { "type": "Point", "coordinates": [ 224074.000979916017968, 898418.300512239220552 ] } },
{ "type": "Feature", "properties": { "category": "public_institution" }, "geometry": { "type": "Point", "coordinates": [ 233212.83674236907973, 901656.246179243433289 ] } },
{ "type": "Feature", "properties": { "category": "public_institution" }, "geometry": { "type": "Point", "coordinates": [ 233214.198784281412372, 897061.082559850648977 ] } },
{ "type": "Feature", "properties": { "category": "public_institution" }, "geometry": { "type": "Point", "coordinates": [ 236053.506872703961562, 901081.08936908445321 ] } },
{ "type": "Feature", "properties": { "category": "public_institution" }, "geometry": { "type": "Point", "coordinates": [ 237477.223256252589636, 906991.943795181810856 ] } },
{ "type": "Feature", "properties": { "category": "public_institution" }, "geometry": { "type": "Point", "coordinates": [ 232481.213381046429276, 901918.080324811977334 ] } },
{ "type": "Feature", "properties": { "category": "public_institution" }, "geometry": { "type": "Point", "coordinates": [ 236468.122247317922302, 903082.530479811131954 ] } },
{ "type": "Feature", "properties": { "category": "public_institution" }, "geometry": { "type": "Point", "coordinates": [ 224001.895986711664591, 898585.779974044766277 ] } },
{ "type": "Feature", "properties": { "category": "public_institution" }, "geometry": { "type": "Point", "coordinates": [ 242444.833022793580312, 903143.093311265925877 ] } },
{ "type": "Feature", "properties": { "category": "public_institution" }, "geometry": { "type": "Point", "coordinates": [ 232358.446239287848584, 903320.210396499955095 ] } },
{ "type": "Feature", "properties": { "category": "public_institution" }, "geometry": { "type": "Point", "coordinates": [ 233159.198790815280518, 902461.643123469781131 ] } },
{ "type": "Feature", "properties": { "category": "public_institution" }, "geometry": { "type": "Point", "coordinates": [ 233788.401108904508874, 899631.37370561028365 ] } },
{ "type": "Feature", "properties": { "category": "public_institution" }, "geometry": { "type": "Point", "coordinates": [ 232028.789022429060424, 900969.50768093415536 ] } },
{ "type": "Feature", "properties": { "category": "public_institution" }, "geometry": { "type": "Point", "coordinates": [ 232599.114972383627901, 901805.437776406994089 ] } },
{ "type": "Feature", "properties": { "category": "public_institution" }, "geometry": { "type": "Point", "coordinates": [ 231260.285309850412887, 898237.316113685723394 ] } },
{ "type": "Feature", "properties": { "category": "public_institution" }, "geometry": { "type": "Point", "coordinates": [ 236464.14683224298642, 901182.401244604960084 ] } },
{ "type": "Feature", "properties": { "category": "public_institution" }, "geometry": { "type": "Point", "coordinates": [ 240293.109996570070507, 889397.015131528605707 ] } },
{ "type": "Feature", "properties": { "category": "public_institution" }, "geometry": { "type": "Point", "coordinates": [ 231801.020148029114353, 896539.373483528965153 ] } },
{ "type": "Feature", "properties": { "category": "public_institution" }, "geometry": { "type": "Point", "coordinates": [ 224001.895986711664591, 898585.779974044766277 ] } },
{ "type": "Feature", "properties": { "category": "public_institution" }, "geometry": { "type": "Point", "coordinates": [ 235092.888744161959039, 901883.098380390554667 ] } },
{ "type": "Feature", "properties": { "category": "public_institution" }, "geometry": { "type": "Point", "coordinates": [ 236067.120716389006702, 900354.708219438092783 ] } },
{ "type": "Feature", "properties": { "category": "public_institution" }, "geometry": { "type": "Point", "coordinates": [ 224001.895986711664591, 898585.779974044766277 ] } },
{ "type": "Feature", "properties": { "category": "public_institution" }, "geometry": { "type": "Point", "coordinates": [ 221800.757915530790342, 892597.048410624498501 ] } },
{ "type": "Feature", "properties": { "category": "public_institution" }, "geometry": { "type": "Point", "coordinates": [ 234060.23190892272396, 903370.021519192494452 ] } },
{ "type": "Feature", "properties": { "category": "public_institution" }, "geometry": { "type": "Point", "coordinates": [ 230948.209818433067994, 889872.442095963167958 ] } },
{ "type": "Feature", "properties": { "category": "public_institution" }, "geometry": { "type": "Point", "coordinates": [ 235957.217232044378761, 901384.172805997077376 ] } },
{ "type": "Feature", "properties": { "category": "public_institution" }, "geometry": { "type": "Point", "coordinates": [ 233480.733970476489048, 902638.116532206535339 ] } },
{ "type": "Feature", "properties": { "category": "public_institution" }, "geometry": { "type": "Point", "coordinates": [ 236676.286403977486771, 899064.913608102244325 ] } },
{ "type": "Feature", "properties": { "category": "public_institution" }, "geometry": { "type": "Point", "coordinates": [ 235272.766142732521985, 900131.630421979702078 ] } },
{ "type": "Feature", "properties": { "category": "public_institution" }, "geometry": { "type": "Point", "coordinates": [ 221696.636055583425332, 893195.979164283839054 ] } },
{ "type": "Feature", "properties": { "category": "public_institution" }, "geometry": { "type": "Point", "coordinates": [ 229189.352687592850998, 904431.661383088445291 ] } },
{ "type": "Feature", "properties": { "category": "public_institution" }, "geometry": { "type": "Point", "coordinates": [ 232443.365631174528971, 907594.475774412276223 ] } },
{ "type": "Feature", "properties": { "category": "public_institution" }, "geometry": { "type": "Point", "coordinates": [ 240071.527797361544799, 906490.527954555582255 ] } },
{ "type": "Feature", "properties": { "category": "public_institution" }, "geometry": { "type": "Point", "coordinates": [ 235665.957391875766916, 897579.050077829393558 ] } },
{ "type": "Feature", "properties": { "category": "public_institution" }, "geometry": { "type": "Point", "coordinates": [ 236464.926855978963431, 901174.963048377074301 ] } },
{ "type": "Feature", "properties": { "category": "public_institution" }, "geometry": { "type": "Point", "coordinates": [ 236319.343180314986967, 898930.433231774833985 ] } },
{ "type": "Feature", "properties": { "category": "public_institution" }, "geometry": { "type": "Point", "coordinates": [ 234372.839233677834272, 897291.249856347800232 ] } },
{ "type": "Feature", "properties": { "category": "public_institution" }, "geometry": { "type": "Point", "coordinates": [ 236655.057282971247332, 906524.95668850664515 ] } },
{ "type": "Feature", "properties": { "category": "public_institution" }, "geometry": { "type": "Point", "coordinates": [ 236464.926855978963431, 901174.963048377074301 ] } },
{ "type": "Feature", "properties": { "category": "public_institution" }, "geometry": { "type": "Point", "coordinates": [ 224001.895986711664591, 898585.779974044766277 ] } },
{ "type": "Feature", "properties": { "category": "public_institution" }, "geometry": { "type": "Point", "coordinates": [ 236733.748305358050857, 900904.332603898365051 ] } },
{ "type": "Feature", "properties": { "category": "public_institution" }, "geometry": { "type": "Point", "coordinates": [ 227185.890477592416573, 892161.719554473645985 ] } },
{ "type": "Feature", "properties": { "category": "public_institution" }, "geometry": { "type": "Point", "coordinates": [ 234314.965859598334646, 900129.332017563050613 ] } },
{ "type": "Feature", "properties": { "category": "public_institution" }, "geometry": { "type": "Point", "coordinates": [ 226719.752319984632777, 888732.481875331373885 ] } },
{ "type": "Feature", "properties": { "category": "public_institution" }, "geometry": { "type": "Point", "coordinates": [ 228614.251899369293824, 908014.143154135788791 ] } },
{ "type": "Feature", "properties": { "category": "public_institution" }, "geometry": { "type": "Point", "coordinates": [ 235839.097896728577325, 908319.901740051689558 ] } },
{ "type": "Feature", "properties": { "category": "public_institution" }, "geometry": { "type": "Point", "coordinates": [ 228173.202488846407505, 907236.693268009577878 ] } },
{ "type": "Feature", "properties": { "category": "public_institution" }, "geometry": { "type": "Point", "coordinates": [ 231150.626659230940277, 905085.342599328840151 ] } },
{ "type": "Feature", "properties": { "category": "public_institution" }, "geometry": { "type": "Point", "coordinates": [ 238505.454733877384569, 901632.606586294597946 ] } },
{ "type": "Feature", "properties": { "category": "public_institution" }, "geometry": { "type": "Point", "coordinates": [ 238403.247060426132521, 896304.859908390324563 ] } },
{ "type": "Feature", "properties": { "category": "public_institution" }, "geometry": { "type": "Point", "coordinates": [ 228588.180954528303118, 907423.650839930400252 ] } },
{ "type": "Feature", "properties": { "category": "public_institution" }, "geometry": { "type": "Point", "coordinates": [ 238873.390618196979631, 892261.352755723404698 ] } },
{ "type": "Feature", "properties": { "category": "public_institution" }, "geometry": { "type": "Point", "coordinates": [ 238423.002211444749264, 904898.874834783142433 ] } },
{ "type": "Feature", "properties": { "category": "public_institution" }, "geometry": { "type": "Point", "coordinates": [ 236294.167281645874027, 900980.691740269074216 ] } },
{ "type": "Feature", "properties": { "category": "public_institution" }, "geometry": { "type": "Point", "coordinates": [ 235877.939556239754893, 899582.747723571374081 ] } },
{ "type": "Feature", "properties": { "category": "public_institution" }, "geometry": { "type": "Point", "coordinates": [ 236735.081175149709452, 911868.109472424141131 ] } },
{ "type": "Feature", "properties": { "category": "public_institution" }, "geometry": { "type": "Point", "coordinates": [ 235454.704886112653185, 900242.735310543328524 ] } },
{ "type": "Feature", "properties": { "category": "public_institution" }, "geometry": { "type": "Point", "coordinates": [ 246067.184859897563001, 913039.996371579589322 ] } },
{ "type": "Feature", "properties": { "category": "public_institution" }, "geometry": { "type": "Point", "coordinates": [ 227697.617612849455327, 902290.587034187628888 ] } },
{ "type": "Feature", "properties": { "category": "public_institution" }, "geometry": { "type": "Point", "coordinates": [ 233348.623723945522215, 910367.827686763717793 ] } },
{ "type": "Feature", "properties": { "category": "public_institution" }, "geometry": { "type": "Point", "coordinates": [ 232094.974967689951882, 907341.39056877209805 ] } },
{ "type": "Feature", "properties": { "category": "public_institution" }, "geometry": { "type": "Point", "coordinates": [ 235135.242787913040956, 895103.801047307206318 ] } },
{ "type": "Feature", "properties": { "category": "public_institution" }, "geometry": { "type": "Point", "coordinates": [ 233329.991026951756794, 896039.166551642701961 ] } },
{ "type": "Feature", "properties": { "category": "public_institution" }, "geometry": { "type": "Point", "coordinates": [ 236159.533009925449733, 900488.476817570626736 ] } },
{ "type": "Feature", "properties": { "category": "public_institution" }, "geometry": { "type": "Point", "coordinates": [ 237885.385718885750975, 904387.10028989915736 ] } },
{ "type": "Feature", "properties": { "category": "public_institution" }, "geometry": { "type": "Point", "coordinates": [ 233162.214367053762544, 904666.233523627044633 ] } },
{ "type": "Feature", "properties": { "category": "public_institution" }, "geometry": { "type": "Point", "coordinates": [ 233007.726098453858867, 898059.582934889360331 ] } },
{ "type": "Feature", "properties": { "category": "public_institution" }, "geometry": { "type": "Point", "coordinates": [ 236464.926855978963431, 901174.963048377074301 ] } },
{ "type": "Feature", "properties": { "category": "public_institution" }, "geometry": { "type": "Point", "coordinates": [ 237507.058315535599831, 892843.085843614768237 ] } },
{ "type": "Feature", "properties": { "category": "public_institution" }, "geometry": { "type": "Point", "coordinates": [ 235166.743615932064131, 908630.412807648070157 ] } },
{ "type": "Feature", "properties": { "category": "public_institution" }, "geometry": { "type": "Point", "coordinates": [ 232660.511079391115345, 902242.260123196989298 ] } },
{ "type": "Feature", "properties": { "category": "public_institution" }, "geometry": { "type": "Point", "coordinates": [ 232094.974967689951882, 907341.39056877209805 ] } },
{ "type": "Feature", "properties": { "category": "public_institution" }, "geometry": { "type": "Point", "coordinates": [ 233265.100437612185488, 904117.879952760064043 ] } },
{ "type": "Feature", "properties": { "category": "public_institution" }, "geometry": { "type": "Point", "coordinates": [ 232481.213381046429276, 901918.080324811977334 ] } },
{ "type": "Feature", "properties": { "category": "public_institution" }, "geometry": { "type": "Point", "coordinates": [ 236619.709226663631853, 910128.094959481037222 ] } },
{ "type": "Feature", "properties": { "category": "public_institution" }, "geometry": { "type": "Point", "coordinates": [ 236345.083890904701548, 901776.164516920223832 ] } },
{ "type": "Feature", "properties": { "category": "public_institution" }, "geometry": { "type": "Point", "coordinates": [ 226955.244667009217665, 888482.905601418460719 ] } },
{ "type": "Feature", "properties": { "category": "public_institution" }, "geometry": { "type": "Point", "coordinates": [ 235802.058400140027516, 900034.003565854858607 ] } },
{ "type": "Feature", "properties": { "category": "public_institution" }, "geometry": { "type": "Point", "coordinates": [ 223172.735023897577776, 904117.986161879030988 ] } },
{ "type": "Feature", "properties": { "category": "public_institution" }, "geometry": { "type": "Point", "coordinates": [ 224395.825204446096905, 900576.304909509606659 ] } },
{ "type": "Feature", "properties": { "category": "public_institution" }, "geometry": { "type": "Point", "coordinates": [ 236096.199720931792399, 901462.195918918820098 ] } },
{ "type": "Feature", "properties": { "category": "public_institution" }, "geometry": { "type": "Point", "coordinates": [ 234136.149583481950685, 901626.79259348323103 ] } },
{ "type": "Feature", "properties": { "category": "public_institution" }, "geometry": { "type": "Point", "coordinates": [ 228555.576642038242426, 899809.88082197715994 ] } },
{ "type": "Feature", "properties": { "category": "public_institution" }, "geometry": { "type": "Point", "coordinates": [ 236608.297212322329869, 901169.488163398462348 ] } },
{ "type": "Feature", "properties": { "category": "public_institution" }, "geometry": { "type": "Point", "coordinates": [ 235908.305317959137028, 900316.128377425950021 ] } },
{ "type": "Feature", "properties": { "category": "public_institution" }, "geometry": { "type": "Point", "coordinates": [ 221701.088574829016579, 891538.413905198220164 ] } },
{ "type": "Feature", "properties": { "category": "public_institution" }, "geometry": { "type": "Point", "coordinates": [ 222966.862340988009237, 901073.11441852687858 ] } },
{ "type": "Feature", "properties": { "category": "public_institution" }, "geometry": { "type": "Point", "coordinates": [ 244462.643717743310845, 913246.140990790911019 ] } },
{ "type": "Feature", "properties": { "category": "public_institution" }, "geometry": { "type": "Point", "coordinates": [ 231260.285309850412887, 898237.316113685723394 ] } },
{ "type": "Feature", "properties": { "category": "public_institution" }, "geometry": { "type": "Point", "coordinates": [ 231130.974766788596753, 901864.870640512555838 ] } },
{ "type": "Feature", "properties": { "category": "public_institution" }, "geometry": { "type": "Point", "coordinates": [ 231477.225574159121606, 903601.566695418907329 ] } },
{ "type": "Feature", "properties": { "category": "public_institution" }, "geometry": { "type": "Point", "coordinates": [ 235347.124183492589509, 900090.905193365644664 ] } },
{ "type": "Feature", "properties": { "category": "public_institution" }, "geometry": { "type": "Point", "coordinates": [ 226078.975715305336053, 896644.781680353917181 ] } },
{ "type": "Feature", "properties": { "category": "public_institution" }, "geometry": { "type": "Point", "coordinates": [ 231800.455528834077995, 902891.898789870901965 ] } },
{ "type": "Feature", "properties": { "category": "public_institution" }, "geometry": { "type": "Point", "coordinates": [ 236861.032950562017504, 894112.942915019579232 ] } },
{ "type": "Feature", "properties": { "category": "public_institution" }, "geometry": { "type": "Point", "coordinates": [ 237477.223256252589636, 906991.943795181810856 ] } },
{ "type": "Feature", "properties": { "category": "public_institution" }, "geometry": { "type": "Point", "coordinates": [ 223722.479442323296098, 896255.221894951770082 ] } },
{ "type": "Feature", "properties": { "category": "public_institution" }, "geometry": { "type": "Point", "coordinates": [ 230977.22589916177094, 899875.12103902362287 ] } },
{ "type": "Feature", "properties": { "category": "public_institution" }, "geometry": { "type": "Point", "coordinates": [ 237060.631052099226508, 898735.362389606423676 ] } },
{ "type": "Feature", "properties": { "category": "public_institution" }, "geometry": { "type": "Point", "coordinates": [ 233212.83674236907973, 901656.246179243433289 ] } },
{ "type": "Feature", "properties": { "category": "public_institution" }, "geometry": { "type": "Point", "coordinates": [ 226987.922879829944577, 906733.070139819174074 ] } },
{ "type": "Feature", "properties": { "category": "public_institution" }, "geometry": { "type": "Point", "coordinates": [ 232428.97059419931611, 898708.580011029727757 ] } },
{ "type": "Feature", "properties": { "category": "public_institution" }, "geometry": { "type": "Point", "coordinates": [ 224001.895986711664591, 898585.779974044766277 ] } },
{ "type": "Feature", "properties": { "category": "public_institution" }, "geometry": { "type": "Point", "coordinates": [ 222208.904589152574772, 904973.506168204010464 ] } },
{ "type": "Feature", "properties": { "category": "public_institution" }, "geometry": { "type": "Point", "coordinates": [ 236655.057282971247332, 906524.95668850664515 ] } },
{ "type": "Feature", "properties": { "category": "public_institution" }, "geometry": { "type": "Point", "coordinates": [ 236319.343180314986967, 898930.433231774833985 ] } },
{ "type": "Feature", "properties": { "category": "public_institution" }, "geometry": { "type": "Point", "coordinates": [ 236532.491015086328844, 897907.068501714151353 ] } },
{ "type": "Feature", "properties": { "category": "public_institution" }, "geometry": { "type": "Point", "coordinates": [ 231255.422343175887363, 895289.090893420972861 ] } },
{ "type": "Feature", "properties": { "category": "public_institution" }, "geometry": { "type": "Point", "coordinates": [ 226816.162826243205927, 904547.939842494903132 ] } },
{ "type": "Feature", "properties": { "category": "public_institution" }, "geometry": { "type": "Point", "coordinates": [ 227908.500604779517744, 898861.458619344746694 ] } },
{ "type": "Feature", "properties": { "category": "public_institution" }, "geometry": { "type": "Point", "coordinates": [ 232789.278525089146569, 890533.903941833879799 ] } },
{ "type": "Feature", "properties": { "category": "public_institution" }, "geometry": { "type": "Point", "coordinates": [ 228475.872838429990225, 890449.926550269592553 ] } },
{ "type": "Feature", "properties": { "category": "public_institution" }, "geometry": { "type": "Point", "coordinates": [ 244340.416711329540703, 912715.618126775720157 ] } },
{ "type": "Feature", "properties": { "category": "public_institution" }, "geometry": { "type": "Point", "coordinates": [ 235541.530283632862847, 909389.199927406385541 ] } },
{ "type": "Feature", "properties": { "category": "public_institution" }, "geometry": { "type": "Point", "coordinates": [ 238423.002211444749264, 904898.874834783142433 ] } },
{ "type": "Feature", "properties": { "category": "public_institution" }, "geometry": { "type": "Point", "coordinates": [ 232807.154379597050138, 907136.075452189776115 ] } },
{ "type": "Feature", "properties": { "category": "public_institution" }, "geometry": { "type": "Point", "coordinates": [ 237194.413981616846286, 900317.263877450022846 ] } },
{ "type": "Feature", "properties": { "category": "public_institution" }, "geometry": { "type": "Point", "coordinates": [ 235932.076749307860155, 894631.196366067626514 ] } },
{ "type": "Feature", "properties": { "category": "public_institution" }, "geometry": { "type": "Point", "coordinates": [ 231377.688015538675245, 899297.961485680076294 ] } },
{ "type": "Feature", "properties": { "category": "public_institution" }, "geometry": { "type": "Point", "coordinates": [ 242102.312920306634624, 902413.574849097407423 ] } },
{ "type": "Feature", "properties": { "category": "public_institution" }, "geometry": { "type": "Point", "coordinates": [ 236570.049388116953196, 898070.214595150901005 ] } },
{ "type": "Feature", "properties": { "category": "public_institution" }, "geometry": { "type": "Point", "coordinates": [ 226885.140205347590381, 888406.440070519573055 ] } },
{ "type": "Feature", "properties": { "category": "public_institution" }, "geometry": { "type": "Point", "coordinates": [ 237587.391852962842677, 904263.09001550776884 ] } },
{ "type": "Feature", "properties": { "category": "public_institution" }, "geometry": { "type": "Point", "coordinates": [ 236216.184350345516577, 900686.487606751383282 ] } },
{ "type": "Feature", "properties": { "category": "public_institution" }, "geometry": { "type": "Point", "coordinates": [ 236216.184350345516577, 900686.487606751383282 ] } },
{ "type": "Feature", "properties": { "category": "public_institution" }, "geometry": { "type": "Point", "coordinates": [ 232408.039281009550905, 898458.226113984943368 ] } },
{ "type": "Feature", "properties": { "category": "public_institution" }, "geometry": { "type": "Point", "coordinates": [ 223900.42804084517411, 903678.223002062179148 ] } },
{ "type": "Feature", "properties": { "category": "public_institution" }, "geometry": { "type": "Point", "coordinates": [ 235196.065904196031624, 900722.403000562917441 ] } },
{ "type": "Feature", "properties": { "category": "public_institution" }, "geometry": { "type": "Point", "coordinates": [ 232658.0189548212511, 898364.189773355377838 ] } },
{ "type": "Feature", "properties": { "category": "public_institution" }, "geometry": { "type": "Point", "coordinates": [ 236888.942158676392864, 906223.378877037204802 ] } },
{ "type": "Feature", "properties": { "category": "public_institution" }, "geometry": { "type": "Point", "coordinates": [ 227918.506114192859968, 902295.126928728772327 ] } },
{ "type": "Feature", "properties": { "category": "public_institution" }, "geometry": { "type": "Point", "coordinates": [ 226841.961126607144251, 888713.73085933981929 ] } },
{ "type": "Feature", "properties": { "category": "public_institution" }, "geometry": { "type": "Point", "coordinates": [ 236750.845269854238722, 900659.71671334002167 ] } },
{ "type": "Feature", "properties": { "category": "public_institution" }, "geometry": { "type": "Point", "coordinates": [ 229851.197697370953392, 906178.379371168790385 ] } },
{ "type": "Feature", "properties": { "category": "public_institution" }, "geometry": { "type": "Point", "coordinates": [ 235460.088641287235077, 902864.987350359093398 ] } },
{ "type": "Feature", "properties": { "category": "public_institution" }, "geometry": { "type": "Point", "coordinates": [ 235667.231412847468164, 902685.311191258952022 ] } },
{ "type": "Feature", "properties": { "category": "public_institution" }, "geometry": { "type": "Point", "coordinates": [ 239266.840118914697086, 903888.722363873501308 ] } },
{ "type": "Feature", "properties": { "category": "public_institution" }, "geometry": { "type": "Point", "coordinates": [ 237271.243355953600258, 892346.764493124792352 ] } },
{ "type": "Feature", "properties": { "category": "public_institution" }, "geometry": { "type": "Point", "coordinates": [ 231643.339366690837778, 900910.889460464939475 ] } },
{ "type": "Feature", "properties": { "category": "public_institution" }, "geometry": { "type": "Point", "coordinates": [ 237318.072400216042297, 900489.757389680715278 ] } },
{ "type": "Feature", "properties": { "category": "public_institution" }, "geometry": { "type": "Point", "coordinates": [ 235793.528927220118931, 911880.238020676886663 ] } },
{ "type": "Feature", "properties": { "category": "public_institution" }, "geometry": { "type": "Point", "coordinates": [ 241180.495186705957167, 905807.583245259942487 ] } },
{ "type": "Feature", "properties": { "category": "public_institution" }, "geometry": { "type": "Point", "coordinates": [ 236072.593602987064514, 901214.481208725948818 ] } },
{ "type": "Feature", "properties": { "category": "public_institution" }, "geometry": { "type": "Point", "coordinates": [ 234677.813234310684493, 889378.438281930051744 ] } },
{ "type": "Feature", "properties": { "category": "public_institution" }, "geometry": { "type": "Point", "coordinates": [ 236136.978382436733227, 901029.311393872951157 ] } },
{ "type": "Feature", "properties": { "category": "public_institution" }, "geometry": { "type": "Point", "coordinates": [ 234088.875127815932501, 901947.579133164603263 ] } },
{ "type": "Feature", "properties": { "category": "public_institution" }, "geometry": { "type": "Point", "coordinates": [ 239330.006614629266551, 893356.996686175465584 ] } },
{ "type": "Feature", "properties": { "category": "public_institution" }, "geometry": { "type": "Point", "coordinates": [ 236133.403306012245594, 901083.721335448208265 ] } },
{ "type": "Feature", "properties": { "category": "public_institution" }, "geometry": { "type": "Point", "coordinates": [ 237563.421579275338445, 895524.004511768463999 ] } },
{ "type": "Feature", "properties": { "category": "public_institution" }, "geometry": { "type": "Point", "coordinates": [ 237824.143712905526627, 893526.016847051796503 ] } },
{ "type": "Feature", "properties": { "category": "public_institution" }, "geometry": { "type": "Point", "coordinates": [ 224719.205390922987135, 900525.339748001657426 ] } },
{ "type": "Feature", "properties": { "category": "public_institution" }, "geometry": { "type": "Point", "coordinates": [ 236464.926855978963431, 901174.963048377074301 ] } },
{ "type": "Feature", "properties": { "category": "public_institution" }, "geometry": { "type": "Point", "coordinates": [ 223951.062479252577759, 900757.941416518879123 ] } },
{ "type": "Feature", "properties": { "category": "public_institution" }, "geometry": { "type": "Point", "coordinates": [ 232777.145979409397114, 902241.69253064377699 ] } },
{ "type": "Feature", "properties": { "category": "public_institution" }, "geometry": { "type": "Point", "coordinates": [ 228277.945328389148926, 907306.872057893662713 ] } },
{ "type": "Feature", "properties": { "category": "public_institution" }, "geometry": { "type": "Point", "coordinates": [ 220291.222690688213333, 892424.253280551638454 ] } },
{ "type": "Feature", "properties": { "category": "public_institution" }, "geometry": { "type": "Point", "coordinates": [ 228464.344517933466705, 893400.829152159160003 ] } },
{ "type": "Feature", "properties": { "category": "public_institution" }, "geometry": { "type": "Point", "coordinates": [ 234188.744267259578919, 901432.439363662619144 ] } },
{ "type": "Feature", "properties": { "category": "public_institution" }, "geometry": { "type": "Point", "coordinates": [ 232301.422749330755323, 900138.338525044498965 ] } },
{ "type": "Feature", "properties": { "category": "public_institution" }, "geometry": { "type": "Point", "coordinates": [ 232657.320482031500433, 902202.146055583609268 ] } },
{ "type": "Feature", "properties": { "category": "public_institution" }, "geometry": { "type": "Point", "coordinates": [ 233028.078796631773002, 896604.234425260452554 ] } },
{ "type": "Feature", "properties": { "category": "public_institution" }, "geometry": { "type": "Point", "coordinates": [ 235994.164029052073602, 900571.936103281797841 ] } },
{ "type": "Feature", "properties": { "category": "public_institution" }, "geometry": { "type": "Point", "coordinates": [ 234136.149583481950685, 901626.79259348323103 ] } },
{ "type": "Feature", "properties": { "category": "public_institution" }, "geometry": { "type": "Point", "coordinates": [ 226885.140205347590381, 888406.440070519573055 ] } },
{ "type": "Feature", "properties": { "category": "public_institution" }, "geometry": { "type": "Point", "coordinates": [ 236290.193026296328753, 901829.864882553229108 ] } },
{ "type": "Feature", "properties": { "category": "public_institution" }, "geometry": { "type": "Point", "coordinates": [ 240111.724172552290838, 887820.033027106546797 ] } },
{ "type": "Feature", "properties": { "category": "public_institution" }, "geometry": { "type": "Point", "coordinates": [ 236770.049964983365498, 901586.876538724871352 ] } },
{ "type": "Feature", "properties": { "category": "public_institution" }, "geometry": { "type": "Point", "coordinates": [ 234849.237426377716474, 908070.986369191086851 ] } },
{ "type": "Feature", "properties": { "category": "public_institution" }, "geometry": { "type": "Point", "coordinates": [ 235544.596500427724095, 908507.462245761416852 ] } },
{ "type": "Feature", "properties": { "category": "public_institution" }, "geometry": { "type": "Point", "coordinates": [ 234023.769015582627617, 904470.856937074451707 ] } },
{ "type": "Feature", "properties": { "category": "public_institution" }, "geometry": { "type": "Point", "coordinates": [ 236464.926855978963431, 901174.963048377074301 ] } },
{ "type": "Feature", "properties": { "category": "public_institution" }, "geometry": { "type": "Point", "coordinates": [ 236391.593786812154576, 895765.54451878706459 ] } },
{ "type": "Feature", "properties": { "category": "public_institution" }, "geometry": { "type": "Point", "coordinates": [ 236835.742855805088766, 905473.869180267676711 ] } },
{ "type": "Feature", "properties": { "category": "public_institution" }, "geometry": { "type": "Point", "coordinates": [ 223490.24469584930921, 895542.665515976725146 ] } },
{ "type": "Feature", "properties": { "category": "public_institution" }, "geometry": { "type": "Point", "coordinates": [ 234304.134619305375963, 897452.309556291555054 ] } },
{ "type": "Feature", "properties": { "category": "public_institution" }, "geometry": { "type": "Point", "coordinates": [ 236216.184350345516577, 900686.487606751383282 ] } },
{ "type": "Feature", "properties": { "category": "public_institution" }, "geometry": { "type": "Point", "coordinates": [ 233314.948609168728581, 898012.935726226773113 ] } },
{ "type": "Feature", "properties": { "category": "public_institution" }, "geometry": { "type": "Point", "coordinates": [ 236591.750439537107013, 900882.486859857803211 ] } },
{ "type": "Feature", "properties": { "category": "public_institution" }, "geometry": { "type": "Point", "coordinates": [ 237104.666022164630704, 900243.922184944967739 ] } },
{ "type": "Feature", "properties": { "category": "public_institution" }, "geometry": { "type": "Point", "coordinates": [ 235988.433914676279528, 901722.788260688772425 ] } },
{ "type": "Feature", "properties": { "category": "public_institution" }, "geometry": { "type": "Point", "coordinates": [ 236697.016652398364386, 900854.821947788354009 ] } },
{ "type": "Feature", "properties": { "category": "public_institution" }, "geometry": { "type": "Point", "coordinates": [ 233226.908965957030887, 907993.806046943878755 ] } },
{ "type": "Feature", "properties": { "category": "public_institution" }, "geometry": { "type": "Point", "coordinates": [ 224001.895986711664591, 898585.779974044766277 ] } },
{ "type": "Feature", "properties": { "category": "public_institution" }, "geometry": { "type": "Point", "coordinates": [ 232005.592466650705319, 903872.542198305600323 ] } },
{ "type": "Feature", "properties": { "category": "public_institution" }, "geometry": { "type": "Point", "coordinates": [ 232657.320482031500433, 902202.146055583609268 ] } },
{ "type": "Feature", "properties": { "category": "public_institution" }, "geometry": { "type": "Point", "coordinates": [ 236067.120716389006702, 900354.708219438092783 ] } },
{ "type": "Feature", "properties": { "category": "public_institution" }, "geometry": { "type": "Point", "coordinates": [ 230878.076476174988784, 897893.175891599035822 ] } },
{ "type": "Feature", "properties": { "category": "public_institution" }, "geometry": { "type": "Point", "coordinates": [ 236851.453443483827868, 901992.072859789943323 ] } },
{ "type": "Feature", "properties": { "category": "public_institution" }, "geometry": { "type": "Point", "coordinates": [ 240929.71436957170954, 889260.176990958978422 ] } },
{ "type": "Feature", "properties": { "category": "public_institution" }, "geometry": { "type": "Point", "coordinates": [ 242339.136604033352342, 903066.255105835967697 ] } },
{ "type": "Feature", "properties": { "category": "public_institution" }, "geometry": { "type": "Point", "coordinates": [ 223430.072317006124649, 904262.908189089153893 ] } },
{ "type": "Feature", "properties": { "category": "public_institution" }, "geometry": { "type": "Point", "coordinates": [ 233452.320528531214222, 891550.592257810058072 ] } },
{ "type": "Feature", "properties": { "category": "public_institution" }, "geometry": { "type": "Point", "coordinates": [ 222944.690729074092815, 891198.4701694319956 ] } },
{ "type": "Feature", "properties": { "category": "public_institution" }, "geometry": { "type": "Point", "coordinates": [ 236464.926855978963431, 901174.963048377074301 ] } },
{ "type": "Feature", "properties": { "category": "public_institution" }, "geometry": { "type": "Point", "coordinates": [ 231280.699251666199416, 904903.862692013848573 ] } },
{ "type": "Feature", "properties": { "category": "public_institution" }, "geometry": { "type": "Point", "coordinates": [ 221820.899103135685436, 893043.856715541216545 ] } },
{ "type": "Feature", "properties": { "category": "public_institution" }, "geometry": { "type": "Point", "coordinates": [ 236067.120716389006702, 900354.708219438092783 ] } },
{ "type": "Feature", "properties": { "category": "public_institution" }, "geometry": { "type": "Point", "coordinates": [ 241117.526033921632916, 888696.005160875734873 ] } },
{ "type": "Feature", "properties": { "category": "public_institution" }, "geometry": { "type": "Point", "coordinates": [ 245241.696532247442519, 912890.106190572842024 ] } },
{ "type": "Feature", "properties": { "category": "public_institution" }, "geometry": { "type": "Point", "coordinates": [ 235938.875845136091812, 900959.760136800818145 ] } },
{ "type": "Feature", "properties": { "category": "public_institution" }, "geometry": { "type": "Point", "coordinates": [ 236578.248207618598826, 900928.291865523438901 ] } },
{ "type": "Feature", "properties": { "category": "public_institution" }, "geometry": { "type": "Point", "coordinates": [ 241335.659241742629092, 888384.492499654414132 ] } },
{ "type": "Feature", "properties": { "category": "public_institution" }, "geometry": { "type": "Point", "coordinates": [ 232871.67043162175105, 893629.978475423762575 ] } },
{ "type": "Feature", "properties": { "category": "public_institution" }, "geometry": { "type": "Point", "coordinates": [ 238423.002211444749264, 904898.874834783142433 ] } },
{ "type": "Feature", "properties": { "category": "public_institution" }, "geometry": { "type": "Point", "coordinates": [ 228243.267699409567285, 907231.531914784340188 ] } },
{ "type": "Feature", "properties": { "category": "public_institution" }, "geometry": { "type": "Point", "coordinates": [ 233672.417306294664741, 893703.411043976433575 ] } },
{ "type": "Feature", "properties": { "category": "public_institution" }, "geometry": { "type": "Point", "coordinates": [ 231548.351642494817497, 906099.935634002438746 ] } },
{ "type": "Feature", "properties": { "category": "public_institution" }, "geometry": { "type": "Point", "coordinates": [ 233969.43158843301353, 899852.62463760538958 ] } },
{ "type": "Feature", "properties": { "category": "public_institution" }, "geometry": { "type": "Point", "coordinates": [ 231354.825243718165439, 902463.466301466338336 ] } },
{ "type": "Feature", "properties": { "category": "public_institution" }, "geometry": { "type": "Point", "coordinates": [ 231355.278874886338599, 900238.910688524134457 ] } },
{ "type": "Feature", "properties": { "category": "public_institution" }, "geometry": { "type": "Point", "coordinates": [ 231329.257549085945357, 893613.275937477708794 ] } },
{ "type": "Feature", "properties": { "category": "public_institution" }, "geometry": { "type": "Point", "coordinates": [ 234291.799391637498047, 897547.886929099098779 ] } },
{ "type": "Feature", "properties": { "category": "public_institution" }, "geometry": { "type": "Point", "coordinates": [ 233119.36944586361642, 898048.667078740196303 ] } },
{ "type": "Feature", "properties": { "category": "public_institution" }, "geometry": { "type": "Point", "coordinates": [ 241572.02157471535611, 889657.04036697128322 ] } },
{ "type": "Feature", "properties": { "category": "public_institution" }, "geometry": { "type": "Point", "coordinates": [ 232422.048397857783129, 901940.800218941411003 ] } },
{ "type": "Feature", "properties": { "category": "public_institution" }, "geometry": { "type": "Point", "coordinates": [ 236072.673699700069847, 901214.925932917743921 ] } },
{ "type": "Feature", "properties": { "category": "public_institution" }, "geometry": { "type": "Point", "coordinates": [ 240805.019816808227915, 889004.977529977913946 ] } },
{ "type": "Feature", "properties": { "category": "public_institution" }, "geometry": { "type": "Point", "coordinates": [ 237973.548460079910001, 896066.820106044993736 ] } },
{ "type": "Feature", "properties": { "category": "public_institution" }, "geometry": { "type": "Point", "coordinates": [ 229503.193777929933276, 898223.057242828188464 ] } },
{ "type": "Feature", "properties": { "category": "public_institution" }, "geometry": { "type": "Point", "coordinates": [ 226810.188110200047959, 888778.921883427072316 ] } },
{ "type": "Feature", "properties": { "category": "public_institution" }, "geometry": { "type": "Point", "coordinates": [ 241738.43076714759809, 889758.771513274055906 ] } },
{ "type": "Feature", "properties": { "category": "public_institution" }, "geometry": { "type": "Point", "coordinates": [ 243209.39971919322852, 888553.13973654457368 ] } },
{ "type": "Feature", "properties": { "category": "public_institution" }, "geometry": { "type": "Point", "coordinates": [ 236132.989125252643134, 901084.163518489105627 ] } },
{ "type": "Feature", "properties": { "category": "public_institution" }, "geometry": { "type": "Point", "coordinates": [ 234761.88482277377625, 898558.667814119136892 ] } },
{ "type": "Feature", "properties": { "category": "public_institution" }, "geometry": { "type": "Point", "coordinates": [ 241215.007144348870497, 889017.36312027880922 ] } },
{ "type": "Feature", "properties": { "category": "public_institution" }, "geometry": { "type": "Point", "coordinates": [ 240580.724156432435848, 906808.363999239751138 ] } },
{ "type": "Feature", "properties": { "category": "public_institution" }, "geometry": { "type": "Point", "coordinates": [ 237318.072400216042297, 900489.757389680715278 ] } },
{ "type": "Feature", "properties": { "category": "public_institution" }, "geometry": { "type": "Point", "coordinates": [ 240905.82636967979488, 889053.991845959913917 ] } },
{ "type": "Feature", "properties": { "category": "public_institution" }, "geometry": { "type": "Point", "coordinates": [ 235665.957391875766916, 897579.050077829393558 ] } },
{ "type": "Feature", "properties": { "category": "public_institution" }, "geometry": { "type": "Point", "coordinates": [ 234748.433393626182806, 902144.753028922015801 ] } },
{ "type": "Feature", "properties": { "category": "public_institution" }, "geometry": { "type": "Point", "coordinates": [ 236464.926855978963431, 901174.963048377074301 ] } },
{ "type": "Feature", "properties": { "category": "public_institution" }, "geometry": { "type": "Point", "coordinates": [ 241256.316764821589459, 889304.848158716806211 ] } },
{ "type": "Feature", "properties": { "category": "public_institution" }, "geometry": { "type": "Point", "coordinates": [ 240368.641211854584981, 912865.813311489764601 ] } },
{ "type": "Feature", "properties": { "category": "public_institution" }, "geometry": { "type": "Point", "coordinates": [ 236765.14924326405162, 902901.021058362792246 ] } },
{ "type": "Feature", "properties": { "category": "public_institution" }, "geometry": { "type": "Point", "coordinates": [ 236655.057282971247332, 906524.95668850664515 ] } },
{ "type": "Feature", "properties": { "category": "public_institution" }, "geometry": { "type": "Point", "coordinates": [ 237972.764690473180963, 902190.876331388019025 ] } },
{ "type": "Feature", "properties": { "category": "public_institution" }, "geometry": { "type": "Point", "coordinates": [ 242444.833022793580312, 903143.093311265925877 ] } },
{ "type": "Feature", "properties": { "category": "public_institution" }, "geometry": { "type": "Point", "coordinates": [ 236655.057282971247332, 906524.95668850664515 ] } },
{ "type": "Feature", "properties": { "category": "public_institution" }, "geometry": { "type": "Point", "coordinates": [ 235704.463939476147061, 900204.122823690762743 ] } },
{ "type": "Feature", "properties": { "category": "public_institution" }, "geometry": { "type": "Point", "coordinates": [ 236067.120716389006702, 900354.708219438092783 ] } },
{ "type": "Feature", "properties": { "category": "public_institution" }, "geometry": { "type": "Point", "coordinates": [ 225302.859336500812788, 901456.135770284105092 ] } },
{ "type": "Feature", "properties": { "category": "public_institution" }, "geometry": { "type": "Point", "coordinates": [ 228850.469107588665793, 894728.429845505626872 ] } },
{ "type": "Feature", "properties": { "category": "public_institution" }, "geometry": { "type": "Point", "coordinates": [ 234430.911593778291717, 895329.246777505264618 ] } },
{ "type": "Feature", "properties": { "category": "public_institution" }, "geometry": { "type": "Point", "coordinates": [ 231042.495078205887694, 902874.290471309795976 ] } },
{ "type": "Feature", "properties": { "category": "public_institution" }, "geometry": { "type": "Point", "coordinates": [ 228243.267699409567285, 907231.531914784340188 ] } },
{ "type": "Feature", "properties": { "category": "public_institution" }, "geometry": { "type": "Point", "coordinates": [ 225798.051251579483505, 901941.457521932316013 ] } },
{ "type": "Feature", "properties": { "category": "public_institution" }, "geometry": { "type": "Point", "coordinates": [ 236052.824730660009664, 901069.533734648488462 ] } },
{ "type": "Feature", "properties": { "category": "public_institution" }, "geometry": { "type": "Point", "coordinates": [ 225706.853403791435994, 903025.687121786060743 ] } },
{ "type": "Feature", "properties": { "category": "public_institution" }, "geometry": { "type": "Point", "coordinates": [ 236191.778151347185485, 900786.33219907572493 ] } },
{ "type": "Feature", "properties": { "category": "public_institution" }, "geometry": { "type": "Point", "coordinates": [ 226141.756303035421297, 904559.726274085929617 ] } },
{ "type": "Feature", "properties": { "category": "public_institution" }, "geometry": { "type": "Point", "coordinates": [ 235925.392396414914401, 900422.628479248494841 ] } },
{ "type": "Feature", "properties": { "category": "public_institution" }, "geometry": { "type": "Point", "coordinates": [ 236216.184350345516577, 900686.487606751383282 ] } },
{ "type": "Feature", "properties": { "category": "public_institution" }, "geometry": { "type": "Point", "coordinates": [ 234804.047092025633901, 891534.378079747199081 ] } },
{ "type": "Feature", "properties": { "category": "public_institution" }, "geometry": { "type": "Point", "coordinates": [ 231070.685200949083082, 902496.638112690881826 ] } },
{ "type": "Feature", "properties": { "category": "public_institution" }, "geometry": { "type": "Point", "coordinates": [ 236096.199720931792399, 901462.195918918820098 ] } },
{ "type": "Feature", "properties": { "category": "public_institution" }, "geometry": { "type": "Point", "coordinates": [ 239297.403585393098183, 888220.5337427938357 ] } },
{ "type": "Feature", "properties": { "category": "public_institution" }, "geometry": { "type": "Point", "coordinates": [ 234554.705044848669786, 897401.552504710503854 ] } },
{ "type": "Feature", "properties": { "category": "public_institution" }, "geometry": { "type": "Point", "coordinates": [ 226570.391206938249525, 905175.709601056296378 ] } },
{ "type": "Feature", "properties": { "category": "public_institution" }, "geometry": { "type": "Point", "coordinates": [ 238088.091239452303853, 905044.119423560681753 ] } },
{ "type": "Feature", "properties": { "category": "public_institution" }, "geometry": { "type": "Point", "coordinates": [ 232150.266103080211906, 900149.197457950562239 ] } },
{ "type": "Feature", "properties": { "category": "public_institution" }, "geometry": { "type": "Point", "coordinates": [ 226127.403783704998204, 901798.828964682528749 ] } },
{ "type": "Feature", "properties": { "category": "public_institution" }, "geometry": { "type": "Point", "coordinates": [ 232657.320482031500433, 902202.146055583609268 ] } },
{ "type": "Feature", "properties": { "category": "public_institution" }, "geometry": { "type": "Point", "coordinates": [ 225202.397839631070383, 899102.49099004175514 ] } },
{ "type": "Feature", "properties": { "category": "public_institution" }, "geometry": { "type": "Point", "coordinates": [ 224821.695986174774589, 901177.947558688232675 ] } },
{ "type": "Feature", "properties": { "category": "public_institution" }, "geometry": { "type": "Point", "coordinates": [ 234189.517151283245767, 899834.253263017744757 ] } },
{ "type": "Feature", "properties": { "category": "public_institution" }, "geometry": { "type": "Point", "coordinates": [ 225159.090780963539146, 896167.244486258365214 ] } },
{ "type": "Feature", "properties": { "category": "public_institution" }, "geometry": { "type": "Point", "coordinates": [ 235166.743615932064131, 908630.412807648070157 ] } },
{ "type": "Feature", "properties": { "category": "public_institution" }, "geometry": { "type": "Point", "coordinates": [ 231280.699251666199416, 904903.862692013848573 ] } },
{ "type": "Feature", "properties": { "category": "public_institution" }, "geometry": { "type": "Point", "coordinates": [ 227204.809995115967467, 903377.781143514439464 ] } },
{ "type": "Feature", "properties": { "category": "public_institution" }, "geometry": { "type": "Point", "coordinates": [ 237194.413981616846286, 900317.263877450022846 ] } },
{ "type": "Feature", "properties": { "category": "public_institution" }, "geometry": { "type": "Point", "coordinates": [ 230062.582705289823934, 904835.783210503403097 ] } },
{ "type": "Feature", "properties": { "category": "public_institution" }, "geometry": { "type": "Point", "coordinates": [ 231007.221091821527807, 889625.558890212560073 ] } },
{ "type": "Feature", "properties": { "category": "public_institution" }, "geometry": { "type": "Point", "coordinates": [ 221298.24163785748533, 903684.846155224717222 ] } },
{ "type": "Feature", "properties": { "category": "public_institution" }, "geometry": { "type": "Point", "coordinates": [ 235908.305317959137028, 900316.128377425950021 ] } },
{ "type": "Feature", "properties": { "category": "public_institution" }, "geometry": { "type": "Point", "coordinates": [ 222427.981033384829061, 899947.49455450871028 ] } },
{ "type": "Feature", "properties": { "category": "public_institution" }, "geometry": { "type": "Point", "coordinates": [ 220748.183285951265134, 903895.691767148207873 ] } },
{ "type": "Feature", "properties": { "category": "public_institution" }, "geometry": { "type": "Point", "coordinates": [ 225237.040540183515986, 897968.519925847183913 ] } },
{ "type": "Feature", "properties": { "category": "public_institution" }, "geometry": { "type": "Point", "coordinates": [ 234460.717195060744416, 891718.296354949707165 ] } },
{ "type": "Feature", "properties": { "category": "public_institution" }, "geometry": { "type": "Point", "coordinates": [ 236663.925591213366715, 900707.470597171224654 ] } },
{ "type": "Feature", "properties": { "category": "public_institution" }, "geometry": { "type": "Point", "coordinates": [ 228254.118226961494656, 908686.825013178633526 ] } },
{ "type": "Feature", "properties": { "category": "public_institution" }, "geometry": { "type": "Point", "coordinates": [ 233185.7045570127666, 901331.43672037741635 ] } },
{ "type": "Feature", "properties": { "category": "public_institution" }, "geometry": { "type": "Point", "coordinates": [ 232482.808707769872854, 901733.36479891941417 ] } },
{ "type": "Feature", "properties": { "category": "public_institution" }, "geometry": { "type": "Point", "coordinates": [ 224503.267404250334948, 901400.095652466407046 ] } },
{ "type": "Feature", "properties": { "category": "public_institution" }, "geometry": { "type": "Point", "coordinates": [ 238423.002211444749264, 904898.874834783142433 ] } },
{ "type": "Feature", "properties": { "category": "public_institution" }, "geometry": { "type": "Point", "coordinates": [ 222944.690729074092815, 891198.4701694319956 ] } },
{ "type": "Feature", "properties": { "category": "public_institution" }, "geometry": { "type": "Point", "coordinates": [ 236630.988404941628687, 900324.8567947645206 ] } },
{ "type": "Feature", "properties": { "category": "public_institution" }, "geometry": { "type": "Point", "coordinates": [ 229723.787155743077165, 887317.989019785192795 ] } },
{ "type": "Feature", "properties": { "category": "public_institution" }, "geometry": { "type": "Point", "coordinates": [ 229908.584093001612928, 902657.212008865899406 ] } },
{ "type": "Feature", "properties": { "category": "public_institution" }, "geometry": { "type": "Point", "coordinates": [ 232443.365631174528971, 907594.475774412276223 ] } },
{ "type": "Feature", "properties": { "category": "public_institution" }, "geometry": { "type": "Point", "coordinates": [ 227844.503663902403787, 907579.171720664948225 ] } },
{ "type": "Feature", "properties": { "category": "public_institution" }, "geometry": { "type": "Point", "coordinates": [ 236067.120716389006702, 900354.708219438092783 ] } },
{ "type": "Feature", "properties": { "category": "public_institution" }, "geometry": { "type": "Point", "coordinates": [ 236434.453638025413966, 899902.293951506959274 ] } },
{ "type": "Feature", "properties": { "category": "public_institution" }, "geometry": { "type": "Point", "coordinates": [ 236052.824730660009664, 901069.533734648488462 ] } },
{ "type": "Feature", "properties": { "category": "public_institution" }, "geometry": { "type": "Point", "coordinates": [ 231416.456151500344276, 902918.940242286305875 ] } },
{ "type": "Feature", "properties": { "category": "public_institution" }, "geometry": { "type": "Point", "coordinates": [ 235839.097896728577325, 908319.901740051689558 ] } },
{ "type": "Feature", "properties": { "category": "public_institution" }, "geometry": { "type": "Point", "coordinates": [ 237619.317538570903707, 890049.116190173546784 ] } },
{ "type": "Feature", "properties": { "category": "public_institution" }, "geometry": { "type": "Point", "coordinates": [ 232935.152203959994949, 899845.924265912268311 ] } },
{ "type": "Feature", "properties": { "category": "public_institution" }, "geometry": { "type": "Point", "coordinates": [ 231191.69713035991299, 902603.698340008617379 ] } },
{ "type": "Feature", "properties": { "category": "public_institution" }, "geometry": { "type": "Point", "coordinates": [ 235826.698711849108804, 906298.411051435978152 ] } },
{ "type": "Feature", "properties": { "category": "public_institution" }, "geometry": { "type": "Point", "coordinates": [ 225742.81401722249575, 901977.355167195433751 ] } },
{ "type": "Feature", "properties": { "category": "public_institution" }, "geometry": { "type": "Point", "coordinates": [ 237619.317538570903707, 890049.116190173546784 ] } },
{ "type": "Feature", "properties": { "category": "public_institution" }, "geometry": { "type": "Point", "coordinates": [ 226885.140205347590381, 888406.440070519573055 ] } },
{ "type": "Feature", "properties": { "category": "public_institution" }, "geometry": { "type": "Point", "coordinates": [ 231266.147955012274906, 889608.265862463857047 ] } },
{ "type": "Feature", "properties": { "category": "public_institution" }, "geometry": { "type": "Point", "coordinates": [ 235686.224653123994358, 905317.310000725905411 ] } },
{ "type": "Feature", "properties": { "category": "public_institution" }, "geometry": { "type": "Point", "coordinates": [ 232231.620053270948119, 901578.809185436461121 ] } },
{ "type": "Feature", "properties": { "category": "public_institution" }, "geometry": { "type": "Point", "coordinates": [ 226900.37646875003702, 888673.855777020915411 ] } },
{ "type": "Feature", "properties": { "category": "public_institution" }, "geometry": { "type": "Point", "coordinates": [ 234446.022351627179887, 894903.785534202470444 ] } },
{ "type": "Feature", "properties": { "category": "public_institution" }, "geometry": { "type": "Point", "coordinates": [ 221657.941739615605911, 891673.570678406278603 ] } },
{ "type": "Feature", "properties": { "category": "public_institution" }, "geometry": { "type": "Point", "coordinates": [ 235587.454782480868744, 903150.32591862580739 ] } },
{ "type": "Feature", "properties": { "category": "public_institution" }, "geometry": { "type": "Point", "coordinates": [ 222035.717528225068236, 893763.297056215000339 ] } },
{ "type": "Feature", "properties": { "category": "public_institution" }, "geometry": { "type": "Point", "coordinates": [ 238732.916436675761361, 902972.910748836584389 ] } },
{ "type": "Feature", "properties": { "category": "public_institution" }, "geometry": { "type": "Point", "coordinates": [ 236680.985855008679209, 907958.797762871836312 ] } },
{ "type": "Feature", "properties": { "category": "public_institution" }, "geometry": { "type": "Point", "coordinates": [ 233156.26041887581232, 905839.976694786571898 ] } },
{ "type": "Feature", "properties": { "category": "public_institution" }, "geometry": { "type": "Point", "coordinates": [ 232427.518792403512634, 904020.879056358127855 ] } },
{ "type": "Feature", "properties": { "category": "public_institution" }, "geometry": { "type": "Point", "coordinates": [ 228588.180954528303118, 907423.650839930400252 ] } },
{ "type": "Feature", "properties": { "category": "public_institution" }, "geometry": { "type": "Point", "coordinates": [ 235938.875845136091812, 900959.760136800818145 ] } },
{ "type": "Feature", "properties": { "category": "public_institution" }, "geometry": { "type": "Point", "coordinates": [ 231156.384849570371443, 900202.370144747546874 ] } },
{ "type": "Feature", "properties": { "category": "public_institution" }, "geometry": { "type": "Point", "coordinates": [ 236289.888949701795354, 901888.734869606443681 ] } },
{ "type": "Feature", "properties": { "category": "public_institution" }, "geometry": { "type": "Point", "coordinates": [ 233962.008495364745613, 894598.747544009005651 ] } },
{ "type": "Feature", "properties": { "category": "public_institution" }, "geometry": { "type": "Point", "coordinates": [ 227999.607120317232329, 899511.511649535037577 ] } },
{ "type": "Feature", "properties": { "category": "public_institution" }, "geometry": { "type": "Point", "coordinates": [ 236067.120716389006702, 900354.708219438092783 ] } },
{ "type": "Feature", "properties": { "category": "public_institution" }, "geometry": { "type": "Point", "coordinates": [ 231591.769687662628712, 902925.502544211922213 ] } },
{ "type": "Feature", "properties": { "category": "public_institution" }, "geometry": { "type": "Point", "coordinates": [ 220410.772249395755352, 893009.522491207811981 ] } },
{ "type": "Feature", "properties": { "category": "public_institution" }, "geometry": { "type": "Point", "coordinates": [ 234870.382662999792956, 908635.376879123970866 ] } },
{ "type": "Feature", "properties": { "category": "public_institution" }, "geometry": { "type": "Point", "coordinates": [ 232333.335562695458066, 900078.725468719378114 ] } },
{ "type": "Feature", "properties": { "category": "public_institution" }, "geometry": { "type": "Point", "coordinates": [ 235205.060432363854488, 898219.0878183292225 ] } },
{ "type": "Feature", "properties": { "category": "public_institution" }, "geometry": { "type": "Point", "coordinates": [ 228235.746804667840479, 902037.250035488628782 ] } },
{ "type": "Feature", "properties": { "category": "public_institution" }, "geometry": { "type": "Point", "coordinates": [ 231088.037349496531533, 902614.346670715371147 ] } },
{ "type": "Feature", "properties": { "category": "public_institution" }, "geometry": { "type": "Point", "coordinates": [ 236381.628387319971807, 897850.41411348967813 ] } },
{ "type": "Feature", "properties": { "category": "public_institution" }, "geometry": { "type": "Point", "coordinates": [ 236482.156423061096575, 906262.130753725068644 ] } },
{ "type": "Feature", "properties": { "category": "public_institution" }, "geometry": { "type": "Point", "coordinates": [ 235847.326555165840546, 908722.94178365485277 ] } },
{ "type": "Feature", "properties": { "category": "public_institution" }, "geometry": { "type": "Point", "coordinates": [ 228243.267699409567285, 907231.531914784340188 ] } },
{ "type": "Feature", "properties": { "category": "public_institution" }, "geometry": { "type": "Point", "coordinates": [ 234677.813234310684493, 889378.438281930051744 ] } },
{ "type": "Feature", "properties": { "category": "public_institution" }, "geometry": { "type": "Point", "coordinates": [ 236290.193026296328753, 901829.864882553229108 ] } },
{ "type": "Feature", "properties": { "category": "public_institution" }, "geometry": { "type": "Point", "coordinates": [ 232443.365631174528971, 907594.475774412276223 ] } },
{ "type": "Feature", "properties": { "category": "public_institution" }, "geometry": { "type": "Point", "coordinates": [ 236339.42757721588714, 901022.246761470101774 ] } },
{ "type": "Feature", "properties": { "category": "public_institution" }, "geometry": { "type": "Point", "coordinates": [ 236893.697831783501897, 900676.460532167926431 ] } },
{ "type": "Feature", "properties": { "category": "public_institution" }, "geometry": { "type": "Point", "coordinates": [ 222944.690729074092815, 891198.4701694319956 ] } },
{ "type": "Feature", "properties": { "category": "public_institution" }, "geometry": { "type": "Point", "coordinates": [ 235520.101027957629412, 900181.972659633727744 ] } },
{ "type": "Feature", "properties": { "category": "public_institution" }, "geometry": { "type": "Point", "coordinates": [ 236053.506872703961562, 901081.08936908445321 ] } },
{ "type": "Feature", "properties": { "category": "public_institution" }, "geometry": { "type": "Point", "coordinates": [ 241878.838781729835318, 907759.057680481113493 ] } },
{ "type": "Feature", "properties": { "category": "public_institution" }, "geometry": { "type": "Point", "coordinates": [ 228641.495706351735862, 904663.559236398083158 ] } },
{ "type": "Feature", "properties": { "category": "public_institution" }, "geometry": { "type": "Point", "coordinates": [ 241074.38759116618894, 889639.456490107579157 ] } },
{ "type": "Feature", "properties": { "category": "public_institution" }, "geometry": { "type": "Point", "coordinates": [ 236104.574394585157279, 901114.897205370012671 ] } },
{ "type": "Feature", "properties": { "category": "public_institution" }, "geometry": { "type": "Point", "coordinates": [ 235983.775023942580447, 901651.341021170257591 ] } },
{ "type": "Feature", "properties": { "category": "public_institution" }, "geometry": { "type": "Point", "coordinates": [ 235166.743615932064131, 908630.412807648070157 ] } },
{ "type": "Feature", "properties": { "category": "public_institution" }, "geometry": { "type": "Point", "coordinates": [ 232657.320482031500433, 902202.146055583609268 ] } },
{ "type": "Feature", "properties": { "category": "public_institution" }, "geometry": { "type": "Point", "coordinates": [ 233214.198784281412372, 897061.082559850648977 ] } },
{ "type": "Feature", "properties": { "category": "public_institution" }, "geometry": { "type": "Point", "coordinates": [ 235603.913072291703429, 908364.914118028362282 ] } },
{ "type": "Feature", "properties": { "category": "public_institution" }, "geometry": { "type": "Point", "coordinates": [ 241180.495186705957167, 905807.583245259942487 ] } },
{ "type": "Feature", "properties": { "category": "public_institution" }, "geometry": { "type": "Point", "coordinates": [ 226719.752319984632777, 888732.481875331373885 ] } },
{ "type": "Feature", "properties": { "category": "public_institution" }, "geometry": { "type": "Point", "coordinates": [ 236136.978382436733227, 901029.311393872951157 ] } },
{ "type": "Feature", "properties": { "category": "public_institution" }, "geometry": { "type": "Point", "coordinates": [ 236052.824730660009664, 901069.533734648488462 ] } },
{ "type": "Feature", "properties": { "category": "public_institution" }, "geometry": { "type": "Point", "coordinates": [ 230577.102533298399067, 892864.311972372466698 ] } },
{ "type": "Feature", "properties": { "category": "public_institution" }, "geometry": { "type": "Point", "coordinates": [ 238732.916436675761361, 902972.910748836584389 ] } },
{ "type": "Feature", "properties": { "category": "public_institution" }, "geometry": { "type": "Point", "coordinates": [ 225899.162901661911746, 902398.914524333318695 ] } },
{ "type": "Feature", "properties": { "category": "public_institution" }, "geometry": { "type": "Point", "coordinates": [ 226570.391206938249525, 905175.709601056296378 ] } },
{ "type": "Feature", "properties": { "category": "public_institution" }, "geometry": { "type": "Point", "coordinates": [ 236464.926855978963431, 901174.963048377074301 ] } },
{ "type": "Feature", "properties": { "category": "public_institution" }, "geometry": { "type": "Point", "coordinates": [ 224377.629492225853028, 894369.056426149327308 ] } },
{ "type": "Feature", "properties": { "category": "public_institution" }, "geometry": { "type": "Point", "coordinates": [ 235176.357695669867098, 900215.788584760623053 ] } },
{ "type": "Feature", "properties": { "category": "public_institution" }, "geometry": { "type": "Point", "coordinates": [ 237206.54752144071972, 896841.149585831095465 ] } },
{ "type": "Feature", "properties": { "category": "public_institution" }, "geometry": { "type": "Point", "coordinates": [ 235369.174208014330361, 901962.905133064719848 ] } },
{ "type": "Feature", "properties": { "category": "public_institution" }, "geometry": { "type": "Point", "coordinates": [ 232443.365631174528971, 907594.475774412276223 ] } },
{ "type": "Feature", "properties": { "category": "public_institution" }, "geometry": { "type": "Point", "coordinates": [ 236663.925591213366715, 900707.470597171224654 ] } },
{ "type": "Feature", "properties": { "category": "public_institution" }, "geometry": { "type": "Point", "coordinates": [ 235730.285164487373549, 901947.404100081999786 ] } },
{ "type": "Feature", "properties": { "category": "public_institution" }, "geometry": { "type": "Point", "coordinates": [ 229135.789428947173292, 888108.051031450042501 ] } },
{ "type": "Feature", "properties": { "category": "public_institution" }, "geometry": { "type": "Point", "coordinates": [ 234677.813234310684493, 889378.438281930051744 ] } },
{ "type": "Feature", "properties": { "category": "public_institution" }, "geometry": { "type": "Point", "coordinates": [ 237838.726442111306824, 912594.779794050497003 ] } },
{ "type": "Feature", "properties": { "category": "public_institution" }, "geometry": { "type": "Point", "coordinates": [ 235747.489602295914665, 900249.328145961742848 ] } },
{ "type": "Feature", "properties": { "category": "public_institution" }, "geometry": { "type": "Point", "coordinates": [ 236446.713348378892988, 900938.160815313225612 ] } },
{ "type": "Feature", "properties": { "category": "public_institution" }, "geometry": { "type": "Point", "coordinates": [ 235316.325488902104553, 893605.505639828159474 ] } },
{ "type": "Feature", "properties": { "category": "public_institution" }, "geometry": { "type": "Point", "coordinates": [ 234747.352091456152266, 892073.372611532569863 ] } },
{ "type": "Feature", "properties": { "category": "public_institution" }, "geometry": { "type": "Point", "coordinates": [ 232660.511079391115345, 902242.260123196989298 ] } },
{ "type": "Feature", "properties": { "category": "public_institution" }, "geometry": { "type": "Point", "coordinates": [ 223951.062479252577759, 900757.941416518879123 ] } },
{ "type": "Feature", "properties": { "category": "public_institution" }, "geometry": { "type": "Point", "coordinates": [ 235314.151798823033459, 892954.253226680564694 ] } },
{ "type": "Feature", "properties": { "category": "public_institution" }, "geometry": { "type": "Point", "coordinates": [ 236329.089944282430224, 900998.089332197909243 ] } },
{ "type": "Feature", "properties": { "category": "public_institution" }, "geometry": { "type": "Point", "coordinates": [ 244846.129794395412318, 914699.20368246815633 ] } },
{ "type": "Feature", "properties": { "category": "public_institution" }, "geometry": { "type": "Point", "coordinates": [ 244220.111302022705786, 915320.844082080293447 ] } },
{ "type": "Feature", "properties": { "category": "public_institution" }, "geometry": { "type": "Point", "coordinates": [ 232367.993589969235472, 900138.755903639132157 ] } },
{ "type": "Feature", "properties": { "category": "public_institution" }, "geometry": { "type": "Point", "coordinates": [ 235938.875845136091812, 900959.760136800818145 ] } },
{ "type": "Feature", "properties": { "category": "public_institution" }, "geometry": { "type": "Point", "coordinates": [ 232741.450553016446065, 907599.303163924138062 ] } },
{ "type": "Feature", "properties": { "category": "public_institution" }, "geometry": { "type": "Point", "coordinates": [ 235509.911202882329235, 898284.71293011191301 ] } },
{ "type": "Feature", "properties": { "category": "public_institution" }, "geometry": { "type": "Point", "coordinates": [ 237693.829145683848765, 896451.086553739500232 ] } },
{ "type": "Feature", "properties": { "category": "public_institution" }, "geometry": { "type": "Point", "coordinates": [ 235448.439899791643256, 908628.830648571369238 ] } },
{ "type": "Feature", "properties": { "category": "public_institution" }, "geometry": { "type": "Point", "coordinates": [ 223490.496536085265689, 891318.344175047590397 ] } },
{ "type": "Feature", "properties": { "category": "public_institution" }, "geometry": { "type": "Point", "coordinates": [ 243133.513046861568, 915567.67714866460301 ] } },
{ "type": "Feature", "properties": { "category": "public_institution" }, "geometry": { "type": "Point", "coordinates": [ 240684.705711819522548, 889575.101471561472863 ] } },
{ "type": "Feature", "properties": { "category": "public_institution" }, "geometry": { "type": "Point", "coordinates": [ 244733.671606299700215, 914605.398492060950957 ] } },
{ "type": "Feature", "properties": { "category": "public_institution" }, "geometry": { "type": "Point", "coordinates": [ 236666.660882147785742, 900562.194627269404009 ] } },
{ "type": "Feature", "properties": { "category": "public_institution" }, "geometry": { "type": "Point", "coordinates": [ 224126.691940308286576, 904982.276624677935615 ] } },
{ "type": "Feature", "properties": { "category": "public_institution" }, "geometry": { "type": "Point", "coordinates": [ 223563.596104473806918, 903831.927680973894894 ] } },
{ "type": "Feature", "properties": { "category": "public_institution" }, "geometry": { "type": "Point", "coordinates": [ 236329.089944282430224, 900998.089332197909243 ] } },
{ "type": "Feature", "properties": { "category": "public_institution" }, "geometry": { "type": "Point", "coordinates": [ 239138.326142838282976, 894278.532493837177753 ] } },
{ "type": "Feature", "properties": { "category": "public_institution" }, "geometry": { "type": "Point", "coordinates": [ 231144.794313495571259, 905360.792157352552749 ] } },
{ "type": "Feature", "properties": { "category": "public_institution" }, "geometry": { "type": "Point", "coordinates": [ 230879.701653424708638, 898986.516419034684077 ] } },
{ "type": "Feature", "properties": { "category": "public_institution" }, "geometry": { "type": "Point", "coordinates": [ 226955.244667009217665, 888482.905601418460719 ] } },
{ "type": "Feature", "properties": { "category": "public_institution" }, "geometry": { "type": "Point", "coordinates": [ 234338.625969311251538, 901542.693343328428455 ] } },
{ "type": "Feature", "properties": { "category": "public_institution" }, "geometry": { "type": "Point", "coordinates": [ 237894.630150830838829, 904871.344303498626687 ] } },
{ "type": "Feature", "properties": { "category": "public_institution" }, "geometry": { "type": "Point", "coordinates": [ 232482.808707769872854, 901733.36479891941417 ] } },
{ "type": "Feature", "properties": { "category": "public_institution" }, "geometry": { "type": "Point", "coordinates": [ 235380.301766028162092, 911664.089444005046971 ] } },
{ "type": "Feature", "properties": { "category": "public_institution" }, "geometry": { "type": "Point", "coordinates": [ 240071.527797361544799, 906490.527954555582255 ] } },
{ "type": "Feature", "properties": { "category": "public_institution" }, "geometry": { "type": "Point", "coordinates": [ 235730.285164487373549, 901947.404100081999786 ] } },
{ "type": "Feature", "properties": { "category": "public_institution" }, "geometry": { "type": "Point", "coordinates": [ 225268.008713432820514, 900678.801222776761279 ] } },
{ "type": "Feature", "properties": { "category": "public_institution" }, "geometry": { "type": "Point", "coordinates": [ 235667.588527751562651, 911574.457877623848617 ] } },
{ "type": "Feature", "properties": { "category": "public_institution" }, "geometry": { "type": "Point", "coordinates": [ 236036.251890215440653, 902485.586887084296905 ] } },
{ "type": "Feature", "properties": { "category": "public_institution" }, "geometry": { "type": "Point", "coordinates": [ 238005.568468327546725, 899887.066195825464092 ] } },
{ "type": "Feature", "properties": { "category": "public_institution" }, "geometry": { "type": "Point", "coordinates": [ 232809.163385309075238, 905895.774209156399593 ] } },
{ "type": "Feature", "properties": { "category": "public_institution" }, "geometry": { "type": "Point", "coordinates": [ 233518.87192709397641, 901515.075179211678915 ] } },
{ "type": "Feature", "properties": { "category": "public_institution" }, "geometry": { "type": "Point", "coordinates": [ 232094.974967689951882, 907341.39056877209805 ] } },
{ "type": "Feature", "properties": { "category": "public_institution" }, "geometry": { "type": "Point", "coordinates": [ 233781.968518514477182, 906670.943702215095982 ] } },
{ "type": "Feature", "properties": { "category": "public_institution" }, "geometry": { "type": "Point", "coordinates": [ 231788.440918401553063, 895638.483642360777594 ] } },
{ "type": "Feature", "properties": { "category": "public_institution" }, "geometry": { "type": "Point", "coordinates": [ 236067.120716389006702, 900354.708219438092783 ] } },
{ "type": "Feature", "properties": { "category": "public_institution" }, "geometry": { "type": "Point", "coordinates": [ 228227.75240809173556, 896416.597852617152967 ] } },
{ "type": "Feature", "properties": { "category": "public_institution" }, "geometry": { "type": "Point", "coordinates": [ 242137.197527664800873, 914169.094248366774991 ] } },
{ "type": "Feature", "properties": { "category": "public_institution" }, "geometry": { "type": "Point", "coordinates": [ 219683.491234689630801, 901407.378059050999582 ] } },
{ "type": "Feature", "properties": { "category": "public_institution" }, "geometry": { "type": "Point", "coordinates": [ 243646.780220943590393, 915671.049531670985743 ] } },
{ "type": "Feature", "properties": { "category": "public_institution" }, "geometry": { "type": "Point", "coordinates": [ 236442.244997693604091, 906211.826667936402373 ] } },
{ "type": "Feature", "properties": { "category": "public_institution" }, "geometry": { "type": "Point", "coordinates": [ 232325.250988595187664, 905414.77939043182414 ] } },
{ "type": "Feature", "properties": { "category": "public_institution" }, "geometry": { "type": "Point", "coordinates": [ 236697.016652398364386, 900854.821947788354009 ] } },
{ "type": "Feature", "properties": { "category": "public_institution" }, "geometry": { "type": "Point", "coordinates": [ 238423.002211444749264, 904898.874834783142433 ] } },
{ "type": "Feature", "properties": { "category": "public_institution" }, "geometry": { "type": "Point", "coordinates": [ 236512.996079188131262, 900627.930314366123639 ] } },
{ "type": "Feature", "properties": { "category": "public_institution" }, "geometry": { "type": "Point", "coordinates": [ 235988.433914676279528, 901722.788260688772425 ] } },
{ "type": "Feature", "properties": { "category": "public_institution" }, "geometry": { "type": "Point", "coordinates": [ 239956.751068979065167, 888454.172532193246298 ] } },
{ "type": "Feature", "properties": { "category": "public_institution" }, "geometry": { "type": "Point", "coordinates": [ 233685.964709802443394, 900098.741515947389416 ] } },
{ "type": "Feature", "properties": { "category": "public_institution" }, "geometry": { "type": "Point", "coordinates": [ 234771.584441021492239, 900096.031549044884741 ] } },
{ "type": "Feature", "properties": { "category": "public_institution" }, "geometry": { "type": "Point", "coordinates": [ 234252.19643215322867, 896270.19536529481411 ] } },
{ "type": "Feature", "properties": { "category": "public_institution" }, "geometry": { "type": "Point", "coordinates": [ 233720.057737281837035, 898264.569256874499843 ] } },
{ "type": "Feature", "properties": { "category": "public_institution" }, "geometry": { "type": "Point", "coordinates": [ 225742.81401722249575, 901977.355167195433751 ] } },
{ "type": "Feature", "properties": { "category": "public_institution" }, "geometry": { "type": "Point", "coordinates": [ 225798.051251579483505, 901941.457521932316013 ] } },
{ "type": "Feature", "properties": { "category": "public_institution" }, "geometry": { "type": "Point", "coordinates": [ 240071.527797361544799, 906490.527954555582255 ] } },
{ "type": "Feature", "properties": { "category": "public_institution" }, "geometry": { "type": "Point", "coordinates": [ 235839.097896728577325, 908319.901740051689558 ] } },
{ "type": "Feature", "properties": { "category": "public_institution" }, "geometry": { "type": "Point", "coordinates": [ 234340.178583182278089, 896940.974858768517151 ] } },
{ "type": "Feature", "properties": { "category": "public_institution" }, "geometry": { "type": "Point", "coordinates": [ 237619.317538570903707, 890049.116190173546784 ] } },
{ "type": "Feature", "properties": { "category": "public_institution" }, "geometry": { "type": "Point", "coordinates": [ 238423.002211444749264, 904898.874834783142433 ] } },
{ "type": "Feature", "properties": { "category": "public_institution" }, "geometry": { "type": "Point", "coordinates": [ 238144.958215880644275, 898373.051268271170557 ] } },
{ "type": "Feature", "properties": { "category": "public_institution" }, "geometry": { "type": "Point", "coordinates": [ 237013.567432997660944, 900629.993744493462145 ] } },
{ "type": "Feature", "properties": { "category": "public_institution" }, "geometry": { "type": "Point", "coordinates": [ 232443.365631174528971, 907594.475774412276223 ] } },
{ "type": "Feature", "properties": { "category": "public_institution" }, "geometry": { "type": "Point", "coordinates": [ 226885.140205347590381, 888406.440070519573055 ] } },
{ "type": "Feature", "properties": { "category": "public_institution" }, "geometry": { "type": "Point", "coordinates": [ 226627.651625678467099, 905187.034334881929681 ] } },
{ "type": "Feature", "properties": { "category": "public_institution" }, "geometry": { "type": "Point", "coordinates": [ 234650.875775096588768, 902318.442063736962155 ] } },
{ "type": "Feature", "properties": { "category": "public_institution" }, "geometry": { "type": "Point", "coordinates": [ 234677.813234310684493, 889378.438281930051744 ] } },
{ "type": "Feature", "properties": { "category": "public_institution" }, "geometry": { "type": "Point", "coordinates": [ 234572.821967350813793, 901927.395011793239973 ] } },
{ "type": "Feature", "properties": { "category": "public_institution" }, "geometry": { "type": "Point", "coordinates": [ 236276.905644477228634, 900893.406213304493576 ] } },
{ "type": "Feature", "properties": { "category": "public_institution" }, "geometry": { "type": "Point", "coordinates": [ 236332.948348832927877, 901860.965651686885394 ] } },
{ "type": "Feature", "properties": { "category": "public_institution" }, "geometry": { "type": "Point", "coordinates": [ 235525.044209465559106, 895289.036214788327925 ] } },
{ "type": "Feature", "properties": { "category": "public_institution" }, "geometry": { "type": "Point", "coordinates": [ 240368.641211854584981, 912865.813311489764601 ] } },
{ "type": "Feature", "properties": { "category": "public_institution" }, "geometry": { "type": "Point", "coordinates": [ 245313.862933511525625, 912935.115834544878453 ] } },
{ "type": "Feature", "properties": { "category": "public_institution" }, "geometry": { "type": "Point", "coordinates": [ 223490.24469584930921, 895542.665515976725146 ] } },
{ "type": "Feature", "properties": { "category": "public_institution" }, "geometry": { "type": "Point", "coordinates": [ 232188.220603420457337, 895133.014944040449336 ] } },
{ "type": "Feature", "properties": { "category": "public_institution" }, "geometry": { "type": "Point", "coordinates": [ 231881.737334184057545, 902893.489074357086793 ] } },
{ "type": "Feature", "properties": { "category": "public_institution" }, "geometry": { "type": "Point", "coordinates": [ 236464.926855978963431, 901174.963048377074301 ] } },
{ "type": "Feature", "properties": { "category": "public_institution" }, "geometry": { "type": "Point", "coordinates": [ 238879.693578977428842, 891822.302016750327311 ] } },
{ "type": "Feature", "properties": { "category": "public_institution" }, "geometry": { "type": "Point", "coordinates": [ 236663.925591213366715, 900707.470597171224654 ] } },
{ "type": "Feature", "properties": { "category": "public_institution" }, "geometry": { "type": "Point", "coordinates": [ 222479.030325907660881, 899932.551172573817894 ] } },
{ "type": "Feature", "properties": { "category": "public_institution" }, "geometry": { "type": "Point", "coordinates": [ 231125.205040235101478, 889777.6977068556007 ] } },
{ "type": "Feature", "properties": { "category": "public_institution" }, "geometry": { "type": "Point", "coordinates": [ 230690.189545192115474, 905863.644078719196841 ] } },
{ "type": "Feature", "properties": { "category": "public_institution" }, "geometry": { "type": "Point", "coordinates": [ 228606.981114116410026, 899731.447081858990714 ] } },
{ "type": "Feature", "properties": { "category": "public_institution" }, "geometry": { "type": "Point", "coordinates": [ 237346.652468100481201, 900506.904185911873356 ] } },
{ "type": "Feature", "properties": { "category": "public_institution" }, "geometry": { "type": "Point", "coordinates": [ 235839.097896728577325, 908319.901740051689558 ] } },
{ "type": "Feature", "properties": { "category": "public_institution" }, "geometry": { "type": "Point", "coordinates": [ 236445.349751227884553, 900819.855456317542121 ] } },
{ "type": "Feature", "properties": { "category": "public_institution" }, "geometry": { "type": "Point", "coordinates": [ 243986.106882781343302, 910274.039989081327803 ] } },
{ "type": "Feature", "properties": { "category": "public_institution" }, "geometry": { "type": "Point", "coordinates": [ 236136.978382436733227, 901029.311393872951157 ] } },
{ "type": "Feature", "properties": { "category": "public_institution" }, "geometry": { "type": "Point", "coordinates": [ 232887.941924697661307, 893148.316467520897277 ] } },
{ "type": "Feature", "properties": { "category": "public_institution" }, "geometry": { "type": "Point", "coordinates": [ 235938.875845136091812, 900959.760136800818145 ] } },
{ "type": "Feature", "properties": { "category": "public_institution" }, "geometry": { "type": "Point", "coordinates": [ 236464.926855978963431, 901174.963048377074301 ] } },
{ "type": "Feature", "properties": { "category": "public_institution" }, "geometry": { "type": "Point", "coordinates": [ 236410.391548110201256, 900729.700907004531473 ] } },
{ "type": "Feature", "properties": { "category": "public_institution" }, "geometry": { "type": "Point", "coordinates": [ 233156.26041887581232, 905839.976694786571898 ] } },
{ "type": "Feature", "properties": { "category": "public_institution" }, "geometry": { "type": "Point", "coordinates": [ 236475.446874329529237, 894237.893487022956833 ] } },
{ "type": "Feature", "properties": { "category": "public_institution" }, "geometry": { "type": "Point", "coordinates": [ 222873.151457918080268, 899922.492996093118563 ] } },
{ "type": "Feature", "properties": { "category": "public_institution" }, "geometry": { "type": "Point", "coordinates": [ 241590.651929152809316, 889604.278112463420257 ] } },
{ "type": "Feature", "properties": { "category": "public_institution" }, "geometry": { "type": "Point", "coordinates": [ 235302.815191372996196, 900136.446582115953788 ] } },
{ "type": "Feature", "properties": { "category": "public_institution" }, "geometry": { "type": "Point", "coordinates": [ 239070.296319648361532, 901544.751473017851822 ] } },
{ "type": "Feature", "properties": { "category": "public_institution" }, "geometry": { "type": "Point", "coordinates": [ 230656.782054715004051, 903502.077303392114118 ] } },
{ "type": "Feature", "properties": { "category": "public_institution" }, "geometry": { "type": "Point", "coordinates": [ 241180.495186705957167, 905807.583245259942487 ] } },
{ "type": "Feature", "properties": { "category": "public_institution" }, "geometry": { "type": "Point", "coordinates": [ 235459.825659336725948, 897986.216947296634316 ] } },
{ "type": "Feature", "properties": { "category": "public_institution" }, "geometry": { "type": "Point", "coordinates": [ 234743.716811370453797, 898066.060331776272506 ] } },
{ "type": "Feature", "properties": { "category": "public_institution" }, "geometry": { "type": "Point", "coordinates": [ 235938.875845136091812, 900959.760136800818145 ] } },
{ "type": "Feature", "properties": { "category": "public_institution" }, "geometry": { "type": "Point", "coordinates": [ 235753.180663219885901, 912017.883542510913685 ] } },
{ "type": "Feature", "properties": { "category": "public_institution" }, "geometry": { "type": "Point", "coordinates": [ 228183.629384758940432, 889978.567954341880977 ] } },
{ "type": "Feature", "properties": { "category": "public_institution" }, "geometry": { "type": "Point", "coordinates": [ 235665.957391875766916, 897579.050077829393558 ] } },
{ "type": "Feature", "properties": { "category": "public_institution" }, "geometry": { "type": "Point", "coordinates": [ 238950.462532410572749, 899474.363599138800055 ] } },
{ "type": "Feature", "properties": { "category": "public_institution" }, "geometry": { "type": "Point", "coordinates": [ 244145.807394827977987, 911829.181363556999713 ] } },
{ "type": "Feature", "properties": { "category": "public_institution" }, "geometry": { "type": "Point", "coordinates": [ 232599.301237070438219, 895546.114482887438498 ] } },
{ "type": "Feature", "properties": { "category": "public_institution" }, "geometry": { "type": "Point", "coordinates": [ 231197.02489532387699, 898211.154083120985888 ] } },
{ "type": "Feature", "properties": { "category": "public_institution" }, "geometry": { "type": "Point", "coordinates": [ 236537.924787356052548, 898463.151305185048841 ] } },
{ "type": "Feature", "properties": { "category": "public_institution" }, "geometry": { "type": "Point", "coordinates": [ 224175.091122728219489, 900055.700517098652199 ] } },
{ "type": "Feature", "properties": { "category": "public_institution" }, "geometry": { "type": "Point", "coordinates": [ 235988.433914676279528, 901722.788260688772425 ] } },
{ "type": "Feature", "properties": { "category": "public_institution" }, "geometry": { "type": "Point", "coordinates": [ 228695.013674130081199, 908853.233430532040074 ] } },
{ "type": "Feature", "properties": { "category": "public_institution" }, "geometry": { "type": "Point", "coordinates": [ 232166.816130339895608, 898206.971982969669625 ] } },
{ "type": "Feature", "properties": { "category": "public_institution" }, "geometry": { "type": "Point", "coordinates": [ 236072.593602987064514, 901214.481208725948818 ] } },
{ "type": "Feature", "properties": { "category": "public_institution" }, "geometry": { "type": "Point", "coordinates": [ 232722.755708746786695, 896442.522751179756597 ] } },
{ "type": "Feature", "properties": { "category": "public_institution" }, "geometry": { "type": "Point", "coordinates": [ 236098.879031985416077, 903088.843090189038776 ] } },
{ "type": "Feature", "properties": { "category": "public_institution" }, "geometry": { "type": "Point", "coordinates": [ 234465.914522684004623, 899019.18203973735217 ] } },
{ "type": "Feature", "properties": { "category": "public_institution" }, "geometry": { "type": "Point", "coordinates": [ 243305.405436820699833, 913945.492823168402538 ] } },
{ "type": "Feature", "properties": { "category": "public_institution" }, "geometry": { "type": "Point", "coordinates": [ 228277.945328389148926, 907306.872057893662713 ] } },
{ "type": "Feature", "properties": { "category": "public_institution" }, "geometry": { "type": "Point", "coordinates": [ 232899.727979977964424, 903521.333085141261108 ] } },
{ "type": "Feature", "properties": { "category": "public_institution" }, "geometry": { "type": "Point", "coordinates": [ 236765.14924326405162, 902901.021058362792246 ] } },
{ "type": "Feature", "properties": { "category": "public_institution" }, "geometry": { "type": "Point", "coordinates": [ 225742.81401722249575, 901977.355167195433751 ] } },
{ "type": "Feature", "properties": { "category": "public_institution" }, "geometry": { "type": "Point", "coordinates": [ 233746.057745411235373, 901396.531518915435299 ] } },
{ "type": "Feature", "properties": { "category": "public_institution" }, "geometry": { "type": "Point", "coordinates": [ 236464.926855978963431, 901174.963048377074301 ] } },
{ "type": "Feature", "properties": { "category": "public_institution" }, "geometry": { "type": "Point", "coordinates": [ 225522.273515864741057, 897245.218306026421487 ] } },
{ "type": "Feature", "properties": { "category": "public_institution" }, "geometry": { "type": "Point", "coordinates": [ 230622.728982665954391, 902755.927040503243916 ] } },
{ "type": "Feature", "properties": { "category": "public_institution" }, "geometry": { "type": "Point", "coordinates": [ 235380.301766028162092, 911664.089444005046971 ] } },
{ "type": "Feature", "properties": { "category": "public_institution" }, "geometry": { "type": "Point", "coordinates": [ 227986.17588645737851, 887779.825523907318711 ] } },
{ "type": "Feature", "properties": { "category": "public_institution" }, "geometry": { "type": "Point", "coordinates": [ 221711.098824532440631, 903139.274013487854972 ] } },
{ "type": "Feature", "properties": { "category": "public_institution" }, "geometry": { "type": "Point", "coordinates": [ 237013.567432997660944, 900629.993744493462145 ] } },
{ "type": "Feature", "properties": { "category": "public_institution" }, "geometry": { "type": "Point", "coordinates": [ 235231.249078357592225, 898502.466786385048181 ] } },
{ "type": "Feature", "properties": { "category": "public_institution" }, "geometry": { "type": "Point", "coordinates": [ 240402.856447725032922, 906505.423075748607516 ] } },
{ "type": "Feature", "properties": { "category": "public_institution" }, "geometry": { "type": "Point", "coordinates": [ 238088.091239452303853, 905044.119423560681753 ] } },
{ "type": "Feature", "properties": { "category": "public_institution" }, "geometry": { "type": "Point", "coordinates": [ 234863.054446140915388, 887648.019135191338137 ] } },
{ "type": "Feature", "properties": { "category": "public_institution" }, "geometry": { "type": "Point", "coordinates": [ 236405.98622546569095, 897443.996590063907206 ] } },
{ "type": "Feature", "properties": { "category": "public_institution" }, "geometry": { "type": "Point", "coordinates": [ 234175.301493877952453, 899927.93378699675668 ] } },
{ "type": "Feature", "properties": { "category": "public_institution" }, "geometry": { "type": "Point", "coordinates": [ 236464.926855978963431, 901174.963048377074301 ] } },
{ "type": "Feature", "properties": { "category": "public_institution" }, "geometry": { "type": "Point", "coordinates": [ 240368.641211854584981, 912865.813311489764601 ] } },
{ "type": "Feature", "properties": { "category": "public_institution" }, "geometry": { "type": "Point", "coordinates": [ 235006.326715638802852, 899946.130998341483064 ] } },
{ "type": "Feature", "properties": { "category": "public_institution" }, "geometry": { "type": "Point", "coordinates": [ 222102.15023899555672, 901874.541685140458867 ] } },
{ "type": "Feature", "properties": { "category": "public_institution" }, "geometry": { "type": "Point", "coordinates": [ 224344.636692071566358, 901226.041209510527551 ] } },
{ "type": "Feature", "properties": { "category": "public_institution" }, "geometry": { "type": "Point", "coordinates": [ 235509.911202882329235, 898284.71293011191301 ] } },
{ "type": "Feature", "properties": { "category": "public_institution" }, "geometry": { "type": "Point", "coordinates": [ 239598.171448977140244, 901850.395983769092709 ] } },
{ "type": "Feature", "properties": { "category": "public_institution" }, "geometry": { "type": "Point", "coordinates": [ 241829.389275493129389, 903541.175115461461246 ] } },
{ "type": "Feature", "properties": { "category": "public_institution" }, "geometry": { "type": "Point", "coordinates": [ 231767.0224450417154, 902599.389513900270686 ] } },
{ "type": "Feature", "properties": { "category": "public_institution" }, "geometry": { "type": "Point", "coordinates": [ 221443.207135445671156, 892191.857025781297125 ] } },
{ "type": "Feature", "properties": { "category": "public_institution" }, "geometry": { "type": "Point", "coordinates": [ 240917.204023379279533, 911498.470700683072209 ] } },
{ "type": "Feature", "properties": { "category": "public_institution" }, "geometry": { "type": "Point", "coordinates": [ 233159.198790815280518, 902461.643123469781131 ] } },
{ "type": "Feature", "properties": { "category": "public_institution" }, "geometry": { "type": "Point", "coordinates": [ 235311.507428435841575, 901193.953435546020046 ] } },
{ "type": "Feature", "properties": { "category": "public_institution" }, "geometry": { "type": "Point", "coordinates": [ 231958.524010674387682, 898539.920329508255236 ] } },
{ "type": "Feature", "properties": { "category": "public_institution" }, "geometry": { "type": "Point", "coordinates": [ 242957.074684163439088, 903322.378916945308447 ] } },
{ "type": "Feature", "properties": { "category": "public_institution" }, "geometry": { "type": "Point", "coordinates": [ 234677.813234310684493, 889378.438281930051744 ] } },
{ "type": "Feature", "properties": { "category": "public_institution" }, "geometry": { "type": "Point", "coordinates": [ 236464.926855978963431, 901174.963048377074301 ] } },
{ "type": "Feature", "properties": { "category": "public_institution" }, "geometry": { "type": "Point", "coordinates": [ 235161.466613273369148, 898762.038973895134404 ] } },
{ "type": "Feature", "properties": { "category": "public_institution" }, "geometry": { "type": "Point", "coordinates": [ 236675.14868732940522, 900514.475317859789357 ] } },
{ "type": "Feature", "properties": { "category": "public_institution" }, "geometry": { "type": "Point", "coordinates": [ 235040.45157299170387, 904187.828273096703924 ] } },
{ "type": "Feature", "properties": { "category": "public_institution" }, "geometry": { "type": "Point", "coordinates": [ 235376.38677050176193, 900906.587359421886504 ] } },
{ "type": "Feature", "properties": { "category": "public_institution" }, "geometry": { "type": "Point", "coordinates": [ 245861.773935005650856, 912179.765367398853414 ] } },
{ "type": "Feature", "properties": { "category": "public_institution" }, "geometry": { "type": "Point", "coordinates": [ 236339.42757721588714, 901022.246761470101774 ] } },
{ "type": "Feature", "properties": { "category": "public_institution" }, "geometry": { "type": "Point", "coordinates": [ 243646.780220943590393, 915671.049531670985743 ] } },
{ "type": "Feature", "properties": { "category": "public_institution" }, "geometry": { "type": "Point", "coordinates": [ 233788.401108904508874, 899631.37370561028365 ] } },
{ "type": "Feature", "properties": { "category": "public_institution" }, "geometry": { "type": "Point", "coordinates": [ 238032.766172335366718, 899931.422421754687093 ] } },
{ "type": "Feature", "properties": { "category": "public_institution" }, "geometry": { "type": "Point", "coordinates": [ 234677.813234310684493, 889378.438281930051744 ] } },
{ "type": "Feature", "properties": { "category": "public_institution" }, "geometry": { "type": "Point", "coordinates": [ 235872.870415914047044, 902898.962686087703332 ] } },
{ "type": "Feature", "properties": { "category": "public_institution" }, "geometry": { "type": "Point", "coordinates": [ 235651.862155755719868, 911658.354952486464754 ] } },
{ "type": "Feature", "properties": { "category": "public_institution" }, "geometry": { "type": "Point", "coordinates": [ 242444.833022793580312, 903143.093311265925877 ] } },
{ "type": "Feature", "properties": { "category": "public_institution" }, "geometry": { "type": "Point", "coordinates": [ 236053.506872703961562, 901081.08936908445321 ] } },
{ "type": "Feature", "properties": { "category": "public_institution" }, "geometry": { "type": "Point", "coordinates": [ 240549.319592246989487, 912839.307204757118598 ] } },
{ "type": "Feature", "properties": { "category": "public_institution" }, "geometry": { "type": "Point", "coordinates": [ 236464.926855978963431, 901174.963048377074301 ] } },
{ "type": "Feature", "properties": { "category": "public_institution" }, "geometry": { "type": "Point", "coordinates": [ 236825.191391065745847, 908630.586842097342014 ] } },
{ "type": "Feature", "properties": { "category": "public_institution" }, "geometry": { "type": "Point", "coordinates": [ 231509.028235775680514, 903047.428143776254728 ] } },
{ "type": "Feature", "properties": { "category": "public_institution" }, "geometry": { "type": "Point", "coordinates": [ 240905.82636967979488, 889053.991845959913917 ] } },
{ "type": "Feature", "properties": { "category": "public_institution" }, "geometry": { "type": "Point", "coordinates": [ 223172.735023897577776, 904117.986161879030988 ] } },
{ "type": "Feature", "properties": { "category": "public_institution" }, "geometry": { "type": "Point", "coordinates": [ 222035.717528225068236, 893763.297056215000339 ] } },
{ "type": "Feature", "properties": { "category": "public_institution" }, "geometry": { "type": "Point", "coordinates": [ 221711.098824532440631, 903139.274013487854972 ] } },
{ "type": "Feature", "properties": { "category": "public_institution" }, "geometry": { "type": "Point", "coordinates": [ 224567.347571391001111, 902132.87617854680866 ] } },
{ "type": "Feature", "properties": { "category": "public_institution" }, "geometry": { "type": "Point", "coordinates": [ 240158.292731891677249, 906576.666221150080673 ] } },
{ "type": "Feature", "properties": { "category": "public_institution" }, "geometry": { "type": "Point", "coordinates": [ 231526.162453819357324, 894558.193847013404593 ] } },
{ "type": "Feature", "properties": { "category": "public_institution" }, "geometry": { "type": "Point", "coordinates": [ 233163.455535393557511, 892542.800412150332704 ] } },
{ "type": "Feature", "properties": { "category": "public_institution" }, "geometry": { "type": "Point", "coordinates": [ 236098.879031985416077, 903088.843090189038776 ] } },
{ "type": "Feature", "properties": { "category": "public_institution" }, "geometry": { "type": "Point", "coordinates": [ 242444.833022793580312, 903143.093311265925877 ] } },
{ "type": "Feature", "properties": { "category": "public_institution" }, "geometry": { "type": "Point", "coordinates": [ 234650.875775096588768, 902318.442063736962155 ] } },
{ "type": "Feature", "properties": { "category": "public_institution" }, "geometry": { "type": "Point", "coordinates": [ 224016.877835681167198, 896515.806826246087439 ] } },
{ "type": "Feature", "properties": { "category": "public_institution" }, "geometry": { "type": "Point", "coordinates": [ 235901.824643627973273, 901100.751116637256928 ] } },
{ "type": "Feature", "properties": { "category": "public_institution" }, "geometry": { "type": "Point", "coordinates": [ 228469.969819885329343, 892642.536332388059236 ] } },
{ "type": "Feature", "properties": { "category": "public_institution" }, "geometry": { "type": "Point", "coordinates": [ 234576.043363727570977, 897487.298020016867667 ] } },
{ "type": "Feature", "properties": { "category": "public_institution" }, "geometry": { "type": "Point", "coordinates": [ 239142.814751423575217, 893101.364530558581464 ] } },
{ "type": "Feature", "properties": { "category": "public_institution" }, "geometry": { "type": "Point", "coordinates": [ 243671.374316273431759, 900946.357755217701197 ] } },
{ "type": "Feature", "properties": { "category": "public_institution" }, "geometry": { "type": "Point", "coordinates": [ 236136.978382436733227, 901029.311393872951157 ] } },
{ "type": "Feature", "properties": { "category": "public_institution" }, "geometry": { "type": "Point", "coordinates": [ 236096.199720931792399, 901462.195918918820098 ] } },
{ "type": "Feature", "properties": { "category": "public_institution" }, "geometry": { "type": "Point", "coordinates": [ 226749.68638006033143, 888803.572507706587203 ] } },
{ "type": "Feature", "properties": { "category": "public_institution" }, "geometry": { "type": "Point", "coordinates": [ 235938.875845136091812, 900959.760136800818145 ] } },
{ "type": "Feature", "properties": { "category": "public_institution" }, "geometry": { "type": "Point", "coordinates": [ 232048.891023426695028, 896740.215292779379524 ] } },
{ "type": "Feature", "properties": { "category": "public_institution" }, "geometry": { "type": "Point", "coordinates": [ 241678.557589505566284, 889892.596929937601089 ] } },
{ "type": "Feature", "properties": { "category": "public_institution" }, "geometry": { "type": "Point", "coordinates": [ 236181.270539061137242, 900907.020063868025318 ] } },
{ "type": "Feature", "properties": { "category": "public_institution" }, "geometry": { "type": "Point", "coordinates": [ 231161.093062084575649, 898229.544605059898458 ] } },
{ "type": "Feature", "properties": { "category": "public_institution" }, "geometry": { "type": "Point", "coordinates": [ 235793.528927220118931, 911880.238020676886663 ] } },
{ "type": "Feature", "properties": { "category": "public_institution" }, "geometry": { "type": "Point", "coordinates": [ 228467.175854761560913, 907163.456148293218575 ] } },
{ "type": "Feature", "properties": { "category": "public_institution" }, "geometry": { "type": "Point", "coordinates": [ 234677.813234310684493, 889378.438281930051744 ] } },
{ "type": "Feature", "properties": { "category": "public_institution" }, "geometry": { "type": "Point", "coordinates": [ 238423.002211444749264, 904898.874834783142433 ] } },
{ "type": "Feature", "properties": { "category": "public_institution" }, "geometry": { "type": "Point", "coordinates": [ 225813.635885103576584, 900703.666341069620103 ] } },
{ "type": "Feature", "properties": { "category": "public_institution" }, "geometry": { "type": "Point", "coordinates": [ 232658.0189548212511, 898364.189773355377838 ] } },
{ "type": "Feature", "properties": { "category": "public_institution" }, "geometry": { "type": "Point", "coordinates": [ 226841.961126607144251, 888713.73085933981929 ] } },
{ "type": "Feature", "properties": { "category": "public_institution" }, "geometry": { "type": "Point", "coordinates": [ 228963.565355655562598, 888142.884341644588858 ] } },
{ "type": "Feature", "properties": { "category": "public_institution" }, "geometry": { "type": "Point", "coordinates": [ 237845.665781737217912, 903200.673707264009863 ] } },
{ "type": "Feature", "properties": { "category": "public_institution" }, "geometry": { "type": "Point", "coordinates": [ 236173.501899328752188, 901327.855497882352211 ] } },
{ "type": "Feature", "properties": { "category": "public_institution" }, "geometry": { "type": "Point", "coordinates": [ 237848.289406998781487, 902667.842919715447351 ] } },
{ "type": "Feature", "properties": { "category": "public_institution" }, "geometry": { "type": "Point", "coordinates": [ 223003.334828036371619, 904726.692820258089341 ] } },
{ "type": "Feature", "properties": { "category": "public_institution" }, "geometry": { "type": "Point", "coordinates": [ 236339.42757721588714, 901022.246761470101774 ] } },
{ "type": "Feature", "properties": { "category": "public_institution" }, "geometry": { "type": "Point", "coordinates": [ 233159.198790815280518, 902461.643123469781131 ] } },
{ "type": "Feature", "properties": { "category": "public_institution" }, "geometry": { "type": "Point", "coordinates": [ 226246.607555670896545, 900384.256455972092226 ] } },
{ "type": "Feature", "properties": { "category": "public_institution" }, "geometry": { "type": "Point", "coordinates": [ 235988.433914676279528, 901722.788260688772425 ] } },
{ "type": "Feature", "properties": { "category": "public_institution" }, "geometry": { "type": "Point", "coordinates": [ 231365.348864446394145, 908108.317500422243029 ] } },
{ "type": "Feature", "properties": { "category": "public_institution" }, "geometry": { "type": "Point", "coordinates": [ 231339.047597216558643, 898298.537144603091292 ] } },
{ "type": "Feature", "properties": { "category": "public_institution" }, "geometry": { "type": "Point", "coordinates": [ 232443.365631174528971, 907594.475774412276223 ] } },
{ "type": "Feature", "properties": { "category": "public_institution" }, "geometry": { "type": "Point", "coordinates": [ 236132.989125252643134, 901084.163518489105627 ] } },
{ "type": "Feature", "properties": { "category": "public_institution" }, "geometry": { "type": "Point", "coordinates": [ 224001.895986711664591, 898585.779974044766277 ] } },
{ "type": "Feature", "properties": { "category": "public_institution" }, "geometry": { "type": "Point", "coordinates": [ 231373.732646329444833, 906250.442889804486185 ] } },
{ "type": "Feature", "properties": { "category": "public_institution" }, "geometry": { "type": "Point", "coordinates": [ 222268.883054759266088, 897501.299492910620756 ] } },
{ "type": "Feature", "properties": { "category": "public_institution" }, "geometry": { "type": "Point", "coordinates": [ 236053.878302868222818, 900912.363492167321965 ] } },
{ "type": "Feature", "properties": { "category": "public_institution" }, "geometry": { "type": "Point", "coordinates": [ 231339.047597216558643, 898298.537144603091292 ] } },
{ "type": "Feature", "properties": { "category": "public_institution" }, "geometry": { "type": "Point", "coordinates": [ 236505.395122621383052, 900996.781503047794104 ] } },
{ "type": "Feature", "properties": { "category": "public_institution" }, "geometry": { "type": "Point", "coordinates": [ 231182.492477354244329, 889697.976938644889742 ] } },
{ "type": "Feature", "properties": { "category": "public_institution" }, "geometry": { "type": "Point", "coordinates": [ 236270.7722319153836, 901044.218759360839613 ] } },
{ "type": "Feature", "properties": { "category": "public_institution" }, "geometry": { "type": "Point", "coordinates": [ 241704.452933053253219, 902876.400845393189229 ] } },
{ "type": "Feature", "properties": { "category": "public_institution" }, "geometry": { "type": "Point", "coordinates": [ 234733.004890335781965, 908525.282067572232336 ] } },
{ "type": "Feature", "properties": { "category": "public_institution" }, "geometry": { "type": "Point", "coordinates": [ 231323.857429935334949, 903201.99858057545498 ] } },
{ "type": "Feature", "properties": { "category": "public_institution" }, "geometry": { "type": "Point", "coordinates": [ 235988.433914676279528, 901722.788260688772425 ] } },
{ "type": "Feature", "properties": { "category": "public_institution" }, "geometry": { "type": "Point", "coordinates": [ 224853.644690596702276, 893978.06881620013155 ] } },
{ "type": "Feature", "properties": { "category": "public_institution" }, "geometry": { "type": "Point", "coordinates": [ 236067.120716389006702, 900354.708219438092783 ] } },
{ "type": "Feature", "properties": { "category": "public_institution" }, "geometry": { "type": "Point", "coordinates": [ 236888.942158676392864, 906223.378877037204802 ] } },
{ "type": "Feature", "properties": { "category": "public_institution" }, "geometry": { "type": "Point", "coordinates": [ 225019.325442112080054, 902750.28640824125614 ] } },
{ "type": "Feature", "properties": { "category": "public_institution" }, "geometry": { "type": "Point", "coordinates": [ 238041.457216256472748, 899634.890955271315761 ] } },
{ "type": "Feature", "properties": { "category": "public_institution" }, "geometry": { "type": "Point", "coordinates": [ 237771.148623960762052, 899550.568821324268356 ] } },
{ "type": "Feature", "properties": { "category": "public_institution" }, "geometry": { "type": "Point", "coordinates": [ 226763.833368483872619, 902030.488988028373569 ] } },
{ "type": "Feature", "properties": { "category": "public_institution" }, "geometry": { "type": "Point", "coordinates": [ 235463.213980218075449, 888561.502628546906635 ] } },
{ "type": "Feature", "properties": { "category": "public_institution" }, "geometry": { "type": "Point", "coordinates": [ 236464.926855978963431, 901174.963048377074301 ] } },
{ "type": "Feature", "properties": { "category": "public_institution" }, "geometry": { "type": "Point", "coordinates": [ 238124.528994427411817, 899617.12429382558912 ] } },
{ "type": "Feature", "properties": { "category": "public_institution" }, "geometry": { "type": "Point", "coordinates": [ 235839.097896728577325, 908319.901740051689558 ] } },
{ "type": "Feature", "properties": { "category": "public_institution" }, "geometry": { "type": "Point", "coordinates": [ 232120.490440581867006, 895899.467846984509379 ] } },
{ "type": "Feature", "properties": { "category": "public_institution" }, "geometry": { "type": "Point", "coordinates": [ 236655.057282971247332, 906524.95668850664515 ] } },
{ "type": "Feature", "properties": { "category": "public_institution" }, "geometry": { "type": "Point", "coordinates": [ 236179.352717101690359, 891987.84194560686592 ] } },
{ "type": "Feature", "properties": { "category": "public_institution" }, "geometry": { "type": "Point", "coordinates": [ 234059.581227799819317, 899459.73466005991213 ] } },
{ "type": "Feature", "properties": { "category": "public_institution" }, "geometry": { "type": "Point", "coordinates": [ 231069.293012419278966, 901842.937390094390139 ] } },
{ "type": "Feature", "properties": { "category": "public_institution" }, "geometry": { "type": "Point", "coordinates": [ 236703.930650480266195, 901739.152546437457204 ] } },
{ "type": "Feature", "properties": { "category": "public_institution" }, "geometry": { "type": "Point", "coordinates": [ 235025.143459043407347, 906827.214765899232589 ] } },
{ "type": "Feature", "properties": { "category": "public_institution" }, "geometry": { "type": "Point", "coordinates": [ 234736.948015207774006, 905781.859512855415232 ] } },
{ "type": "Feature", "properties": { "category": "public_institution" }, "geometry": { "type": "Point", "coordinates": [ 231416.456151500344276, 902918.940242286305875 ] } },
{ "type": "Feature", "properties": { "category": "public_institution" }, "geometry": { "type": "Point", "coordinates": [ 238354.028193225327414, 902104.195560640073381 ] } },
{ "type": "Feature", "properties": { "category": "public_institution" }, "geometry": { "type": "Point", "coordinates": [ 236096.199720931792399, 901462.195918918820098 ] } },
{ "type": "Feature", "properties": { "category": "public_institution" }, "geometry": { "type": "Point", "coordinates": [ 236464.926855978963431, 901174.963048377074301 ] } },
{ "type": "Feature", "properties": { "category": "public_institution" }, "geometry": { "type": "Point", "coordinates": [ 220849.436557454930153, 902713.902058246312663 ] } },
{ "type": "Feature", "properties": { "category": "public_institution" }, "geometry": { "type": "Point", "coordinates": [ 235037.205128517962294, 899867.419584393501282 ] } },
{ "type": "Feature", "properties": { "category": "public_institution" }, "geometry": { "type": "Point", "coordinates": [ 240905.82636967979488, 889053.991845959913917 ] } },
{ "type": "Feature", "properties": { "category": "public_institution" }, "geometry": { "type": "Point", "coordinates": [ 233742.786077446828131, 900070.578191002714448 ] } },
{ "type": "Feature", "properties": { "category": "public_institution" }, "geometry": { "type": "Point", "coordinates": [ 236202.111468917690217, 900059.823692427482456 ] } },
{ "type": "Feature", "properties": { "category": "public_institution" }, "geometry": { "type": "Point", "coordinates": [ 227216.188638321647886, 898354.454026760067791 ] } },
{ "type": "Feature", "properties": { "category": "public_institution" }, "geometry": { "type": "Point", "coordinates": [ 235575.230017424677499, 908503.507481236709282 ] } },
{ "type": "Feature", "properties": { "category": "public_institution" }, "geometry": { "type": "Point", "coordinates": [ 232507.941822563501773, 901606.74095187918283 ] } },
{ "type": "Feature", "properties": { "category": "public_institution" }, "geometry": { "type": "Point", "coordinates": [ 227537.729570581432199, 902945.762791566317901 ] } },
{ "type": "Feature", "properties": { "category": "public_institution" }, "geometry": { "type": "Point", "coordinates": [ 234677.813234310684493, 889378.438281930051744 ] } },
{ "type": "Feature", "properties": { "category": "public_institution" }, "geometry": { "type": "Point", "coordinates": [ 225742.81401722249575, 901977.355167195433751 ] } },
{ "type": "Feature", "properties": { "category": "public_institution" }, "geometry": { "type": "Point", "coordinates": [ 237041.51549794364837, 898891.103776338510215 ] } },
{ "type": "Feature", "properties": { "category": "public_institution" }, "geometry": { "type": "Point", "coordinates": [ 244405.943342967482749, 913472.833250486641191 ] } },
{ "type": "Feature", "properties": { "category": "public_institution" }, "geometry": { "type": "Point", "coordinates": [ 238460.444352170772618, 904947.843597987201065 ] } },
{ "type": "Feature", "properties": { "category": "public_institution" }, "geometry": { "type": "Point", "coordinates": [ 227908.500604779517744, 898861.458619344746694 ] } },
{ "type": "Feature", "properties": { "category": "public_institution" }, "geometry": { "type": "Point", "coordinates": [ 231260.285309850412887, 898237.316113685723394 ] } },
{ "type": "Feature", "properties": { "category": "public_institution" }, "geometry": { "type": "Point", "coordinates": [ 238045.098338354902808, 904894.706917718518525 ] } },
{ "type": "Feature", "properties": { "category": "public_institution" }, "geometry": { "type": "Point", "coordinates": [ 236491.229028511763318, 900075.870218048570678 ] } },
{ "type": "Feature", "properties": { "category": "public_institution" }, "geometry": { "type": "Point", "coordinates": [ 240368.641211854584981, 912865.813311489764601 ] } },
{ "type": "Feature", "properties": { "category": "public_institution" }, "geometry": { "type": "Point", "coordinates": [ 238423.002211444749264, 904898.874834783142433 ] } },
{ "type": "Feature", "properties": { "category": "public_institution" }, "geometry": { "type": "Point", "coordinates": [ 233034.163501863804413, 904651.634115824708715 ] } },
{ "type": "Feature", "properties": { "category": "public_institution" }, "geometry": { "type": "Point", "coordinates": [ 236795.537281240103766, 900589.415949883172289 ] } },
{ "type": "Feature", "properties": { "category": "public_institution" }, "geometry": { "type": "Point", "coordinates": [ 232501.671506029728334, 898580.288159312331118 ] } },
{ "type": "Feature", "properties": { "category": "public_institution" }, "geometry": { "type": "Point", "coordinates": [ 224756.574267632211559, 902943.075312615022995 ] } },
{ "type": "Feature", "properties": { "category": "public_institution" }, "geometry": { "type": "Point", "coordinates": [ 235665.957391875766916, 897579.050077829393558 ] } },
{ "type": "Feature", "properties": { "category": "public_institution" }, "geometry": { "type": "Point", "coordinates": [ 225742.81401722249575, 901977.355167195433751 ] } },
{ "type": "Feature", "properties": { "category": "public_institution" }, "geometry": { "type": "Point", "coordinates": [ 235166.743615932064131, 908630.412807648070157 ] } },
{ "type": "Feature", "properties": { "category": "public_institution" }, "geometry": { "type": "Point", "coordinates": [ 236332.948348832927877, 901860.965651686885394 ] } },
{ "type": "Feature", "properties": { "category": "public_institution" }, "geometry": { "type": "Point", "coordinates": [ 230622.728982665954391, 902755.927040503243916 ] } },
{ "type": "Feature", "properties": { "category": "public_institution" }, "geometry": { "type": "Point", "coordinates": [ 236098.879031985416077, 903088.843090189038776 ] } },
{ "type": "Feature", "properties": { "category": "public_institution" }, "geometry": { "type": "Point", "coordinates": [ 223172.735023897577776, 904117.986161879030988 ] } },
{ "type": "Feature", "properties": { "category": "public_institution" }, "geometry": { "type": "Point", "coordinates": [ 235704.463939476147061, 900204.122823690762743 ] } },
{ "type": "Feature", "properties": { "category": "public_institution" }, "geometry": { "type": "Point", "coordinates": [ 240158.237878388521494, 911016.215215436881408 ] } },
{ "type": "Feature", "properties": { "category": "public_institution" }, "geometry": { "type": "Point", "coordinates": [ 237241.629892444470897, 896847.444581901654601 ] } },
{ "type": "Feature", "properties": { "category": "public_institution" }, "geometry": { "type": "Point", "coordinates": [ 231526.162453819357324, 894558.193847013404593 ] } },
{ "type": "Feature", "properties": { "category": "public_institution" }, "geometry": { "type": "Point", "coordinates": [ 237647.136353357956978, 899627.658051996142603 ] } },
{ "type": "Feature", "properties": { "category": "public_institution" }, "geometry": { "type": "Point", "coordinates": [ 234677.813234310684493, 889378.438281930051744 ] } },
{ "type": "Feature", "properties": { "category": "public_institution" }, "geometry": { "type": "Point", "coordinates": [ 233290.1444215735537, 898621.300196854863316 ] } },
{ "type": "Feature", "properties": { "category": "public_institution" }, "geometry": { "type": "Point", "coordinates": [ 233650.422270560346078, 908114.567624419229105 ] } },
{ "type": "Feature", "properties": { "category": "public_institution" }, "geometry": { "type": "Point", "coordinates": [ 236807.516001713753212, 901794.122875963919796 ] } },
{ "type": "Feature", "properties": { "category": "public_institution" }, "geometry": { "type": "Point", "coordinates": [ 242995.447550848301034, 904103.502038303995505 ] } },
{ "type": "Feature", "properties": { "category": "public_institution" }, "geometry": { "type": "Point", "coordinates": [ 236052.824730660009664, 901069.533734648488462 ] } },
{ "type": "Feature", "properties": { "category": "public_institution" }, "geometry": { "type": "Point", "coordinates": [ 226810.188110200047959, 888778.921883427072316 ] } },
{ "type": "Feature", "properties": { "category": "public_institution" }, "geometry": { "type": "Point", "coordinates": [ 235899.244066130602732, 899251.178095113951713 ] } },
{ "type": "Feature", "properties": { "category": "public_institution" }, "geometry": { "type": "Point", "coordinates": [ 241429.550253615598194, 913902.392104489263147 ] } },
{ "type": "Feature", "properties": { "category": "public_institution" }, "geometry": { "type": "Point", "coordinates": [ 241114.943107744766166, 888841.499768255744129 ] } },
{ "type": "Feature", "properties": { "category": "public_institution" }, "geometry": { "type": "Point", "coordinates": [ 236205.6209834535548, 901617.268865228630602 ] } },
{ "type": "Feature", "properties": { "category": "public_institution" }, "geometry": { "type": "Point", "coordinates": [ 223718.095333334582392, 905266.133909626747482 ] } },
{ "type": "Feature", "properties": { "category": "public_institution" }, "geometry": { "type": "Point", "coordinates": [ 240071.527797361544799, 906490.527954555582255 ] } },
{ "type": "Feature", "properties": { "category": "public_institution" }, "geometry": { "type": "Point", "coordinates": [ 230037.683526967477519, 905921.471573455375619 ] } },
{ "type": "Feature", "properties": { "category": "public_institution" }, "geometry": { "type": "Point", "coordinates": [ 237994.834598784102127, 902054.702198090380989 ] } },
{ "type": "Feature", "properties": { "category": "public_institution" }, "geometry": { "type": "Point", "coordinates": [ 231260.285309850412887, 898237.316113685723394 ] } },
{ "type": "Feature", "properties": { "category": "public_institution" }, "geometry": { "type": "Point", "coordinates": [ 235421.480345026036957, 908964.822549245785922 ] } },
{ "type": "Feature", "properties": { "category": "public_institution" }, "geometry": { "type": "Point", "coordinates": [ 232974.962286998110358, 898525.843037258367985 ] } },
{ "type": "Feature", "properties": { "category": "public_institution" }, "geometry": { "type": "Point", "coordinates": [ 236655.057282971247332, 906524.95668850664515 ] } },
{ "type": "Feature", "properties": { "category": "public_institution" }, "geometry": { "type": "Point", "coordinates": [ 237885.385718885750975, 904387.10028989915736 ] } },
{ "type": "Feature", "properties": { "category": "public_institution" }, "geometry": { "type": "Point", "coordinates": [ 234771.584441021492239, 900096.031549044884741 ] } },
{ "type": "Feature", "properties": { "category": "public_institution" }, "geometry": { "type": "Point", "coordinates": [ 236101.033704927220242, 900970.25518118403852 ] } },
{ "type": "Feature", "properties": { "category": "public_institution" }, "geometry": { "type": "Point", "coordinates": [ 235166.743615932064131, 908630.412807648070157 ] } },
{ "type": "Feature", "properties": { "category": "public_institution" }, "geometry": { "type": "Point", "coordinates": [ 236072.673699700069847, 901214.925932917743921 ] } },
{ "type": "Feature", "properties": { "category": "public_institution" }, "geometry": { "type": "Point", "coordinates": [ 236942.346365271077957, 904960.021238637622446 ] } },
{ "type": "Feature", "properties": { "category": "public_institution" }, "geometry": { "type": "Point", "coordinates": [ 234572.821967350813793, 901927.395011793239973 ] } },
{ "type": "Feature", "properties": { "category": "public_institution" }, "geometry": { "type": "Point", "coordinates": [ 236052.824730660009664, 901069.533734648488462 ] } },
{ "type": "Feature", "properties": { "category": "public_institution" }, "geometry": { "type": "Point", "coordinates": [ 229107.823754654556978, 886827.241461349418387 ] } },
{ "type": "Feature", "properties": { "category": "public_institution" }, "geometry": { "type": "Point", "coordinates": [ 236052.824730660009664, 901069.533734648488462 ] } },
{ "type": "Feature", "properties": { "category": "public_institution" }, "geometry": { "type": "Point", "coordinates": [ 232653.758202953235013, 901763.481841368367895 ] } },
{ "type": "Feature", "properties": { "category": "public_institution" }, "geometry": { "type": "Point", "coordinates": [ 235938.875845136091812, 900959.760136800818145 ] } },
{ "type": "Feature", "properties": { "category": "public_institution" }, "geometry": { "type": "Point", "coordinates": [ 231169.400522556679789, 904342.864901572465897 ] } },
{ "type": "Feature", "properties": { "category": "public_institution" }, "geometry": { "type": "Point", "coordinates": [ 221745.481783962022746, 903551.812286584172398 ] } },
{ "type": "Feature", "properties": { "category": "public_institution" }, "geometry": { "type": "Point", "coordinates": [ 240905.82636967979488, 889053.991845959913917 ] } },
{ "type": "Feature", "properties": { "category": "public_institution" }, "geometry": { "type": "Point", "coordinates": [ 236053.506872703961562, 901081.08936908445321 ] } },
{ "type": "Feature", "properties": { "category": "public_institution" }, "geometry": { "type": "Point", "coordinates": [ 225899.162901661911746, 902398.914524333318695 ] } },
{ "type": "Feature", "properties": { "category": "public_institution" }, "geometry": { "type": "Point", "coordinates": [ 223718.095333334582392, 905266.133909626747482 ] } },
{ "type": "Feature", "properties": { "category": "public_institution" }, "geometry": { "type": "Point", "coordinates": [ 228643.299630456167506, 900200.897181948996149 ] } },
{ "type": "Feature", "properties": { "category": "public_institution" }, "geometry": { "type": "Point", "coordinates": [ 235877.939556239754893, 899582.747723571374081 ] } },
{ "type": "Feature", "properties": { "category": "public_institution" }, "geometry": { "type": "Point", "coordinates": [ 235704.463939476147061, 900204.122823690762743 ] } },
{ "type": "Feature", "properties": { "category": "public_institution" }, "geometry": { "type": "Point", "coordinates": [ 244932.180187446298078, 912805.13867568213027 ] } },
{ "type": "Feature", "properties": { "category": "public_institution" }, "geometry": { "type": "Point", "coordinates": [ 223718.095333334582392, 905266.133909626747482 ] } },
{ "type": "Feature", "properties": { "category": "public_institution" }, "geometry": { "type": "Point", "coordinates": [ 231863.598349451640388, 902970.495128941722214 ] } },
{ "type": "Feature", "properties": { "category": "public_institution" }, "geometry": { "type": "Point", "coordinates": [ 236464.926855978963431, 901174.963048377074301 ] } },
{ "type": "Feature", "properties": { "category": "public_institution" }, "geometry": { "type": "Point", "coordinates": [ 231260.285309850412887, 898237.316113685723394 ] } },
{ "type": "Feature", "properties": { "category": "public_institution" }, "geometry": { "type": "Point", "coordinates": [ 243235.168888453074032, 911785.520635133842006 ] } },
{ "type": "Feature", "properties": { "category": "public_institution" }, "geometry": { "type": "Point", "coordinates": [ 235938.875845136091812, 900959.760136800818145 ] } },
{ "type": "Feature", "properties": { "category": "public_institution" }, "geometry": { "type": "Point", "coordinates": [ 236615.389430918905418, 903696.562534528318793 ] } },
{ "type": "Feature", "properties": { "category": "public_institution" }, "geometry": { "type": "Point", "coordinates": [ 232481.213381046429276, 901918.080324811977334 ] } },
{ "type": "Feature", "properties": { "category": "public_institution" }, "geometry": { "type": "Point", "coordinates": [ 238646.326032856130041, 905627.225926498882473 ] } },
{ "type": "Feature", "properties": { "category": "public_institution" }, "geometry": { "type": "Point", "coordinates": [ 236052.824730660009664, 901069.533734648488462 ] } },
{ "type": "Feature", "properties": { "category": "public_institution" }, "geometry": { "type": "Point", "coordinates": [ 232384.123425765137654, 896296.666033776942641 ] } },
{ "type": "Feature", "properties": { "category": "public_institution" }, "geometry": { "type": "Point", "coordinates": [ 231211.952819706784794, 899043.855904211173765 ] } },
{ "type": "Feature", "properties": { "category": "public_institution" }, "geometry": { "type": "Point", "coordinates": [ 229501.204829238267848, 906189.45205744553823 ] } },
{ "type": "Feature", "properties": { "category": "public_institution" }, "geometry": { "type": "Point", "coordinates": [ 234677.813234310684493, 889378.438281930051744 ] } },
{ "type": "Feature", "properties": { "category": "public_institution" }, "geometry": { "type": "Point", "coordinates": [ 236179.138220379012637, 901193.146579368738458 ] } },
{ "type": "Feature", "properties": { "category": "public_institution" }, "geometry": { "type": "Point", "coordinates": [ 231143.130819545331178, 904566.238552304683253 ] } },
{ "type": "Feature", "properties": { "category": "public_institution" }, "geometry": { "type": "Point", "coordinates": [ 238098.224263215262908, 902902.459340372006409 ] } },
{ "type": "Feature", "properties": { "category": "public_institution" }, "geometry": { "type": "Point", "coordinates": [ 242787.708906743908301, 909016.638123448356055 ] } },
{ "type": "Feature", "properties": { "category": "public_institution" }, "geometry": { "type": "Point", "coordinates": [ 235833.98962158971699, 901317.673860659473576 ] } },
{ "type": "Feature", "properties": { "category": "public_institution" }, "geometry": { "type": "Point", "coordinates": [ 235544.140615797135979, 907801.103314645122737 ] } },
{ "type": "Feature", "properties": { "category": "public_institution" }, "geometry": { "type": "Point", "coordinates": [ 239772.378415561368456, 890819.827905307407491 ] } },
{ "type": "Feature", "properties": { "category": "public_institution" }, "geometry": { "type": "Point", "coordinates": [ 230625.777624906826532, 892861.191426213481463 ] } },
{ "type": "Feature", "properties": { "category": "public_institution" }, "geometry": { "type": "Point", "coordinates": [ 245023.753111386060482, 912107.799204811570235 ] } },
{ "type": "Feature", "properties": { "category": "public_institution" }, "geometry": { "type": "Point", "coordinates": [ 229416.318863020045683, 896432.910825615981594 ] } },
{ "type": "Feature", "properties": { "category": "public_institution" }, "geometry": { "type": "Point", "coordinates": [ 231437.23333429262857, 902950.690506225218996 ] } },
{ "type": "Feature", "properties": { "category": "public_institution" }, "geometry": { "type": "Point", "coordinates": [ 232150.266103080211906, 900149.197457950562239 ] } },
{ "type": "Feature", "properties": { "category": "public_institution" }, "geometry": { "type": "Point", "coordinates": [ 226890.864073436183389, 905145.049919853103347 ] } },
{ "type": "Feature", "properties": { "category": "public_institution" }, "geometry": { "type": "Point", "coordinates": [ 239163.40825479326304, 886744.812944401288405 ] } },
{ "type": "Feature", "properties": { "category": "public_institution" }, "geometry": { "type": "Point", "coordinates": [ 231260.285309850412887, 898237.316113685723394 ] } },
{ "type": "Feature", "properties": { "category": "public_institution" }, "geometry": { "type": "Point", "coordinates": [ 236464.926855978963431, 901174.963048377074301 ] } },
{ "type": "Feature", "properties": { "category": "public_institution" }, "geometry": { "type": "Point", "coordinates": [ 237611.889371217810549, 909341.339445691206492 ] } },
{ "type": "Feature", "properties": { "category": "public_institution" }, "geometry": { "type": "Point", "coordinates": [ 235353.58523592381971, 902376.260500984732062 ] } },
{ "type": "Feature", "properties": { "category": "public_institution" }, "geometry": { "type": "Point", "coordinates": [ 235647.783850184088806, 896123.845754448440857 ] } },
{ "type": "Feature", "properties": { "category": "public_institution" }, "geometry": { "type": "Point", "coordinates": [ 234217.225146780489013, 905088.729114045854658 ] } },
{ "type": "Feature", "properties": { "category": "public_institution" }, "geometry": { "type": "Point", "coordinates": [ 236136.978382436733227, 901029.311393872951157 ] } },
{ "type": "Feature", "properties": { "category": "public_institution" }, "geometry": { "type": "Point", "coordinates": [ 226841.961126607144251, 888713.73085933981929 ] } },
{ "type": "Feature", "properties": { "category": "public_institution" }, "geometry": { "type": "Point", "coordinates": [ 241215.007144348870497, 889017.36312027880922 ] } },
{ "type": "Feature", "properties": { "category": "public_institution" }, "geometry": { "type": "Point", "coordinates": [ 232384.123425765137654, 896296.666033776942641 ] } },
{ "type": "Feature", "properties": { "category": "public_institution" }, "geometry": { "type": "Point", "coordinates": [ 231191.650271687976783, 899087.974585423595272 ] } },
{ "type": "Feature", "properties": { "category": "public_institution" }, "geometry": { "type": "Point", "coordinates": [ 234669.38305156698334, 902373.62825358309783 ] } },
{ "type": "Feature", "properties": { "category": "public_institution" }, "geometry": { "type": "Point", "coordinates": [ 227659.959765557170613, 897207.428915586089715 ] } },
{ "type": "Feature", "properties": { "category": "public_institution" }, "geometry": { "type": "Point", "coordinates": [ 236129.813272471161326, 899057.640178007190116 ] } },
{ "type": "Feature", "properties": { "category": "public_institution" }, "geometry": { "type": "Point", "coordinates": [ 242796.294632402277784, 903920.559714009403251 ] } },
{ "type": "Feature", "properties": { "category": "public_institution" }, "geometry": { "type": "Point", "coordinates": [ 230625.777624906826532, 892861.191426213481463 ] } },
{ "type": "Feature", "properties": { "category": "public_institution" }, "geometry": { "type": "Point", "coordinates": [ 233561.339997468865477, 891973.200443319161423 ] } },
{ "type": "Feature", "properties": { "category": "public_institution" }, "geometry": { "type": "Point", "coordinates": [ 232443.365631174528971, 907594.475774412276223 ] } },
{ "type": "Feature", "properties": { "category": "public_institution" }, "geometry": { "type": "Point", "coordinates": [ 236115.261042869067751, 900927.007796027231961 ] } },
{ "type": "Feature", "properties": { "category": "public_institution" }, "geometry": { "type": "Point", "coordinates": [ 233569.400196166679962, 892686.903305194806308 ] } },
{ "type": "Feature", "properties": { "category": "public_institution" }, "geometry": { "type": "Point", "coordinates": [ 235938.875845136091812, 900959.760136800818145 ] } },
{ "type": "Feature", "properties": { "category": "public_institution" }, "geometry": { "type": "Point", "coordinates": [ 232900.946107456024038, 899989.276457427302375 ] } },
{ "type": "Feature", "properties": { "category": "public_institution" }, "geometry": { "type": "Point", "coordinates": [ 221150.530966181540862, 900037.616119234357029 ] } },
{ "type": "Feature", "properties": { "category": "public_institution" }, "geometry": { "type": "Point", "coordinates": [ 224868.143352727434831, 895591.278375448076986 ] } },
{ "type": "Feature", "properties": { "category": "public_institution" }, "geometry": { "type": "Point", "coordinates": [ 227103.628156513907015, 888376.288013638579287 ] } },
{ "type": "Feature", "properties": { "category": "public_institution" }, "geometry": { "type": "Point", "coordinates": [ 223637.749725299450802, 901176.197556615108624 ] } },
{ "type": "Feature", "properties": { "category": "public_institution" }, "geometry": { "type": "Point", "coordinates": [ 235962.851301729446277, 901345.657479844521731 ] } },
{ "type": "Feature", "properties": { "category": "public_institution" }, "geometry": { "type": "Point", "coordinates": [ 236067.120716389006702, 900354.708219438092783 ] } },
{ "type": "Feature", "properties": { "category": "public_institution" }, "geometry": { "type": "Point", "coordinates": [ 241738.43076714759809, 889758.771513274055906 ] } },
{ "type": "Feature", "properties": { "category": "public_institution" }, "geometry": { "type": "Point", "coordinates": [ 225011.344086388242431, 897863.745427806745283 ] } },
{ "type": "Feature", "properties": { "category": "public_institution" }, "geometry": { "type": "Point", "coordinates": [ 232143.968954987212783, 894568.432435378199443 ] } },
{ "type": "Feature", "properties": { "category": "public_institution" }, "geometry": { "type": "Point", "coordinates": [ 236103.840311181847937, 892075.204331515356898 ] } },
{ "type": "Feature", "properties": { "category": "public_institution" }, "geometry": { "type": "Point", "coordinates": [ 220118.524414384737611, 898441.077940487884916 ] } },
{ "type": "Feature", "properties": { "category": "public_institution" }, "geometry": { "type": "Point", "coordinates": [ 224001.895986711664591, 898585.779974044766277 ] } },
{ "type": "Feature", "properties": { "category": "public_institution" }, "geometry": { "type": "Point", "coordinates": [ 228011.926626673608553, 902290.833524290239438 ] } },
{ "type": "Feature", "properties": { "category": "public_institution" }, "geometry": { "type": "Point", "coordinates": [ 237642.997343025606824, 900354.197763428092003 ] } },
{ "type": "Feature", "properties": { "category": "public_institution" }, "geometry": { "type": "Point", "coordinates": [ 222114.677208483306458, 902291.121890697162598 ] } },
{ "type": "Feature", "properties": { "category": "public_institution" }, "geometry": { "type": "Point", "coordinates": [ 235793.528927220118931, 911880.238020676886663 ] } },
{ "type": "Feature", "properties": { "category": "public_institution" }, "geometry": { "type": "Point", "coordinates": [ 239849.277841254486702, 911228.395616819616407 ] } },
{ "type": "Feature", "properties": { "category": "public_institution" }, "geometry": { "type": "Point", "coordinates": [ 226240.460716140834847, 903793.876637893263251 ] } },
{ "type": "Feature", "properties": { "category": "public_institution" }, "geometry": { "type": "Point", "coordinates": [ 237771.148623960762052, 899550.568821324268356 ] } },
{ "type": "Feature", "properties": { "category": "public_institution" }, "geometry": { "type": "Point", "coordinates": [ 224001.895986711664591, 898585.779974044766277 ] } },
{ "type": "Feature", "properties": { "category": "public_institution" }, "geometry": { "type": "Point", "coordinates": [ 231182.492477354244329, 889697.976938644889742 ] } },
{ "type": "Feature", "properties": { "category": "public_institution" }, "geometry": { "type": "Point", "coordinates": [ 234773.18457246379694, 909002.902482822770253 ] } },
{ "type": "Feature", "properties": { "category": "public_institution" }, "geometry": { "type": "Point", "coordinates": [ 237771.148623960762052, 899550.568821324268356 ] } },
{ "type": "Feature", "properties": { "category": "public_institution" }, "geometry": { "type": "Point", "coordinates": [ 236324.250520154251717, 900946.190787309547886 ] } },
{ "type": "Feature", "properties": { "category": "public_institution" }, "geometry": { "type": "Point", "coordinates": [ 231260.285309850412887, 898237.316113685723394 ] } },
{ "type": "Feature", "properties": { "category": "public_institution" }, "geometry": { "type": "Point", "coordinates": [ 234677.813234310684493, 889378.438281930051744 ] } },
{ "type": "Feature", "properties": { "category": "public_institution" }, "geometry": { "type": "Point", "coordinates": [ 232657.320482031500433, 902202.146055583609268 ] } },
{ "type": "Feature", "properties": { "category": "public_institution" }, "geometry": { "type": "Point", "coordinates": [ 225798.051251579483505, 901941.457521932316013 ] } },
{ "type": "Feature", "properties": { "category": "public_institution" }, "geometry": { "type": "Point", "coordinates": [ 244746.072288281837245, 890957.885805487399921 ] } },
{ "type": "Feature", "properties": { "category": "public_institution" }, "geometry": { "type": "Point", "coordinates": [ 242390.423273707041517, 903015.467972449027002 ] } },
{ "type": "Feature", "properties": { "category": "public_institution" }, "geometry": { "type": "Point", "coordinates": [ 236200.414415955950972, 901300.779922875226475 ] } },
{ "type": "Feature", "properties": { "category": "public_institution" }, "geometry": { "type": "Point", "coordinates": [ 235391.97435809194576, 893108.818439509253949 ] } },
{ "type": "Feature", "properties": { "category": "public_institution" }, "geometry": { "type": "Point", "coordinates": [ 231160.333367829938652, 892707.476986316032708 ] } },
{ "type": "Feature", "properties": { "category": "public_institution" }, "geometry": { "type": "Point", "coordinates": [ 234185.655167362448992, 899882.886552462354302 ] } },
{ "type": "Feature", "properties": { "category": "public_institution" }, "geometry": { "type": "Point", "coordinates": [ 224132.088100261171348, 900773.778364103287458 ] } },
{ "type": "Feature", "properties": { "category": "public_institution" }, "geometry": { "type": "Point", "coordinates": [ 229986.289002200850518, 901316.832085351110436 ] } },
{ "type": "Feature", "properties": { "category": "public_institution" }, "geometry": { "type": "Point", "coordinates": [ 225899.162901661911746, 902398.914524333318695 ] } },
{ "type": "Feature", "properties": { "category": "public_institution" }, "geometry": { "type": "Point", "coordinates": [ 236240.024692882871022, 894300.767828032840043 ] } },
{ "type": "Feature", "properties": { "category": "public_institution" }, "geometry": { "type": "Point", "coordinates": [ 235166.743615932064131, 908630.412807648070157 ] } },
{ "type": "Feature", "properties": { "category": "public_institution" }, "geometry": { "type": "Point", "coordinates": [ 233877.345064838125836, 898922.904322092421353 ] } },
{ "type": "Feature", "properties": { "category": "public_institution" }, "geometry": { "type": "Point", "coordinates": [ 238403.247060426132521, 896304.859908390324563 ] } },
{ "type": "Feature", "properties": { "category": "public_institution" }, "geometry": { "type": "Point", "coordinates": [ 235498.59269478515489, 898078.051546199130826 ] } },
{ "type": "Feature", "properties": { "category": "public_institution" }, "geometry": { "type": "Point", "coordinates": [ 223430.072317006124649, 904262.908189089153893 ] } },
{ "type": "Feature", "properties": { "category": "public_institution" }, "geometry": { "type": "Point", "coordinates": [ 225624.190041528228903, 900376.627615866949782 ] } },
{ "type": "Feature", "properties": { "category": "public_institution" }, "geometry": { "type": "Point", "coordinates": [ 221777.081737180706114, 902948.202381833805703 ] } },
{ "type": "Feature", "properties": { "category": "public_institution" }, "geometry": { "type": "Point", "coordinates": [ 242796.294632402277784, 903920.559714009403251 ] } },
{ "type": "Feature", "properties": { "category": "public_institution" }, "geometry": { "type": "Point", "coordinates": [ 225646.392050477414159, 903051.236207082634792 ] } },
{ "type": "Feature", "properties": { "category": "public_institution" }, "geometry": { "type": "Point", "coordinates": [ 231416.456151500344276, 902918.940242286305875 ] } },
{ "type": "Feature", "properties": { "category": "public_institution" }, "geometry": { "type": "Point", "coordinates": [ 229791.521848402713658, 901517.165541705559008 ] } },
{ "type": "Feature", "properties": { "category": "public_institution" }, "geometry": { "type": "Point", "coordinates": [ 233569.477951998007484, 903250.360121574136429 ] } },
{ "type": "Feature", "properties": { "category": "public_institution" }, "geometry": { "type": "Point", "coordinates": [ 235107.571797458571382, 888418.32072038075421 ] } },
{ "type": "Feature", "properties": { "category": "public_institution" }, "geometry": { "type": "Point", "coordinates": [ 234200.101895353989676, 901079.155164449941367 ] } },
{ "type": "Feature", "properties": { "category": "public_institution" }, "geometry": { "type": "Point", "coordinates": [ 232371.21228594853892, 896039.130393339437433 ] } },
{ "type": "Feature", "properties": { "category": "public_institution" }, "geometry": { "type": "Point", "coordinates": [ 240071.527797361544799, 906490.527954555582255 ] } },
{ "type": "Feature", "properties": { "category": "public_institution" }, "geometry": { "type": "Point", "coordinates": [ 241738.43076714759809, 889758.771513274055906 ] } },
{ "type": "Feature", "properties": { "category": "public_institution" }, "geometry": { "type": "Point", "coordinates": [ 236053.506872703961562, 901081.08936908445321 ] } },
{ "type": "Feature", "properties": { "category": "public_institution" }, "geometry": { "type": "Point", "coordinates": [ 235793.528927220118931, 911880.238020676886663 ] } },
{ "type": "Feature", "properties": { "category": "public_institution" }, "geometry": { "type": "Point", "coordinates": [ 236067.120716389006702, 900354.708219438092783 ] } },
{ "type": "Feature", "properties": { "category": "public_institution" }, "geometry": { "type": "Point", "coordinates": [ 231732.166964098723838, 903241.042449961532839 ] } },
{ "type": "Feature", "properties": { "category": "public_institution" }, "geometry": { "type": "Point", "coordinates": [ 241738.43076714759809, 889758.771513274055906 ] } },
{ "type": "Feature", "properties": { "category": "public_institution" }, "geometry": { "type": "Point", "coordinates": [ 236023.650947421119781, 900637.73436415346805 ] } },
{ "type": "Feature", "properties": { "category": "public_institution" }, "geometry": { "type": "Point", "coordinates": [ 238554.632374853390502, 906777.950918143615127 ] } },
{ "type": "Feature", "properties": { "category": "public_institution" }, "geometry": { "type": "Point", "coordinates": [ 232481.213381046429276, 901918.080324811977334 ] } },
{ "type": "Feature", "properties": { "category": "public_institution" }, "geometry": { "type": "Point", "coordinates": [ 232672.918338098446839, 891783.743854043423198 ] } },
{ "type": "Feature", "properties": { "category": "public_institution" }, "geometry": { "type": "Point", "coordinates": [ 234422.690523993805982, 900172.06844783492852 ] } },
{ "type": "Feature", "properties": { "category": "public_institution" }, "geometry": { "type": "Point", "coordinates": [ 232397.355345717136515, 901883.258919180836529 ] } },
{ "type": "Feature", "properties": { "category": "public_institution" }, "geometry": { "type": "Point", "coordinates": [ 234288.446446813584771, 896274.815124761778861 ] } },
{ "type": "Feature", "properties": { "category": "public_institution" }, "geometry": { "type": "Point", "coordinates": [ 222687.568961727025453, 903172.239830994047225 ] } },
{ "type": "Feature", "properties": { "category": "public_institution" }, "geometry": { "type": "Point", "coordinates": [ 222854.954684566095239, 890913.047961197211407 ] } },
{ "type": "Feature", "properties": { "category": "public_institution" }, "geometry": { "type": "Point", "coordinates": [ 236382.833579339901917, 901071.790112214512192 ] } },
{ "type": "Feature", "properties": { "category": "public_institution" }, "geometry": { "type": "Point", "coordinates": [ 237723.373741610703291, 914666.937052658759058 ] } },
{ "type": "Feature", "properties": { "category": "public_institution" }, "geometry": { "type": "Point", "coordinates": [ 233484.760428973764647, 890419.438518393086269 ] } },
{ "type": "Feature", "properties": { "category": "public_institution" }, "geometry": { "type": "Point", "coordinates": [ 234715.551880391984014, 899947.021255002124235 ] } },
{ "type": "Feature", "properties": { "category": "public_institution" }, "geometry": { "type": "Point", "coordinates": [ 240293.109996570070507, 889397.015131528605707 ] } },
{ "type": "Feature", "properties": { "category": "public_institution" }, "geometry": { "type": "Point", "coordinates": [ 226296.038693113572663, 899548.029223717516288 ] } },
{ "type": "Feature", "properties": { "category": "public_institution" }, "geometry": { "type": "Point", "coordinates": [ 242444.833022793580312, 903143.093311265925877 ] } },
{ "type": "Feature", "properties": { "category": "public_institution" }, "geometry": { "type": "Point", "coordinates": [ 237867.999061822571093, 911483.683602227945812 ] } },
{ "type": "Feature", "properties": { "category": "public_institution" }, "geometry": { "type": "Point", "coordinates": [ 232384.123425765137654, 896296.666033776942641 ] } },
{ "type": "Feature", "properties": { "category": "public_institution" }, "geometry": { "type": "Point", "coordinates": [ 223182.217318845010595, 902716.769726273720153 ] } },
{ "type": "Feature", "properties": { "category": "public_institution" }, "geometry": { "type": "Point", "coordinates": [ 229815.900507694401313, 900489.24443150497973 ] } },
{ "type": "Feature", "properties": { "category": "public_institution" }, "geometry": { "type": "Point", "coordinates": [ 231406.548432515875902, 902408.602566517307423 ] } },
{ "type": "Feature", "properties": { "category": "public_institution" }, "geometry": { "type": "Point", "coordinates": [ 234353.372973279241705, 902435.168399974005297 ] } },
{ "type": "Feature", "properties": { "category": "public_institution" }, "geometry": { "type": "Point", "coordinates": [ 232443.365631174528971, 907594.475774412276223 ] } },
{ "type": "Feature", "properties": { "category": "public_institution" }, "geometry": { "type": "Point", "coordinates": [ 220118.524414384737611, 898441.077940487884916 ] } },
{ "type": "Feature", "properties": { "category": "public_institution" }, "geometry": { "type": "Point", "coordinates": [ 228329.62408211021102, 892674.959307417506352 ] } },
{ "type": "Feature", "properties": { "category": "public_institution" }, "geometry": { "type": "Point", "coordinates": [ 235418.560689364181599, 903342.304854586021975 ] } },
{ "type": "Feature", "properties": { "category": "public_institution" }, "geometry": { "type": "Point", "coordinates": [ 236655.057282971247332, 906524.95668850664515 ] } },
{ "type": "Feature", "properties": { "category": "public_institution" }, "geometry": { "type": "Point", "coordinates": [ 221780.536773001396796, 892814.582730517257005 ] } },
{ "type": "Feature", "properties": { "category": "public_institution" }, "geometry": { "type": "Point", "coordinates": [ 228674.987460773001658, 899380.941957853036001 ] } },
{ "type": "Feature", "properties": { "category": "public_institution" }, "geometry": { "type": "Point", "coordinates": [ 226975.181555872550234, 904949.875151576241478 ] } },
{ "type": "Feature", "properties": { "category": "public_institution" }, "geometry": { "type": "Point", "coordinates": [ 221734.282262481603539, 892329.150834067957476 ] } },
{ "type": "Feature", "properties": { "category": "public_institution" }, "geometry": { "type": "Point", "coordinates": [ 234677.813234310684493, 889378.438281930051744 ] } },
{ "type": "Feature", "properties": { "category": "public_institution" }, "geometry": { "type": "Point", "coordinates": [ 236655.057282971247332, 906524.95668850664515 ] } },
{ "type": "Feature", "properties": { "category": "public_institution" }, "geometry": { "type": "Point", "coordinates": [ 236290.193026296328753, 901829.864882553229108 ] } },
{ "type": "Feature", "properties": { "category": "public_institution" }, "geometry": { "type": "Point", "coordinates": [ 234088.875127815932501, 901947.579133164603263 ] } },
{ "type": "Feature", "properties": { "category": "public_institution" }, "geometry": { "type": "Point", "coordinates": [ 235463.213980218075449, 888561.502628546906635 ] } },
{ "type": "Feature", "properties": { "category": "public_institution" }, "geometry": { "type": "Point", "coordinates": [ 237320.121784801769536, 907450.310596908675507 ] } },
{ "type": "Feature", "properties": { "category": "public_institution" }, "geometry": { "type": "Point", "coordinates": [ 237934.079732896934729, 902383.944185146014206 ] } },
{ "type": "Feature", "properties": { "category": "public_institution" }, "geometry": { "type": "Point", "coordinates": [ 230517.100004841282498, 893387.219930149032734 ] } },
{ "type": "Feature", "properties": { "category": "public_institution" }, "geometry": { "type": "Point", "coordinates": [ 241738.43076714759809, 889758.771513274055906 ] } },
{ "type": "Feature", "properties": { "category": "public_institution" }, "geometry": { "type": "Point", "coordinates": [ 222944.690729074092815, 891198.4701694319956 ] } },
{ "type": "Feature", "properties": { "category": "public_institution" }, "geometry": { "type": "Point", "coordinates": [ 220842.073562014702475, 899892.29444026411511 ] } },
{ "type": "Feature", "properties": { "category": "public_institution" }, "geometry": { "type": "Point", "coordinates": [ 222351.805229834455531, 901774.362051970208995 ] } },
{ "type": "Feature", "properties": { "category": "public_institution" }, "geometry": { "type": "Point", "coordinates": [ 232005.5465996961575, 903105.434159013791941 ] } },
{ "type": "Feature", "properties": { "category": "public_institution" }, "geometry": { "type": "Point", "coordinates": [ 231687.062331078632269, 894003.42369050194975 ] } },
{ "type": "Feature", "properties": { "category": "public_institution" }, "geometry": { "type": "Point", "coordinates": [ 232325.330608567834133, 907078.300754626048729 ] } },
{ "type": "Feature", "properties": { "category": "public_institution" }, "geometry": { "type": "Point", "coordinates": [ 234090.217946942313574, 897729.850871930015273 ] } },
{ "type": "Feature", "properties": { "category": "public_institution" }, "geometry": { "type": "Point", "coordinates": [ 236332.581660759169608, 894198.055018510436639 ] } },
{ "type": "Feature", "properties": { "category": "public_institution" }, "geometry": { "type": "Point", "coordinates": [ 235602.015287624351913, 898974.970958065940067 ] } },
{ "type": "Feature", "properties": { "category": "public_institution" }, "geometry": { "type": "Point", "coordinates": [ 229856.184314404032193, 898608.65251114196144 ] } },
{ "type": "Feature", "properties": { "category": "public_institution" }, "geometry": { "type": "Point", "coordinates": [ 239101.679630039725453, 889727.966506045078859 ] } },
{ "type": "Feature", "properties": { "category": "public_institution" }, "geometry": { "type": "Point", "coordinates": [ 224001.895986711664591, 898585.779974044766277 ] } },
{ "type": "Feature", "properties": { "category": "public_institution" }, "geometry": { "type": "Point", "coordinates": [ 232935.646374759438913, 901463.109486285131425 ] } },
{ "type": "Feature", "properties": { "category": "public_institution" }, "geometry": { "type": "Point", "coordinates": [ 236101.033704927220242, 900970.25518118403852 ] } },
{ "type": "Feature", "properties": { "category": "public_institution" }, "geometry": { "type": "Point", "coordinates": [ 230637.450730358512374, 901136.251672896905802 ] } },
{ "type": "Feature", "properties": { "category": "public_institution" }, "geometry": { "type": "Point", "coordinates": [ 236464.926855978963431, 901174.963048377074301 ] } },
{ "type": "Feature", "properties": { "category": "public_institution" }, "geometry": { "type": "Point", "coordinates": [ 235317.239811454317532, 899446.614393195603043 ] } },
{ "type": "Feature", "properties": { "category": "public_institution" }, "geometry": { "type": "Point", "coordinates": [ 226659.643324400007259, 905087.962617937824689 ] } },
{ "type": "Feature", "properties": { "category": "public_institution" }, "geometry": { "type": "Point", "coordinates": [ 227467.399817722034641, 907701.65042840980459 ] } },
{ "type": "Feature", "properties": { "category": "public_institution" }, "geometry": { "type": "Point", "coordinates": [ 221060.89571734063793, 903497.519718157942407 ] } },
{ "type": "Feature", "properties": { "category": "public_institution" }, "geometry": { "type": "Point", "coordinates": [ 231245.792733785492601, 899235.614822547417134 ] } },
{ "type": "Feature", "properties": { "category": "public_institution" }, "geometry": { "type": "Point", "coordinates": [ 225518.335899423080264, 903932.72952664270997 ] } },
{ "type": "Feature", "properties": { "category": "public_institution" }, "geometry": { "type": "Point", "coordinates": [ 223056.624848789826501, 906300.959341223817319 ] } },
{ "type": "Feature", "properties": { "category": "public_institution" }, "geometry": { "type": "Point", "coordinates": [ 236382.833579339901917, 901071.790112214512192 ] } },
{ "type": "Feature", "properties": { "category": "public_institution" }, "geometry": { "type": "Point", "coordinates": [ 240158.292731891677249, 906576.666221150080673 ] } },
{ "type": "Feature", "properties": { "category": "public_institution" }, "geometry": { "type": "Point", "coordinates": [ 232422.048397857783129, 901940.800218941411003 ] } },
{ "type": "Feature", "properties": { "category": "public_institution" }, "geometry": { "type": "Point", "coordinates": [ 231367.329997849243227, 903905.319018182926811 ] } },
{ "type": "Feature", "properties": { "category": "public_institution" }, "geometry": { "type": "Point", "coordinates": [ 235730.285164487373549, 901947.404100081999786 ] } },
{ "type": "Feature", "properties": { "category": "public_institution" }, "geometry": { "type": "Point", "coordinates": [ 231160.333367829938652, 892707.476986316032708 ] } },
{ "type": "Feature", "properties": { "category": "public_institution" }, "geometry": { "type": "Point", "coordinates": [ 235774.774610679305624, 892745.202138145687059 ] } },
{ "type": "Feature", "properties": { "category": "public_institution" }, "geometry": { "type": "Point", "coordinates": [ 238088.091239452303853, 905044.119423560681753 ] } },
{ "type": "Feature", "properties": { "category": "public_institution" }, "geometry": { "type": "Point", "coordinates": [ 232443.365631174528971, 907594.475774412276223 ] } },
{ "type": "Feature", "properties": { "category": "public_institution" }, "geometry": { "type": "Point", "coordinates": [ 236166.367406156117795, 901401.574755544308573 ] } },
{ "type": "Feature", "properties": { "category": "public_institution" }, "geometry": { "type": "Point", "coordinates": [ 234323.771626855857903, 901446.982453758479096 ] } },
{ "type": "Feature", "properties": { "category": "public_institution" }, "geometry": { "type": "Point", "coordinates": [ 236685.096043087367434, 896239.147533868439496 ] } },
{ "type": "Feature", "properties": { "category": "public_institution" }, "geometry": { "type": "Point", "coordinates": [ 236118.279228116414743, 900179.467666829470545 ] } },
{ "type": "Feature", "properties": { "category": "public_institution" }, "geometry": { "type": "Point", "coordinates": [ 232972.440608493576292, 900029.377361768623814 ] } },
{ "type": "Feature", "properties": { "category": "public_institution" }, "geometry": { "type": "Point", "coordinates": [ 236464.926855978963431, 901174.963048377074301 ] } },
{ "type": "Feature", "properties": { "category": "public_institution" }, "geometry": { "type": "Point", "coordinates": [ 235816.420797245373251, 909086.793275304022245 ] } },
{ "type": "Feature", "properties": { "category": "public_institution" }, "geometry": { "type": "Point", "coordinates": [ 232079.041971266124165, 902683.449605880654417 ] } },
{ "type": "Feature", "properties": { "category": "public_institution" }, "geometry": { "type": "Point", "coordinates": [ 240071.527797361544799, 906490.527954555582255 ] } },
{ "type": "Feature", "properties": { "category": "public_institution" }, "geometry": { "type": "Point", "coordinates": [ 233159.198790815280518, 902461.643123469781131 ] } },
{ "type": "Feature", "properties": { "category": "public_institution" }, "geometry": { "type": "Point", "coordinates": [ 237904.194821716635488, 906988.68200719601009 ] } },
{ "type": "Feature", "properties": { "category": "public_institution" }, "geometry": { "type": "Point", "coordinates": [ 235477.529311437654542, 898005.744833155535161 ] } },
{ "type": "Feature", "properties": { "category": "public_institution" }, "geometry": { "type": "Point", "coordinates": [ 233333.479189178033266, 898641.38843321823515 ] } },
{ "type": "Feature", "properties": { "category": "public_institution" }, "geometry": { "type": "Point", "coordinates": [ 233226.908965957030887, 907993.806046943878755 ] } },
{ "type": "Feature", "properties": { "category": "public_institution" }, "geometry": { "type": "Point", "coordinates": [ 237346.652468100481201, 900506.904185911873356 ] } },
{ "type": "Feature", "properties": { "category": "public_institution" }, "geometry": { "type": "Point", "coordinates": [ 233162.214367053762544, 904666.233523627044633 ] } },
{ "type": "Feature", "properties": { "category": "public_institution" }, "geometry": { "type": "Point", "coordinates": [ 226631.956124314456247, 888686.053023636806756 ] } },
{ "type": "Feature", "properties": { "category": "public_institution" }, "geometry": { "type": "Point", "coordinates": [ 235809.200715696788393, 911920.084911645739339 ] } },
{ "type": "Feature", "properties": { "category": "public_institution" }, "geometry": { "type": "Point", "coordinates": [ 235793.528927220118931, 911880.238020676886663 ] } },
{ "type": "Feature", "properties": { "category": "public_institution" }, "geometry": { "type": "Point", "coordinates": [ 227564.397725579328835, 899022.717699171509594 ] } },
{ "type": "Feature", "properties": { "category": "public_institution" }, "geometry": { "type": "Point", "coordinates": [ 221794.030820874089841, 902873.943953366135247 ] } },
{ "type": "Feature", "properties": { "category": "public_institution" }, "geometry": { "type": "Point", "coordinates": [ 238455.768378609558567, 905155.203091611387208 ] } },
{ "type": "Feature", "properties": { "category": "public_institution" }, "geometry": { "type": "Point", "coordinates": [ 224538.206544728862355, 901514.738515584962443 ] } },
{ "type": "Feature", "properties": { "category": "public_institution" }, "geometry": { "type": "Point", "coordinates": [ 231596.139611267019063, 888704.697114815702662 ] } },
{ "type": "Feature", "properties": { "category": "public_institution" }, "geometry": { "type": "Point", "coordinates": [ 235877.939556239754893, 899582.747723571374081 ] } },
{ "type": "Feature", "properties": { "category": "public_institution" }, "geometry": { "type": "Point", "coordinates": [ 236799.060610937740421, 900766.159795301035047 ] } },
{ "type": "Feature", "properties": { "category": "public_institution" }, "geometry": { "type": "Point", "coordinates": [ 235938.875845136091812, 900959.760136800818145 ] } },
{ "type": "Feature", "properties": { "category": "public_institution" }, "geometry": { "type": "Point", "coordinates": [ 235075.505580044788076, 900612.943697311566211 ] } },
{ "type": "Feature", "properties": { "category": "public_institution" }, "geometry": { "type": "Point", "coordinates": [ 221711.098824532440631, 903139.274013487854972 ] } },
{ "type": "Feature", "properties": { "category": "public_institution" }, "geometry": { "type": "Point", "coordinates": [ 235938.875845136091812, 900959.760136800818145 ] } },
{ "type": "Feature", "properties": { "category": "public_institution" }, "geometry": { "type": "Point", "coordinates": [ 235704.463939476147061, 900204.122823690762743 ] } },
{ "type": "Feature", "properties": { "category": "public_institution" }, "geometry": { "type": "Point", "coordinates": [ 236278.563147216395009, 901019.155300877289847 ] } },
{ "type": "Feature", "properties": { "category": "public_institution" }, "geometry": { "type": "Point", "coordinates": [ 226955.244667009217665, 888482.905601418460719 ] } },
{ "type": "Feature", "properties": { "category": "public_institution" }, "geometry": { "type": "Point", "coordinates": [ 233240.696538295247592, 902366.389848903869279 ] } },
{ "type": "Feature", "properties": { "category": "public_institution" }, "geometry": { "type": "Point", "coordinates": [ 236200.414415955950972, 901300.779922875226475 ] } },
{ "type": "Feature", "properties": { "category": "public_institution" }, "geometry": { "type": "Point", "coordinates": [ 234677.813234310684493, 889378.438281930051744 ] } },
{ "type": "Feature", "properties": { "category": "public_institution" }, "geometry": { "type": "Point", "coordinates": [ 235039.772016491362592, 902177.746291756629944 ] } },
{ "type": "Feature", "properties": { "category": "public_institution" }, "geometry": { "type": "Point", "coordinates": [ 236829.157986462349072, 901468.332253466011025 ] } },
{ "type": "Feature", "properties": { "category": "public_institution" }, "geometry": { "type": "Point", "coordinates": [ 228006.981968198699178, 898860.073101904708892 ] } },
{ "type": "Feature", "properties": { "category": "public_institution" }, "geometry": { "type": "Point", "coordinates": [ 236464.926855978963431, 901174.963048377074301 ] } },
{ "type": "Feature", "properties": { "category": "public_institution" }, "geometry": { "type": "Point", "coordinates": [ 229135.789428947173292, 888108.051031450042501 ] } },
{ "type": "Feature", "properties": { "category": "public_institution" }, "geometry": { "type": "Point", "coordinates": [ 234527.15214326774003, 900207.903676688787527 ] } },
{ "type": "Feature", "properties": { "category": "public_institution" }, "geometry": { "type": "Point", "coordinates": [ 235288.92765864089597, 900719.75854516250547 ] } },
{ "type": "Feature", "properties": { "category": "public_institution" }, "geometry": { "type": "Point", "coordinates": [ 236132.989125252643134, 901084.163518489105627 ] } },
{ "type": "Feature", "properties": { "category": "public_institution" }, "geometry": { "type": "Point", "coordinates": [ 217979.173554065346252, 905959.440787897096016 ] } },
{ "type": "Feature", "properties": { "category": "public_institution" }, "geometry": { "type": "Point", "coordinates": [ 221711.098824532440631, 903139.274013487854972 ] } },
{ "type": "Feature", "properties": { "category": "public_institution" }, "geometry": { "type": "Point", "coordinates": [ 247028.22009491053177, 914139.422862227656879 ] } },
{ "type": "Feature", "properties": { "category": "public_institution" }, "geometry": { "type": "Point", "coordinates": [ 234217.225146780489013, 905088.729114045854658 ] } },
{ "type": "Feature", "properties": { "category": "public_institution" }, "geometry": { "type": "Point", "coordinates": [ 236415.397570097935386, 900781.156041773152538 ] } },
{ "type": "Feature", "properties": { "category": "public_institution" }, "geometry": { "type": "Point", "coordinates": [ 236727.555605341156479, 902923.928774665342644 ] } },
{ "type": "Feature", "properties": { "category": "public_institution" }, "geometry": { "type": "Point", "coordinates": [ 232808.320888845220907, 901562.817292388179339 ] } },
{ "type": "Feature", "properties": { "category": "public_institution" }, "geometry": { "type": "Point", "coordinates": [ 236052.824730660009664, 901069.533734648488462 ] } },
{ "type": "Feature", "properties": { "category": "public_institution" }, "geometry": { "type": "Point", "coordinates": [ 226627.651625678467099, 905187.034334881929681 ] } },
{ "type": "Feature", "properties": { "category": "public_institution" }, "geometry": { "type": "Point", "coordinates": [ 233671.263120748568326, 892772.918828464346007 ] } },
{ "type": "Feature", "properties": { "category": "public_institution" }, "geometry": { "type": "Point", "coordinates": [ 228277.945328389148926, 907306.872057893662713 ] } },
{ "type": "Feature", "properties": { "category": "public_institution" }, "geometry": { "type": "Point", "coordinates": [ 240852.591119934513699, 889368.139283574535511 ] } },
{ "type": "Feature", "properties": { "category": "public_institution" }, "geometry": { "type": "Point", "coordinates": [ 231733.292330627416959, 902827.836130475159734 ] } },
{ "type": "Feature", "properties": { "category": "public_institution" }, "geometry": { "type": "Point", "coordinates": [ 240595.263433589891065, 887742.385806201957166 ] } },
{ "type": "Feature", "properties": { "category": "public_institution" }, "geometry": { "type": "Point", "coordinates": [ 235674.45845126407221, 909608.035797747434117 ] } },
{ "type": "Feature", "properties": { "category": "public_institution" }, "geometry": { "type": "Point", "coordinates": [ 235309.653827720263507, 908980.365686162374914 ] } },
{ "type": "Feature", "properties": { "category": "public_institution" }, "geometry": { "type": "Point", "coordinates": [ 236747.651178524829447, 894364.493977610487491 ] } },
{ "type": "Feature", "properties": { "category": "public_institution" }, "geometry": { "type": "Point", "coordinates": [ 246071.431401561625535, 912017.626716688624583 ] } },
{ "type": "Feature", "properties": { "category": "public_institution" }, "geometry": { "type": "Point", "coordinates": [ 225458.333511243748944, 901402.158294877852313 ] } },
{ "type": "Feature", "properties": { "category": "public_institution" }, "geometry": { "type": "Point", "coordinates": [ 229722.43823112823884, 888458.501868152408861 ] } },
{ "type": "Feature", "properties": { "category": "public_institution" }, "geometry": { "type": "Point", "coordinates": [ 235524.653066495520761, 893570.676948278211057 ] } },
{ "type": "Feature", "properties": { "category": "public_institution" }, "geometry": { "type": "Point", "coordinates": [ 236464.926855978963431, 901174.963048377074301 ] } },
{ "type": "Feature", "properties": { "category": "public_institution" }, "geometry": { "type": "Point", "coordinates": [ 225472.636866185639519, 896863.04580368520692 ] } },
{ "type": "Feature", "properties": { "category": "public_institution" }, "geometry": { "type": "Point", "coordinates": [ 234023.769015582627617, 904470.856937074451707 ] } },
{ "type": "Feature", "properties": { "category": "public_institution" }, "geometry": { "type": "Point", "coordinates": [ 237196.250705359969288, 900328.270335006876849 ] } },
{ "type": "Feature", "properties": { "category": "public_institution" }, "geometry": { "type": "Point", "coordinates": [ 219394.292412052542204, 891386.946433276520111 ] } },
{ "type": "Feature", "properties": { "category": "public_institution" }, "geometry": { "type": "Point", "coordinates": [ 235908.305317959137028, 900316.128377425950021 ] } },
{ "type": "Feature", "properties": { "category": "public_institution" }, "geometry": { "type": "Point", "coordinates": [ 234677.813234310684493, 889378.438281930051744 ] } },
{ "type": "Feature", "properties": { "category": "public_institution" }, "geometry": { "type": "Point", "coordinates": [ 230584.367078822804615, 908705.700466799316928 ] } },
{ "type": "Feature", "properties": { "category": "public_institution" }, "geometry": { "type": "Point", "coordinates": [ 242546.223551957169548, 917403.949539176886901 ] } },
{ "type": "Feature", "properties": { "category": "public_institution" }, "geometry": { "type": "Point", "coordinates": [ 230600.372974817932118, 904673.37626148108393 ] } },
{ "type": "Feature", "properties": { "category": "public_institution" }, "geometry": { "type": "Point", "coordinates": [ 230656.782054715004051, 903502.077303392114118 ] } },
{ "type": "Feature", "properties": { "category": "public_institution" }, "geometry": { "type": "Point", "coordinates": [ 235520.266930361627601, 900181.751342227915302 ] } },
{ "type": "Feature", "properties": { "category": "public_institution" }, "geometry": { "type": "Point", "coordinates": [ 232657.320482031500433, 902202.146055583609268 ] } },
{ "type": "Feature", "properties": { "category": "public_institution" }, "geometry": { "type": "Point", "coordinates": [ 236671.310217952268431, 901186.811722412821837 ] } },
{ "type": "Feature", "properties": { "category": "public_institution" }, "geometry": { "type": "Point", "coordinates": [ 236053.506872703961562, 901081.08936908445321 ] } },
{ "type": "Feature", "properties": { "category": "public_institution" }, "geometry": { "type": "Point", "coordinates": [ 221794.030820874089841, 902873.943953366135247 ] } },
{ "type": "Feature", "properties": { "category": "public_institution" }, "geometry": { "type": "Point", "coordinates": [ 238423.002211444749264, 904898.874834783142433 ] } },
{ "type": "Feature", "properties": { "category": "public_institution" }, "geometry": { "type": "Point", "coordinates": [ 236153.556582005054224, 900785.357897625071928 ] } },
{ "type": "Feature", "properties": { "category": "public_institution" }, "geometry": { "type": "Point", "coordinates": [ 236053.506872703961562, 901081.08936908445321 ] } },
{ "type": "Feature", "properties": { "category": "public_institution" }, "geometry": { "type": "Point", "coordinates": [ 236332.948348832927877, 901860.965651686885394 ] } },
{ "type": "Feature", "properties": { "category": "public_institution" }, "geometry": { "type": "Point", "coordinates": [ 236052.824730660009664, 901069.533734648488462 ] } },
{ "type": "Feature", "properties": { "category": "public_institution" }, "geometry": { "type": "Point", "coordinates": [ 235839.097896728577325, 908319.901740051689558 ] } },
{ "type": "Feature", "properties": { "category": "public_institution" }, "geometry": { "type": "Point", "coordinates": [ 222687.568961727025453, 903172.239830994047225 ] } },
{ "type": "Feature", "properties": { "category": "public_institution" }, "geometry": { "type": "Point", "coordinates": [ 236464.926855978963431, 901174.963048377074301 ] } },
{ "type": "Feature", "properties": { "category": "public_institution" }, "geometry": { "type": "Point", "coordinates": [ 245389.030312454124214, 891452.741812631953508 ] } },
{ "type": "Feature", "properties": { "category": "public_institution" }, "geometry": { "type": "Point", "coordinates": [ 236700.727173372142715, 906937.522652803454548 ] } },
{ "type": "Feature", "properties": { "category": "public_institution" }, "geometry": { "type": "Point", "coordinates": [ 236450.943504697526805, 901012.049777412670664 ] } },
{ "type": "Feature", "properties": { "category": "public_institution" }, "geometry": { "type": "Point", "coordinates": [ 237831.485537290398497, 899929.447392331785522 ] } },
{ "type": "Feature", "properties": { "category": "public_institution" }, "geometry": { "type": "Point", "coordinates": [ 235092.478386072616559, 899870.250157141825184 ] } },
{ "type": "Feature", "properties": { "category": "public_institution" }, "geometry": { "type": "Point", "coordinates": [ 229777.152291114907712, 907526.676262632478029 ] } },
{ "type": "Feature", "properties": { "category": "public_institution" }, "geometry": { "type": "Point", "coordinates": [ 228674.606444111617748, 899878.233768394915387 ] } },
{ "type": "Feature", "properties": { "category": "public_institution" }, "geometry": { "type": "Point", "coordinates": [ 237318.072400216042297, 900489.757389680715278 ] } },
{ "type": "Feature", "properties": { "category": "public_institution" }, "geometry": { "type": "Point", "coordinates": [ 235520.101027957629412, 900181.972659633727744 ] } },
{ "type": "Feature", "properties": { "category": "public_institution" }, "geometry": { "type": "Point", "coordinates": [ 232660.671543061616831, 896089.78704686020501 ] } },
{ "type": "Feature", "properties": { "category": "public_institution" }, "geometry": { "type": "Point", "coordinates": [ 236052.824730660009664, 901069.533734648488462 ] } },
{ "type": "Feature", "properties": { "category": "public_institution" }, "geometry": { "type": "Point", "coordinates": [ 221794.030820874089841, 902873.943953366135247 ] } },
{ "type": "Feature", "properties": { "category": "public_institution" }, "geometry": { "type": "Point", "coordinates": [ 235962.851301729446277, 901345.657479844521731 ] } },
{ "type": "Feature", "properties": { "category": "public_institution" }, "geometry": { "type": "Point", "coordinates": [ 239718.918135379033629, 900890.69206983235199 ] } },
{ "type": "Feature", "properties": { "category": "public_institution" }, "geometry": { "type": "Point", "coordinates": [ 236630.988404941628687, 900324.8567947645206 ] } },
{ "type": "Feature", "properties": { "category": "public_institution" }, "geometry": { "type": "Point", "coordinates": [ 236713.590614803804783, 894870.826680367346853 ] } },
{ "type": "Feature", "properties": { "category": "public_institution" }, "geometry": { "type": "Point", "coordinates": [ 240071.527797361544799, 906490.527954555582255 ] } },
{ "type": "Feature", "properties": { "category": "public_institution" }, "geometry": { "type": "Point", "coordinates": [ 236464.926855978963431, 901174.963048377074301 ] } },
{ "type": "Feature", "properties": { "category": "public_institution" }, "geometry": { "type": "Point", "coordinates": [ 231129.229751554608811, 902388.818237381987274 ] } },
{ "type": "Feature", "properties": { "category": "public_institution" }, "geometry": { "type": "Point", "coordinates": [ 232856.257212095661089, 901599.363826667773537 ] } },
{ "type": "Feature", "properties": { "category": "public_institution" }, "geometry": { "type": "Point", "coordinates": [ 221932.656180529069388, 902367.861283235019073 ] } },
{ "type": "Feature", "properties": { "category": "public_institution" }, "geometry": { "type": "Point", "coordinates": [ 236458.336435793899, 900238.095598927815445 ] } },
{ "type": "Feature", "properties": { "category": "public_institution" }, "geometry": { "type": "Point", "coordinates": [ 231260.285309850412887, 898237.316113685723394 ] } },
{ "type": "Feature", "properties": { "category": "public_institution" }, "geometry": { "type": "Point", "coordinates": [ 226627.651625678467099, 905187.034334881929681 ] } },
{ "type": "Feature", "properties": { "category": "public_institution" }, "geometry": { "type": "Point", "coordinates": [ 236655.057282971247332, 906524.95668850664515 ] } },
{ "type": "Feature", "properties": { "category": "public_institution" }, "geometry": { "type": "Point", "coordinates": [ 237723.373741610703291, 914666.937052658759058 ] } },
{ "type": "Feature", "properties": { "category": "public_institution" }, "geometry": { "type": "Point", "coordinates": [ 227747.464649591012858, 901181.227824726491235 ] } },
{ "type": "Feature", "properties": { "category": "public_institution" }, "geometry": { "type": "Point", "coordinates": [ 224001.895986711664591, 898585.779974044766277 ] } },
{ "type": "Feature", "properties": { "category": "public_institution" }, "geometry": { "type": "Point", "coordinates": [ 242565.395382874150528, 887397.690218618954532 ] } },
{ "type": "Feature", "properties": { "category": "public_institution" }, "geometry": { "type": "Point", "coordinates": [ 233111.115933742141351, 898051.18297664320562 ] } },
{ "type": "Feature", "properties": { "category": "public_institution" }, "geometry": { "type": "Point", "coordinates": [ 234596.116895232233219, 895417.475070151500404 ] } },
{ "type": "Feature", "properties": { "category": "public_institution" }, "geometry": { "type": "Point", "coordinates": [ 227933.182243057904998, 896008.88114532828331 ] } },
{ "type": "Feature", "properties": { "category": "public_institution" }, "geometry": { "type": "Point", "coordinates": [ 221836.314350804517744, 902704.237474201945588 ] } },
{ "type": "Feature", "properties": { "category": "public_institution" }, "geometry": { "type": "Point", "coordinates": [ 244145.807394827977987, 911829.181363556999713 ] } },
{ "type": "Feature", "properties": { "category": "public_institution" }, "geometry": { "type": "Point", "coordinates": [ 241844.346801458508708, 888834.357261497527361 ] } },
{ "type": "Feature", "properties": { "category": "public_institution" }, "geometry": { "type": "Point", "coordinates": [ 232950.010344104986871, 903528.788881461834535 ] } },
{ "type": "Feature", "properties": { "category": "public_institution" }, "geometry": { "type": "Point", "coordinates": [ 240071.527797361544799, 906490.527954555582255 ] } },
{ "type": "Feature", "properties": { "category": "public_institution" }, "geometry": { "type": "Point", "coordinates": [ 231375.679617983085336, 902736.478570823557675 ] } },
{ "type": "Feature", "properties": { "category": "public_institution" }, "geometry": { "type": "Point", "coordinates": [ 238081.201271509198705, 902852.159425691817887 ] } },
{ "type": "Feature", "properties": { "category": "public_institution" }, "geometry": { "type": "Point", "coordinates": [ 233737.806264398561325, 899872.169347666553222 ] } },
{ "type": "Feature", "properties": { "category": "public_institution" }, "geometry": { "type": "Point", "coordinates": [ 238203.21890621894272, 899496.032202194561251 ] } },
{ "type": "Feature", "properties": { "category": "public_institution" }, "geometry": { "type": "Point", "coordinates": [ 236703.930650480266195, 901739.152546437457204 ] } },
{ "type": "Feature", "properties": { "category": "public_institution" }, "geometry": { "type": "Point", "coordinates": [ 236210.884282582323067, 896452.512431165901944 ] } },
{ "type": "Feature", "properties": { "category": "public_institution" }, "geometry": { "type": "Point", "coordinates": [ 235001.215353993495228, 907251.419185362290591 ] } },
{ "type": "Feature", "properties": { "category": "public_institution" }, "geometry": { "type": "Point", "coordinates": [ 234023.769015582627617, 904470.856937074451707 ] } },
{ "type": "Feature", "properties": { "category": "public_institution" }, "geometry": { "type": "Point", "coordinates": [ 235957.217232044378761, 901384.172805997077376 ] } },
{ "type": "Feature", "properties": { "category": "public_institution" }, "geometry": { "type": "Point", "coordinates": [ 233823.581165526731638, 899649.315362489316612 ] } },
{ "type": "Feature", "properties": { "category": "public_institution" }, "geometry": { "type": "Point", "coordinates": [ 233266.883435884694336, 897633.157006772700697 ] } },
{ "type": "Feature", "properties": { "category": "public_institution" }, "geometry": { "type": "Point", "coordinates": [ 235557.950328643870307, 913275.882800842169672 ] } },
{ "type": "Feature", "properties": { "category": "public_institution" }, "geometry": { "type": "Point", "coordinates": [ 231782.778735242958646, 907069.492107178084552 ] } },
{ "type": "Feature", "properties": { "category": "public_institution" }, "geometry": { "type": "Point", "coordinates": [ 225798.051251579483505, 901941.457521932316013 ] } },
{ "type": "Feature", "properties": { "category": "public_institution" }, "geometry": { "type": "Point", "coordinates": [ 240562.219185445399489, 904653.533616490894929 ] } },
{ "type": "Feature", "properties": { "category": "public_institution" }, "geometry": { "type": "Point", "coordinates": [ 233645.00961421453394, 901510.901699883397669 ] } },
{ "type": "Feature", "properties": { "category": "public_institution" }, "geometry": { "type": "Point", "coordinates": [ 224001.895986711664591, 898585.779974044766277 ] } },
{ "type": "Feature", "properties": { "category": "public_institution" }, "geometry": { "type": "Point", "coordinates": [ 234787.770071675418876, 897840.902093578479253 ] } },
{ "type": "Feature", "properties": { "category": "public_institution" }, "geometry": { "type": "Point", "coordinates": [ 224001.895986711664591, 898585.779974044766277 ] } },
{ "type": "Feature", "properties": { "category": "public_institution" }, "geometry": { "type": "Point", "coordinates": [ 225645.305302341555944, 897253.219231397146359 ] } },
{ "type": "Feature", "properties": { "category": "public_institution" }, "geometry": { "type": "Point", "coordinates": [ 231401.048528591782087, 904154.618847490288317 ] } },
{ "type": "Feature", "properties": { "category": "public_institution" }, "geometry": { "type": "Point", "coordinates": [ 236087.741114996810211, 900029.355477953096852 ] } },
{ "type": "Feature", "properties": { "category": "public_institution" }, "geometry": { "type": "Point", "coordinates": [ 232481.213381046429276, 901918.080324811977334 ] } },
{ "type": "Feature", "properties": { "category": "public_institution" }, "geometry": { "type": "Point", "coordinates": [ 234304.134619305375963, 897452.309556291555054 ] } },
{ "type": "Feature", "properties": { "category": "public_institution" }, "geometry": { "type": "Point", "coordinates": [ 221726.040507500001695, 892086.647730062133633 ] } },
{ "type": "Feature", "properties": { "category": "public_institution" }, "geometry": { "type": "Point", "coordinates": [ 236530.586515026167035, 900588.144681349163875 ] } },
{ "type": "Feature", "properties": { "category": "public_institution" }, "geometry": { "type": "Point", "coordinates": [ 236096.199720931792399, 901462.195918918820098 ] } },
{ "type": "Feature", "properties": { "category": "public_institution" }, "geometry": { "type": "Point", "coordinates": [ 238149.478239765681792, 899529.28585811285302 ] } },
{ "type": "Feature", "properties": { "category": "public_institution" }, "geometry": { "type": "Point", "coordinates": [ 235362.681427500065183, 899733.645847206236795 ] } },
{ "type": "Feature", "properties": { "category": "public_institution" }, "geometry": { "type": "Point", "coordinates": [ 236675.14868732940522, 900514.475317859789357 ] } },
{ "type": "Feature", "properties": { "category": "public_institution" }, "geometry": { "type": "Point", "coordinates": [ 230393.782767438155133, 900123.830998478224501 ] } },
{ "type": "Feature", "properties": { "category": "public_institution" }, "geometry": { "type": "Point", "coordinates": [ 228785.17594591845409, 894020.495477958815172 ] } },
{ "type": "Feature", "properties": { "category": "public_institution" }, "geometry": { "type": "Point", "coordinates": [ 235665.957391875766916, 897579.050077829393558 ] } },
{ "type": "Feature", "properties": { "category": "public_institution" }, "geometry": { "type": "Point", "coordinates": [ 225607.029488869768102, 900541.403871218441054 ] } },
{ "type": "Feature", "properties": { "category": "public_institution" }, "geometry": { "type": "Point", "coordinates": [ 236200.414415955950972, 901300.779922875226475 ] } },
{ "type": "Feature", "properties": { "category": "public_institution" }, "geometry": { "type": "Point", "coordinates": [ 225877.102358969626948, 901567.860801686532795 ] } },
{ "type": "Feature", "properties": { "category": "public_institution" }, "geometry": { "type": "Point", "coordinates": [ 237542.700467695627594, 899757.949318201979622 ] } },
{ "type": "Feature", "properties": { "category": "public_institution" }, "geometry": { "type": "Point", "coordinates": [ 228277.945328389148926, 907306.872057893662713 ] } },
{ "type": "Feature", "properties": { "category": "public_institution" }, "geometry": { "type": "Point", "coordinates": [ 237013.567432997660944, 900629.993744493462145 ] } },
{ "type": "Feature", "properties": { "category": "public_institution" }, "geometry": { "type": "Point", "coordinates": [ 235877.939556239754893, 899582.747723571374081 ] } },
{ "type": "Feature", "properties": { "category": "public_institution" }, "geometry": { "type": "Point", "coordinates": [ 234136.149583481950685, 901626.79259348323103 ] } },
{ "type": "Feature", "properties": { "category": "public_institution" }, "geometry": { "type": "Point", "coordinates": [ 239537.294699657912133, 903592.436451518209651 ] } },
{ "type": "Feature", "properties": { "category": "public_institution" }, "geometry": { "type": "Point", "coordinates": [ 236096.199720931792399, 901462.195918918820098 ] } },
{ "type": "Feature", "properties": { "category": "public_institution" }, "geometry": { "type": "Point", "coordinates": [ 231947.812155397376046, 894148.891464809537865 ] } },
{ "type": "Feature", "properties": { "category": "public_institution" }, "geometry": { "type": "Point", "coordinates": [ 245241.696532247442519, 912890.106190572842024 ] } },
{ "type": "Feature", "properties": { "category": "public_institution" }, "geometry": { "type": "Point", "coordinates": [ 236464.926855978963431, 901174.963048377074301 ] } },
{ "type": "Feature", "properties": { "category": "public_institution" }, "geometry": { "type": "Point", "coordinates": [ 236192.109736525162589, 901409.70494345179759 ] } },
{ "type": "Feature", "properties": { "category": "public_institution" }, "geometry": { "type": "Point", "coordinates": [ 231260.285309850412887, 898237.316113685723394 ] } },
{ "type": "Feature", "properties": { "category": "public_institution" }, "geometry": { "type": "Point", "coordinates": [ 236110.185556458105566, 899910.617335357586853 ] } },
{ "type": "Feature", "properties": { "category": "public_institution" }, "geometry": { "type": "Point", "coordinates": [ 225568.562153102160664, 905607.75146109063644 ] } },
{ "type": "Feature", "properties": { "category": "public_institution" }, "geometry": { "type": "Point", "coordinates": [ 234291.799391637498047, 897547.886929099098779 ] } },
{ "type": "Feature", "properties": { "category": "public_institution" }, "geometry": { "type": "Point", "coordinates": [ 234644.690912009507883, 891362.645551812602207 ] } },
{ "type": "Feature", "properties": { "category": "public_institution" }, "geometry": { "type": "Point", "coordinates": [ 235333.795409154554363, 893805.197995680267923 ] } },
{ "type": "Feature", "properties": { "category": "public_institution" }, "geometry": { "type": "Point", "coordinates": [ 233265.100437612185488, 904117.879952760064043 ] } },
{ "type": "Feature", "properties": { "category": "public_institution" }, "geometry": { "type": "Point", "coordinates": [ 232657.320482031500433, 902202.146055583609268 ] } },
{ "type": "Feature", "properties": { "category": "public_institution" }, "geometry": { "type": "Point", "coordinates": [ 238045.098338354902808, 904894.706917718518525 ] } },
{ "type": "Feature", "properties": { "category": "public_institution" }, "geometry": { "type": "Point", "coordinates": [ 231377.688015538675245, 899297.961485680076294 ] } },
{ "type": "Feature", "properties": { "category": "public_institution" }, "geometry": { "type": "Point", "coordinates": [ 224016.385588234436, 900277.977248836075887 ] } },
{ "type": "Feature", "properties": { "category": "public_institution" }, "geometry": { "type": "Point", "coordinates": [ 235698.45366330377874, 908691.969285871484317 ] } },
{ "type": "Feature", "properties": { "category": "public_institution" }, "geometry": { "type": "Point", "coordinates": [ 232481.531917521671858, 903523.60777829575818 ] } },
{ "type": "Feature", "properties": { "category": "public_institution" }, "geometry": { "type": "Point", "coordinates": [ 235877.939556239754893, 899582.747723571374081 ] } },
{ "type": "Feature", "properties": { "category": "public_institution" }, "geometry": { "type": "Point", "coordinates": [ 245128.663845931645483, 912843.501293244538829 ] } },
{ "type": "Feature", "properties": { "category": "public_institution" }, "geometry": { "type": "Point", "coordinates": [ 233526.051383918209467, 901046.24891418335028 ] } },
{ "type": "Feature", "properties": { "category": "public_institution" }, "geometry": { "type": "Point", "coordinates": [ 231416.456151500344276, 902918.940242286305875 ] } },
{ "type": "Feature", "properties": { "category": "public_institution" }, "geometry": { "type": "Point", "coordinates": [ 242508.461603354429826, 911305.096737389219925 ] } },
{ "type": "Feature", "properties": { "category": "public_institution" }, "geometry": { "type": "Point", "coordinates": [ 240368.641211854584981, 912865.813311489764601 ] } },
{ "type": "Feature", "properties": { "category": "public_institution" }, "geometry": { "type": "Point", "coordinates": [ 229306.21617682298529, 903656.931878483854234 ] } },
{ "type": "Feature", "properties": { "category": "public_institution" }, "geometry": { "type": "Point", "coordinates": [ 234321.487511842744425, 899890.546501436503604 ] } },
{ "type": "Feature", "properties": { "category": "public_institution" }, "geometry": { "type": "Point", "coordinates": [ 240568.830719702789793, 906986.245342515408993 ] } },
{ "type": "Feature", "properties": { "category": "public_institution" }, "geometry": { "type": "Point", "coordinates": [ 236908.562346126593184, 900795.281195782939903 ] } },
{ "type": "Feature", "properties": { "category": "public_institution" }, "geometry": { "type": "Point", "coordinates": [ 240368.641211854584981, 912865.813311489764601 ] } },
{ "type": "Feature", "properties": { "category": "public_institution" }, "geometry": { "type": "Point", "coordinates": [ 236835.742855805088766, 905473.869180267676711 ] } },
{ "type": "Feature", "properties": { "category": "public_institution" }, "geometry": { "type": "Point", "coordinates": [ 232657.320482031500433, 902202.146055583609268 ] } },
{ "type": "Feature", "properties": { "category": "public_institution" }, "geometry": { "type": "Point", "coordinates": [ 232130.841614524397301, 897440.707965009729378 ] } },
{ "type": "Feature", "properties": { "category": "public_institution" }, "geometry": { "type": "Point", "coordinates": [ 225899.162901661911746, 902398.914524333318695 ] } },
{ "type": "Feature", "properties": { "category": "public_institution" }, "geometry": { "type": "Point", "coordinates": [ 230436.925883733289083, 887438.331133144325577 ] } },
{ "type": "Feature", "properties": { "category": "public_institution" }, "geometry": { "type": "Point", "coordinates": [ 231408.303884662920609, 902531.796119032660499 ] } },
{ "type": "Feature", "properties": { "category": "public_institution" }, "geometry": { "type": "Point", "coordinates": [ 231462.750914551463211, 902604.351667049108073 ] } },
{ "type": "Feature", "properties": { "category": "public_institution" }, "geometry": { "type": "Point", "coordinates": [ 235295.644425253034569, 900694.68863483495079 ] } },
{ "type": "Feature", "properties": { "category": "public_institution" }, "geometry": { "type": "Point", "coordinates": [ 226485.521601889224257, 908750.019646675791591 ] } },
{ "type": "Feature", "properties": { "category": "public_institution" }, "geometry": { "type": "Point", "coordinates": [ 235375.23965784185566, 899956.086980833671987 ] } },
{ "type": "Feature", "properties": { "category": "public_institution" }, "geometry": { "type": "Point", "coordinates": [ 232641.794125692802481, 901590.477660112432204 ] } },
{ "type": "Feature", "properties": { "category": "public_institution" }, "geometry": { "type": "Point", "coordinates": [ 232525.337938938406296, 901781.436212188797072 ] } },
{ "type": "Feature", "properties": { "category": "public_institution" }, "geometry": { "type": "Point", "coordinates": [ 232481.213381046429276, 901918.080324811977334 ] } },
{ "type": "Feature", "properties": { "category": "public_institution" }, "geometry": { "type": "Point", "coordinates": [ 221326.769853568082908, 904296.972177104675211 ] } },
{ "type": "Feature", "properties": { "category": "public_institution" }, "geometry": { "type": "Point", "coordinates": [ 225965.692017397115706, 901290.382553814910352 ] } },
{ "type": "Feature", "properties": { "category": "public_institution" }, "geometry": { "type": "Point", "coordinates": [ 225624.190041528228903, 900376.627615866949782 ] } },
{ "type": "Feature", "properties": { "category": "public_institution" }, "geometry": { "type": "Point", "coordinates": [ 232422.048397857783129, 901940.800218941411003 ] } },
{ "type": "Feature", "properties": { "category": "public_institution" }, "geometry": { "type": "Point", "coordinates": [ 222299.012284539669054, 897435.082302446011454 ] } },
{ "type": "Feature", "properties": { "category": "public_institution" }, "geometry": { "type": "Point", "coordinates": [ 240361.581072271481389, 889630.667422224301845 ] } },
{ "type": "Feature", "properties": { "category": "public_institution" }, "geometry": { "type": "Point", "coordinates": [ 239224.116601771820569, 905242.317886303178966 ] } },
{ "type": "Feature", "properties": { "category": "public_institution" }, "geometry": { "type": "Point", "coordinates": [ 237771.148623960762052, 899550.568821324268356 ] } },
{ "type": "Feature", "properties": { "category": "public_institution" }, "geometry": { "type": "Point", "coordinates": [ 231260.285309850412887, 898237.316113685723394 ] } },
{ "type": "Feature", "properties": { "category": "public_institution" }, "geometry": { "type": "Point", "coordinates": [ 235938.875845136091812, 900959.760136800818145 ] } },
{ "type": "Feature", "properties": { "category": "public_institution" }, "geometry": { "type": "Point", "coordinates": [ 232660.511079391115345, 902242.260123196989298 ] } },
{ "type": "Feature", "properties": { "category": "public_institution" }, "geometry": { "type": "Point", "coordinates": [ 221228.018178422993515, 901879.177293679793365 ] } },
{ "type": "Feature", "properties": { "category": "public_institution" }, "geometry": { "type": "Point", "coordinates": [ 235918.118525648780633, 892423.033436313155107 ] } },
{ "type": "Feature", "properties": { "category": "public_institution" }, "geometry": { "type": "Point", "coordinates": [ 228259.254191978950985, 909025.860270868754014 ] } },
{ "type": "Feature", "properties": { "category": "public_institution" }, "geometry": { "type": "Point", "coordinates": [ 237540.504531731188763, 898502.868315119179897 ] } },
{ "type": "Feature", "properties": { "category": "public_institution" }, "geometry": { "type": "Point", "coordinates": [ 225341.026998351910152, 898157.946767114568502 ] } },
{ "type": "Feature", "properties": { "category": "public_institution" }, "geometry": { "type": "Point", "coordinates": [ 228245.431758928461932, 901636.075844052946195 ] } },
{ "type": "Feature", "properties": { "category": "public_institution" }, "geometry": { "type": "Point", "coordinates": [ 226218.152088905946584, 903372.58515390381217 ] } },
{ "type": "Feature", "properties": { "category": "public_institution" }, "geometry": { "type": "Point", "coordinates": [ 224001.895986711664591, 898585.779974044766277 ] } },
{ "type": "Feature", "properties": { "category": "public_institution" }, "geometry": { "type": "Point", "coordinates": [ 241442.999866663449211, 906566.692268570070155 ] } },
{ "type": "Feature", "properties": { "category": "public_institution" }, "geometry": { "type": "Point", "coordinates": [ 229583.226831223611953, 903347.962503014947288 ] } },
{ "type": "Feature", "properties": { "category": "public_institution" }, "geometry": { "type": "Point", "coordinates": [ 233654.400006612297148, 903127.247170907212421 ] } },
{ "type": "Feature", "properties": { "category": "public_institution" }, "geometry": { "type": "Point", "coordinates": [ 236096.199720931792399, 901462.195918918820098 ] } },
{ "type": "Feature", "properties": { "category": "public_institution" }, "geometry": { "type": "Point", "coordinates": [ 228792.186363250308204, 899937.918768698349595 ] } },
{ "type": "Feature", "properties": { "category": "public_institution" }, "geometry": { "type": "Point", "coordinates": [ 236053.506872703961562, 901081.08936908445321 ] } },
{ "type": "Feature", "properties": { "category": "public_institution" }, "geometry": { "type": "Point", "coordinates": [ 231254.969333493063459, 900247.905443393043242 ] } },
{ "type": "Feature", "properties": { "category": "public_institution" }, "geometry": { "type": "Point", "coordinates": [ 224128.105085607181536, 899894.25498384097591 ] } },
{ "type": "Feature", "properties": { "category": "public_institution" }, "geometry": { "type": "Point", "coordinates": [ 221692.524922877986683, 901899.812526697875001 ] } },
{ "type": "Feature", "properties": { "category": "public_institution" }, "geometry": { "type": "Point", "coordinates": [ 226098.720780538482359, 895011.476569267339073 ] } },
{ "type": "Feature", "properties": { "category": "public_institution" }, "geometry": { "type": "Point", "coordinates": [ 230857.291955076158047, 905586.457010902813636 ] } },
{ "type": "Feature", "properties": { "category": "public_institution" }, "geometry": { "type": "Point", "coordinates": [ 235644.656910462974338, 899016.285834214068018 ] } },
{ "type": "Feature", "properties": { "category": "public_institution" }, "geometry": { "type": "Point", "coordinates": [ 223066.421830432198476, 896439.09197932947427 ] } },
{ "type": "Feature", "properties": { "category": "public_institution" }, "geometry": { "type": "Point", "coordinates": [ 235046.783155596116558, 898293.385316961910576 ] } },
{ "type": "Feature", "properties": { "category": "public_institution" }, "geometry": { "type": "Point", "coordinates": [ 236781.521176414331421, 900339.527839615708217 ] } },
{ "type": "Feature", "properties": { "category": "public_institution" }, "geometry": { "type": "Point", "coordinates": [ 240993.648352356773103, 889192.681522697675973 ] } },
{ "type": "Feature", "properties": { "category": "public_institution" }, "geometry": { "type": "Point", "coordinates": [ 234252.19643215322867, 896270.19536529481411 ] } },
{ "type": "Feature", "properties": { "category": "public_institution" }, "geometry": { "type": "Point", "coordinates": [ 242444.833022793580312, 903143.093311265925877 ] } },
{ "type": "Feature", "properties": { "category": "public_institution" }, "geometry": { "type": "Point", "coordinates": [ 236675.14868732940522, 900514.475317859789357 ] } },
{ "type": "Feature", "properties": { "category": "public_institution" }, "geometry": { "type": "Point", "coordinates": [ 236003.950432245153934, 896520.873027138179168 ] } },
{ "type": "Feature", "properties": { "category": "public_institution" }, "geometry": { "type": "Point", "coordinates": [ 237723.373741610703291, 914666.937052658759058 ] } },
{ "type": "Feature", "properties": { "category": "public_institution" }, "geometry": { "type": "Point", "coordinates": [ 233064.904024085204583, 902423.876377072418109 ] } },
{ "type": "Feature", "properties": { "category": "public_institution" }, "geometry": { "type": "Point", "coordinates": [ 233124.58401734821382, 902169.232897528097965 ] } },
{ "type": "Feature", "properties": { "category": "public_institution" }, "geometry": { "type": "Point", "coordinates": [ 226892.602697963797254, 888462.117135094245896 ] } },
{ "type": "Feature", "properties": { "category": "public_institution" }, "geometry": { "type": "Point", "coordinates": [ 240368.641211854584981, 912865.813311489764601 ] } },
{ "type": "Feature", "properties": { "category": "public_institution" }, "geometry": { "type": "Point", "coordinates": [ 236726.088608607533388, 900541.400115288794041 ] } },
{ "type": "Feature", "properties": { "category": "public_institution" }, "geometry": { "type": "Point", "coordinates": [ 228670.617271182883997, 896714.29806468822062 ] } },
{ "type": "Feature", "properties": { "category": "public_institution" }, "geometry": { "type": "Point", "coordinates": [ 236655.057282971247332, 906524.95668850664515 ] } },
{ "type": "Feature", "properties": { "category": "public_institution" }, "geometry": { "type": "Point", "coordinates": [ 225901.125402954377932, 896477.62053491466213 ] } },
{ "type": "Feature", "properties": { "category": "public_institution" }, "geometry": { "type": "Point", "coordinates": [ 231900.183127936412347, 904072.781630470883101 ] } },
{ "type": "Feature", "properties": { "category": "public_institution" }, "geometry": { "type": "Point", "coordinates": [ 243305.405436820699833, 913945.492823168402538 ] } },
{ "type": "Feature", "properties": { "category": "public_institution" }, "geometry": { "type": "Point", "coordinates": [ 236166.367406156117795, 901401.574755544308573 ] } },
{ "type": "Feature", "properties": { "category": "public_institution" }, "geometry": { "type": "Point", "coordinates": [ 235272.766142732521985, 900131.630421979702078 ] } },
{ "type": "Feature", "properties": { "category": "public_institution" }, "geometry": { "type": "Point", "coordinates": [ 234797.379436218325282, 899728.713670149678364 ] } },
{ "type": "Feature", "properties": { "category": "public_institution" }, "geometry": { "type": "Point", "coordinates": [ 234548.736184243432945, 897660.111175501486287 ] } },
{ "type": "Feature", "properties": { "category": "public_institution" }, "geometry": { "type": "Point", "coordinates": [ 235877.939556239754893, 899582.747723571374081 ] } },
{ "type": "Feature", "properties": { "category": "public_institution" }, "geometry": { "type": "Point", "coordinates": [ 234147.81254863855429, 899819.832543020835146 ] } },
{ "type": "Feature", "properties": { "category": "public_institution" }, "geometry": { "type": "Point", "coordinates": [ 234538.099971743300557, 895344.989924679626711 ] } },
{ "type": "Feature", "properties": { "category": "public_institution" }, "geometry": { "type": "Point", "coordinates": [ 236072.593602987064514, 901214.481208725948818 ] } },
{ "type": "Feature", "properties": { "category": "public_institution" }, "geometry": { "type": "Point", "coordinates": [ 240071.527797361544799, 906490.527954555582255 ] } },
{ "type": "Feature", "properties": { "category": "public_institution" }, "geometry": { "type": "Point", "coordinates": [ 237289.130598549701972, 893220.365309785120189 ] } },
{ "type": "Feature", "properties": { "category": "public_institution" }, "geometry": { "type": "Point", "coordinates": [ 237277.531816684146179, 908929.558520039659925 ] } },
{ "type": "Feature", "properties": { "category": "public_institution" }, "geometry": { "type": "Point", "coordinates": [ 238423.002211444749264, 904898.874834783142433 ] } },
{ "type": "Feature", "properties": { "category": "public_institution" }, "geometry": { "type": "Point", "coordinates": [ 233797.834904917748645, 898868.982164510525763 ] } },
{ "type": "Feature", "properties": { "category": "public_institution" }, "geometry": { "type": "Point", "coordinates": [ 226535.601477340533165, 905122.371460949769244 ] } },
{ "type": "Feature", "properties": { "category": "public_institution" }, "geometry": { "type": "Point", "coordinates": [ 231252.046488621737808, 886557.412231249385513 ] } },
{ "type": "Feature", "properties": { "category": "public_institution" }, "geometry": { "type": "Point", "coordinates": [ 232898.987499068316538, 892761.600619096425362 ] } },
{ "type": "Feature", "properties": { "category": "public_institution" }, "geometry": { "type": "Point", "coordinates": [ 236136.978382436733227, 901029.311393872951157 ] } },
{ "type": "Feature", "properties": { "category": "public_institution" }, "geometry": { "type": "Point", "coordinates": [ 227103.628156513907015, 888376.288013638579287 ] } },
{ "type": "Feature", "properties": { "category": "public_institution" }, "geometry": { "type": "Point", "coordinates": [ 232329.780702084826771, 898773.658765216241591 ] } },
{ "type": "Feature", "properties": { "category": "public_institution" }, "geometry": { "type": "Point", "coordinates": [ 231121.792932395386742, 903212.208268001792021 ] } },
{ "type": "Feature", "properties": { "category": "public_institution" }, "geometry": { "type": "Point", "coordinates": [ 236339.42757721588714, 901022.246761470101774 ] } },
{ "type": "Feature", "properties": { "category": "public_institution" }, "geometry": { "type": "Point", "coordinates": [ 221849.814276476681698, 891965.736704658949748 ] } },
{ "type": "Feature", "properties": { "category": "public_institution" }, "geometry": { "type": "Point", "coordinates": [ 238979.928283638058929, 898068.724410542752594 ] } },
{ "type": "Feature", "properties": { "category": "public_institution" }, "geometry": { "type": "Point", "coordinates": [ 236200.414415955950972, 901300.779922875226475 ] } },
{ "type": "Feature", "properties": { "category": "public_institution" }, "geometry": { "type": "Point", "coordinates": [ 242444.833022793580312, 903143.093311265925877 ] } },
{ "type": "Feature", "properties": { "category": "public_institution" }, "geometry": { "type": "Point", "coordinates": [ 235962.851301729446277, 901345.657479844521731 ] } },
{ "type": "Feature", "properties": { "category": "public_institution" }, "geometry": { "type": "Point", "coordinates": [ 235938.875845136091812, 900959.760136800818145 ] } },
{ "type": "Feature", "properties": { "category": "public_institution" }, "geometry": { "type": "Point", "coordinates": [ 226350.417249226011336, 891143.865598587319255 ] } },
{ "type": "Feature", "properties": { "category": "public_institution" }, "geometry": { "type": "Point", "coordinates": [ 237318.072400216042297, 900489.757389680715278 ] } },
{ "type": "Feature", "properties": { "category": "public_institution" }, "geometry": { "type": "Point", "coordinates": [ 240237.018649624136742, 906700.637746930122375 ] } },
{ "type": "Feature", "properties": { "category": "public_institution" }, "geometry": { "type": "Point", "coordinates": [ 227747.215053854335565, 901745.057319405023009 ] } },
{ "type": "Feature", "properties": { "category": "public_institution" }, "geometry": { "type": "Point", "coordinates": [ 240144.372325524076587, 912864.081959234201349 ] } },
{ "type": "Feature", "properties": { "category": "public_institution" }, "geometry": { "type": "Point", "coordinates": [ 234542.828801534924423, 902180.728204265818931 ] } },
{ "type": "Feature", "properties": { "category": "public_institution" }, "geometry": { "type": "Point", "coordinates": [ 231260.285309850412887, 898237.316113685723394 ] } },
{ "type": "Feature", "properties": { "category": "public_institution" }, "geometry": { "type": "Point", "coordinates": [ 235591.606740713963518, 891551.313692865893245 ] } },
{ "type": "Feature", "properties": { "category": "public_institution" }, "geometry": { "type": "Point", "coordinates": [ 225742.81401722249575, 901977.355167195433751 ] } },
{ "type": "Feature", "properties": { "category": "public_institution" }, "geometry": { "type": "Point", "coordinates": [ 231203.896605512243696, 906604.472684467793442 ] } },
{ "type": "Feature", "properties": { "category": "public_institution" }, "geometry": { "type": "Point", "coordinates": [ 223951.062479252577759, 900757.941416518879123 ] } },
{ "type": "Feature", "properties": { "category": "public_institution" }, "geometry": { "type": "Point", "coordinates": [ 240552.893565604113974, 908647.690433776355349 ] } },
{ "type": "Feature", "properties": { "category": "public_institution" }, "geometry": { "type": "Point", "coordinates": [ 226627.651625678467099, 905187.034334881929681 ] } },
{ "type": "Feature", "properties": { "category": "public_institution" }, "geometry": { "type": "Point", "coordinates": [ 236500.247099109023111, 900719.059252479928546 ] } },
{ "type": "Feature", "properties": { "category": "public_institution" }, "geometry": { "type": "Point", "coordinates": [ 232422.048397857783129, 901940.800218941411003 ] } },
{ "type": "Feature", "properties": { "category": "public_institution" }, "geometry": { "type": "Point", "coordinates": [ 237174.724868182907812, 893847.343126953579485 ] } },
{ "type": "Feature", "properties": { "category": "public_institution" }, "geometry": { "type": "Point", "coordinates": [ 234810.103870313148946, 902265.911591156153008 ] } },
{ "type": "Feature", "properties": { "category": "public_institution" }, "geometry": { "type": "Point", "coordinates": [ 231260.285309850412887, 898237.316113685723394 ] } },
{ "type": "Feature", "properties": { "category": "public_institution" }, "geometry": { "type": "Point", "coordinates": [ 234397.988429140590597, 904576.316387956030667 ] } },
{ "type": "Feature", "properties": { "category": "public_institution" }, "geometry": { "type": "Point", "coordinates": [ 235933.30295340338489, 900277.378842573845759 ] } },
{ "type": "Feature", "properties": { "category": "public_institution" }, "geometry": { "type": "Point", "coordinates": [ 236387.93252404363011, 900453.000016276026145 ] } },
{ "type": "Feature", "properties": { "category": "public_institution" }, "geometry": { "type": "Point", "coordinates": [ 236400.817402335087536, 900669.446942423703149 ] } },
{ "type": "Feature", "properties": { "category": "public_institution" }, "geometry": { "type": "Point", "coordinates": [ 228469.969819885329343, 892642.536332388059236 ] } },
{ "type": "Feature", "properties": { "category": "public_institution" }, "geometry": { "type": "Point", "coordinates": [ 236799.060610937740421, 900766.159795301035047 ] } },
{ "type": "Feature", "properties": { "category": "public_institution" }, "geometry": { "type": "Point", "coordinates": [ 234204.463805034611141, 897778.391221566940658 ] } },
{ "type": "Feature", "properties": { "category": "public_institution" }, "geometry": { "type": "Point", "coordinates": [ 236951.512303880735999, 908036.306318848510273 ] } },
{ "type": "Feature", "properties": { "category": "public_institution" }, "geometry": { "type": "Point", "coordinates": [ 231260.285309850412887, 898237.316113685723394 ] } },
{ "type": "Feature", "properties": { "category": "public_institution" }, "geometry": { "type": "Point", "coordinates": [ 234136.149583481950685, 901626.79259348323103 ] } },
{ "type": "Feature", "properties": { "category": "public_institution" }, "geometry": { "type": "Point", "coordinates": [ 232422.048397857783129, 901940.800218941411003 ] } },
{ "type": "Feature", "properties": { "category": "public_institution" }, "geometry": { "type": "Point", "coordinates": [ 240069.475516073929612, 906402.985362876439467 ] } },
{ "type": "Feature", "properties": { "category": "public_institution" }, "geometry": { "type": "Point", "coordinates": [ 232899.727979977964424, 903521.333085141261108 ] } },
{ "type": "Feature", "properties": { "category": "public_institution" }, "geometry": { "type": "Point", "coordinates": [ 235375.061446172068827, 901169.835910966969095 ] } },
{ "type": "Feature", "properties": { "category": "public_institution" }, "geometry": { "type": "Point", "coordinates": [ 234650.925217014562804, 897662.835667529376224 ] } },
{ "type": "Feature", "properties": { "category": "public_institution" }, "geometry": { "type": "Point", "coordinates": [ 237756.584370112803299, 904374.965538414893672 ] } },
{ "type": "Feature", "properties": { "category": "public_institution" }, "geometry": { "type": "Point", "coordinates": [ 221696.636055583425332, 893195.979164283839054 ] } },
{ "type": "Feature", "properties": { "category": "public_institution" }, "geometry": { "type": "Point", "coordinates": [ 236464.926855978963431, 901174.963048377074301 ] } },
{ "type": "Feature", "properties": { "category": "public_institution" }, "geometry": { "type": "Point", "coordinates": [ 239515.589002655004151, 909816.671628597774543 ] } },
{ "type": "Feature", "properties": { "category": "public_institution" }, "geometry": { "type": "Point", "coordinates": [ 236452.267914456198923, 901391.944351686863229 ] } },
{ "type": "Feature", "properties": { "category": "public_institution" }, "geometry": { "type": "Point", "coordinates": [ 236631.856629768008133, 900853.704410614445806 ] } },
{ "type": "Feature", "properties": { "category": "public_institution" }, "geometry": { "type": "Point", "coordinates": [ 236116.458492559089791, 900565.787816113210283 ] } },
{ "type": "Feature", "properties": { "category": "public_institution" }, "geometry": { "type": "Point", "coordinates": [ 235704.463939476147061, 900204.122823690762743 ] } },
{ "type": "Feature", "properties": { "category": "public_institution" }, "geometry": { "type": "Point", "coordinates": [ 233975.664395256375428, 895663.484370958525687 ] } },
{ "type": "Feature", "properties": { "category": "public_institution" }, "geometry": { "type": "Point", "coordinates": [ 236290.193026296328753, 901829.864882553229108 ] } },
{ "type": "Feature", "properties": { "category": "public_institution" }, "geometry": { "type": "Point", "coordinates": [ 234188.744267259578919, 901432.439363662619144 ] } },
{ "type": "Feature", "properties": { "category": "public_institution" }, "geometry": { "type": "Point", "coordinates": [ 228405.196925855590962, 892730.801986893522553 ] } },
{ "type": "Feature", "properties": { "category": "public_institution" }, "geometry": { "type": "Point", "coordinates": [ 238088.091239452303853, 905044.119423560681753 ] } },
{ "type": "Feature", "properties": { "category": "public_institution" }, "geometry": { "type": "Point", "coordinates": [ 235063.673755611700471, 899879.992314856965095 ] } },
{ "type": "Feature", "properties": { "category": "public_institution" }, "geometry": { "type": "Point", "coordinates": [ 235821.768131280259695, 891971.461253760382533 ] } },
{ "type": "Feature", "properties": { "category": "public_institution" }, "geometry": { "type": "Point", "coordinates": [ 235938.875845136091812, 900959.760136800818145 ] } },
{ "type": "Feature", "properties": { "category": "public_institution" }, "geometry": { "type": "Point", "coordinates": [ 231746.932114527386148, 902525.09843971778173 ] } },
{ "type": "Feature", "properties": { "category": "public_institution" }, "geometry": { "type": "Point", "coordinates": [ 226458.960013850621181, 902299.475406776997261 ] } },
{ "type": "Feature", "properties": { "category": "public_institution" }, "geometry": { "type": "Point", "coordinates": [ 236464.926855978963431, 901174.963048377074301 ] } },
{ "type": "Feature", "properties": { "category": "public_institution" }, "geometry": { "type": "Point", "coordinates": [ 240071.527797361544799, 906490.527954555582255 ] } },
{ "type": "Feature", "properties": { "category": "public_institution" }, "geometry": { "type": "Point", "coordinates": [ 238423.002211444749264, 904898.874834783142433 ] } },
{ "type": "Feature", "properties": { "category": "public_institution" }, "geometry": { "type": "Point", "coordinates": [ 229133.320495552179636, 901144.627647649729624 ] } },
{ "type": "Feature", "properties": { "category": "public_institution" }, "geometry": { "type": "Point", "coordinates": [ 223260.887404690933181, 894194.995058494387195 ] } },
{ "type": "Feature", "properties": { "category": "public_institution" }, "geometry": { "type": "Point", "coordinates": [ 235704.463939476147061, 900204.122823690762743 ] } },
{ "type": "Feature", "properties": { "category": "public_institution" }, "geometry": { "type": "Point", "coordinates": [ 241474.618321355897933, 888682.549474696163088 ] } },
{ "type": "Feature", "properties": { "category": "public_institution" }, "geometry": { "type": "Point", "coordinates": [ 227205.02196820237441, 902833.943809351767413 ] } },
{ "type": "Feature", "properties": { "category": "public_institution" }, "geometry": { "type": "Point", "coordinates": [ 223200.393886006262619, 889156.637568726553582 ] } },
{ "type": "Feature", "properties": { "category": "public_institution" }, "geometry": { "type": "Point", "coordinates": [ 231245.792733785492601, 899235.614822547417134 ] } },
{ "type": "Feature", "properties": { "category": "public_institution" }, "geometry": { "type": "Point", "coordinates": [ 237174.431082088703988, 896991.045269655645825 ] } },
{ "type": "Feature", "properties": { "category": "public_institution" }, "geometry": { "type": "Point", "coordinates": [ 234373.138054354290944, 897853.857931250007823 ] } },
{ "type": "Feature", "properties": { "category": "public_institution" }, "geometry": { "type": "Point", "coordinates": [ 232422.048397857783129, 901940.800218941411003 ] } },
{ "type": "Feature", "properties": { "category": "public_institution" }, "geometry": { "type": "Point", "coordinates": [ 232481.213381046429276, 901918.080324811977334 ] } },
{ "type": "Feature", "properties": { "category": "public_institution" }, "geometry": { "type": "Point", "coordinates": [ 228277.945328389148926, 907306.872057893662713 ] } },
{ "type": "Feature", "properties": { "category": "public_institution" }, "geometry": { "type": "Point", "coordinates": [ 231732.166964098723838, 903241.042449961532839 ] } },
{ "type": "Feature", "properties": { "category": "public_institution" }, "geometry": { "type": "Point", "coordinates": [ 233569.477951998007484, 903250.360121574136429 ] } },
{ "type": "Feature", "properties": { "category": "public_institution" }, "geometry": { "type": "Point", "coordinates": [ 236200.414415955950972, 901300.779922875226475 ] } },
{ "type": "Feature", "properties": { "category": "public_institution" }, "geometry": { "type": "Point", "coordinates": [ 236274.933294107962865, 900477.519451306550764 ] } },
{ "type": "Feature", "properties": { "category": "public_institution" }, "geometry": { "type": "Point", "coordinates": [ 233265.100437612185488, 904117.879952760064043 ] } },
{ "type": "Feature", "properties": { "category": "public_institution" }, "geometry": { "type": "Point", "coordinates": [ 240368.641211854584981, 912865.813311489764601 ] } },
{ "type": "Feature", "properties": { "category": "public_institution" }, "geometry": { "type": "Point", "coordinates": [ 229179.51653579151025, 900038.153102812357247 ] } },
{ "type": "Feature", "properties": { "category": "public_institution" }, "geometry": { "type": "Point", "coordinates": [ 235778.582169500092277, 901246.412510318099521 ] } },
{ "type": "Feature", "properties": { "category": "public_institution" }, "geometry": { "type": "Point", "coordinates": [ 239437.636046830768464, 914885.090401539695449 ] } },
{ "type": "Feature", "properties": { "category": "public_institution" }, "geometry": { "type": "Point", "coordinates": [ 231416.456151500344276, 902918.940242286305875 ] } },
{ "type": "Feature", "properties": { "category": "public_institution" }, "geometry": { "type": "Point", "coordinates": [ 233526.051383918209467, 901046.24891418335028 ] } },
{ "type": "Feature", "properties": { "category": "public_institution" }, "geometry": { "type": "Point", "coordinates": [ 240896.021170944877667, 889179.228765213629231 ] } },
{ "type": "Feature", "properties": { "category": "public_institution" }, "geometry": { "type": "Point", "coordinates": [ 236655.057282971247332, 906524.95668850664515 ] } },
{ "type": "Feature", "properties": { "category": "public_institution" }, "geometry": { "type": "Point", "coordinates": [ 235753.180663219885901, 912017.883542510913685 ] } },
{ "type": "Feature", "properties": { "category": "public_institution" }, "geometry": { "type": "Point", "coordinates": [ 234894.857548727595713, 889107.930993001442403 ] } },
{ "type": "Feature", "properties": { "category": "public_institution" }, "geometry": { "type": "Point", "coordinates": [ 221450.223720026726369, 902941.198514054063708 ] } },
{ "type": "Feature", "properties": { "category": "public_institution" }, "geometry": { "type": "Point", "coordinates": [ 236253.552422949345782, 900805.089612004463561 ] } },
{ "type": "Feature", "properties": { "category": "public_institution" }, "geometry": { "type": "Point", "coordinates": [ 235360.727504513575695, 908642.828613451332785 ] } },
{ "type": "Feature", "properties": { "category": "public_institution" }, "geometry": { "type": "Point", "coordinates": [ 236381.324327620968688, 900885.948435151483864 ] } },
{ "type": "Feature", "properties": { "category": "public_institution" }, "geometry": { "type": "Point", "coordinates": [ 231260.285309850412887, 898237.316113685723394 ] } },
{ "type": "Feature", "properties": { "category": "public_institution" }, "geometry": { "type": "Point", "coordinates": [ 224746.836379420856247, 901732.737969680456445 ] } },
{ "type": "Feature", "properties": { "category": "public_institution" }, "geometry": { "type": "Point", "coordinates": [ 236621.675427681504516, 898127.132937270682305 ] } },
{ "type": "Feature", "properties": { "category": "public_institution" }, "geometry": { "type": "Point", "coordinates": [ 236052.824730660009664, 901069.533734648488462 ] } },
{ "type": "Feature", "properties": { "category": "public_institution" }, "geometry": { "type": "Point", "coordinates": [ 235704.463939476147061, 900204.122823690762743 ] } },
{ "type": "Feature", "properties": { "category": "public_institution" }, "geometry": { "type": "Point", "coordinates": [ 235938.875845136091812, 900959.760136800818145 ] } },
{ "type": "Feature", "properties": { "category": "public_institution" }, "geometry": { "type": "Point", "coordinates": [ 240917.204023379279533, 911498.470700683072209 ] } },
{ "type": "Feature", "properties": { "category": "public_institution" }, "geometry": { "type": "Point", "coordinates": [ 234579.946012327593053, 894094.915848814765923 ] } },
{ "type": "Feature", "properties": { "category": "public_institution" }, "geometry": { "type": "Point", "coordinates": [ 236200.414415955950972, 901300.779922875226475 ] } },
{ "type": "Feature", "properties": { "category": "public_institution" }, "geometry": { "type": "Point", "coordinates": [ 236216.184350345516577, 900686.487606751383282 ] } },
{ "type": "Feature", "properties": { "category": "public_institution" }, "geometry": { "type": "Point", "coordinates": [ 232079.041971266124165, 902683.449605880654417 ] } },
{ "type": "Feature", "properties": { "category": "public_institution" }, "geometry": { "type": "Point", "coordinates": [ 238240.310883145517437, 898342.689722595503554 ] } },
{ "type": "Feature", "properties": { "category": "public_institution" }, "geometry": { "type": "Point", "coordinates": [ 231339.047597216558643, 898298.537144603091292 ] } },
{ "type": "Feature", "properties": { "category": "public_institution" }, "geometry": { "type": "Point", "coordinates": [ 233159.198790815280518, 902461.643123469781131 ] } },
{ "type": "Feature", "properties": { "category": "public_institution" }, "geometry": { "type": "Point", "coordinates": [ 233158.166607917053625, 896515.207558783120476 ] } },
{ "type": "Feature", "properties": { "category": "public_institution" }, "geometry": { "type": "Point", "coordinates": [ 234845.168019408418331, 889076.916873831418343 ] } },
{ "type": "Feature", "properties": { "category": "public_institution" }, "geometry": { "type": "Point", "coordinates": [ 235347.105603981937747, 899914.402283090515994 ] } },
{ "type": "Feature", "properties": { "category": "public_institution" }, "geometry": { "type": "Point", "coordinates": [ 227103.628156513907015, 888376.288013638579287 ] } },
{ "type": "Feature", "properties": { "category": "public_institution" }, "geometry": { "type": "Point", "coordinates": [ 236488.79895735665923, 900861.179875898291357 ] } },
{ "type": "Feature", "properties": { "category": "public_institution" }, "geometry": { "type": "Point", "coordinates": [ 238032.310807771777036, 898370.885795875103213 ] } },
{ "type": "Feature", "properties": { "category": "public_institution" }, "geometry": { "type": "Point", "coordinates": [ 234677.813234310684493, 889378.438281930051744 ] } },
{ "type": "Feature", "properties": { "category": "public_institution" }, "geometry": { "type": "Point", "coordinates": [ 224001.895986711664591, 898585.779974044766277 ] } },
{ "type": "Feature", "properties": { "category": "public_institution" }, "geometry": { "type": "Point", "coordinates": [ 226885.140205347590381, 888406.440070519573055 ] } },
{ "type": "Feature", "properties": { "category": "public_institution" }, "geometry": { "type": "Point", "coordinates": [ 235167.139993619231973, 903521.544483984820545 ] } },
{ "type": "Feature", "properties": { "category": "public_institution" }, "geometry": { "type": "Point", "coordinates": [ 235096.96756735080271, 898211.99372547538951 ] } },
{ "type": "Feature", "properties": { "category": "public_institution" }, "geometry": { "type": "Point", "coordinates": [ 234088.875127815932501, 901947.579133164603263 ] } },
{ "type": "Feature", "properties": { "category": "public_institution" }, "geometry": { "type": "Point", "coordinates": [ 240071.527797361544799, 906490.527954555582255 ] } },
{ "type": "Feature", "properties": { "category": "public_institution" }, "geometry": { "type": "Point", "coordinates": [ 227363.323570919543272, 900146.145112951518968 ] } },
{ "type": "Feature", "properties": { "category": "public_institution" }, "geometry": { "type": "Point", "coordinates": [ 236052.824730660009664, 901069.533734648488462 ] } },
{ "type": "Feature", "properties": { "category": "public_institution" }, "geometry": { "type": "Point", "coordinates": [ 235362.517196327506099, 899733.533942980342545 ] } },
{ "type": "Feature", "properties": { "category": "public_institution" }, "geometry": { "type": "Point", "coordinates": [ 232443.365631174528971, 907594.475774412276223 ] } },
{ "type": "Feature", "properties": { "category": "public_institution" }, "geometry": { "type": "Point", "coordinates": [ 221060.89571734063793, 903497.519718157942407 ] } },
{ "type": "Feature", "properties": { "category": "public_institution" }, "geometry": { "type": "Point", "coordinates": [ 228568.034669316373765, 899704.519012222648598 ] } },
{ "type": "Feature", "properties": { "category": "public_institution" }, "geometry": { "type": "Point", "coordinates": [ 235557.500451408763183, 905048.734199460828677 ] } },
{ "type": "Feature", "properties": { "category": "public_institution" }, "geometry": { "type": "Point", "coordinates": [ 231196.283139140577987, 898304.011358835734427 ] } },
{ "type": "Feature", "properties": { "category": "public_institution" }, "geometry": { "type": "Point", "coordinates": [ 236052.824730660009664, 901069.533734648488462 ] } },
{ "type": "Feature", "properties": { "category": "public_institution" }, "geometry": { "type": "Point", "coordinates": [ 232899.727979977964424, 903521.333085141261108 ] } },
{ "type": "Feature", "properties": { "category": "public_institution" }, "geometry": { "type": "Point", "coordinates": [ 240070.463168501562905, 904613.943383582285605 ] } },
{ "type": "Feature", "properties": { "category": "public_institution" }, "geometry": { "type": "Point", "coordinates": [ 233877.345064838125836, 898922.904322092421353 ] } },
{ "type": "Feature", "properties": { "category": "public_institution" }, "geometry": { "type": "Point", "coordinates": [ 236541.255405546689872, 901071.390321751357988 ] } },
{ "type": "Feature", "properties": { "category": "public_institution" }, "geometry": { "type": "Point", "coordinates": [ 235161.466613273369148, 898762.038973895134404 ] } },
{ "type": "Feature", "properties": { "category": "public_institution" }, "geometry": { "type": "Point", "coordinates": [ 236200.414415955950972, 901300.779922875226475 ] } },
{ "type": "Feature", "properties": { "category": "public_institution" }, "geometry": { "type": "Point", "coordinates": [ 230718.233520499372389, 907300.130468809045851 ] } },
{ "type": "Feature", "properties": { "category": "public_institution" }, "geometry": { "type": "Point", "coordinates": [ 236197.836705973080825, 901305.431930520571768 ] } },
{ "type": "Feature", "properties": { "category": "public_institution" }, "geometry": { "type": "Point", "coordinates": [ 235974.33857010040083, 900871.85661180363968 ] } },
{ "type": "Feature", "properties": { "category": "public_institution" }, "geometry": { "type": "Point", "coordinates": [ 240917.204023379279533, 911498.470700683072209 ] } },
{ "type": "Feature", "properties": { "category": "public_institution" }, "geometry": { "type": "Point", "coordinates": [ 238223.099726470827591, 899416.1641108635813 ] } },
{ "type": "Feature", "properties": { "category": "public_institution" }, "geometry": { "type": "Point", "coordinates": [ 230637.450730358512374, 901136.251672896905802 ] } },
{ "type": "Feature", "properties": { "category": "public_institution" }, "geometry": { "type": "Point", "coordinates": [ 241385.65011860395316, 888374.345080133527517 ] } },
{ "type": "Feature", "properties": { "category": "public_institution" }, "geometry": { "type": "Point", "coordinates": [ 236200.414415955950972, 901300.779922875226475 ] } },
{ "type": "Feature", "properties": { "category": "public_institution" }, "geometry": { "type": "Point", "coordinates": [ 222102.15023899555672, 901874.541685140458867 ] } },
{ "type": "Feature", "properties": { "category": "public_institution" }, "geometry": { "type": "Point", "coordinates": [ 227192.827703461400233, 892159.524849700857885 ] } },
{ "type": "Feature", "properties": { "category": "public_institution" }, "geometry": { "type": "Point", "coordinates": [ 232044.500588403956499, 904657.934507486759685 ] } },
{ "type": "Feature", "properties": { "category": "public_institution" }, "geometry": { "type": "Point", "coordinates": [ 236737.494082055112813, 900723.627935040276498 ] } },
{ "type": "Feature", "properties": { "category": "public_institution" }, "geometry": { "type": "Point", "coordinates": [ 232587.725897467054892, 902768.988542819628492 ] } },
{ "type": "Feature", "properties": { "category": "public_institution" }, "geometry": { "type": "Point", "coordinates": [ 234946.209903136477806, 900122.112426794948988 ] } },
{ "type": "Feature", "properties": { "category": "public_institution" }, "geometry": { "type": "Point", "coordinates": [ 234797.379436218325282, 899728.713670149678364 ] } },
{ "type": "Feature", "properties": { "category": "public_institution" }, "geometry": { "type": "Point", "coordinates": [ 236136.978382436733227, 901029.311393872951157 ] } },
{ "type": "Feature", "properties": { "category": "public_institution" }, "geometry": { "type": "Point", "coordinates": [ 222299.012284539669054, 897435.082302446011454 ] } },
{ "type": "Feature", "properties": { "category": "public_institution" }, "geometry": { "type": "Point", "coordinates": [ 231174.432157609728165, 905472.335751879727468 ] } },
{ "type": "Feature", "properties": { "category": "public_institution" }, "geometry": { "type": "Point", "coordinates": [ 235193.197765942662954, 900308.067610782454722 ] } },
{ "type": "Feature", "properties": { "category": "public_institution" }, "geometry": { "type": "Point", "coordinates": [ 231078.105201853089966, 898284.715829169377685 ] } },
{ "type": "Feature", "properties": { "category": "public_institution" }, "geometry": { "type": "Point", "coordinates": [ 224001.895986711664591, 898585.779974044766277 ] } },
{ "type": "Feature", "properties": { "category": "public_institution" }, "geometry": { "type": "Point", "coordinates": [ 224016.877835681167198, 896515.806826246087439 ] } },
{ "type": "Feature", "properties": { "category": "public_institution" }, "geometry": { "type": "Point", "coordinates": [ 234715.551880391984014, 899947.021255002124235 ] } },
{ "type": "Feature", "properties": { "category": "public_institution" }, "geometry": { "type": "Point", "coordinates": [ 231551.040760743431747, 892136.39924254314974 ] } },
{ "type": "Feature", "properties": { "category": "public_institution" }, "geometry": { "type": "Point", "coordinates": [ 228606.981114116410026, 899731.447081858990714 ] } },
{ "type": "Feature", "properties": { "category": "public_institution" }, "geometry": { "type": "Point", "coordinates": [ 230637.450730358512374, 901136.251672896905802 ] } },
{ "type": "Feature", "properties": { "category": "public_institution" }, "geometry": { "type": "Point", "coordinates": [ 235908.305317959137028, 900316.128377425950021 ] } },
{ "type": "Feature", "properties": { "category": "public_institution" }, "geometry": { "type": "Point", "coordinates": [ 233861.70561033062404, 899876.98618679237552 ] } },
{ "type": "Feature", "properties": { "category": "public_institution" }, "geometry": { "type": "Point", "coordinates": [ 231416.456151500344276, 902918.940242286305875 ] } },
{ "type": "Feature", "properties": { "category": "public_institution" }, "geometry": { "type": "Point", "coordinates": [ 227933.602036449301522, 907298.939832139527425 ] } },
{ "type": "Feature", "properties": { "category": "public_institution" }, "geometry": { "type": "Point", "coordinates": [ 236053.506872703961562, 901081.08936908445321 ] } },
{ "type": "Feature", "properties": { "category": "public_institution" }, "geometry": { "type": "Point", "coordinates": [ 235363.234890707099112, 898575.441074546892196 ] } },
{ "type": "Feature", "properties": { "category": "public_institution" }, "geometry": { "type": "Point", "coordinates": [ 234023.769015582627617, 904470.856937074451707 ] } },
{ "type": "Feature", "properties": { "category": "public_institution" }, "geometry": { "type": "Point", "coordinates": [ 235938.875845136091812, 900959.760136800818145 ] } },
{ "type": "Feature", "properties": { "category": "public_institution" }, "geometry": { "type": "Point", "coordinates": [ 238423.002211444749264, 904898.874834783142433 ] } },
{ "type": "Feature", "properties": { "category": "public_institution" }, "geometry": { "type": "Point", "coordinates": [ 236072.673699700069847, 901214.925932917743921 ] } },
{ "type": "Feature", "properties": { "category": "public_institution" }, "geometry": { "type": "Point", "coordinates": [ 224001.895986711664591, 898585.779974044766277 ] } },
{ "type": "Feature", "properties": { "category": "public_institution" }, "geometry": { "type": "Point", "coordinates": [ 233961.470275132509414, 897918.94781628693454 ] } },
{ "type": "Feature", "properties": { "category": "public_institution" }, "geometry": { "type": "Point", "coordinates": [ 238423.002211444749264, 904898.874834783142433 ] } },
{ "type": "Feature", "properties": { "category": "public_institution" }, "geometry": { "type": "Point", "coordinates": [ 238125.601095196587266, 902638.351477129384875 ] } },
{ "type": "Feature", "properties": { "category": "public_institution" }, "geometry": { "type": "Point", "coordinates": [ 238825.602752550359583, 913026.057870491174981 ] } },
{ "type": "Feature", "properties": { "category": "public_institution" }, "geometry": { "type": "Point", "coordinates": [ 235988.433914676279528, 901722.788260688772425 ] } },
{ "type": "Feature", "properties": { "category": "public_institution" }, "geometry": { "type": "Point", "coordinates": [ 236366.954523330525262, 900860.881456209812313 ] } },
{ "type": "Feature", "properties": { "category": "public_institution" }, "geometry": { "type": "Point", "coordinates": [ 240165.914208536734805, 912850.764423601096496 ] } },
{ "type": "Feature", "properties": { "category": "public_institution" }, "geometry": { "type": "Point", "coordinates": [ 236050.265496494190302, 900910.012314334628172 ] } },
{ "type": "Feature", "properties": { "category": "public_institution" }, "geometry": { "type": "Point", "coordinates": [ 221820.899103135685436, 893043.856715541216545 ] } },
{ "type": "Feature", "properties": { "category": "public_institution" }, "geometry": { "type": "Point", "coordinates": [ 227705.711745379725471, 899861.351267100777477 ] } },
{ "type": "Feature", "properties": { "category": "public_institution" }, "geometry": { "type": "Point", "coordinates": [ 226810.188110200047959, 888778.921883427072316 ] } },
{ "type": "Feature", "properties": { "category": "public_institution" }, "geometry": { "type": "Point", "coordinates": [ 225829.15866124042077, 900604.642322454368696 ] } },
{ "type": "Feature", "properties": { "category": "public_institution" }, "geometry": { "type": "Point", "coordinates": [ 226873.49955627071904, 902086.557585961418226 ] } },
{ "type": "Feature", "properties": { "category": "public_institution" }, "geometry": { "type": "Point", "coordinates": [ 231254.969333493063459, 900247.905443393043242 ] } },
{ "type": "Feature", "properties": { "category": "public_institution" }, "geometry": { "type": "Point", "coordinates": [ 226900.37646875003702, 888673.855777020915411 ] } },
{ "type": "Feature", "properties": { "category": "public_institution" }, "geometry": { "type": "Point", "coordinates": [ 243988.755244138650596, 912685.74481013964396 ] } },
{ "type": "Feature", "properties": { "category": "public_institution" }, "geometry": { "type": "Point", "coordinates": [ 234090.217946942313574, 897729.850871930015273 ] } },
{ "type": "Feature", "properties": { "category": "public_institution" }, "geometry": { "type": "Point", "coordinates": [ 226033.148563997790916, 900870.870185433188453 ] } },
{ "type": "Feature", "properties": { "category": "public_institution" }, "geometry": { "type": "Point", "coordinates": [ 232985.284755489381496, 897537.74769539036788 ] } },
{ "type": "Feature", "properties": { "category": "public_institution" }, "geometry": { "type": "Point", "coordinates": [ 240071.527797361544799, 906490.527954555582255 ] } },
{ "type": "Feature", "properties": { "category": "public_institution" }, "geometry": { "type": "Point", "coordinates": [ 236167.57724235142814, 900382.216490390943363 ] } },
{ "type": "Feature", "properties": { "category": "public_institution" }, "geometry": { "type": "Point", "coordinates": [ 225742.81401722249575, 901977.355167195433751 ] } },
{ "type": "Feature", "properties": { "category": "public_institution" }, "geometry": { "type": "Point", "coordinates": [ 231480.835872658499284, 902557.00228911510203 ] } },
{ "type": "Feature", "properties": { "category": "public_institution" }, "geometry": { "type": "Point", "coordinates": [ 240104.681630611128639, 904028.861878009978682 ] } },
{ "type": "Feature", "properties": { "category": "public_institution" }, "geometry": { "type": "Point", "coordinates": [ 229628.358265939546982, 904167.577762639382854 ] } },
{ "type": "Feature", "properties": { "category": "public_institution" }, "geometry": { "type": "Point", "coordinates": [ 235221.247422205022303, 897011.424417475122027 ] } },
{ "type": "Feature", "properties": { "category": "public_institution" }, "geometry": { "type": "Point", "coordinates": [ 240905.82636967979488, 889053.991845959913917 ] } },
{ "type": "Feature", "properties": { "category": "public_institution" }, "geometry": { "type": "Point", "coordinates": [ 232688.748407119739568, 901767.421204885002226 ] } },
{ "type": "Feature", "properties": { "category": "public_institution" }, "geometry": { "type": "Point", "coordinates": [ 236166.367406156117795, 901401.574755544308573 ] } },
{ "type": "Feature", "properties": { "category": "public_institution" }, "geometry": { "type": "Point", "coordinates": [ 242978.376002809236525, 890151.780770641751587 ] } },
{ "type": "Feature", "properties": { "category": "public_institution" }, "geometry": { "type": "Point", "coordinates": [ 225393.614697399287252, 896718.360428435960785 ] } },
{ "type": "Feature", "properties": { "category": "public_institution" }, "geometry": { "type": "Point", "coordinates": [ 236136.978382436733227, 901029.311393872951157 ] } },
{ "type": "Feature", "properties": { "category": "public_institution" }, "geometry": { "type": "Point", "coordinates": [ 230614.813550660095643, 904760.63593323668465 ] } },
{ "type": "Feature", "properties": { "category": "public_institution" }, "geometry": { "type": "Point", "coordinates": [ 222944.690729074092815, 891198.4701694319956 ] } },
{ "type": "Feature", "properties": { "category": "public_institution" }, "geometry": { "type": "Point", "coordinates": [ 231339.047597216558643, 898298.537144603091292 ] } },
{ "type": "Feature", "properties": { "category": "public_institution" }, "geometry": { "type": "Point", "coordinates": [ 235333.795409154554363, 893805.197995680267923 ] } },
{ "type": "Feature", "properties": { "category": "public_institution" }, "geometry": { "type": "Point", "coordinates": [ 231147.597193076566327, 889640.174245818285272 ] } },
{ "type": "Feature", "properties": { "category": "public_institution" }, "geometry": { "type": "Point", "coordinates": [ 238076.352958610164933, 902850.133726912201382 ] } },
{ "type": "Feature", "properties": { "category": "public_institution" }, "geometry": { "type": "Point", "coordinates": [ 236446.713348378892988, 900938.160815313225612 ] } },
{ "type": "Feature", "properties": { "category": "public_institution" }, "geometry": { "type": "Point", "coordinates": [ 235001.215353993495228, 907251.419185362290591 ] } },
{ "type": "Feature", "properties": { "category": "public_institution" }, "geometry": { "type": "Point", "coordinates": [ 224074.000979916017968, 898418.300512239220552 ] } },
{ "type": "Feature", "properties": { "category": "public_institution" }, "geometry": { "type": "Point", "coordinates": [ 222250.83354238542961, 902965.460051228990778 ] } },
{ "type": "Feature", "properties": { "category": "public_institution" }, "geometry": { "type": "Point", "coordinates": [ 239449.08716283692047, 888664.352799153188244 ] } },
{ "type": "Feature", "properties": { "category": "public_institution" }, "geometry": { "type": "Point", "coordinates": [ 240368.641211854584981, 912865.813311489764601 ] } },
{ "type": "Feature", "properties": { "category": "public_institution" }, "geometry": { "type": "Point", "coordinates": [ 227216.188638321647886, 898354.454026760067791 ] } },
{ "type": "Feature", "properties": { "category": "public_institution" }, "geometry": { "type": "Point", "coordinates": [ 235788.079615037655458, 895122.643725295318291 ] } },
{ "type": "Feature", "properties": { "category": "public_institution" }, "geometry": { "type": "Point", "coordinates": [ 239515.589002655004151, 909816.671628597774543 ] } },
{ "type": "Feature", "properties": { "category": "public_institution" }, "geometry": { "type": "Point", "coordinates": [ 226517.048067174677271, 905238.933799036080018 ] } },
{ "type": "Feature", "properties": { "category": "public_institution" }, "geometry": { "type": "Point", "coordinates": [ 235988.433914676279528, 901722.788260688772425 ] } },
{ "type": "Feature", "properties": { "category": "public_institution" }, "geometry": { "type": "Point", "coordinates": [ 226749.68638006033143, 888803.572507706587203 ] } },
{ "type": "Feature", "properties": { "category": "public_institution" }, "geometry": { "type": "Point", "coordinates": [ 236541.255405546689872, 901071.390321751357988 ] } },
{ "type": "Feature", "properties": { "category": "public_institution" }, "geometry": { "type": "Point", "coordinates": [ 237874.072311244264711, 899136.468609068659134 ] } },
{ "type": "Feature", "properties": { "category": "public_institution" }, "geometry": { "type": "Point", "coordinates": [ 238227.83686103799846, 892387.441776377498172 ] } },
{ "type": "Feature", "properties": { "category": "public_institution" }, "geometry": { "type": "Point", "coordinates": [ 237565.579640265495982, 892989.241681807558052 ] } },
{ "type": "Feature", "properties": { "category": "public_institution" }, "geometry": { "type": "Point", "coordinates": [ 228277.945328389148926, 907306.872057893662713 ] } },
{ "type": "Feature", "properties": { "category": "public_institution" }, "geometry": { "type": "Point", "coordinates": [ 232130.846269876230508, 902143.512968650087714 ] } },
{ "type": "Feature", "properties": { "category": "public_institution" }, "geometry": { "type": "Point", "coordinates": [ 233086.272961437352933, 899826.862266005366109 ] } },
{ "type": "Feature", "properties": { "category": "public_institution" }, "geometry": { "type": "Point", "coordinates": [ 236657.585284716973547, 901038.450611648382619 ] } },
{ "type": "Feature", "properties": { "category": "public_institution" }, "geometry": { "type": "Point", "coordinates": [ 235001.215353993495228, 907251.419185362290591 ] } },
{ "type": "Feature", "properties": { "category": "public_institution" }, "geometry": { "type": "Point", "coordinates": [ 225324.055408854561392, 904327.686846385593526 ] } },
{ "type": "Feature", "properties": { "category": "public_institution" }, "geometry": { "type": "Point", "coordinates": [ 240917.204023379279533, 911498.470700683072209 ] } },
{ "type": "Feature", "properties": { "category": "public_institution" }, "geometry": { "type": "Point", "coordinates": [ 221635.71944161792635, 892032.831060183467343 ] } },
{ "type": "Feature", "properties": { "category": "public_institution" }, "geometry": { "type": "Point", "coordinates": [ 235651.862155755719868, 911658.354952486464754 ] } },
{ "type": "Feature", "properties": { "category": "public_institution" }, "geometry": { "type": "Point", "coordinates": [ 236200.414415955950972, 901300.779922875226475 ] } },
{ "type": "Feature", "properties": { "category": "public_institution" }, "geometry": { "type": "Point", "coordinates": [ 236023.650947421119781, 900637.73436415346805 ] } },
{ "type": "Feature", "properties": { "category": "public_institution" }, "geometry": { "type": "Point", "coordinates": [ 245128.663845931645483, 912843.501293244538829 ] } },
{ "type": "Feature", "properties": { "category": "public_institution" }, "geometry": { "type": "Point", "coordinates": [ 226955.244667009217665, 888482.905601418460719 ] } },
{ "type": "Feature", "properties": { "category": "public_institution" }, "geometry": { "type": "Point", "coordinates": [ 227620.255289780587191, 889639.887380449916236 ] } },
{ "type": "Feature", "properties": { "category": "public_institution" }, "geometry": { "type": "Point", "coordinates": [ 226955.244667009217665, 888482.905601418460719 ] } },
{ "type": "Feature", "properties": { "category": "public_institution" }, "geometry": { "type": "Point", "coordinates": [ 226727.581691681902157, 888648.316744423238561 ] } },
{ "type": "Feature", "properties": { "category": "public_institution" }, "geometry": { "type": "Point", "coordinates": [ 222137.770640485396143, 892858.684068657341413 ] } },
{ "type": "Feature", "properties": { "category": "public_institution" }, "geometry": { "type": "Point", "coordinates": [ 241079.051464015676174, 888472.628707570256665 ] } },
{ "type": "Feature", "properties": { "category": "public_institution" }, "geometry": { "type": "Point", "coordinates": [ 236737.572981226549018, 900724.294816685374826 ] } },
{ "type": "Feature", "properties": { "category": "public_institution" }, "geometry": { "type": "Point", "coordinates": [ 227103.628156513907015, 888376.288013638579287 ] } },
{ "type": "Feature", "properties": { "category": "public_institution" }, "geometry": { "type": "Point", "coordinates": [ 231951.155411451414693, 902225.891003169934265 ] } },
{ "type": "Feature", "properties": { "category": "public_institution" }, "geometry": { "type": "Point", "coordinates": [ 228646.22180916898651, 906855.162490948336199 ] } },
{ "type": "Feature", "properties": { "category": "public_institution" }, "geometry": { "type": "Point", "coordinates": [ 235085.207012589497026, 900616.990937733906321 ] } },
{ "type": "Feature", "properties": { "category": "public_institution" }, "geometry": { "type": "Point", "coordinates": [ 235839.097896728577325, 908319.901740051689558 ] } },
{ "type": "Feature", "properties": { "category": "public_institution" }, "geometry": { "type": "Point", "coordinates": [ 234289.689382515964098, 903265.057831622194499 ] } },
{ "type": "Feature", "properties": { "category": "public_institution" }, "geometry": { "type": "Point", "coordinates": [ 237934.079732896934729, 902383.944185146014206 ] } },
{ "type": "Feature", "properties": { "category": "public_institution" }, "geometry": { "type": "Point", "coordinates": [ 234088.875127815932501, 901947.579133164603263 ] } },
{ "type": "Feature", "properties": { "category": "public_institution" }, "geometry": { "type": "Point", "coordinates": [ 235463.213980218075449, 888561.502628546906635 ] } },
{ "type": "Feature", "properties": { "category": "public_institution" }, "geometry": { "type": "Point", "coordinates": [ 236591.750439537107013, 900882.486859857803211 ] } },
{ "type": "Feature", "properties": { "category": "public_institution" }, "geometry": { "type": "Point", "coordinates": [ 236210.884282582323067, 896452.512431165901944 ] } },
{ "type": "Feature", "properties": { "category": "public_institution" }, "geometry": { "type": "Point", "coordinates": [ 236072.673699700069847, 901214.925932917743921 ] } },
{ "type": "Feature", "properties": { "category": "public_institution" }, "geometry": { "type": "Point", "coordinates": [ 236464.926855978963431, 901174.963048377074301 ] } },
{ "type": "Feature", "properties": { "category": "public_institution" }, "geometry": { "type": "Point", "coordinates": [ 233961.336200936057139, 902652.086706036236137 ] } },
{ "type": "Feature", "properties": { "category": "public_institution" }, "geometry": { "type": "Point", "coordinates": [ 240357.487492260202998, 894212.555741608608514 ] } },
{ "type": "Feature", "properties": { "category": "public_institution" }, "geometry": { "type": "Point", "coordinates": [ 242444.833022793580312, 903143.093311265925877 ] } },
{ "type": "Feature", "properties": { "category": "public_institution" }, "geometry": { "type": "Point", "coordinates": [ 235274.905180802044924, 908804.795660751406103 ] } },
{ "type": "Feature", "properties": { "category": "public_institution" }, "geometry": { "type": "Point", "coordinates": [ 231608.649007978936424, 889263.684580762172118 ] } },
{ "type": "Feature", "properties": { "category": "public_institution" }, "geometry": { "type": "Point", "coordinates": [ 236136.978382436733227, 901029.311393872951157 ] } },
{ "type": "Feature", "properties": { "category": "public_institution" }, "geometry": { "type": "Point", "coordinates": [ 225742.81401722249575, 901977.355167195433751 ] } },
{ "type": "Feature", "properties": { "category": "public_institution" }, "geometry": { "type": "Point", "coordinates": [ 229117.559602869790979, 899600.028874360956252 ] } },
{ "type": "Feature", "properties": { "category": "public_institution" }, "geometry": { "type": "Point", "coordinates": [ 221952.655260412837379, 902082.898709544213489 ] } },
{ "type": "Feature", "properties": { "category": "public_institution" }, "geometry": { "type": "Point", "coordinates": [ 235793.528927220118931, 911880.238020676886663 ] } },
{ "type": "Feature", "properties": { "category": "public_institution" }, "geometry": { "type": "Point", "coordinates": [ 238025.148790888255462, 893551.870682412059978 ] } },
{ "type": "Feature", "properties": { "category": "public_institution" }, "geometry": { "type": "Point", "coordinates": [ 240905.82636967979488, 889053.991845959913917 ] } },
{ "type": "Feature", "properties": { "category": "public_institution" }, "geometry": { "type": "Point", "coordinates": [ 234430.911593778291717, 895329.246777505264618 ] } },
{ "type": "Feature", "properties": { "category": "public_institution" }, "geometry": { "type": "Point", "coordinates": [ 231457.369201842579059, 902463.480408143252134 ] } },
{ "type": "Feature", "properties": { "category": "public_institution" }, "geometry": { "type": "Point", "coordinates": [ 236332.948348832927877, 901860.965651686885394 ] } },
{ "type": "Feature", "properties": { "category": "public_institution" }, "geometry": { "type": "Point", "coordinates": [ 236181.270539061137242, 900907.020063868025318 ] } },
{ "type": "Feature", "properties": { "category": "public_institution" }, "geometry": { "type": "Point", "coordinates": [ 232965.675805242994102, 898836.594188530696556 ] } },
{ "type": "Feature", "properties": { "category": "public_institution" }, "geometry": { "type": "Point", "coordinates": [ 238076.910534230293706, 902428.148634543409571 ] } },
{ "type": "Feature", "properties": { "category": "public_institution" }, "geometry": { "type": "Point", "coordinates": [ 239330.006614629266551, 893356.996686175465584 ] } },
{ "type": "Feature", "properties": { "category": "public_institution" }, "geometry": { "type": "Point", "coordinates": [ 234900.291736010840395, 908578.319387690979056 ] } },
{ "type": "Feature", "properties": { "category": "public_institution" }, "geometry": { "type": "Point", "coordinates": [ 235877.939556239754893, 899582.747723571374081 ] } },
{ "type": "Feature", "properties": { "category": "public_institution" }, "geometry": { "type": "Point", "coordinates": [ 228825.586300873284927, 907094.605524859856814 ] } },
{ "type": "Feature", "properties": { "category": "public_institution" }, "geometry": { "type": "Point", "coordinates": [ 241738.43076714759809, 889758.771513274055906 ] } },
{ "type": "Feature", "properties": { "category": "public_institution" }, "geometry": { "type": "Point", "coordinates": [ 236637.208480940782465, 900538.270287227118388 ] } },
{ "type": "Feature", "properties": { "category": "public_institution" }, "geometry": { "type": "Point", "coordinates": [ 226841.961126607144251, 888713.73085933981929 ] } },
{ "type": "Feature", "properties": { "category": "public_institution" }, "geometry": { "type": "Point", "coordinates": [ 231042.495078205887694, 902874.290471309795976 ] } },
{ "type": "Feature", "properties": { "category": "public_institution" }, "geometry": { "type": "Point", "coordinates": [ 235665.957391875766916, 897579.050077829393558 ] } },
{ "type": "Feature", "properties": { "category": "public_institution" }, "geometry": { "type": "Point", "coordinates": [ 236774.026020307093859, 900827.121753616607748 ] } },
{ "type": "Feature", "properties": { "category": "public_institution" }, "geometry": { "type": "Point", "coordinates": [ 236031.366063066991046, 900868.372141679748893 ] } },
{ "type": "Feature", "properties": { "category": "public_institution" }, "geometry": { "type": "Point", "coordinates": [ 230605.47908569482388, 889373.325382368639112 ] } },
{ "type": "Feature", "properties": { "category": "public_institution" }, "geometry": { "type": "Point", "coordinates": [ 236343.304144522699062, 894261.424175120308064 ] } },
{ "type": "Feature", "properties": { "category": "public_institution" }, "geometry": { "type": "Point", "coordinates": [ 240850.315205555118155, 904287.530634162016213 ] } },
{ "type": "Feature", "properties": { "category": "public_institution" }, "geometry": { "type": "Point", "coordinates": [ 240905.82636967979488, 889053.991845959913917 ] } },
{ "type": "Feature", "properties": { "category": "public_institution" }, "geometry": { "type": "Point", "coordinates": [ 220949.855632015969604, 899169.948477378347889 ] } },
{ "type": "Feature", "properties": { "category": "public_institution" }, "geometry": { "type": "Point", "coordinates": [ 234508.029118863341864, 905960.012625300325453 ] } },
{ "type": "Feature", "properties": { "category": "public_institution" }, "geometry": { "type": "Point", "coordinates": [ 235709.345263288036222, 911709.744416313711554 ] } },
{ "type": "Feature", "properties": { "category": "public_institution" }, "geometry": { "type": "Point", "coordinates": [ 241180.495186705957167, 905807.583245259942487 ] } },
{ "type": "Feature", "properties": { "category": "public_institution" }, "geometry": { "type": "Point", "coordinates": [ 235938.875845136091812, 900959.760136800818145 ] } },
{ "type": "Feature", "properties": { "category": "public_institution" }, "geometry": { "type": "Point", "coordinates": [ 236200.414415955950972, 901300.779922875226475 ] } },
{ "type": "Feature", "properties": { "category": "public_institution" }, "geometry": { "type": "Point", "coordinates": [ 226163.77497106246301, 903776.928845572983846 ] } },
{ "type": "Feature", "properties": { "category": "public_institution" }, "geometry": { "type": "Point", "coordinates": [ 235877.939556239754893, 899582.747723571374081 ] } },
{ "type": "Feature", "properties": { "category": "public_institution" }, "geometry": { "type": "Point", "coordinates": [ 236464.926855978963431, 901174.963048377074301 ] } },
{ "type": "Feature", "properties": { "category": "public_institution" }, "geometry": { "type": "Point", "coordinates": [ 234779.917917568061966, 897828.755803868640214 ] } },
{ "type": "Feature", "properties": { "category": "public_institution" }, "geometry": { "type": "Point", "coordinates": [ 236054.131779051909689, 900284.88455335854087 ] } },
{ "type": "Feature", "properties": { "category": "public_institution" }, "geometry": { "type": "Point", "coordinates": [ 236552.223802234831965, 900704.889264537487179 ] } },
{ "type": "Feature", "properties": { "category": "public_institution" }, "geometry": { "type": "Point", "coordinates": [ 235826.698711849108804, 906298.411051435978152 ] } },
{ "type": "Feature", "properties": { "category": "public_institution" }, "geometry": { "type": "Point", "coordinates": [ 231213.806698005122598, 897902.545064798789099 ] } },
{ "type": "Feature", "properties": { "category": "public_institution" }, "geometry": { "type": "Point", "coordinates": [ 235793.528927220118931, 911880.238020676886663 ] } },
{ "type": "Feature", "properties": { "category": "public_institution" }, "geometry": { "type": "Point", "coordinates": [ 233021.209632787940791, 899294.494325890555046 ] } },
{ "type": "Feature", "properties": { "category": "public_institution" }, "geometry": { "type": "Point", "coordinates": [ 235274.905180802044924, 908804.795660751406103 ] } },
{ "type": "Feature", "properties": { "category": "public_institution" }, "geometry": { "type": "Point", "coordinates": [ 227312.918756795465015, 888122.06885459611658 ] } },
{ "type": "Feature", "properties": { "category": "public_institution" }, "geometry": { "type": "Point", "coordinates": [ 227279.936623838060768, 891520.066320277052 ] } },
{ "type": "Feature", "properties": { "category": "public_institution" }, "geometry": { "type": "Point", "coordinates": [ 231266.147955012274906, 889608.265862463857047 ] } },
{ "type": "Feature", "properties": { "category": "public_institution" }, "geometry": { "type": "Point", "coordinates": [ 232443.365631174528971, 907594.475774412276223 ] } },
{ "type": "Feature", "properties": { "category": "public_institution" }, "geometry": { "type": "Point", "coordinates": [ 232143.968954987212783, 894568.432435378199443 ] } },
{ "type": "Feature", "properties": { "category": "public_institution" }, "geometry": { "type": "Point", "coordinates": [ 242473.020364510943182, 903153.260817555012181 ] } },
{ "type": "Feature", "properties": { "category": "public_institution" }, "geometry": { "type": "Point", "coordinates": [ 225742.81401722249575, 901977.355167195433751 ] } },
{ "type": "Feature", "properties": { "category": "public_institution" }, "geometry": { "type": "Point", "coordinates": [ 231108.879105270927539, 889551.031557949259877 ] } },
{ "type": "Feature", "properties": { "category": "public_institution" }, "geometry": { "type": "Point", "coordinates": [ 231260.285309850412887, 898237.316113685723394 ] } },
{ "type": "Feature", "properties": { "category": "public_institution" }, "geometry": { "type": "Point", "coordinates": [ 231247.449828178214375, 904400.972591836005449 ] } },
{ "type": "Feature", "properties": { "category": "public_institution" }, "geometry": { "type": "Point", "coordinates": [ 234542.828801534924423, 902180.728204265818931 ] } },
{ "type": "Feature", "properties": { "category": "public_institution" }, "geometry": { "type": "Point", "coordinates": [ 221836.454353743465617, 902394.220229083904997 ] } },
{ "type": "Feature", "properties": { "category": "public_institution" }, "geometry": { "type": "Point", "coordinates": [ 237997.318432742264122, 902387.396137805306353 ] } },
{ "type": "Feature", "properties": { "category": "public_institution" }, "geometry": { "type": "Point", "coordinates": [ 234626.326774201763328, 899644.338321943185292 ] } },
{ "type": "Feature", "properties": { "category": "public_institution" }, "geometry": { "type": "Point", "coordinates": [ 235704.463939476147061, 900204.122823690762743 ] } },
{ "type": "Feature", "properties": { "category": "public_institution" }, "geometry": { "type": "Point", "coordinates": [ 235257.150282276561484, 900041.801090583554469 ] } },
{ "type": "Feature", "properties": { "category": "public_institution" }, "geometry": { "type": "Point", "coordinates": [ 236113.933209434471792, 902627.610944718471728 ] } },
{ "type": "Feature", "properties": { "category": "public_institution" }, "geometry": { "type": "Point", "coordinates": [ 236154.628463057219051, 902738.121302144951187 ] } },
{ "type": "Feature", "properties": { "category": "public_institution" }, "geometry": { "type": "Point", "coordinates": [ 237771.148623960762052, 899550.568821324268356 ] } },
{ "type": "Feature", "properties": { "category": "public_institution" }, "geometry": { "type": "Point", "coordinates": [ 236530.586515026167035, 900588.144681349163875 ] } },
{ "type": "Feature", "properties": { "category": "public_institution" }, "geometry": { "type": "Point", "coordinates": [ 232301.422749330755323, 900138.338525044498965 ] } },
{ "type": "Feature", "properties": { "category": "public_institution" }, "geometry": { "type": "Point", "coordinates": [ 228974.290506336896215, 896115.506632424890995 ] } },
{ "type": "Feature", "properties": { "category": "public_institution" }, "geometry": { "type": "Point", "coordinates": [ 240290.878734984376933, 912873.14193702628836 ] } },
{ "type": "Feature", "properties": { "category": "public_institution" }, "geometry": { "type": "Point", "coordinates": [ 238259.86875753296772, 904525.424463297356851 ] } },
{ "type": "Feature", "properties": { "category": "public_institution" }, "geometry": { "type": "Point", "coordinates": [ 232481.213381046429276, 901918.080324811977334 ] } },
{ "type": "Feature", "properties": { "category": "public_institution" }, "geometry": { "type": "Point", "coordinates": [ 240368.641211854584981, 912865.813311489764601 ] } },
{ "type": "Feature", "properties": { "category": "public_institution" }, "geometry": { "type": "Point", "coordinates": [ 221784.395098917826544, 903033.199523627758026 ] } },
{ "type": "Feature", "properties": { "category": "public_institution" }, "geometry": { "type": "Point", "coordinates": [ 231260.285309850412887, 898237.316113685723394 ] } },
{ "type": "Feature", "properties": { "category": "public_institution" }, "geometry": { "type": "Point", "coordinates": [ 235974.064851907838602, 898703.947367858258076 ] } },
{ "type": "Feature", "properties": { "category": "public_institution" }, "geometry": { "type": "Point", "coordinates": [ 233347.071723857428879, 899754.006069274037145 ] } },
{ "type": "Feature", "properties": { "category": "public_institution" }, "geometry": { "type": "Point", "coordinates": [ 238125.601095196587266, 902638.351477129384875 ] } },
{ "type": "Feature", "properties": { "category": "public_institution" }, "geometry": { "type": "Point", "coordinates": [ 230011.472377235942986, 893792.694092797115445 ] } },
{ "type": "Feature", "properties": { "category": "public_institution" }, "geometry": { "type": "Point", "coordinates": [ 234998.311684827524005, 898312.360229500685818 ] } },
{ "type": "Feature", "properties": { "category": "public_institution" }, "geometry": { "type": "Point", "coordinates": [ 220986.221125082287472, 898443.614939799997956 ] } },
{ "type": "Feature", "properties": { "category": "public_institution" }, "geometry": { "type": "Point", "coordinates": [ 236055.134855451615294, 899928.773630732903257 ] } },
{ "type": "Feature", "properties": { "category": "public_institution" }, "geometry": { "type": "Point", "coordinates": [ 234183.994599789206404, 899275.616479407530278 ] } },
{ "type": "Feature", "properties": { "category": "public_institution" }, "geometry": { "type": "Point", "coordinates": [ 240188.983247958007269, 912613.960010576643981 ] } },
{ "type": "Feature", "properties": { "category": "public_institution" }, "geometry": { "type": "Point", "coordinates": [ 244405.943342967482749, 913472.833250486641191 ] } },
{ "type": "Feature", "properties": { "category": "public_institution" }, "geometry": { "type": "Point", "coordinates": [ 243988.755244138650596, 912685.74481013964396 ] } },
{ "type": "Feature", "properties": { "category": "public_institution" }, "geometry": { "type": "Point", "coordinates": [ 235474.913795444241259, 892149.758451726986095 ] } },
{ "type": "Feature", "properties": { "category": "public_institution" }, "geometry": { "type": "Point", "coordinates": [ 234976.680006678157952, 900125.152038143482059 ] } },
{ "type": "Feature", "properties": { "category": "public_institution" }, "geometry": { "type": "Point", "coordinates": [ 235802.058400140027516, 900034.003565854858607 ] } },
{ "type": "Feature", "properties": { "category": "public_institution" }, "geometry": { "type": "Point", "coordinates": [ 236851.453443483827868, 901992.072859789943323 ] } },
{ "type": "Feature", "properties": { "category": "public_institution" }, "geometry": { "type": "Point", "coordinates": [ 219473.755247797176708, 903816.398751909960993 ] } },
{ "type": "Feature", "properties": { "category": "public_institution" }, "geometry": { "type": "Point", "coordinates": [ 232125.020747357863002, 901490.01395367574878 ] } },
{ "type": "Feature", "properties": { "category": "public_institution" }, "geometry": { "type": "Point", "coordinates": [ 236351.234977585991146, 900634.867128019803204 ] } },
{ "type": "Feature", "properties": { "category": "public_institution" }, "geometry": { "type": "Point", "coordinates": [ 234417.685920665797312, 897677.018577974056825 ] } },
{ "type": "Feature", "properties": { "category": "public_institution" }, "geometry": { "type": "Point", "coordinates": [ 234323.771626855857903, 901446.982453758479096 ] } },
{ "type": "Feature", "properties": { "category": "public_institution" }, "geometry": { "type": "Point", "coordinates": [ 232245.21918282538536, 898434.706467908341438 ] } },
{ "type": "Feature", "properties": { "category": "public_institution" }, "geometry": { "type": "Point", "coordinates": [ 235277.867438465822488, 903791.24351166957058 ] } },
{ "type": "Feature", "properties": { "category": "public_institution" }, "geometry": { "type": "Point", "coordinates": [ 239070.112757219467312, 891608.645973204053007 ] } },
{ "type": "Feature", "properties": { "category": "public_institution" }, "geometry": { "type": "Point", "coordinates": [ 234276.165566214360297, 902188.308411096921191 ] } },
{ "type": "Feature", "properties": { "category": "public_institution" }, "geometry": { "type": "Point", "coordinates": [ 230337.154988735128427, 901446.188846746692434 ] } },
{ "type": "Feature", "properties": { "category": "public_institution" }, "geometry": { "type": "Point", "coordinates": [ 243493.305913971329574, 902761.951130774570629 ] } },
{ "type": "Feature", "properties": { "category": "public_institution" }, "geometry": { "type": "Point", "coordinates": [ 232372.347489322099136, 901983.336120245978236 ] } },
{ "type": "Feature", "properties": { "category": "public_institution" }, "geometry": { "type": "Point", "coordinates": [ 224414.346032835223014, 905154.553572902921587 ] } },
{ "type": "Feature", "properties": { "category": "public_institution" }, "geometry": { "type": "Point", "coordinates": [ 234397.988429140590597, 904576.316387956030667 ] } },
{ "type": "Feature", "properties": { "category": "public_institution" }, "geometry": { "type": "Point", "coordinates": [ 225738.320075532246847, 894382.012775454553775 ] } },
{ "type": "Feature", "properties": { "category": "public_institution" }, "geometry": { "type": "Point", "coordinates": [ 236332.948348832927877, 901860.965651686885394 ] } },
{ "type": "Feature", "properties": { "category": "public_institution" }, "geometry": { "type": "Point", "coordinates": [ 240852.591119934513699, 889368.139283574535511 ] } },
{ "type": "Feature", "properties": { "category": "public_institution" }, "geometry": { "type": "Point", "coordinates": [ 235062.525328936142614, 908917.58847658301238 ] } },
{ "type": "Feature", "properties": { "category": "public_institution" }, "geometry": { "type": "Point", "coordinates": [ 231416.456151500344276, 902918.940242286305875 ] } },
{ "type": "Feature", "properties": { "category": "public_institution" }, "geometry": { "type": "Point", "coordinates": [ 240896.021170944877667, 889179.228765213629231 ] } },
{ "type": "Feature", "properties": { "category": "public_institution" }, "geometry": { "type": "Point", "coordinates": [ 235884.055822046881076, 902805.269472803338431 ] } },
{ "type": "Feature", "properties": { "category": "public_institution" }, "geometry": { "type": "Point", "coordinates": [ 242156.143497964832932, 904889.633791975677013 ] } },
{ "type": "Feature", "properties": { "category": "public_institution" }, "geometry": { "type": "Point", "coordinates": [ 235839.097896728577325, 908319.901740051689558 ] } },
{ "type": "Feature", "properties": { "category": "public_institution" }, "geometry": { "type": "Point", "coordinates": [ 236052.824730660009664, 901069.533734648488462 ] } },
{ "type": "Feature", "properties": { "category": "public_institution" }, "geometry": { "type": "Point", "coordinates": [ 236129.564721399598056, 901653.977524727815762 ] } },
{ "type": "Feature", "properties": { "category": "public_institution" }, "geometry": { "type": "Point", "coordinates": [ 234397.988429140590597, 904576.316387956030667 ] } },
{ "type": "Feature", "properties": { "category": "public_institution" }, "geometry": { "type": "Point", "coordinates": [ 236464.926855978963431, 901174.963048377074301 ] } },
{ "type": "Feature", "properties": { "category": "public_institution" }, "geometry": { "type": "Point", "coordinates": [ 241203.127030681178439, 889115.484898458700627 ] } },
{ "type": "Feature", "properties": { "category": "public_institution" }, "geometry": { "type": "Point", "coordinates": [ 226627.651625678467099, 905187.034334881929681 ] } },
{ "type": "Feature", "properties": { "category": "public_institution" }, "geometry": { "type": "Point", "coordinates": [ 226885.140205347590381, 888406.440070519573055 ] } },
{ "type": "Feature", "properties": { "category": "public_institution" }, "geometry": { "type": "Point", "coordinates": [ 241705.433958104695193, 906482.714646985055879 ] } },
{ "type": "Feature", "properties": { "category": "public_institution" }, "geometry": { "type": "Point", "coordinates": [ 231197.02489532387699, 898211.154083120985888 ] } },
{ "type": "Feature", "properties": { "category": "public_institution" }, "geometry": { "type": "Point", "coordinates": [ 233526.051383918209467, 901046.24891418335028 ] } },
{ "type": "Feature", "properties": { "category": "public_institution" }, "geometry": { "type": "Point", "coordinates": [ 231897.431762152904412, 887213.316300338949077 ] } },
{ "type": "Feature", "properties": { "category": "public_institution" }, "geometry": { "type": "Point", "coordinates": [ 236053.506872703961562, 901081.08936908445321 ] } },
{ "type": "Feature", "properties": { "category": "public_institution" }, "geometry": { "type": "Point", "coordinates": [ 235753.180663219885901, 912017.883542510913685 ] } },
{ "type": "Feature", "properties": { "category": "public_institution" }, "geometry": { "type": "Point", "coordinates": [ 223718.095333334582392, 905266.133909626747482 ] } },
{ "type": "Feature", "properties": { "category": "public_institution" }, "geometry": { "type": "Point", "coordinates": [ 235826.698711849108804, 906298.411051435978152 ] } },
{ "type": "Feature", "properties": { "category": "public_institution" }, "geometry": { "type": "Point", "coordinates": [ 235040.45157299170387, 904187.828273096703924 ] } },
{ "type": "Feature", "properties": { "category": "public_institution" }, "geometry": { "type": "Point", "coordinates": [ 232899.402146495733177, 896621.403473922517151 ] } },
{ "type": "Feature", "properties": { "category": "public_institution" }, "geometry": { "type": "Point", "coordinates": [ 234410.234485562250484, 902630.944693815079518 ] } },
{ "type": "Feature", "properties": { "category": "public_institution" }, "geometry": { "type": "Point", "coordinates": [ 245241.696532247442519, 912890.106190572842024 ] } },
{ "type": "Feature", "properties": { "category": "public_institution" }, "geometry": { "type": "Point", "coordinates": [ 234736.948015207774006, 905781.859512855415232 ] } },
{ "type": "Feature", "properties": { "category": "public_institution" }, "geometry": { "type": "Point", "coordinates": [ 236132.989125252643134, 901084.163518489105627 ] } },
{ "type": "Feature", "properties": { "category": "public_institution" }, "geometry": { "type": "Point", "coordinates": [ 221726.040507500001695, 892086.647730062133633 ] } },
{ "type": "Feature", "properties": { "category": "public_institution" }, "geometry": { "type": "Point", "coordinates": [ 235769.293990196601953, 899137.993761917343363 ] } },
{ "type": "Feature", "properties": { "category": "public_institution" }, "geometry": { "type": "Point", "coordinates": [ 240905.82636967979488, 889053.991845959913917 ] } },
{ "type": "Feature", "properties": { "category": "public_institution" }, "geometry": { "type": "Point", "coordinates": [ 232974.659831035911338, 899977.847702117054723 ] } },
{ "type": "Feature", "properties": { "category": "public_institution" }, "geometry": { "type": "Point", "coordinates": [ 235793.528927220118931, 911880.238020676886663 ] } },
{ "type": "Feature", "properties": { "category": "public_institution" }, "geometry": { "type": "Point", "coordinates": [ 233682.549359040363925, 908142.491627959068865 ] } },
{ "type": "Feature", "properties": { "category": "public_institution" }, "geometry": { "type": "Point", "coordinates": [ 240861.391546965809539, 890367.988060085568577 ] } },
{ "type": "Feature", "properties": { "category": "public_institution" }, "geometry": { "type": "Point", "coordinates": [ 226627.651625678467099, 905187.034334881929681 ] } }
]
}
