{
"type": "FeatureCollection",
"name": "innercore_schools_category_only",
"crs": { "type": "name", "properties": { "name": "urn:ogc:def:crs:EPSG::6491" } },
"features": [
{ "type": "Feature", "properties": { "category": "school", "weight": 100 }, "geometry": { "type": "Point", "coordinates": [ 232817.457909049815498, 896869.83306040475145 ] } },
{ "type": "Feature", "properties": { "category": "school", "weight": 100 }, "geometry": { "type": "Point", "coordinates": [ 231334.438347635383252, 903267.02660731121432 ] } },
{ "type": "Feature", "properties": { "category": "school", "weight": 100 }, "geometry": { "type": "Point", "coordinates": [ 232632.559899892221438, 898203.009392953594215 ] } },
{ "type": "Feature", "properties": { "category": "school", "weight": 100 }, "geometry": { "type": "Point", "coordinates": [ 232434.42597042338457, 898258.519678003387526 ] } },
{ "type": "Feature", "properties": { "category": "school", "weight": 100 }, "geometry": { "type": "Point", "coordinates": [ 230078.881085912318667, 891971.557164994534105 ] } },
{ "type": "Feature", "properties": { "category": "school", "weight": 100 }, "geometry": { "type": "Point", "coordinates": [ 234771.584441021492239, 900096.031549044884741 ] } },
{ "type": "Feature", "properties": { "category": "school", "weight": 100 }, "geometry": { "type": "Point", "coordinates": [ 236201.955494290334173, 896889.777661085128784 ] } },
{ "type": "Feature", "properties": { "category": "school", "weight": 100 }, "geometry": { "type": "Point", "coordinates": [ 233617.74413715841365, 891666.122225993662141 ] } },
{ "type": "Feature", "properties": { "category": "school", "weight": 100 }, "geometry": { "type": "Point", "coordinates": [ 234057.514722796564456, 890232.580687564564869 ] } },
{ "type": "Feature", "properties": { "category": "school", "weight": 100 }, "geometry": { "type": "Point", "coordinates": [ 240568.830719702789793, 906986.245342515408993 ] } },
{ "type": "Feature", "properties": { "category": "school", "weight": 100 }, "geometry": { "type": "Point", "coordinates": [ 239602.05396304721944, 890372.451567470212467 ] } },
{ "type": "Feature", "properties": { "category": "school", "weight": 100 }, "geometry": { "type": "Point", "coordinates": [ 238364.852126953250263, 902188.563352243974805 ] } },
{ "type": "Feature", "properties": { "category": "school", "weight": 100 }, "geometry": { "type": "Point", "coordinates": [ 228042.530313527880935, 888550.910192949115299 ] } },
{ "type": "Feature", "properties": { "category": "school", "weight": 100 }, "geometry": { "type": "Point", "coordinates": [ 232898.987499068316538, 892761.600619096425362 ] } },
{ "type": "Feature", "properties": { "category": "school", "weight": 100 }, "geometry": { "type": "Point", "coordinates": [ 239091.074983580270782, 891710.952768858522177 ] } },
{ "type": "Feature", "properties": { "category": "school", "weight": 100 }, "geometry": { "type": "Point", "coordinates": [ 229368.540415015682811, 900014.94775030692108 ] } },
{ "type": "Feature", "properties": { "category": "school", "weight": 100 }, "geometry": { "type": "Point", "coordinates": [ 226107.519269517448265, 901874.176806685747579 ] } },
{ "type": "Feature", "properties": { "category": "school", "weight": 100 }, "geometry": { "type": "Point", "coordinates": [ 236306.623809198266827, 896749.693508990691043 ] } },
{ "type": "Feature", "properties": { "category": "school", "weight": 100 }, "geometry": { "type": "Point", "coordinates": [ 231563.827993096667342, 903608.508951025083661 ] } },
{ "type": "Feature", "properties": { "category": "school", "weight": 100 }, "geometry": { "type": "Point", "coordinates": [ 227949.751278006384382, 900237.759230626979843 ] } },
{ "type": "Feature", "properties": { "category": "school", "weight": 100 }, "geometry": { "type": "Point", "coordinates": [ 229606.781337410211563, 892369.205657478654757 ] } },
{ "type": "Feature", "properties": { "category": "school", "weight": 100 }, "geometry": { "type": "Point", "coordinates": [ 219683.491234689630801, 901407.378059050999582 ] } },
{ "type": "Feature", "properties": { "category": "school", "weight": 100 }, "geometry": { "type": "Point", "coordinates": [ 220633.882355682289926, 899100.257212323951535 ] } },
{ "type": "Feature", "properties": { "category": "school", "weight": 100 }, "geometry": { "type": "Point", "coordinates": [ 240369.347247135185171, 888132.518102602334693 ] } },
{ "type": "Feature", "properties": { "category": "school", "weight": 100 }, "geometry": { "type": "Point", "coordinates": [ 231180.767804720118875, 892451.537229102104902 ] } },
{ "type": "Feature", "properties": { "category": "school", "weight": 100 }, "geometry": { "type": "Point", "coordinates": [ 231003.526741717301775, 899441.701433488051407 ] } },
{ "type": "Feature", "properties": { "category": "school", "weight": 100 }, "geometry": { "type": "Point", "coordinates": [ 235640.315919271146413, 903266.337890207534656 ] } },
{ "type": "Feature", "properties": { "category": "school", "weight": 100 }, "geometry": { "type": "Point", "coordinates": [ 235848.256879721942823, 899812.638576362049207 ] } },
{ "type": "Feature", "properties": { "category": "school", "weight": 100 }, "geometry": { "type": "Point", "coordinates": [ 239224.888742832990829, 892034.263759038876742 ] } },
{ "type": "Feature", "properties": { "category": "school", "weight": 100 }, "geometry": { "type": "Point", "coordinates": [ 229337.937899348733481, 900260.07909388828557 ] } },
{ "type": "Feature", "properties": { "category": "school", "weight": 100 }, "geometry": { "type": "Point", "coordinates": [ 233872.288677418022417, 899339.421015802072361 ] } },
{ "type": "Feature", "properties": { "category": "school", "weight": 100 }, "geometry": { "type": "Point", "coordinates": [ 227520.737931560608558, 891982.634444143855944 ] } },
{ "type": "Feature", "properties": { "category": "school", "weight": 100 }, "geometry": { "type": "Point", "coordinates": [ 236893.131464756152127, 912017.231778484070674 ] } },
{ "type": "Feature", "properties": { "category": "school", "weight": 100 }, "geometry": { "type": "Point", "coordinates": [ 236270.7722319153836, 901044.218759360839613 ] } },
{ "type": "Feature", "properties": { "category": "school", "weight": 100 }, "geometry": { "type": "Point", "coordinates": [ 242488.290622424596222, 890038.06162554572802 ] } },
{ "type": "Feature", "properties": { "category": "school", "weight": 100 }, "geometry": { "type": "Point", "coordinates": [ 221801.339035372191574, 904074.940297124790959 ] } },
{ "type": "Feature", "properties": { "category": "school", "weight": 100 }, "geometry": { "type": "Point", "coordinates": [ 233404.306375856365776, 892506.840445604873821 ] } },
{ "type": "Feature", "properties": { "category": "school", "weight": 100 }, "geometry": { "type": "Point", "coordinates": [ 236765.518336427077884, 895836.357412291341461 ] } },
{ "type": "Feature", "properties": { "category": "school", "weight": 100 }, "geometry": { "type": "Point", "coordinates": [ 225324.055408854561392, 904327.686846385593526 ] } },
{ "type": "Feature", "properties": { "category": "school", "weight": 100 }, "geometry": { "type": "Point", "coordinates": [ 232150.266103080211906, 900149.197457950562239 ] } },
{ "type": "Feature", "properties": { "category": "school", "weight": 100 }, "geometry": { "type": "Point", "coordinates": [ 234837.828689776681131, 891975.739744902704842 ] } },
{ "type": "Feature", "properties": { "category": "school", "weight": 100 }, "geometry": { "type": "Point", "coordinates": [ 239837.286793775478145, 903697.212874481920153 ] } },
{ "type": "Feature", "properties": { "category": "school", "weight": 100 }, "geometry": { "type": "Point", "coordinates": [ 227255.41835751364124, 900075.302727807313204 ] } },
{ "type": "Feature", "properties": { "category": "school", "weight": 100 }, "geometry": { "type": "Point", "coordinates": [ 226715.174941558623686, 907868.58746040018741 ] } },
{ "type": "Feature", "properties": { "category": "school", "weight": 100 }, "geometry": { "type": "Point", "coordinates": [ 241525.599742462974973, 907646.212263217079453 ] } },
{ "type": "Feature", "properties": { "category": "school", "weight": 100 }, "geometry": { "type": "Point", "coordinates": [ 235135.242787913040956, 895103.801047307206318 ] } },
{ "type": "Feature", "properties": { "category": "school", "weight": 100 }, "geometry": { "type": "Point", "coordinates": [ 242444.833022793580312, 903143.093311265925877 ] } },
{ "type": "Feature", "properties": { "category": "school", "weight": 100 }, "geometry": { "type": "Point", "coordinates": [ 235296.415651403745869, 893300.167400843463838 ] } },
{ "type": "Feature", "properties": { "category": "school", "weight": 100 }, "geometry": { "type": "Point", "coordinates": [ 231368.590609339851653, 898419.07667601457797 ] } },
{ "type": "Feature", "properties": { "category": "school", "weight": 100 }, "geometry": { "type": "Point", "coordinates": [ 228451.133560995018343, 898905.732381963636726 ] } },
{ "type": "Feature", "properties": { "category": "school", "weight": 100 }, "geometry": { "type": "Point", "coordinates": [ 234567.099681880325079, 892412.93334170919843 ] } },
{ "type": "Feature", "properties": { "category": "school", "weight": 100 }, "geometry": { "type": "Point", "coordinates": [ 236605.437611211673357, 894754.742929956526496 ] } },
{ "type": "Feature", "properties": { "category": "school", "weight": 100 }, "geometry": { "type": "Point", "coordinates": [ 229205.0065814210393, 906725.724917640676722 ] } },
{ "type": "Feature", "properties": { "category": "school", "weight": 100 }, "geometry": { "type": "Point", "coordinates": [ 242805.546246469020844, 903929.391367635922506 ] } },
{ "type": "Feature", "properties": { "category": "school", "weight": 100 }, "geometry": { "type": "Point", "coordinates": [ 226789.052369328885106, 907444.768994208192453 ] } },
{ "type": "Feature", "properties": { "category": "school", "weight": 100 }, "geometry": { "type": "Point", "coordinates": [ 236503.811543114832602, 900191.456728545366786 ] } },
{ "type": "Feature", "properties": { "category": "school", "weight": 100 }, "geometry": { "type": "Point", "coordinates": [ 235351.957446095504565, 908570.47140744025819 ] } },
{ "type": "Feature", "properties": { "category": "school", "weight": 100 }, "geometry": { "type": "Point", "coordinates": [ 228540.840554521564627, 887632.545503092114814 ] } },
{ "type": "Feature", "properties": { "category": "school", "weight": 100 }, "geometry": { "type": "Point", "coordinates": [ 232660.671543061616831, 896089.78704686020501 ] } },
{ "type": "Feature", "properties": { "category": "school", "weight": 100 }, "geometry": { "type": "Point", "coordinates": [ 234527.677137219870929, 897249.02168806293048 ] } },
{ "type": "Feature", "properties": { "category": "school", "weight": 100 }, "geometry": { "type": "Point", "coordinates": [ 227844.503663902403787, 907579.171720664948225 ] } },
{ "type": "Feature", "properties": { "category": "school", "weight": 100 }, "geometry": { "type": "Point", "coordinates": [ 227844.503663902403787, 907579.171720664948225 ] } },
{ "type": "Feature", "properties": { "category": "school", "weight": 100 }, "geometry": { "type": "Point", "coordinates": [ 221971.376244241779204, 899572.389118053950369 ] } },
{ "type": "Feature", "properties": { "category": "school", "weight": 100 }, "geometry": { "type": "Point", "coordinates": [ 233976.337584417429753, 897127.81621238111984 ] } },
{ "type": "Feature", "properties": { "category": "school", "weight": 100 }, "geometry": { "type": "Point", "coordinates": [ 241215.007144348870497, 889017.36312027880922 ] } },
{ "type": "Feature", "properties": { "category": "school", "weight": 100 }, "geometry": { "type": "Point", "coordinates": [ 232400.898602526605828, 899792.567293731495738 ] } },
{ "type": "Feature", "properties": { "category": "school", "weight": 100 }, "geometry": { "type": "Point", "coordinates": [ 234037.217968876939267, 889072.296983970678411 ] } },
{ "type": "Feature", "properties": { "category": "school", "weight": 100 }, "geometry": { "type": "Point", "coordinates": [ 234163.101972887176089, 902453.568193963496014 ] } },
{ "type": "Feature", "properties": { "category": "school", "weight": 100 }, "geometry": { "type": "Point", "coordinates": [ 230686.285004204022698, 896024.466566998162307 ] } },
{ "type": "Feature", "properties": { "category": "school", "weight": 100 }, "geometry": { "type": "Point", "coordinates": [ 234313.60959871209343, 897824.575919382157736 ] } },
{ "type": "Feature", "properties": { "category": "school", "weight": 100 }, "geometry": { "type": "Point", "coordinates": [ 234430.835744733427418, 901973.350632695714012 ] } },
{ "type": "Feature", "properties": { "category": "school", "weight": 100 }, "geometry": { "type": "Point", "coordinates": [ 230961.104915454081492, 903270.925087871262804 ] } },
{ "type": "Feature", "properties": { "category": "school", "weight": 100 }, "geometry": { "type": "Point", "coordinates": [ 237285.641544923593756, 905992.096254457486793 ] } },
{ "type": "Feature", "properties": { "category": "school", "weight": 100 }, "geometry": { "type": "Point", "coordinates": [ 228584.908052316488465, 900255.864940446568653 ] } },
{ "type": "Feature", "properties": { "category": "school", "weight": 100 }, "geometry": { "type": "Point", "coordinates": [ 244752.35195131067303, 890839.628884508856572 ] } },
{ "type": "Feature", "properties": { "category": "school", "weight": 100 }, "geometry": { "type": "Point", "coordinates": [ 239626.491994377429364, 903692.910280457930639 ] } },
{ "type": "Feature", "properties": { "category": "school", "weight": 100 }, "geometry": { "type": "Point", "coordinates": [ 235257.666106956719887, 900957.086598818656057 ] } },
{ "type": "Feature", "properties": { "category": "school", "weight": 100 }, "geometry": { "type": "Point", "coordinates": [ 224179.824247152108001, 900308.41748470114544 ] } },
{ "type": "Feature", "properties": { "category": "school", "weight": 100 }, "geometry": { "type": "Point", "coordinates": [ 237015.407083014986711, 908998.151729654637165 ] } },
{ "type": "Feature", "properties": { "category": "school", "weight": 100 }, "geometry": { "type": "Point", "coordinates": [ 233974.37015968671767, 896221.417598260333762 ] } },
{ "type": "Feature", "properties": { "category": "school", "weight": 100 }, "geometry": { "type": "Point", "coordinates": [ 232679.59978586845682, 898455.262437749654055 ] } },
{ "type": "Feature", "properties": { "category": "school", "weight": 100 }, "geometry": { "type": "Point", "coordinates": [ 224988.742513963050442, 890836.773215791909024 ] } },
{ "type": "Feature", "properties": { "category": "school", "weight": 100 }, "geometry": { "type": "Point", "coordinates": [ 223197.190740086749429, 897479.975520553998649 ] } },
{ "type": "Feature", "properties": { "category": "school", "weight": 100 }, "geometry": { "type": "Point", "coordinates": [ 234373.138054354290944, 897853.857931250007823 ] } },
{ "type": "Feature", "properties": { "category": "school", "weight": 100 }, "geometry": { "type": "Point", "coordinates": [ 237865.864852869999595, 905609.755544200073928 ] } },
{ "type": "Feature", "properties": { "category": "school", "weight": 100 }, "geometry": { "type": "Point", "coordinates": [ 231416.456151500344276, 902918.940242286305875 ] } },
{ "type": "Feature", "properties": { "category": "school", "weight": 100 }, "geometry": { "type": "Point", "coordinates": [ 231778.732013830856886, 905271.77012667118106 ] } },
{ "type": "Feature", "properties": { "category": "school", "weight": 100 }, "geometry": { "type": "Point", "coordinates": [ 245126.234069768077461, 912633.096677883993834 ] } },
{ "type": "Feature", "properties": { "category": "school", "weight": 100 }, "geometry": { "type": "Point", "coordinates": [ 225182.712323657644447, 901077.374091536039487 ] } },
{ "type": "Feature", "properties": { "category": "school", "weight": 100 }, "geometry": { "type": "Point", "coordinates": [ 222268.62840467467322, 901638.47234577673953 ] } },
{ "type": "Feature", "properties": { "category": "school", "weight": 100 }, "geometry": { "type": "Point", "coordinates": [ 228240.389669592899736, 907046.684772960958071 ] } },
{ "type": "Feature", "properties": { "category": "school", "weight": 100 }, "geometry": { "type": "Point", "coordinates": [ 234982.600523802160751, 896500.832936406834051 ] } },
{ "type": "Feature", "properties": { "category": "school", "weight": 100 }, "geometry": { "type": "Point", "coordinates": [ 231800.902005318755982, 895271.209396989550442 ] } },
{ "type": "Feature", "properties": { "category": "school", "weight": 100 }, "geometry": { "type": "Point", "coordinates": [ 236986.833460871508578, 906799.396991179557517 ] } },
{ "type": "Feature", "properties": { "category": "school", "weight": 100 }, "geometry": { "type": "Point", "coordinates": [ 238045.098338354902808, 904894.706917718518525 ] } },
{ "type": "Feature", "properties": { "category": "school", "weight": 100 }, "geometry": { "type": "Point", "coordinates": [ 233168.728963173489319, 902588.872790289577097 ] } },
{ "type": "Feature", "properties": { "category": "school", "weight": 100 }, "geometry": { "type": "Point", "coordinates": [ 231416.456151500344276, 902918.940242286305875 ] } },
{ "type": "Feature", "properties": { "category": "school", "weight": 100 }, "geometry": { "type": "Point", "coordinates": [ 228540.840554521564627, 887632.545503092114814 ] } },
{ "type": "Feature", "properties": { "category": "school", "weight": 100 }, "geometry": { "type": "Point", "coordinates": [ 231905.716178517643129, 896520.18717546435073 ] } },
{ "type": "Feature", "properties": { "category": "school", "weight": 100 }, "geometry": { "type": "Point", "coordinates": [ 224941.044574079161976, 900556.558796572964638 ] } },
{ "type": "Feature", "properties": { "category": "school", "weight": 100 }, "geometry": { "type": "Point", "coordinates": [ 234796.149939149210695, 898795.321537385927513 ] } },
{ "type": "Feature", "properties": { "category": "school", "weight": 100 }, "geometry": { "type": "Point", "coordinates": [ 233404.306375856365776, 892506.840445604873821 ] } },
{ "type": "Feature", "properties": { "category": "school", "weight": 100 }, "geometry": { "type": "Point", "coordinates": [ 223075.842636463639792, 900875.087338057579473 ] } },
{ "type": "Feature", "properties": { "category": "school", "weight": 100 }, "geometry": { "type": "Point", "coordinates": [ 234580.558975843625376, 897390.349743025610223 ] } },
{ "type": "Feature", "properties": { "category": "school", "weight": 100 }, "geometry": { "type": "Point", "coordinates": [ 227833.821228958608117, 891324.965313832391985 ] } },
{ "type": "Feature", "properties": { "category": "school", "weight": 100 }, "geometry": { "type": "Point", "coordinates": [ 246797.449488927435596, 912998.175760915968567 ] } },
{ "type": "Feature", "properties": { "category": "school", "weight": 100 }, "geometry": { "type": "Point", "coordinates": [ 231800.902005318755982, 895271.209396989550442 ] } },
{ "type": "Feature", "properties": { "category": "school", "weight": 100 }, "geometry": { "type": "Point", "coordinates": [ 236703.321507890126668, 910076.990465166978538 ] } },
{ "type": "Feature", "properties": { "category": "school", "weight": 100 }, "geometry": { "type": "Point", "coordinates": [ 231800.902005318755982, 895271.209396989550442 ] } },
{ "type": "Feature", "properties": { "category": "school", "weight": 100 }, "geometry": { "type": "Point", "coordinates": [ 245163.914472884440329, 912388.626018099836074 ] } },
{ "type": "Feature", "properties": { "category": "school", "weight": 100 }, "geometry": { "type": "Point", "coordinates": [ 241237.673574942047708, 889388.268225027015433 ] } },
{ "type": "Feature", "properties": { "category": "school", "weight": 100 }, "geometry": { "type": "Point", "coordinates": [ 234982.156357100640889, 892843.628514789859764 ] } },
{ "type": "Feature", "properties": { "category": "school", "weight": 100 }, "geometry": { "type": "Point", "coordinates": [ 228219.978901973721804, 892003.953973027993925 ] } },
{ "type": "Feature", "properties": { "category": "school", "weight": 100 }, "geometry": { "type": "Point", "coordinates": [ 239401.315313102677464, 889591.014606562093832 ] } },
{ "type": "Feature", "properties": { "category": "school", "weight": 100 }, "geometry": { "type": "Point", "coordinates": [ 227891.268650414654985, 888423.128303273930214 ] } },
{ "type": "Feature", "properties": { "category": "school", "weight": 100 }, "geometry": { "type": "Point", "coordinates": [ 226350.417249226011336, 891143.865598587319255 ] } },
{ "type": "Feature", "properties": { "category": "school", "weight": 100 }, "geometry": { "type": "Point", "coordinates": [ 236666.616915734572103, 901044.273804190801457 ] } },
{ "type": "Feature", "properties": { "category": "school", "weight": 100 }, "geometry": { "type": "Point", "coordinates": [ 234418.058075883367565, 901269.163250093348324 ] } },
{ "type": "Feature", "properties": { "category": "school", "weight": 100 }, "geometry": { "type": "Point", "coordinates": [ 222344.023427989974152, 900905.823210309725255 ] } },
{ "type": "Feature", "properties": { "category": "school", "weight": 100 }, "geometry": { "type": "Point", "coordinates": [ 242336.343799126014346, 903010.365432771737687 ] } },
{ "type": "Feature", "properties": { "category": "school", "weight": 100 }, "geometry": { "type": "Point", "coordinates": [ 244835.866031583514996, 912265.442696629790589 ] } },
{ "type": "Feature", "properties": { "category": "school", "weight": 100 }, "geometry": { "type": "Point", "coordinates": [ 236270.7722319153836, 901044.218759360839613 ] } },
{ "type": "Feature", "properties": { "category": "school", "weight": 100 }, "geometry": { "type": "Point", "coordinates": [ 237507.564953208056977, 898142.911709944484755 ] } },
{ "type": "Feature", "properties": { "category": "school", "weight": 100 }, "geometry": { "type": "Point", "coordinates": [ 222208.904589152574772, 904973.506168204010464 ] } },
{ "type": "Feature", "properties": { "category": "school", "weight": 100 }, "geometry": { "type": "Point", "coordinates": [ 237491.232531941466732, 909438.888848660397343 ] } },
{ "type": "Feature", "properties": { "category": "school", "weight": 100 }, "geometry": { "type": "Point", "coordinates": [ 229887.002493751322618, 895312.910625951830298 ] } },
{ "type": "Feature", "properties": { "category": "school", "weight": 100 }, "geometry": { "type": "Point", "coordinates": [ 226631.976349079486681, 906933.652367290342227 ] } },
{ "type": "Feature", "properties": { "category": "school", "weight": 100 }, "geometry": { "type": "Point", "coordinates": [ 233041.604408096522093, 896059.021203567506745 ] } },
{ "type": "Feature", "properties": { "category": "school", "weight": 100 }, "geometry": { "type": "Point", "coordinates": [ 221829.776553819712717, 892495.282165842712857 ] } },
{ "type": "Feature", "properties": { "category": "school", "weight": 100 }, "geometry": { "type": "Point", "coordinates": [ 230753.713827916624723, 900001.101060502463952 ] } },
{ "type": "Feature", "properties": { "category": "school", "weight": 100 }, "geometry": { "type": "Point", "coordinates": [ 229667.805452806613175, 903835.175500646466389 ] } },
{ "type": "Feature", "properties": { "category": "school", "weight": 100 }, "geometry": { "type": "Point", "coordinates": [ 233124.58401734821382, 902169.232897528097965 ] } },
{ "type": "Feature", "properties": { "category": "school", "weight": 100 }, "geometry": { "type": "Point", "coordinates": [ 245126.234069768077461, 912633.096677883993834 ] } },
{ "type": "Feature", "properties": { "category": "school", "weight": 100 }, "geometry": { "type": "Point", "coordinates": [ 231228.382323190337047, 900260.783334284787998 ] } },
{ "type": "Feature", "properties": { "category": "school", "weight": 100 }, "geometry": { "type": "Point", "coordinates": [ 236098.879031985416077, 903088.843090189038776 ] } },
{ "type": "Feature", "properties": { "category": "school", "weight": 100 }, "geometry": { "type": "Point", "coordinates": [ 234313.60959871209343, 897824.575919382157736 ] } },
{ "type": "Feature", "properties": { "category": "school", "weight": 100 }, "geometry": { "type": "Point", "coordinates": [ 245287.960502807603916, 914500.983969650696963 ] } },
{ "type": "Feature", "properties": { "category": "school", "weight": 100 }, "geometry": { "type": "Point", "coordinates": [ 230883.632926963909995, 908936.501408934826031 ] } },
{ "type": "Feature", "properties": { "category": "school", "weight": 100 }, "geometry": { "type": "Point", "coordinates": [ 225182.712323657644447, 901077.374091536039487 ] } },
{ "type": "Feature", "properties": { "category": "school", "weight": 100 }, "geometry": { "type": "Point", "coordinates": [ 225522.273515864741057, 897245.218306026421487 ] } },
{ "type": "Feature", "properties": { "category": "school", "weight": 100 }, "geometry": { "type": "Point", "coordinates": [ 227844.503663902403787, 907579.171720664948225 ] } },
{ "type": "Feature", "properties": { "category": "school", "weight": 100 }, "geometry": { "type": "Point", "coordinates": [ 226350.417249226011336, 891143.865598587319255 ] } },
{ "type": "Feature", "properties": { "category": "school", "weight": 100 }, "geometry": { "type": "Point", "coordinates": [ 231228.382323190337047, 900260.783334284787998 ] } },
{ "type": "Feature", "properties": { "category": "school", "weight": 100 }, "geometry": { "type": "Point", "coordinates": [ 233872.288677418022417, 899339.421015802072361 ] } },
{ "type": "Feature", "properties": { "category": "school", "weight": 100 }, "geometry": { "type": "Point", "coordinates": [ 229887.002493751322618, 895312.910625951830298 ] } },
{ "type": "Feature", "properties": { "category": "school", "weight": 100 }, "geometry": { "type": "Point", "coordinates": [ 225430.453904872469138, 895557.967131586978212 ] } },
{ "type": "Feature", "properties": { "category": "school", "weight": 100 }, "geometry": { "type": "Point", "coordinates": [ 237353.341726060840301, 896332.082923971116543 ] } },
{ "type": "Feature", "properties": { "category": "school", "weight": 100 }, "geometry": { "type": "Point", "coordinates": [ 234100.489880175533472, 896801.517190215876326 ] } },
{ "type": "Feature", "properties": { "category": "school", "weight": 100 }, "geometry": { "type": "Point", "coordinates": [ 236568.570325533597497, 900571.680521605652757 ] } },
{ "type": "Feature", "properties": { "category": "school", "weight": 100 }, "geometry": { "type": "Point", "coordinates": [ 238624.944773927156348, 913262.886322104604915 ] } },
{ "type": "Feature", "properties": { "category": "school", "weight": 100 }, "geometry": { "type": "Point", "coordinates": [ 228609.328313070524018, 903120.439142878865823 ] } },
{ "type": "Feature", "properties": { "category": "school", "weight": 100 }, "geometry": { "type": "Point", "coordinates": [ 229000.220838400739012, 897523.622792081674561 ] } },
{ "type": "Feature", "properties": { "category": "school", "weight": 100 }, "geometry": { "type": "Point", "coordinates": [ 233953.329467466712231, 892535.793793032411486 ] } },
{ "type": "Feature", "properties": { "category": "school", "weight": 100 }, "geometry": { "type": "Point", "coordinates": [ 238765.078238231217256, 898500.073388832854107 ] } },
{ "type": "Feature", "properties": { "category": "school", "weight": 100 }, "geometry": { "type": "Point", "coordinates": [ 227619.536473918124102, 897677.791428887634538 ] } },
{ "type": "Feature", "properties": { "category": "school", "weight": 100 }, "geometry": { "type": "Point", "coordinates": [ 225061.438999586272985, 893472.744320264668204 ] } },
{ "type": "Feature", "properties": { "category": "school", "weight": 100 }, "geometry": { "type": "Point", "coordinates": [ 231096.831640586140566, 892052.736178599996492 ] } },
{ "type": "Feature", "properties": { "category": "school", "weight": 100 }, "geometry": { "type": "Point", "coordinates": [ 230394.347640429768944, 903439.732657102751546 ] } },
{ "type": "Feature", "properties": { "category": "school", "weight": 100 }, "geometry": { "type": "Point", "coordinates": [ 238303.444056801759871, 909365.407311911461875 ] } },
{ "type": "Feature", "properties": { "category": "school", "weight": 100 }, "geometry": { "type": "Point", "coordinates": [ 233961.470275132509414, 897918.94781628693454 ] } },
{ "type": "Feature", "properties": { "category": "school", "weight": 100 }, "geometry": { "type": "Point", "coordinates": [ 245731.592485738889081, 914206.939760931185447 ] } },
{ "type": "Feature", "properties": { "category": "school", "weight": 100 }, "geometry": { "type": "Point", "coordinates": [ 246204.045819477760233, 913250.841570869786665 ] } },
{ "type": "Feature", "properties": { "category": "school", "weight": 100 }, "geometry": { "type": "Point", "coordinates": [ 234533.832528254832141, 907960.79165375570301 ] } },
{ "type": "Feature", "properties": { "category": "school", "weight": 100 }, "geometry": { "type": "Point", "coordinates": [ 236329.14255072013475, 889992.020509733585641 ] } },
{ "type": "Feature", "properties": { "category": "school", "weight": 100 }, "geometry": { "type": "Point", "coordinates": [ 232873.661521707806969, 901964.114740867749788 ] } },
{ "type": "Feature", "properties": { "category": "school", "weight": 100 }, "geometry": { "type": "Point", "coordinates": [ 240282.334025271149585, 890212.808330722735263 ] } },
{ "type": "Feature", "properties": { "category": "school", "weight": 100 }, "geometry": { "type": "Point", "coordinates": [ 235359.469230839866214, 894456.01416374463588 ] } },
{ "type": "Feature", "properties": { "category": "school", "weight": 100 }, "geometry": { "type": "Point", "coordinates": [ 242444.833022793580312, 903143.093311265925877 ] } },
{ "type": "Feature", "properties": { "category": "school", "weight": 100 }, "geometry": { "type": "Point", "coordinates": [ 233124.58401734821382, 902169.232897528097965 ] } },
{ "type": "Feature", "properties": { "category": "school", "weight": 100 }, "geometry": { "type": "Point", "coordinates": [ 233058.784707158949459, 906889.548853558721021 ] } },
{ "type": "Feature", "properties": { "category": "school", "weight": 100 }, "geometry": { "type": "Point", "coordinates": [ 238592.580767310253577, 891244.234715403756127 ] } },
{ "type": "Feature", "properties": { "category": "school", "weight": 100 }, "geometry": { "type": "Point", "coordinates": [ 225965.811643313558307, 890206.181765544344671 ] } },
{ "type": "Feature", "properties": { "category": "school", "weight": 100 }, "geometry": { "type": "Point", "coordinates": [ 236050.265496494190302, 900910.012314334628172 ] } },
{ "type": "Feature", "properties": { "category": "school", "weight": 100 }, "geometry": { "type": "Point", "coordinates": [ 244023.693159185524564, 889572.757475606631488 ] } },
{ "type": "Feature", "properties": { "category": "school", "weight": 100 }, "geometry": { "type": "Point", "coordinates": [ 232581.280849171569571, 902293.987923365086317 ] } },
{ "type": "Feature", "properties": { "category": "school", "weight": 100 }, "geometry": { "type": "Point", "coordinates": [ 231880.627843592665158, 901903.777280322741717 ] } },
{ "type": "Feature", "properties": { "category": "school", "weight": 100 }, "geometry": { "type": "Point", "coordinates": [ 238667.217408884665929, 903222.920623528771102 ] } },
{ "type": "Feature", "properties": { "category": "school", "weight": 100 }, "geometry": { "type": "Point", "coordinates": [ 226490.619472961698193, 898925.728235563961789 ] } },
{ "type": "Feature", "properties": { "category": "school", "weight": 100 }, "geometry": { "type": "Point", "coordinates": [ 224126.691940308286576, 904982.276624677935615 ] } },
{ "type": "Feature", "properties": { "category": "school", "weight": 100 }, "geometry": { "type": "Point", "coordinates": [ 232353.058268248394597, 892995.549973045126535 ] } },
{ "type": "Feature", "properties": { "category": "school", "weight": 100 }, "geometry": { "type": "Point", "coordinates": [ 236201.955494290334173, 896889.777661085128784 ] } },
{ "type": "Feature", "properties": { "category": "school", "weight": 100 }, "geometry": { "type": "Point", "coordinates": [ 233034.163501863804413, 904651.634115824708715 ] } },
{ "type": "Feature", "properties": { "category": "school", "weight": 100 }, "geometry": { "type": "Point", "coordinates": [ 235871.602112888358533, 903147.328052856726572 ] } },
{ "type": "Feature", "properties": { "category": "school", "weight": 100 }, "geometry": { "type": "Point", "coordinates": [ 237226.121238632535096, 899930.879983062855899 ] } },
{ "type": "Feature", "properties": { "category": "school", "weight": 100 }, "geometry": { "type": "Point", "coordinates": [ 236292.327326940256171, 896005.957749923923984 ] } },
{ "type": "Feature", "properties": { "category": "school", "weight": 100 }, "geometry": { "type": "Point", "coordinates": [ 233604.835416561807506, 893884.586800404591486 ] } },
{ "type": "Feature", "properties": { "category": "school", "weight": 100 }, "geometry": { "type": "Point", "coordinates": [ 228475.663256941683358, 899766.680702370591462 ] } },
{ "type": "Feature", "properties": { "category": "school", "weight": 100 }, "geometry": { "type": "Point", "coordinates": [ 222041.039696120627923, 897379.063757053692825 ] } },
{ "type": "Feature", "properties": { "category": "school", "weight": 100 }, "geometry": { "type": "Point", "coordinates": [ 235476.266621056478471, 889672.214234583778307 ] } },
{ "type": "Feature", "properties": { "category": "school", "weight": 100 }, "geometry": { "type": "Point", "coordinates": [ 236388.549045308085624, 894633.098997102468275 ] } },
{ "type": "Feature", "properties": { "category": "school", "weight": 100 }, "geometry": { "type": "Point", "coordinates": [ 236906.150894866819726, 898712.667261755326763 ] } },
{ "type": "Feature", "properties": { "category": "school", "weight": 100 }, "geometry": { "type": "Point", "coordinates": [ 229952.599157372518675, 899035.155111406580545 ] } },
{ "type": "Feature", "properties": { "category": "school", "weight": 100 }, "geometry": { "type": "Point", "coordinates": [ 234313.60959871209343, 897824.575919382157736 ] } },
{ "type": "Feature", "properties": { "category": "school", "weight": 100 }, "geometry": { "type": "Point", "coordinates": [ 234994.452256259566639, 894118.736958341323771 ] } },
{ "type": "Feature", "properties": { "category": "school", "weight": 100 }, "geometry": { "type": "Point", "coordinates": [ 235825.317277396272402, 901419.044091869029216 ] } },
{ "type": "Feature", "properties": { "category": "school", "weight": 100 }, "geometry": { "type": "Point", "coordinates": [ 235369.174208014330361, 901962.905133064719848 ] } },
{ "type": "Feature", "properties": { "category": "school", "weight": 100 }, "geometry": { "type": "Point", "coordinates": [ 228219.978901973721804, 892003.953973027993925 ] } },
{ "type": "Feature", "properties": { "category": "school", "weight": 100 }, "geometry": { "type": "Point", "coordinates": [ 226395.803811371821212, 902141.063039157073945 ] } },
{ "type": "Feature", "properties": { "category": "school", "weight": 100 }, "geometry": { "type": "Point", "coordinates": [ 225002.667929645162076, 897661.443817993160337 ] } },
{ "type": "Feature", "properties": { "category": "school", "weight": 100 }, "geometry": { "type": "Point", "coordinates": [ 230403.95598326579784, 900095.772375408327207 ] } },
{ "type": "Feature", "properties": { "category": "school", "weight": 100 }, "geometry": { "type": "Point", "coordinates": [ 241104.117329243832501, 889253.862305259215645 ] } },
{ "type": "Feature", "properties": { "category": "school", "weight": 100 }, "geometry": { "type": "Point", "coordinates": [ 224779.811521012248704, 893869.064982926705852 ] } },
{ "type": "Feature", "properties": { "category": "school", "weight": 100 }, "geometry": { "type": "Point", "coordinates": [ 234252.19643215322867, 896270.19536529481411 ] } },
{ "type": "Feature", "properties": { "category": "school", "weight": 100 }, "geometry": { "type": "Point", "coordinates": [ 229622.853780388308223, 899123.841334761003964 ] } },
{ "type": "Feature", "properties": { "category": "school", "weight": 100 }, "geometry": { "type": "Point", "coordinates": [ 222687.320948370062979, 905823.451764654368162 ] } },
{ "type": "Feature", "properties": { "category": "school", "weight": 100 }, "geometry": { "type": "Point", "coordinates": [ 235316.325488902104553, 893605.505639828159474 ] } },
{ "type": "Feature", "properties": { "category": "school", "weight": 100 }, "geometry": { "type": "Point", "coordinates": [ 236613.86173352971673, 906484.642036944744177 ] } },
{ "type": "Feature", "properties": { "category": "school", "weight": 100 }, "geometry": { "type": "Point", "coordinates": [ 233640.29259455713327, 902547.572362796985544 ] } },
{ "type": "Feature", "properties": { "category": "school", "weight": 100 }, "geometry": { "type": "Point", "coordinates": [ 246611.545095824287273, 914451.226603550720029 ] } },
{ "type": "Feature", "properties": { "category": "school", "weight": 100 }, "geometry": { "type": "Point", "coordinates": [ 223913.794942234671907, 903380.246317300596274 ] } },
{ "type": "Feature", "properties": { "category": "school", "weight": 100 }, "geometry": { "type": "Point", "coordinates": [ 238311.898690831061685, 901778.949720687931404 ] } },
{ "type": "Feature", "properties": { "category": "school", "weight": 100 }, "geometry": { "type": "Point", "coordinates": [ 222208.904589152574772, 904973.506168204010464 ] } },
{ "type": "Feature", "properties": { "category": "school", "weight": 100 }, "geometry": { "type": "Point", "coordinates": [ 231528.664732298086165, 890337.092977254884318 ] } },
{ "type": "Feature", "properties": { "category": "school", "weight": 100 }, "geometry": { "type": "Point", "coordinates": [ 242542.149599392549135, 888594.394575523911044 ] } },
{ "type": "Feature", "properties": { "category": "school", "weight": 100 }, "geometry": { "type": "Point", "coordinates": [ 224040.476970861549489, 892142.493264732067473 ] } },
{ "type": "Feature", "properties": { "category": "school", "weight": 100 }, "geometry": { "type": "Point", "coordinates": [ 239915.818081111676292, 889239.692000050214119 ] } },
{ "type": "Feature", "properties": { "category": "school", "weight": 100 }, "geometry": { "type": "Point", "coordinates": [ 226471.602872227929765, 902179.336839485913515 ] } },
{ "type": "Feature", "properties": { "category": "school", "weight": 100 }, "geometry": { "type": "Point", "coordinates": [ 233658.957602417620365, 902451.023599911481142 ] } },
{ "type": "Feature", "properties": { "category": "school", "weight": 100 }, "geometry": { "type": "Point", "coordinates": [ 236652.205804435157916, 892583.437357617192902 ] } },
{ "type": "Feature", "properties": { "category": "school", "weight": 100 }, "geometry": { "type": "Point", "coordinates": [ 238300.021860988344997, 903488.83129225182347 ] } },
{ "type": "Feature", "properties": { "category": "school", "weight": 100 }, "geometry": { "type": "Point", "coordinates": [ 237660.453754990769085, 896479.787820468889549 ] } },
{ "type": "Feature", "properties": { "category": "school", "weight": 100 }, "geometry": { "type": "Point", "coordinates": [ 244418.464755256078206, 915261.113456403603777 ] } },
{ "type": "Feature", "properties": { "category": "school", "weight": 100 }, "geometry": { "type": "Point", "coordinates": [ 241855.923666038434021, 905113.551846809918061 ] } },
{ "type": "Feature", "properties": { "category": "school", "weight": 100 }, "geometry": { "type": "Point", "coordinates": [ 221849.814276476681698, 891965.736704658949748 ] } },
{ "type": "Feature", "properties": { "category": "school", "weight": 100 }, "geometry": { "type": "Point", "coordinates": [ 223445.101893137325533, 902942.352504746522754 ] } },
{ "type": "Feature", "properties": { "category": "school", "weight": 100 }, "geometry": { "type": "Point", "coordinates": [ 225571.236486166540999, 895453.843783940421417 ] } },
{ "type": "Feature", "properties": { "category": "school", "weight": 100 }, "geometry": { "type": "Point", "coordinates": [ 240183.478547270293348, 887583.517514117993414 ] } },
{ "type": "Feature", "properties": { "category": "school", "weight": 100 }, "geometry": { "type": "Point", "coordinates": [ 224080.274059373885393, 899473.775152473477647 ] } },
{ "type": "Feature", "properties": { "category": "school", "weight": 100 }, "geometry": { "type": "Point", "coordinates": [ 236500.247099109023111, 900719.059252479928546 ] } },
{ "type": "Feature", "properties": { "category": "school", "weight": 100 }, "geometry": { "type": "Point", "coordinates": [ 221800.757915530790342, 892597.048410624498501 ] } },
{ "type": "Feature", "properties": { "category": "school", "weight": 100 }, "geometry": { "type": "Point", "coordinates": [ 233048.804109041404445, 897035.310797719750553 ] } },
{ "type": "Feature", "properties": { "category": "school", "weight": 100 }, "geometry": { "type": "Point", "coordinates": [ 232690.476002111303387, 895459.675714450306259 ] } },
{ "type": "Feature", "properties": { "category": "school", "weight": 100 }, "geometry": { "type": "Point", "coordinates": [ 235041.811733907117741, 898116.858377016382292 ] } },
{ "type": "Feature", "properties": { "category": "school", "weight": 100 }, "geometry": { "type": "Point", "coordinates": [ 244862.011833415104775, 913012.968042573658749 ] } },
{ "type": "Feature", "properties": { "category": "school", "weight": 100 }, "geometry": { "type": "Point", "coordinates": [ 229622.853780388308223, 899123.841334761003964 ] } },
{ "type": "Feature", "properties": { "category": "school", "weight": 100 }, "geometry": { "type": "Point", "coordinates": [ 232925.742798019637121, 898231.035093506448902 ] } },
{ "type": "Feature", "properties": { "category": "school", "weight": 100 }, "geometry": { "type": "Point", "coordinates": [ 228891.955758875759784, 907307.928096461808309 ] } },
{ "type": "Feature", "properties": { "category": "school", "weight": 100 }, "geometry": { "type": "Point", "coordinates": [ 230392.329527267807862, 904210.608186181401834 ] } },
{ "type": "Feature", "properties": { "category": "school", "weight": 100 }, "geometry": { "type": "Point", "coordinates": [ 231477.225574159121606, 903601.566695418907329 ] } },
{ "type": "Feature", "properties": { "category": "school", "weight": 100 }, "geometry": { "type": "Point", "coordinates": [ 227776.680628455826081, 888328.150377209065482 ] } },
{ "type": "Feature", "properties": { "category": "school", "weight": 100 }, "geometry": { "type": "Point", "coordinates": [ 227399.593741953576682, 902064.041432308149524 ] } },
{ "type": "Feature", "properties": { "category": "school", "weight": 100 }, "geometry": { "type": "Point", "coordinates": [ 244920.926621832244564, 915447.711358513799496 ] } },
{ "type": "Feature", "properties": { "category": "school", "weight": 100 }, "geometry": { "type": "Point", "coordinates": [ 231801.020148029114353, 896539.373483528965153 ] } },
{ "type": "Feature", "properties": { "category": "school", "weight": 100 }, "geometry": { "type": "Point", "coordinates": [ 228370.928024378197733, 890388.077961155562662 ] } },
{ "type": "Feature", "properties": { "category": "school", "weight": 100 }, "geometry": { "type": "Point", "coordinates": [ 237845.665781737217912, 903200.673707264009863 ] } },
{ "type": "Feature", "properties": { "category": "school", "weight": 100 }, "geometry": { "type": "Point", "coordinates": [ 230600.372974817932118, 904673.37626148108393 ] } },
{ "type": "Feature", "properties": { "category": "school", "weight": 100 }, "geometry": { "type": "Point", "coordinates": [ 234381.929570392065216, 909686.227663472411223 ] } },
{ "type": "Feature", "properties": { "category": "school", "weight": 100 }, "geometry": { "type": "Point", "coordinates": [ 235296.415651403745869, 893300.167400843463838 ] } },
{ "type": "Feature", "properties": { "category": "school", "weight": 100 }, "geometry": { "type": "Point", "coordinates": [ 232962.550978383456822, 907996.003186743939295 ] } },
{ "type": "Feature", "properties": { "category": "school", "weight": 100 }, "geometry": { "type": "Point", "coordinates": [ 229849.676450201048283, 900237.797049039625563 ] } },
{ "type": "Feature", "properties": { "category": "school", "weight": 100 }, "geometry": { "type": "Point", "coordinates": [ 231130.974766788596753, 901864.870640512555838 ] } },
{ "type": "Feature", "properties": { "category": "school", "weight": 100 }, "geometry": { "type": "Point", "coordinates": [ 243844.355623633571668, 912484.338413955876604 ] } },
{ "type": "Feature", "properties": { "category": "school", "weight": 100 }, "geometry": { "type": "Point", "coordinates": [ 228171.265838195191463, 894754.223041010089219 ] } },
{ "type": "Feature", "properties": { "category": "school", "weight": 100 }, "geometry": { "type": "Point", "coordinates": [ 246204.045819477760233, 913250.841570869786665 ] } },
{ "type": "Feature", "properties": { "category": "school", "weight": 100 }, "geometry": { "type": "Point", "coordinates": [ 223900.202762571279891, 902025.717665054486133 ] } },
{ "type": "Feature", "properties": { "category": "school", "weight": 100 }, "geometry": { "type": "Point", "coordinates": [ 235234.737579590233508, 899006.665675886091776 ] } },
{ "type": "Feature", "properties": { "category": "school", "weight": 100 }, "geometry": { "type": "Point", "coordinates": [ 232823.850740837224294, 898678.200463911518455 ] } },
{ "type": "Feature", "properties": { "category": "school", "weight": 100 }, "geometry": { "type": "Point", "coordinates": [ 228290.778270658804104, 893084.673133330885321 ] } },
{ "type": "Feature", "properties": { "category": "school", "weight": 100 }, "geometry": { "type": "Point", "coordinates": [ 235635.932683634076966, 912737.64655106747523 ] } },
{ "type": "Feature", "properties": { "category": "school", "weight": 100 }, "geometry": { "type": "Point", "coordinates": [ 235839.097896728577325, 908319.901740051689558 ] } },
{ "type": "Feature", "properties": { "category": "school", "weight": 100 }, "geometry": { "type": "Point", "coordinates": [ 232376.48244357391377, 899011.357324969256297 ] } },
{ "type": "Feature", "properties": { "category": "school", "weight": 100 }, "geometry": { "type": "Point", "coordinates": [ 237023.208112054009689, 892473.303851475939155 ] } },
{ "type": "Feature", "properties": { "category": "school", "weight": 100 }, "geometry": { "type": "Point", "coordinates": [ 228668.164158352417871, 893635.138769688084722 ] } },
{ "type": "Feature", "properties": { "category": "school", "weight": 100 }, "geometry": { "type": "Point", "coordinates": [ 246633.263946722872788, 912705.492065018275753 ] } },
{ "type": "Feature", "properties": { "category": "school", "weight": 100 }, "geometry": { "type": "Point", "coordinates": [ 228910.080773512134328, 890092.590032198582776 ] } },
{ "type": "Feature", "properties": { "category": "school", "weight": 100 }, "geometry": { "type": "Point", "coordinates": [ 232216.637241049611475, 904126.877306021400727 ] } },
{ "type": "Feature", "properties": { "category": "school", "weight": 100 }, "geometry": { "type": "Point", "coordinates": [ 233034.159358866338152, 897871.431075381115079 ] } },
{ "type": "Feature", "properties": { "category": "school", "weight": 100 }, "geometry": { "type": "Point", "coordinates": [ 221988.853027452947572, 903149.579582130303606 ] } },
{ "type": "Feature", "properties": { "category": "school", "weight": 100 }, "geometry": { "type": "Point", "coordinates": [ 221988.853027452947572, 903149.579582130303606 ] } },
{ "type": "Feature", "properties": { "category": "school", "weight": 100 }, "geometry": { "type": "Point", "coordinates": [ 232612.392965154023841, 898801.622918820125051 ] } },
{ "type": "Feature", "properties": { "category": "school", "weight": 100 }, "geometry": { "type": "Point", "coordinates": [ 230359.887668250972638, 905714.806529685040005 ] } },
{ "type": "Feature", "properties": { "category": "school", "weight": 100 }, "geometry": { "type": "Point", "coordinates": [ 234037.217968876939267, 889072.296983970678411 ] } },
{ "type": "Feature", "properties": { "category": "school", "weight": 100 }, "geometry": { "type": "Point", "coordinates": [ 238788.840175331919454, 888579.598138866247609 ] } },
{ "type": "Feature", "properties": { "category": "school", "weight": 100 }, "geometry": { "type": "Point", "coordinates": [ 233996.988130489131436, 904100.723806295194663 ] } },
{ "type": "Feature", "properties": { "category": "school", "weight": 100 }, "geometry": { "type": "Point", "coordinates": [ 233314.067566226411145, 905304.211855846806429 ] } },
{ "type": "Feature", "properties": { "category": "school", "weight": 100 }, "geometry": { "type": "Point", "coordinates": [ 231528.664732298086165, 890337.092977254884318 ] } },
{ "type": "Feature", "properties": { "category": "school", "weight": 100 }, "geometry": { "type": "Point", "coordinates": [ 233872.288677418022417, 899339.421015802072361 ] } },
{ "type": "Feature", "properties": { "category": "school", "weight": 100 }, "geometry": { "type": "Point", "coordinates": [ 242374.913812909944681, 913462.49082971457392 ] } },
{ "type": "Feature", "properties": { "category": "school", "weight": 100 }, "geometry": { "type": "Point", "coordinates": [ 241760.57703616307117, 906027.72588258003816 ] } },
{ "type": "Feature", "properties": { "category": "school", "weight": 100 }, "geometry": { "type": "Point", "coordinates": [ 227949.751278006384382, 900237.759230626979843 ] } },
{ "type": "Feature", "properties": { "category": "school", "weight": 100 }, "geometry": { "type": "Point", "coordinates": [ 230258.496145584271289, 889084.14000370411668 ] } },
{ "type": "Feature", "properties": { "category": "school", "weight": 100 }, "geometry": { "type": "Point", "coordinates": [ 231705.639883339550579, 907765.055525091011077 ] } },
{ "type": "Feature", "properties": { "category": "school", "weight": 100 }, "geometry": { "type": "Point", "coordinates": [ 237946.8211826805491, 906990.800628083059564 ] } },
{ "type": "Feature", "properties": { "category": "school", "weight": 100 }, "geometry": { "type": "Point", "coordinates": [ 225704.482643904688302, 904011.051928592845798 ] } },
{ "type": "Feature", "properties": { "category": "school", "weight": 100 }, "geometry": { "type": "Point", "coordinates": [ 236057.998313152813353, 900575.040315972990356 ] } },
{ "type": "Feature", "properties": { "category": "school", "weight": 100 }, "geometry": { "type": "Point", "coordinates": [ 221416.308466482034419, 893901.450364227872342 ] } },
{ "type": "Feature", "properties": { "category": "school", "weight": 100 }, "geometry": { "type": "Point", "coordinates": [ 239322.50405981275253, 890404.651154817314819 ] } },
{ "type": "Feature", "properties": { "category": "school", "weight": 100 }, "geometry": { "type": "Point", "coordinates": [ 230191.062292769463966, 896198.490510181989521 ] } },
{ "type": "Feature", "properties": { "category": "school", "weight": 100 }, "geometry": { "type": "Point", "coordinates": [ 233050.894910334551241, 903248.123140609241091 ] } },
{ "type": "Feature", "properties": { "category": "school", "weight": 100 }, "geometry": { "type": "Point", "coordinates": [ 236874.252533813298214, 900880.964539477135986 ] } },
{ "type": "Feature", "properties": { "category": "school", "weight": 100 }, "geometry": { "type": "Point", "coordinates": [ 234188.744267259578919, 901432.439363662619144 ] } },
{ "type": "Feature", "properties": { "category": "school", "weight": 100 }, "geometry": { "type": "Point", "coordinates": [ 230764.642976749135414, 891659.955462741898373 ] } },
{ "type": "Feature", "properties": { "category": "school", "weight": 100 }, "geometry": { "type": "Point", "coordinates": [ 227845.849696208140813, 897369.001933068153448 ] } },
{ "type": "Feature", "properties": { "category": "school", "weight": 100 }, "geometry": { "type": "Point", "coordinates": [ 224779.811521012248704, 893869.064982926705852 ] } },
{ "type": "Feature", "properties": { "category": "school", "weight": 100 }, "geometry": { "type": "Point", "coordinates": [ 235141.67228878926835, 899408.078985950327478 ] } },
{ "type": "Feature", "properties": { "category": "school", "weight": 100 }, "geometry": { "type": "Point", "coordinates": [ 233034.159358866338152, 897871.431075381115079 ] } },
{ "type": "Feature", "properties": { "category": "school", "weight": 100 }, "geometry": { "type": "Point", "coordinates": [ 230654.611358196823858, 904980.412094611092471 ] } },
{ "type": "Feature", "properties": { "category": "school", "weight": 100 }, "geometry": { "type": "Point", "coordinates": [ 246797.449488927435596, 912998.175760915968567 ] } },
{ "type": "Feature", "properties": { "category": "school", "weight": 100 }, "geometry": { "type": "Point", "coordinates": [ 243000.38747933349805, 913170.930947089102119 ] } },
{ "type": "Feature", "properties": { "category": "school", "weight": 100 }, "geometry": { "type": "Point", "coordinates": [ 236850.398777376511134, 892994.567227435531095 ] } },
{ "type": "Feature", "properties": { "category": "school", "weight": 100 }, "geometry": { "type": "Point", "coordinates": [ 236261.456941954209469, 907998.717351938132197 ] } },
{ "type": "Feature", "properties": { "category": "school", "weight": 100 }, "geometry": { "type": "Point", "coordinates": [ 238076.910534230293706, 902428.148634543409571 ] } },
{ "type": "Feature", "properties": { "category": "school", "weight": 100 }, "geometry": { "type": "Point", "coordinates": [ 225753.96075725715491, 896797.980096642277204 ] } },
{ "type": "Feature", "properties": { "category": "school", "weight": 100 }, "geometry": { "type": "Point", "coordinates": [ 225412.947363533690805, 899533.117492642719299 ] } },
{ "type": "Feature", "properties": { "category": "school", "weight": 100 }, "geometry": { "type": "Point", "coordinates": [ 243647.18464249453973, 912368.69483584119007 ] } },
{ "type": "Feature", "properties": { "category": "school", "weight": 100 }, "geometry": { "type": "Point", "coordinates": [ 231527.340275477938121, 892841.848112341715023 ] } },
{ "type": "Feature", "properties": { "category": "school", "weight": 100 }, "geometry": { "type": "Point", "coordinates": [ 232690.476002111303387, 895459.675714450306259 ] } },
{ "type": "Feature", "properties": { "category": "school", "weight": 100 }, "geometry": { "type": "Point", "coordinates": [ 230981.262445253145415, 903686.11388436681591 ] } },
{ "type": "Feature", "properties": { "category": "school", "weight": 100 }, "geometry": { "type": "Point", "coordinates": [ 236826.558819699333981, 893751.540739180287346 ] } },
{ "type": "Feature", "properties": { "category": "school", "weight": 100 }, "geometry": { "type": "Point", "coordinates": [ 240917.204023379279533, 911498.470700683072209 ] } },
{ "type": "Feature", "properties": { "category": "school", "weight": 100 }, "geometry": { "type": "Point", "coordinates": [ 233872.288677418022417, 899339.421015802072361 ] } },
{ "type": "Feature", "properties": { "category": "school", "weight": 100 }, "geometry": { "type": "Point", "coordinates": [ 239431.748993291286752, 907809.423134224256501 ] } },
{ "type": "Feature", "properties": { "category": "school", "weight": 100 }, "geometry": { "type": "Point", "coordinates": [ 240773.414080879534595, 891084.143029108294286 ] } },
{ "type": "Feature", "properties": { "category": "school", "weight": 100 }, "geometry": { "type": "Point", "coordinates": [ 222393.321537476906087, 893494.179159392602742 ] } },
{ "type": "Feature", "properties": { "category": "school", "weight": 100 }, "geometry": { "type": "Point", "coordinates": [ 236766.022796937206294, 908897.646405094536021 ] } },
{ "type": "Feature", "properties": { "category": "school", "weight": 100 }, "geometry": { "type": "Point", "coordinates": [ 228020.878303389821667, 897585.852933527436107 ] } },
{ "type": "Feature", "properties": { "category": "school", "weight": 100 }, "geometry": { "type": "Point", "coordinates": [ 226181.394566993461922, 908480.288890666444786 ] } },
{ "type": "Feature", "properties": { "category": "school", "weight": 100 }, "geometry": { "type": "Point", "coordinates": [ 232403.784081302030245, 897378.868895583203994 ] } },
{ "type": "Feature", "properties": { "category": "school", "weight": 100 }, "geometry": { "type": "Point", "coordinates": [ 230508.75878101948183, 903472.441372342174873 ] } },
{ "type": "Feature", "properties": { "category": "school", "weight": 100 }, "geometry": { "type": "Point", "coordinates": [ 244897.417147086205659, 912492.554121068911627 ] } },
{ "type": "Feature", "properties": { "category": "school", "weight": 100 }, "geometry": { "type": "Point", "coordinates": [ 239272.513825428643031, 891482.145907722180709 ] } },
{ "type": "Feature", "properties": { "category": "school", "weight": 100 }, "geometry": { "type": "Point", "coordinates": [ 229380.395186122332234, 899150.037582755321637 ] } },
{ "type": "Feature", "properties": { "category": "school", "weight": 100 }, "geometry": { "type": "Point", "coordinates": [ 224903.553991452616174, 900534.65467403200455 ] } },
{ "type": "Feature", "properties": { "category": "school", "weight": 100 }, "geometry": { "type": "Point", "coordinates": [ 237095.735508288082201, 898563.93241980264429 ] } },
{ "type": "Feature", "properties": { "category": "school", "weight": 100 }, "geometry": { "type": "Point", "coordinates": [ 237042.937679552094778, 897964.389910361380316 ] } },
{ "type": "Feature", "properties": { "category": "school", "weight": 100 }, "geometry": { "type": "Point", "coordinates": [ 227776.680628455826081, 888328.150377209065482 ] } },
{ "type": "Feature", "properties": { "category": "school", "weight": 100 }, "geometry": { "type": "Point", "coordinates": [ 231527.340275477938121, 892841.848112341715023 ] } },
{ "type": "Feature", "properties": { "category": "school", "weight": 100 }, "geometry": { "type": "Point", "coordinates": [ 231737.564275126962457, 892423.814338843803853 ] } },
{ "type": "Feature", "properties": { "category": "school", "weight": 100 }, "geometry": { "type": "Point", "coordinates": [ 220418.32271197825321, 901848.230619142530486 ] } },
{ "type": "Feature", "properties": { "category": "school", "weight": 100 }, "geometry": { "type": "Point", "coordinates": [ 228765.212411483284086, 890612.940279495320283 ] } },
{ "type": "Feature", "properties": { "category": "school", "weight": 100 }, "geometry": { "type": "Point", "coordinates": [ 227532.893831711815437, 905019.464188672485761 ] } },
{ "type": "Feature", "properties": { "category": "school", "weight": 100 }, "geometry": { "type": "Point", "coordinates": [ 233658.957602417620365, 902451.023599911481142 ] } },
{ "type": "Feature", "properties": { "category": "school", "weight": 100 }, "geometry": { "type": "Point", "coordinates": [ 229337.937899348733481, 900260.07909388828557 ] } },
{ "type": "Feature", "properties": { "category": "school", "weight": 100 }, "geometry": { "type": "Point", "coordinates": [ 236162.215692835772643, 900367.415515025379136 ] } },
{ "type": "Feature", "properties": { "category": "school", "weight": 100 }, "geometry": { "type": "Point", "coordinates": [ 231795.594062590127578, 893910.16500871477183 ] } },
{ "type": "Feature", "properties": { "category": "school", "weight": 100 }, "geometry": { "type": "Point", "coordinates": [ 240917.204023379279533, 911498.470700683072209 ] } },
{ "type": "Feature", "properties": { "category": "school", "weight": 100 }, "geometry": { "type": "Point", "coordinates": [ 229849.676450201048283, 900237.797049039625563 ] } },
{ "type": "Feature", "properties": { "category": "school", "weight": 100 }, "geometry": { "type": "Point", "coordinates": [ 220158.747179857629817, 892427.87115470552817 ] } },
{ "type": "Feature", "properties": { "category": "school", "weight": 100 }, "geometry": { "type": "Point", "coordinates": [ 226471.602872227929765, 902179.336839485913515 ] } },
{ "type": "Feature", "properties": { "category": "school", "weight": 100 }, "geometry": { "type": "Point", "coordinates": [ 234479.996912538656034, 908231.117237632162869 ] } },
{ "type": "Feature", "properties": { "category": "school", "weight": 100 }, "geometry": { "type": "Point", "coordinates": [ 235702.364159443153767, 896220.204382533440366 ] } },
{ "type": "Feature", "properties": { "category": "school", "weight": 100 }, "geometry": { "type": "Point", "coordinates": [ 233721.391328944184352, 891813.127541040303186 ] } },
{ "type": "Feature", "properties": { "category": "school", "weight": 100 }, "geometry": { "type": "Point", "coordinates": [ 233288.498506537871435, 901890.757008358370513 ] } },
{ "type": "Feature", "properties": { "category": "school", "weight": 100 }, "geometry": { "type": "Point", "coordinates": [ 235284.945200970047154, 900741.732006121077575 ] } },
{ "type": "Feature", "properties": { "category": "school", "weight": 100 }, "geometry": { "type": "Point", "coordinates": [ 226052.882835304480977, 900569.923442179104313 ] } },
{ "type": "Feature", "properties": { "category": "school", "weight": 100 }, "geometry": { "type": "Point", "coordinates": [ 226586.057929147820687, 905212.980193313676864 ] } },
{ "type": "Feature", "properties": { "category": "school", "weight": 100 }, "geometry": { "type": "Point", "coordinates": [ 246042.710649593005655, 913886.725678074173629 ] } },
{ "type": "Feature", "properties": { "category": "school", "weight": 100 }, "geometry": { "type": "Point", "coordinates": [ 225676.346802535728784, 899315.363958521396853 ] } },
{ "type": "Feature", "properties": { "category": "school", "weight": 100 }, "geometry": { "type": "Point", "coordinates": [ 241819.555373839684762, 890631.425308074220084 ] } },
{ "type": "Feature", "properties": { "category": "school", "weight": 100 }, "geometry": { "type": "Point", "coordinates": [ 235848.256879721942823, 899812.638576362049207 ] } },
{ "type": "Feature", "properties": { "category": "school", "weight": 100 }, "geometry": { "type": "Point", "coordinates": [ 233961.66899994641426, 904201.412445298861712 ] } },
{ "type": "Feature", "properties": { "category": "school", "weight": 100 }, "geometry": { "type": "Point", "coordinates": [ 232490.213006178673822, 896886.863075803383254 ] } },
{ "type": "Feature", "properties": { "category": "school", "weight": 100 }, "geometry": { "type": "Point", "coordinates": [ 236464.37220629065996, 913214.554037964669988 ] } },
{ "type": "Feature", "properties": { "category": "school", "weight": 100 }, "geometry": { "type": "Point", "coordinates": [ 229667.805452806613175, 903835.175500646466389 ] } },
{ "type": "Feature", "properties": { "category": "school", "weight": 100 }, "geometry": { "type": "Point", "coordinates": [ 236571.977992122789146, 894386.682296114973724 ] } },
{ "type": "Feature", "properties": { "category": "school", "weight": 100 }, "geometry": { "type": "Point", "coordinates": [ 236616.612207581667462, 902845.816695072571747 ] } },
{ "type": "Feature", "properties": { "category": "school", "weight": 100 }, "geometry": { "type": "Point", "coordinates": [ 231671.180549780285219, 893867.727925544255413 ] } },
{ "type": "Feature", "properties": { "category": "school", "weight": 100 }, "geometry": { "type": "Point", "coordinates": [ 229983.296258265472716, 893631.513442629948258 ] } },
{ "type": "Feature", "properties": { "category": "school", "weight": 100 }, "geometry": { "type": "Point", "coordinates": [ 236890.692641763773281, 889319.489078406128101 ] } },
{ "type": "Feature", "properties": { "category": "school", "weight": 100 }, "geometry": { "type": "Point", "coordinates": [ 238016.388220606721006, 901892.310832757037133 ] } },
{ "type": "Feature", "properties": { "category": "school", "weight": 100 }, "geometry": { "type": "Point", "coordinates": [ 231325.987363904685481, 902539.648364759166725 ] } },
{ "type": "Feature", "properties": { "category": "school", "weight": 100 }, "geometry": { "type": "Point", "coordinates": [ 225411.652942740620347, 903466.814482464920729 ] } },
{ "type": "Feature", "properties": { "category": "school", "weight": 100 }, "geometry": { "type": "Point", "coordinates": [ 232329.742486859031487, 905887.6633079724852 ] } },
{ "type": "Feature", "properties": { "category": "school", "weight": 100 }, "geometry": { "type": "Point", "coordinates": [ 225597.193204515555408, 904212.378099789260887 ] } },
{ "type": "Feature", "properties": { "category": "school", "weight": 100 }, "geometry": { "type": "Point", "coordinates": [ 223951.062479252577759, 900757.941416518879123 ] } },
{ "type": "Feature", "properties": { "category": "school", "weight": 100 }, "geometry": { "type": "Point", "coordinates": [ 221392.087183391442522, 895086.667262048576958 ] } },
{ "type": "Feature", "properties": { "category": "school", "weight": 100 }, "geometry": { "type": "Point", "coordinates": [ 231878.755181968735997, 899737.972966501605697 ] } },
{ "type": "Feature", "properties": { "category": "school", "weight": 100 }, "geometry": { "type": "Point", "coordinates": [ 230620.507819943653885, 889883.004837949527428 ] } },
{ "type": "Feature", "properties": { "category": "school", "weight": 100 }, "geometry": { "type": "Point", "coordinates": [ 234593.720481109106913, 893591.251405008486472 ] } },
{ "type": "Feature", "properties": { "category": "school", "weight": 100 }, "geometry": { "type": "Point", "coordinates": [ 234032.747903973271605, 903637.365598165779375 ] } },
{ "type": "Feature", "properties": { "category": "school", "weight": 100 }, "geometry": { "type": "Point", "coordinates": [ 233734.45503274834482, 893010.924844295950606 ] } },
{ "type": "Feature", "properties": { "category": "school", "weight": 100 }, "geometry": { "type": "Point", "coordinates": [ 228723.0205404732842, 907277.465680152410641 ] } },
{ "type": "Feature", "properties": { "category": "school", "weight": 100 }, "geometry": { "type": "Point", "coordinates": [ 243647.18464249453973, 912368.69483584119007 ] } },
{ "type": "Feature", "properties": { "category": "school", "weight": 100 }, "geometry": { "type": "Point", "coordinates": [ 222256.7602093515452, 906473.882442621747032 ] } },
{ "type": "Feature", "properties": { "category": "school", "weight": 100 }, "geometry": { "type": "Point", "coordinates": [ 234201.040623320848681, 899125.522414591512643 ] } },
{ "type": "Feature", "properties": { "category": "school", "weight": 100 }, "geometry": { "type": "Point", "coordinates": [ 227844.503663902403787, 907579.171720664948225 ] } },
{ "type": "Feature", "properties": { "category": "school", "weight": 100 }, "geometry": { "type": "Point", "coordinates": [ 238423.002211444749264, 904898.874834783142433 ] } },
{ "type": "Feature", "properties": { "category": "school", "weight": 100 }, "geometry": { "type": "Point", "coordinates": [ 233061.530658486066386, 895625.8040600620443 ] } },
{ "type": "Feature", "properties": { "category": "school", "weight": 100 }, "geometry": { "type": "Point", "coordinates": [ 237014.630778920167359, 901178.837004662724212 ] } },
{ "type": "Feature", "properties": { "category": "school", "weight": 100 }, "geometry": { "type": "Point", "coordinates": [ 223012.045010045316303, 894842.748997116694227 ] } },
{ "type": "Feature", "properties": { "category": "school", "weight": 100 }, "geometry": { "type": "Point", "coordinates": [ 234982.156357100640889, 892843.628514789859764 ] } },
{ "type": "Feature", "properties": { "category": "school", "weight": 100 }, "geometry": { "type": "Point", "coordinates": [ 237507.167322770517785, 909474.964008673443459 ] } },
{ "type": "Feature", "properties": { "category": "school", "weight": 100 }, "geometry": { "type": "Point", "coordinates": [ 219063.844779343664413, 907934.056991996709257 ] } },
{ "type": "Feature", "properties": { "category": "school", "weight": 100 }, "geometry": { "type": "Point", "coordinates": [ 234699.254008077288745, 899726.784498338005506 ] } },
{ "type": "Feature", "properties": { "category": "school", "weight": 100 }, "geometry": { "type": "Point", "coordinates": [ 237865.864852869999595, 905609.755544200073928 ] } },
{ "type": "Feature", "properties": { "category": "school", "weight": 100 }, "geometry": { "type": "Point", "coordinates": [ 235448.439899791643256, 908628.830648571369238 ] } },
{ "type": "Feature", "properties": { "category": "school", "weight": 100 }, "geometry": { "type": "Point", "coordinates": [ 229994.207164725696202, 902414.316022422164679 ] } },
{ "type": "Feature", "properties": { "category": "school", "weight": 100 }, "geometry": { "type": "Point", "coordinates": [ 241986.853012938605389, 888684.808719028835185 ] } },
{ "type": "Feature", "properties": { "category": "school", "weight": 100 }, "geometry": { "type": "Point", "coordinates": [ 227540.261887754168129, 888278.348469752236269 ] } },
{ "type": "Feature", "properties": { "category": "school", "weight": 100 }, "geometry": { "type": "Point", "coordinates": [ 240282.19258234303561, 894228.119212668505497 ] } },
{ "type": "Feature", "properties": { "category": "school", "weight": 100 }, "geometry": { "type": "Point", "coordinates": [ 230600.372974817932118, 904673.37626148108393 ] } },
{ "type": "Feature", "properties": { "category": "school", "weight": 100 }, "geometry": { "type": "Point", "coordinates": [ 226395.803811371821212, 902141.063039157073945 ] } },
{ "type": "Feature", "properties": { "category": "school", "weight": 100 }, "geometry": { "type": "Point", "coordinates": [ 239958.415493045351468, 887855.594046794809401 ] } },
{ "type": "Feature", "properties": { "category": "school", "weight": 100 }, "geometry": { "type": "Point", "coordinates": [ 234593.720481109106913, 893591.251405008486472 ] } },
{ "type": "Feature", "properties": { "category": "school", "weight": 100 }, "geometry": { "type": "Point", "coordinates": [ 231162.161301529617049, 892052.692004339536652 ] } },
{ "type": "Feature", "properties": { "category": "school", "weight": 100 }, "geometry": { "type": "Point", "coordinates": [ 228667.513889388850657, 902706.577197710284963 ] } },
{ "type": "Feature", "properties": { "category": "school", "weight": 100 }, "geometry": { "type": "Point", "coordinates": [ 226214.611754332639975, 906217.844845853280276 ] } },
{ "type": "Feature", "properties": { "category": "school", "weight": 100 }, "geometry": { "type": "Point", "coordinates": [ 227627.900960830011172, 895087.073630543425679 ] } },
{ "type": "Feature", "properties": { "category": "school", "weight": 100 }, "geometry": { "type": "Point", "coordinates": [ 238352.858336412202334, 904761.863920004223473 ] } },
{ "type": "Feature", "properties": { "category": "school", "weight": 100 }, "geometry": { "type": "Point", "coordinates": [ 232696.537564846687019, 895911.453216203954071 ] } },
{ "type": "Feature", "properties": { "category": "school", "weight": 100 }, "geometry": { "type": "Point", "coordinates": [ 233287.421101716230623, 899927.004541565431282 ] } },
{ "type": "Feature", "properties": { "category": "school", "weight": 100 }, "geometry": { "type": "Point", "coordinates": [ 226471.602872227929765, 902179.336839485913515 ] } },
{ "type": "Feature", "properties": { "category": "school", "weight": 100 }, "geometry": { "type": "Point", "coordinates": [ 226600.239244282129221, 890789.030934545444325 ] } },
{ "type": "Feature", "properties": { "category": "school", "weight": 100 }, "geometry": { "type": "Point", "coordinates": [ 228308.154894734587288, 897904.0174077055417 ] } },
{ "type": "Feature", "properties": { "category": "school", "weight": 100 }, "geometry": { "type": "Point", "coordinates": [ 232694.006218674971024, 895037.267425613943487 ] } },
{ "type": "Feature", "properties": { "category": "school", "weight": 100 }, "geometry": { "type": "Point", "coordinates": [ 235640.315919271146413, 903266.337890207534656 ] } },
{ "type": "Feature", "properties": { "category": "school", "weight": 100 }, "geometry": { "type": "Point", "coordinates": [ 228468.164284650672926, 904604.760443532839417 ] } },
{ "type": "Feature", "properties": { "category": "school", "weight": 100 }, "geometry": { "type": "Point", "coordinates": [ 229752.511764227499953, 899835.284366637701169 ] } },
{ "type": "Feature", "properties": { "category": "school", "weight": 100 }, "geometry": { "type": "Point", "coordinates": [ 227005.744445829041069, 904688.625045914435759 ] } },
{ "type": "Feature", "properties": { "category": "school", "weight": 100 }, "geometry": { "type": "Point", "coordinates": [ 234170.193077098025242, 901994.738109319703653 ] } },
{ "type": "Feature", "properties": { "category": "school", "weight": 100 }, "geometry": { "type": "Point", "coordinates": [ 227570.607675735140219, 905500.582387509057298 ] } },
{ "type": "Feature", "properties": { "category": "school", "weight": 100 }, "geometry": { "type": "Point", "coordinates": [ 225689.785091416793875, 907509.862507555983029 ] } },
{ "type": "Feature", "properties": { "category": "school", "weight": 100 }, "geometry": { "type": "Point", "coordinates": [ 226567.259015996329254, 894671.227279945858754 ] } },
{ "type": "Feature", "properties": { "category": "school", "weight": 100 }, "geometry": { "type": "Point", "coordinates": [ 236591.728662915411405, 910397.652288739802316 ] } },
{ "type": "Feature", "properties": { "category": "school", "weight": 100 }, "geometry": { "type": "Point", "coordinates": [ 231751.64791448431788, 899293.42060553887859 ] } },
{ "type": "Feature", "properties": { "category": "school", "weight": 100 }, "geometry": { "type": "Point", "coordinates": [ 241855.923666038434021, 905113.551846809918061 ] } },
{ "type": "Feature", "properties": { "category": "school", "weight": 100 }, "geometry": { "type": "Point", "coordinates": [ 237547.76666690420825, 898346.731781026115641 ] } },
{ "type": "Feature", "properties": { "category": "school", "weight": 100 }, "geometry": { "type": "Point", "coordinates": [ 246135.891585839854088, 912834.724092261050828 ] } },
{ "type": "Feature", "properties": { "category": "school", "weight": 100 }, "geometry": { "type": "Point", "coordinates": [ 236568.570325533597497, 900571.680521605652757 ] } },
{ "type": "Feature", "properties": { "category": "school", "weight": 100 }, "geometry": { "type": "Point", "coordinates": [ 231252.046488621737808, 886557.412231249385513 ] } },
{ "type": "Feature", "properties": { "category": "school", "weight": 100 }, "geometry": { "type": "Point", "coordinates": [ 220633.882355682289926, 899100.257212323951535 ] } },
{ "type": "Feature", "properties": { "category": "school", "weight": 100 }, "geometry": { "type": "Point", "coordinates": [ 234787.770071675418876, 897840.902093578479253 ] } },
{ "type": "Feature", "properties": { "category": "school", "weight": 100 }, "geometry": { "type": "Point", "coordinates": [ 236067.013395727175521, 895363.550645893672481 ] } },
{ "type": "Feature", "properties": { "category": "school", "weight": 100 }, "geometry": { "type": "Point", "coordinates": [ 234988.995566716359463, 899653.909948739805259 ] } },
{ "type": "Feature", "properties": { "category": "school", "weight": 100 }, "geometry": { "type": "Point", "coordinates": [ 229503.193777929933276, 898223.057242828188464 ] } },
{ "type": "Feature", "properties": { "category": "school", "weight": 100 }, "geometry": { "type": "Point", "coordinates": [ 232863.147036373033188, 899826.481827915180475 ] } },
{ "type": "Feature", "properties": { "category": "school", "weight": 100 }, "geometry": { "type": "Point", "coordinates": [ 227216.188638321647886, 898354.454026760067791 ] } },
{ "type": "Feature", "properties": { "category": "school", "weight": 100 }, "geometry": { "type": "Point", "coordinates": [ 235478.427972947130911, 900766.032618538592942 ] } },
{ "type": "Feature", "properties": { "category": "school", "weight": 100 }, "geometry": { "type": "Point", "coordinates": [ 245277.299477670370834, 913159.043059225892648 ] } },
{ "type": "Feature", "properties": { "category": "school", "weight": 100 }, "geometry": { "type": "Point", "coordinates": [ 225324.055408854561392, 904327.686846385593526 ] } },
{ "type": "Feature", "properties": { "category": "school", "weight": 100 }, "geometry": { "type": "Point", "coordinates": [ 223284.559855344734387, 904962.10574640322011 ] } },
{ "type": "Feature", "properties": { "category": "school", "weight": 100 }, "geometry": { "type": "Point", "coordinates": [ 234445.139321402122732, 897204.519148229621351 ] } },
{ "type": "Feature", "properties": { "category": "school", "weight": 100 }, "geometry": { "type": "Point", "coordinates": [ 242362.626554309012135, 903158.92571961809881 ] } },
{ "type": "Feature", "properties": { "category": "school", "weight": 100 }, "geometry": { "type": "Point", "coordinates": [ 235848.256879721942823, 899812.638576362049207 ] } },
{ "type": "Feature", "properties": { "category": "school", "weight": 100 }, "geometry": { "type": "Point", "coordinates": [ 222260.213826551567763, 902448.312035393668339 ] } },
{ "type": "Feature", "properties": { "category": "school", "weight": 100 }, "geometry": { "type": "Point", "coordinates": [ 236424.267047951143468, 902026.056733383797109 ] } },
{ "type": "Feature", "properties": { "category": "school", "weight": 100 }, "geometry": { "type": "Point", "coordinates": [ 235231.249078357592225, 898502.466786385048181 ] } },
{ "type": "Feature", "properties": { "category": "school", "weight": 100 }, "geometry": { "type": "Point", "coordinates": [ 237332.710950445383787, 908596.167117713368498 ] } },
{ "type": "Feature", "properties": { "category": "school", "weight": 100 }, "geometry": { "type": "Point", "coordinates": [ 234755.770763561275089, 900294.782795980805531 ] } },
{ "type": "Feature", "properties": { "category": "school", "weight": 100 }, "geometry": { "type": "Point", "coordinates": [ 234023.769015582627617, 904470.856937074451707 ] } },
{ "type": "Feature", "properties": { "category": "school", "weight": 100 }, "geometry": { "type": "Point", "coordinates": [ 225430.453904872469138, 895557.967131586978212 ] } },
{ "type": "Feature", "properties": { "category": "school", "weight": 100 }, "geometry": { "type": "Point", "coordinates": [ 221633.472173887916142, 902673.285693060839549 ] } },
{ "type": "Feature", "properties": { "category": "school", "weight": 100 }, "geometry": { "type": "Point", "coordinates": [ 227844.503663902403787, 907579.171720664948225 ] } },
{ "type": "Feature", "properties": { "category": "school", "weight": 100 }, "geometry": { "type": "Point", "coordinates": [ 231880.627843592665158, 901903.777280322741717 ] } },
{ "type": "Feature", "properties": { "category": "school", "weight": 100 }, "geometry": { "type": "Point", "coordinates": [ 228569.644672491209349, 902165.561937946360558 ] } },
{ "type": "Feature", "properties": { "category": "school", "weight": 100 }, "geometry": { "type": "Point", "coordinates": [ 220819.045501865737606, 894394.499755571363494 ] } },
{ "type": "Feature", "properties": { "category": "school", "weight": 100 }, "geometry": { "type": "Point", "coordinates": [ 236307.994051884452347, 906208.909586966270581 ] } },
{ "type": "Feature", "properties": { "category": "school", "weight": 100 }, "geometry": { "type": "Point", "coordinates": [ 235507.727857261023019, 899858.673332371050492 ] } },
{ "type": "Feature", "properties": { "category": "school", "weight": 100 }, "geometry": { "type": "Point", "coordinates": [ 221863.533166255423566, 892063.525666650035419 ] } },
{ "type": "Feature", "properties": { "category": "school", "weight": 100 }, "geometry": { "type": "Point", "coordinates": [ 235233.224842914642068, 911369.429947152384557 ] } },
{ "type": "Feature", "properties": { "category": "school", "weight": 100 }, "geometry": { "type": "Point", "coordinates": [ 233124.146588085131953, 896002.316027483320795 ] } },
{ "type": "Feature", "properties": { "category": "school", "weight": 100 }, "geometry": { "type": "Point", "coordinates": [ 232922.605594820226543, 894323.555938224773854 ] } },
{ "type": "Feature", "properties": { "category": "school", "weight": 100 }, "geometry": { "type": "Point", "coordinates": [ 232060.668715531326598, 899868.428074598545209 ] } },
{ "type": "Feature", "properties": { "category": "school", "weight": 100 }, "geometry": { "type": "Point", "coordinates": [ 230776.299788768490544, 892955.152241343283094 ] } },
{ "type": "Feature", "properties": { "category": "school", "weight": 100 }, "geometry": { "type": "Point", "coordinates": [ 237693.829145683848765, 896451.086553739500232 ] } },
{ "type": "Feature", "properties": { "category": "school", "weight": 100 }, "geometry": { "type": "Point", "coordinates": [ 244819.427238140342524, 912830.077270939247683 ] } },
{ "type": "Feature", "properties": { "category": "school", "weight": 100 }, "geometry": { "type": "Point", "coordinates": [ 222268.62840467467322, 901638.47234577673953 ] } },
{ "type": "Feature", "properties": { "category": "school", "weight": 100 }, "geometry": { "type": "Point", "coordinates": [ 234083.283181891223649, 902183.371202602982521 ] } },
{ "type": "Feature", "properties": { "category": "school", "weight": 100 }, "geometry": { "type": "Point", "coordinates": [ 235284.945200970047154, 900741.732006121077575 ] } },
{ "type": "Feature", "properties": { "category": "school", "weight": 100 }, "geometry": { "type": "Point", "coordinates": [ 236052.824730660009664, 901069.533734648488462 ] } },
{ "type": "Feature", "properties": { "category": "school", "weight": 100 }, "geometry": { "type": "Point", "coordinates": [ 240792.838762354600476, 907164.382713047787547 ] } },
{ "type": "Feature", "properties": { "category": "school", "weight": 100 }, "geometry": { "type": "Point", "coordinates": [ 235839.097896728577325, 908319.901740051689558 ] } },
{ "type": "Feature", "properties": { "category": "school", "weight": 100 }, "geometry": { "type": "Point", "coordinates": [ 233119.191338457778329, 903522.586589234997518 ] } },
{ "type": "Feature", "properties": { "category": "school", "weight": 100 }, "geometry": { "type": "Point", "coordinates": [ 235691.42413765512174, 908472.217409656615928 ] } },
{ "type": "Feature", "properties": { "category": "school", "weight": 100 }, "geometry": { "type": "Point", "coordinates": [ 232694.006218674971024, 895037.267425613943487 ] } },
{ "type": "Feature", "properties": { "category": "school", "weight": 100 }, "geometry": { "type": "Point", "coordinates": [ 232847.468131500878371, 901505.906068390468135 ] } },
{ "type": "Feature", "properties": { "category": "school", "weight": 100 }, "geometry": { "type": "Point", "coordinates": [ 234614.051878254918847, 908599.784441652707756 ] } },
{ "type": "Feature", "properties": { "category": "school", "weight": 100 }, "geometry": { "type": "Point", "coordinates": [ 235157.041239526501158, 895740.713993273442611 ] } },
{ "type": "Feature", "properties": { "category": "school", "weight": 100 }, "geometry": { "type": "Point", "coordinates": [ 233263.19085252500372, 899858.688084091292694 ] } },
{ "type": "Feature", "properties": { "category": "school", "weight": 100 }, "geometry": { "type": "Point", "coordinates": [ 228451.133560995018343, 898905.732381963636726 ] } },
{ "type": "Feature", "properties": { "category": "school", "weight": 100 }, "geometry": { "type": "Point", "coordinates": [ 231141.323396533902269, 906421.802976461593062 ] } },
{ "type": "Feature", "properties": { "category": "school", "weight": 100 }, "geometry": { "type": "Point", "coordinates": [ 235338.486201451101806, 897383.677406052593142 ] } },
{ "type": "Feature", "properties": { "category": "school", "weight": 100 }, "geometry": { "type": "Point", "coordinates": [ 237880.007100262853783, 902452.521195567911491 ] } },
{ "type": "Feature", "properties": { "category": "school", "weight": 100 }, "geometry": { "type": "Point", "coordinates": [ 234432.740081268362701, 900273.420724402181804 ] } },
{ "type": "Feature", "properties": { "category": "school", "weight": 100 }, "geometry": { "type": "Point", "coordinates": [ 236848.310429420031141, 901586.175754285301082 ] } },
{ "type": "Feature", "properties": { "category": "school", "weight": 100 }, "geometry": { "type": "Point", "coordinates": [ 229380.395186122332234, 899150.037582755321637 ] } },
{ "type": "Feature", "properties": { "category": "school", "weight": 100 }, "geometry": { "type": "Point", "coordinates": [ 231009.191204552422278, 888148.043684861506335 ] } },
{ "type": "Feature", "properties": { "category": "school", "weight": 100 }, "geometry": { "type": "Point", "coordinates": [ 222885.914594671980012, 893188.30701268883422 ] } },
{ "type": "Feature", "properties": { "category": "school", "weight": 100 }, "geometry": { "type": "Point", "coordinates": [ 231986.747990691539599, 895378.685856169555336 ] } },
{ "type": "Feature", "properties": { "category": "school", "weight": 100 }, "geometry": { "type": "Point", "coordinates": [ 233088.369297100114636, 906567.891498243203387 ] } },
{ "type": "Feature", "properties": { "category": "school", "weight": 100 }, "geometry": { "type": "Point", "coordinates": [ 221427.162671340222005, 900834.766141360509209 ] } },
{ "type": "Feature", "properties": { "category": "school", "weight": 100 }, "geometry": { "type": "Point", "coordinates": [ 237022.531898920889944, 911110.05013607267756 ] } },
{ "type": "Feature", "properties": { "category": "school", "weight": 100 }, "geometry": { "type": "Point", "coordinates": [ 239918.394192501029465, 903945.046653224504553 ] } },
{ "type": "Feature", "properties": { "category": "school", "weight": 100 }, "geometry": { "type": "Point", "coordinates": [ 235507.727857261023019, 899858.673332371050492 ] } },
{ "type": "Feature", "properties": { "category": "school", "weight": 100 }, "geometry": { "type": "Point", "coordinates": [ 232384.123425765137654, 896296.666033776942641 ] } },
{ "type": "Feature", "properties": { "category": "school", "weight": 100 }, "geometry": { "type": "Point", "coordinates": [ 224040.476970861549489, 892142.493264732067473 ] } },
{ "type": "Feature", "properties": { "category": "school", "weight": 100 }, "geometry": { "type": "Point", "coordinates": [ 228993.233647016837494, 893119.523128213477321 ] } },
{ "type": "Feature", "properties": { "category": "school", "weight": 100 }, "geometry": { "type": "Point", "coordinates": [ 236270.7722319153836, 901044.218759360839613 ] } },
{ "type": "Feature", "properties": { "category": "school", "weight": 100 }, "geometry": { "type": "Point", "coordinates": [ 230751.120904791314388, 889657.202521044528112 ] } },
{ "type": "Feature", "properties": { "category": "school", "weight": 100 }, "geometry": { "type": "Point", "coordinates": [ 224520.076358536200132, 895823.649512651958503 ] } },
{ "type": "Feature", "properties": { "category": "school", "weight": 100 }, "geometry": { "type": "Point", "coordinates": [ 228706.684800346585689, 900154.058963587740436 ] } },
{ "type": "Feature", "properties": { "category": "school", "weight": 100 }, "geometry": { "type": "Point", "coordinates": [ 234631.498204447212629, 900099.782934170099907 ] } },
{ "type": "Feature", "properties": { "category": "school", "weight": 100 }, "geometry": { "type": "Point", "coordinates": [ 243453.581050563778263, 916294.910892011597753 ] } },
{ "type": "Feature", "properties": { "category": "school", "weight": 100 }, "geometry": { "type": "Point", "coordinates": [ 234492.945990024891216, 895238.467763083754107 ] } },
{ "type": "Feature", "properties": { "category": "school", "weight": 100 }, "geometry": { "type": "Point", "coordinates": [ 225722.610300485510379, 893514.229717920068651 ] } },
{ "type": "Feature", "properties": { "category": "school", "weight": 100 }, "geometry": { "type": "Point", "coordinates": [ 236464.37220629065996, 913214.554037964669988 ] } },
{ "type": "Feature", "properties": { "category": "school", "weight": 100 }, "geometry": { "type": "Point", "coordinates": [ 244194.706433572864626, 912423.664595751673914 ] } },
{ "type": "Feature", "properties": { "category": "school", "weight": 100 }, "geometry": { "type": "Point", "coordinates": [ 233961.66899994641426, 904201.412445298861712 ] } },
{ "type": "Feature", "properties": { "category": "school", "weight": 100 }, "geometry": { "type": "Point", "coordinates": [ 244551.668144373805262, 915233.188116067904048 ] } },
{ "type": "Feature", "properties": { "category": "school", "weight": 100 }, "geometry": { "type": "Point", "coordinates": [ 241230.231997116759885, 889249.934736687107943 ] } },
{ "type": "Feature", "properties": { "category": "school", "weight": 100 }, "geometry": { "type": "Point", "coordinates": [ 237558.308161856723018, 907205.98343432857655 ] } },
{ "type": "Feature", "properties": { "category": "school", "weight": 100 }, "geometry": { "type": "Point", "coordinates": [ 224978.059025792957982, 898695.370546607999131 ] } },
{ "type": "Feature", "properties": { "category": "school", "weight": 100 }, "geometry": { "type": "Point", "coordinates": [ 239973.525518491282128, 906816.210799220250919 ] } },
{ "type": "Feature", "properties": { "category": "school", "weight": 100 }, "geometry": { "type": "Point", "coordinates": [ 234037.217968876939267, 889072.296983970678411 ] } },
{ "type": "Feature", "properties": { "category": "school", "weight": 100 }, "geometry": { "type": "Point", "coordinates": [ 239626.491994377429364, 903692.910280457930639 ] } },
{ "type": "Feature", "properties": { "category": "school", "weight": 100 }, "geometry": { "type": "Point", "coordinates": [ 244145.807394827977987, 911829.181363556999713 ] } },
{ "type": "Feature", "properties": { "category": "school", "weight": 100 }, "geometry": { "type": "Point", "coordinates": [ 230258.067302505834959, 900605.87765620124992 ] } },
{ "type": "Feature", "properties": { "category": "school", "weight": 100 }, "geometry": { "type": "Point", "coordinates": [ 236789.449585955531802, 901830.684137755539268 ] } },
{ "type": "Feature", "properties": { "category": "school", "weight": 100 }, "geometry": { "type": "Point", "coordinates": [ 227103.823637551744469, 904002.094454869744368 ] } },
{ "type": "Feature", "properties": { "category": "school", "weight": 100 }, "geometry": { "type": "Point", "coordinates": [ 226395.803811371821212, 902141.063039157073945 ] } },
{ "type": "Feature", "properties": { "category": "school", "weight": 100 }, "geometry": { "type": "Point", "coordinates": [ 246157.209624538605567, 914356.800926222582348 ] } },
{ "type": "Feature", "properties": { "category": "school", "weight": 100 }, "geometry": { "type": "Point", "coordinates": [ 237050.662742526154034, 898218.798419685801491 ] } },
{ "type": "Feature", "properties": { "category": "school", "weight": 100 }, "geometry": { "type": "Point", "coordinates": [ 242756.579617270210292, 888264.908891815575771 ] } },
{ "type": "Feature", "properties": { "category": "school", "weight": 100 }, "geometry": { "type": "Point", "coordinates": [ 233560.385515627800487, 896286.408930924953893 ] } },
{ "type": "Feature", "properties": { "category": "school", "weight": 100 }, "geometry": { "type": "Point", "coordinates": [ 226833.157132527674548, 908201.275326674920507 ] } },
{ "type": "Feature", "properties": { "category": "school", "weight": 100 }, "geometry": { "type": "Point", "coordinates": [ 227889.246174375992268, 900120.887539994204417 ] } },
{ "type": "Feature", "properties": { "category": "school", "weight": 100 }, "geometry": { "type": "Point", "coordinates": [ 224903.553991452616174, 900534.65467403200455 ] } },
{ "type": "Feature", "properties": { "category": "school", "weight": 100 }, "geometry": { "type": "Point", "coordinates": [ 235027.324479473463725, 890198.242157454020344 ] } },
{ "type": "Feature", "properties": { "category": "school", "weight": 100 }, "geometry": { "type": "Point", "coordinates": [ 234288.446446813584771, 896274.815124761778861 ] } },
{ "type": "Feature", "properties": { "category": "school", "weight": 100 }, "geometry": { "type": "Point", "coordinates": [ 228042.530313527880935, 888550.910192949115299 ] } },
{ "type": "Feature", "properties": { "category": "school", "weight": 100 }, "geometry": { "type": "Point", "coordinates": [ 236147.103143688087584, 903384.227215486345813 ] } },
{ "type": "Feature", "properties": { "category": "school", "weight": 100 }, "geometry": { "type": "Point", "coordinates": [ 229979.244160525355255, 901153.073337119654752 ] } },
{ "type": "Feature", "properties": { "category": "school", "weight": 100 }, "geometry": { "type": "Point", "coordinates": [ 245277.299477670370834, 913159.043059225892648 ] } },
{ "type": "Feature", "properties": { "category": "school", "weight": 100 }, "geometry": { "type": "Point", "coordinates": [ 243882.322521164780483, 913344.015315522556193 ] } },
{ "type": "Feature", "properties": { "category": "school", "weight": 100 }, "geometry": { "type": "Point", "coordinates": [ 232277.216946644650307, 898914.485538228182122 ] } },
{ "type": "Feature", "properties": { "category": "school", "weight": 100 }, "geometry": { "type": "Point", "coordinates": [ 244454.374366232397733, 913318.180732855573297 ] } },
{ "type": "Feature", "properties": { "category": "school", "weight": 100 }, "geometry": { "type": "Point", "coordinates": [ 233075.198333039763384, 902039.260863726260141 ] } },
{ "type": "Feature", "properties": { "category": "school", "weight": 100 }, "geometry": { "type": "Point", "coordinates": [ 227621.611599991621915, 896499.164182222215459 ] } },
{ "type": "Feature", "properties": { "category": "school", "weight": 100 }, "geometry": { "type": "Point", "coordinates": [ 224462.375921488332096, 893877.284212949918583 ] } },
{ "type": "Feature", "properties": { "category": "school", "weight": 100 }, "geometry": { "type": "Point", "coordinates": [ 242375.490296161733568, 913122.028889803797938 ] } },
{ "type": "Feature", "properties": { "category": "school", "weight": 100 }, "geometry": { "type": "Point", "coordinates": [ 234670.762951675336808, 908764.129330766154453 ] } },
{ "type": "Feature", "properties": { "category": "school", "weight": 100 }, "geometry": { "type": "Point", "coordinates": [ 236445.349751227884553, 900819.855456317542121 ] } },
{ "type": "Feature", "properties": { "category": "school", "weight": 100 }, "geometry": { "type": "Point", "coordinates": [ 233021.209632787940791, 899294.494325890555046 ] } },
{ "type": "Feature", "properties": { "category": "school", "weight": 100 }, "geometry": { "type": "Point", "coordinates": [ 228177.415912541153375, 892559.939884023740888 ] } },
{ "type": "Feature", "properties": { "category": "school", "weight": 100 }, "geometry": { "type": "Point", "coordinates": [ 240917.204023379279533, 911498.470700683072209 ] } },
{ "type": "Feature", "properties": { "category": "school", "weight": 100 }, "geometry": { "type": "Point", "coordinates": [ 233131.387368329102173, 896862.530292856739834 ] } },
{ "type": "Feature", "properties": { "category": "school", "weight": 100 }, "geometry": { "type": "Point", "coordinates": [ 224756.574267632211559, 902943.075312615022995 ] } },
{ "type": "Feature", "properties": { "category": "school", "weight": 100 }, "geometry": { "type": "Point", "coordinates": [ 238110.569694874924608, 900261.523908137925901 ] } },
{ "type": "Feature", "properties": { "category": "school", "weight": 100 }, "geometry": { "type": "Point", "coordinates": [ 230383.613139006425627, 895078.334623939357698 ] } },
{ "type": "Feature", "properties": { "category": "school", "weight": 100 }, "geometry": { "type": "Point", "coordinates": [ 231908.686608301301021, 900676.826527417520992 ] } },
{ "type": "Feature", "properties": { "category": "school", "weight": 100 }, "geometry": { "type": "Point", "coordinates": [ 234414.149810732516926, 900065.391858661314473 ] } },
{ "type": "Feature", "properties": { "category": "school", "weight": 100 }, "geometry": { "type": "Point", "coordinates": [ 230047.228708306240151, 907903.497291684965603 ] } },
{ "type": "Feature", "properties": { "category": "school", "weight": 100 }, "geometry": { "type": "Point", "coordinates": [ 235544.596500427724095, 908507.462245761416852 ] } },
{ "type": "Feature", "properties": { "category": "school", "weight": 100 }, "geometry": { "type": "Point", "coordinates": [ 234796.149939149210695, 898795.321537385927513 ] } },
{ "type": "Feature", "properties": { "category": "school", "weight": 100 }, "geometry": { "type": "Point", "coordinates": [ 235239.270324246608652, 893002.195970188942738 ] } },
{ "type": "Feature", "properties": { "category": "school", "weight": 100 }, "geometry": { "type": "Point", "coordinates": [ 234301.553763897274621, 901222.718272592988797 ] } },
{ "type": "Feature", "properties": { "category": "school", "weight": 100 }, "geometry": { "type": "Point", "coordinates": [ 234275.817871814331738, 895313.938074337434955 ] } },
{ "type": "Feature", "properties": { "category": "school", "weight": 100 }, "geometry": { "type": "Point", "coordinates": [ 237196.250705359969288, 900328.270335006876849 ] } },
{ "type": "Feature", "properties": { "category": "school", "weight": 100 }, "geometry": { "type": "Point", "coordinates": [ 235771.705329008342233, 906137.509880092227831 ] } },
{ "type": "Feature", "properties": { "category": "school", "weight": 100 }, "geometry": { "type": "Point", "coordinates": [ 226069.164767099864548, 888342.612938709789887 ] } },
{ "type": "Feature", "properties": { "category": "school", "weight": 100 }, "geometry": { "type": "Point", "coordinates": [ 231246.828880762506742, 899632.721467982861213 ] } },
{ "type": "Feature", "properties": { "category": "school", "weight": 100 }, "geometry": { "type": "Point", "coordinates": [ 233702.730192068149336, 891024.731742819771171 ] } },
{ "type": "Feature", "properties": { "category": "school", "weight": 100 }, "geometry": { "type": "Point", "coordinates": [ 234863.054446140915388, 887648.019135191338137 ] } },
{ "type": "Feature", "properties": { "category": "school", "weight": 100 }, "geometry": { "type": "Point", "coordinates": [ 222885.914594671980012, 893188.30701268883422 ] } },
{ "type": "Feature", "properties": { "category": "school", "weight": 100 }, "geometry": { "type": "Point", "coordinates": [ 225149.474991796800168, 900696.703764094156213 ] } },
{ "type": "Feature", "properties": { "category": "school", "weight": 100 }, "geometry": { "type": "Point", "coordinates": [ 234724.299223634967348, 896156.879752158536576 ] } },
{ "type": "Feature", "properties": { "category": "school", "weight": 100 }, "geometry": { "type": "Point", "coordinates": [ 231528.664732298086165, 890337.092977254884318 ] } },
{ "type": "Feature", "properties": { "category": "school", "weight": 100 }, "geometry": { "type": "Point", "coordinates": [ 238372.829089133330854, 902236.148585095303133 ] } },
{ "type": "Feature", "properties": { "category": "school", "weight": 100 }, "geometry": { "type": "Point", "coordinates": [ 238075.839506566524506, 906331.685889586457051 ] } },
{ "type": "Feature", "properties": { "category": "school", "weight": 100 }, "geometry": { "type": "Point", "coordinates": [ 242374.913812909944681, 913462.49082971457392 ] } },
{ "type": "Feature", "properties": { "category": "school", "weight": 100 }, "geometry": { "type": "Point", "coordinates": [ 234982.156357100640889, 892843.628514789859764 ] } },
{ "type": "Feature", "properties": { "category": "school", "weight": 100 }, "geometry": { "type": "Point", "coordinates": [ 233451.120023636467522, 890119.707211485132575 ] } },
{ "type": "Feature", "properties": { "category": "school", "weight": 100 }, "geometry": { "type": "Point", "coordinates": [ 243537.112179841118632, 913273.32666790438816 ] } },
{ "type": "Feature", "properties": { "category": "school", "weight": 100 }, "geometry": { "type": "Point", "coordinates": [ 234492.945990024891216, 895238.467763083754107 ] } },
{ "type": "Feature", "properties": { "category": "school", "weight": 100 }, "geometry": { "type": "Point", "coordinates": [ 234187.676962819125038, 894619.168232991127297 ] } },
{ "type": "Feature", "properties": { "category": "school", "weight": 100 }, "geometry": { "type": "Point", "coordinates": [ 230883.632926963909995, 908936.501408934826031 ] } },
{ "type": "Feature", "properties": { "category": "school", "weight": 100 }, "geometry": { "type": "Point", "coordinates": [ 230935.203440543322358, 892642.614682554383762 ] } },
{ "type": "Feature", "properties": { "category": "school", "weight": 100 }, "geometry": { "type": "Point", "coordinates": [ 231965.475931647815742, 902735.249804017948918 ] } },
{ "type": "Feature", "properties": { "category": "school", "weight": 100 }, "geometry": { "type": "Point", "coordinates": [ 226485.521601889224257, 908750.019646675791591 ] } },
{ "type": "Feature", "properties": { "category": "school", "weight": 100 }, "geometry": { "type": "Point", "coordinates": [ 233624.947202870534966, 896438.781793951056898 ] } },
{ "type": "Feature", "properties": { "category": "school", "weight": 100 }, "geometry": { "type": "Point", "coordinates": [ 233872.288677418022417, 899339.421015802072361 ] } },
{ "type": "Feature", "properties": { "category": "school", "weight": 100 }, "geometry": { "type": "Point", "coordinates": [ 230340.855065419978928, 888279.421245159581304 ] } },
{ "type": "Feature", "properties": { "category": "school", "weight": 100 }, "geometry": { "type": "Point", "coordinates": [ 235369.174208014330361, 901962.905133064719848 ] } },
{ "type": "Feature", "properties": { "category": "school", "weight": 100 }, "geometry": { "type": "Point", "coordinates": [ 234252.19643215322867, 896270.19536529481411 ] } },
{ "type": "Feature", "properties": { "category": "school", "weight": 100 }, "geometry": { "type": "Point", "coordinates": [ 222599.523783123906469, 891790.384266929700971 ] } },
{ "type": "Feature", "properties": { "category": "school", "weight": 100 }, "geometry": { "type": "Point", "coordinates": [ 226051.947155719506554, 901866.528317843098193 ] } },
{ "type": "Feature", "properties": { "category": "school", "weight": 100 }, "geometry": { "type": "Point", "coordinates": [ 232555.742555246280972, 902312.752830924466252 ] } },
{ "type": "Feature", "properties": { "category": "school", "weight": 100 }, "geometry": { "type": "Point", "coordinates": [ 225899.162901661911746, 902398.914524333318695 ] } },
{ "type": "Feature", "properties": { "category": "school", "weight": 100 }, "geometry": { "type": "Point", "coordinates": [ 221690.51740057716961, 891167.723194596357644 ] } },
{ "type": "Feature", "properties": { "category": "school", "weight": 100 }, "geometry": { "type": "Point", "coordinates": [ 235754.935382358904462, 908589.285651924437843 ] } },
{ "type": "Feature", "properties": { "category": "school", "weight": 100 }, "geometry": { "type": "Point", "coordinates": [ 231885.560200427076779, 898219.575247732922435 ] } },
{ "type": "Feature", "properties": { "category": "school", "weight": 100 }, "geometry": { "type": "Point", "coordinates": [ 242332.081771226250567, 912874.276931781321764 ] } },
{ "type": "Feature", "properties": { "category": "school", "weight": 100 }, "geometry": { "type": "Point", "coordinates": [ 245287.960502807603916, 914500.983969650696963 ] } },
{ "type": "Feature", "properties": { "category": "school", "weight": 100 }, "geometry": { "type": "Point", "coordinates": [ 236893.530215216160286, 896579.023754677735269 ] } },
{ "type": "Feature", "properties": { "category": "school", "weight": 100 }, "geometry": { "type": "Point", "coordinates": [ 231130.974766788596753, 901864.870640512555838 ] } },
{ "type": "Feature", "properties": { "category": "school", "weight": 100 }, "geometry": { "type": "Point", "coordinates": [ 238032.310807771777036, 898370.885795875103213 ] } },
{ "type": "Feature", "properties": { "category": "school", "weight": 100 }, "geometry": { "type": "Point", "coordinates": [ 232133.219395032065222, 890258.964372978778556 ] } },
{ "type": "Feature", "properties": { "category": "school", "weight": 100 }, "geometry": { "type": "Point", "coordinates": [ 224824.82144923353917, 899896.681509533664212 ] } },
{ "type": "Feature", "properties": { "category": "school", "weight": 100 }, "geometry": { "type": "Point", "coordinates": [ 241215.007144348870497, 889017.36312027880922 ] } },
{ "type": "Feature", "properties": { "category": "school", "weight": 100 }, "geometry": { "type": "Point", "coordinates": [ 226873.774601413286291, 901174.721801835112274 ] } },
{ "type": "Feature", "properties": { "category": "school", "weight": 100 }, "geometry": { "type": "Point", "coordinates": [ 234467.33537177668768, 897468.769688870990649 ] } },
{ "type": "Feature", "properties": { "category": "school", "weight": 100 }, "geometry": { "type": "Point", "coordinates": [ 223637.853178929537535, 900876.066816650680266 ] } },
{ "type": "Feature", "properties": { "category": "school", "weight": 100 }, "geometry": { "type": "Point", "coordinates": [ 244551.668144373805262, 915233.188116067904048 ] } },
{ "type": "Feature", "properties": { "category": "school", "weight": 100 }, "geometry": { "type": "Point", "coordinates": [ 235257.17994817046565, 912904.464708936633542 ] } },
{ "type": "Feature", "properties": { "category": "school", "weight": 100 }, "geometry": { "type": "Point", "coordinates": [ 240568.830719702789793, 906986.245342515408993 ] } },
{ "type": "Feature", "properties": { "category": "school", "weight": 100 }, "geometry": { "type": "Point", "coordinates": [ 242840.695475975226145, 903459.073309620143846 ] } },
{ "type": "Feature", "properties": { "category": "school", "weight": 100 }, "geometry": { "type": "Point", "coordinates": [ 233658.957602417620365, 902451.023599911481142 ] } },
{ "type": "Feature", "properties": { "category": "school", "weight": 100 }, "geometry": { "type": "Point", "coordinates": [ 234843.775808892794885, 900425.290890178293921 ] } },
{ "type": "Feature", "properties": { "category": "school", "weight": 100 }, "geometry": { "type": "Point", "coordinates": [ 223913.794942234671907, 903380.246317300596274 ] } },
{ "type": "Feature", "properties": { "category": "school", "weight": 100 }, "geometry": { "type": "Point", "coordinates": [ 225412.947363533690805, 899533.117492642719299 ] } },
{ "type": "Feature", "properties": { "category": "school", "weight": 100 }, "geometry": { "type": "Point", "coordinates": [ 243755.544728457374731, 913773.554628542857245 ] } },
{ "type": "Feature", "properties": { "category": "school", "weight": 100 }, "geometry": { "type": "Point", "coordinates": [ 235005.792209673090838, 895485.148906397633255 ] } },
{ "type": "Feature", "properties": { "category": "school", "weight": 100 }, "geometry": { "type": "Point", "coordinates": [ 232872.361183768312912, 896322.257789450581186 ] } },
{ "type": "Feature", "properties": { "category": "school", "weight": 100 }, "geometry": { "type": "Point", "coordinates": [ 233704.621234507241752, 897307.119864652864635 ] } },
{ "type": "Feature", "properties": { "category": "school", "weight": 100 }, "geometry": { "type": "Point", "coordinates": [ 230600.372974817932118, 904673.37626148108393 ] } },
{ "type": "Feature", "properties": { "category": "school", "weight": 100 }, "geometry": { "type": "Point", "coordinates": [ 232817.457909049815498, 896869.83306040475145 ] } },
{ "type": "Feature", "properties": { "category": "school", "weight": 100 }, "geometry": { "type": "Point", "coordinates": [ 230981.262445253145415, 903686.11388436681591 ] } },
{ "type": "Feature", "properties": { "category": "school", "weight": 100 }, "geometry": { "type": "Point", "coordinates": [ 233872.288677418022417, 899339.421015802072361 ] } },
{ "type": "Feature", "properties": { "category": "school", "weight": 100 }, "geometry": { "type": "Point", "coordinates": [ 222038.224841985211242, 905209.787271328736097 ] } },
{ "type": "Feature", "properties": { "category": "school", "weight": 100 }, "geometry": { "type": "Point", "coordinates": [ 237542.700467695627594, 899757.949318201979622 ] } },
{ "type": "Feature", "properties": { "category": "school", "weight": 100 }, "geometry": { "type": "Point", "coordinates": [ 233666.577396456210408, 891338.903624007245526 ] } },
{ "type": "Feature", "properties": { "category": "school", "weight": 100 }, "geometry": { "type": "Point", "coordinates": [ 239603.862235431442969, 912835.683018407435156 ] } },
{ "type": "Feature", "properties": { "category": "school", "weight": 100 }, "geometry": { "type": "Point", "coordinates": [ 242336.343799126014346, 903010.365432771737687 ] } },
{ "type": "Feature", "properties": { "category": "school", "weight": 100 }, "geometry": { "type": "Point", "coordinates": [ 232905.617500561580528, 895680.722235774155706 ] } },
{ "type": "Feature", "properties": { "category": "school", "weight": 100 }, "geometry": { "type": "Point", "coordinates": [ 227399.593741953576682, 902064.041432308149524 ] } },
{ "type": "Feature", "properties": { "category": "school", "weight": 100 }, "geometry": { "type": "Point", "coordinates": [ 237519.449321414373117, 909424.710279402323067 ] } },
{ "type": "Feature", "properties": { "category": "school", "weight": 100 }, "geometry": { "type": "Point", "coordinates": [ 244145.807394827977987, 911829.181363556999713 ] } },
{ "type": "Feature", "properties": { "category": "school", "weight": 100 }, "geometry": { "type": "Point", "coordinates": [ 229209.236178919876693, 899905.205749292275868 ] } },
{ "type": "Feature", "properties": { "category": "school", "weight": 100 }, "geometry": { "type": "Point", "coordinates": [ 240806.488490338757401, 911624.680538136744872 ] } },
{ "type": "Feature", "properties": { "category": "school", "weight": 100 }, "geometry": { "type": "Point", "coordinates": [ 227999.607120317232329, 899511.511649535037577 ] } },
{ "type": "Feature", "properties": { "category": "school", "weight": 100 }, "geometry": { "type": "Point", "coordinates": [ 234374.252380342688411, 889795.815632315236144 ] } },
{ "type": "Feature", "properties": { "category": "school", "weight": 100 }, "geometry": { "type": "Point", "coordinates": [ 235983.369262713997159, 895742.228011531988159 ] } },
{ "type": "Feature", "properties": { "category": "school", "weight": 100 }, "geometry": { "type": "Point", "coordinates": [ 227660.601036050065886, 904286.07077999773901 ] } },
{ "type": "Feature", "properties": { "category": "school", "weight": 100 }, "geometry": { "type": "Point", "coordinates": [ 241256.316764821589459, 889304.848158716806211 ] } },
{ "type": "Feature", "properties": { "category": "school", "weight": 100 }, "geometry": { "type": "Point", "coordinates": [ 221692.524922877986683, 901899.812526697875001 ] } },
{ "type": "Feature", "properties": { "category": "school", "weight": 100 }, "geometry": { "type": "Point", "coordinates": [ 245277.299477670370834, 913159.043059225892648 ] } },
{ "type": "Feature", "properties": { "category": "school", "weight": 100 }, "geometry": { "type": "Point", "coordinates": [ 228643.299630456167506, 900200.897181948996149 ] } },
{ "type": "Feature", "properties": { "category": "school", "weight": 100 }, "geometry": { "type": "Point", "coordinates": [ 232188.220603420457337, 895133.014944040449336 ] } },
{ "type": "Feature", "properties": { "category": "school", "weight": 100 }, "geometry": { "type": "Point", "coordinates": [ 231528.664732298086165, 890337.092977254884318 ] } },
{ "type": "Feature", "properties": { "category": "school", "weight": 100 }, "geometry": { "type": "Point", "coordinates": [ 234939.423446419008542, 895733.853354646475054 ] } },
{ "type": "Feature", "properties": { "category": "school", "weight": 100 }, "geometry": { "type": "Point", "coordinates": [ 237174.724868182907812, 893847.343126953579485 ] } },
{ "type": "Feature", "properties": { "category": "school", "weight": 100 }, "geometry": { "type": "Point", "coordinates": [ 230606.053575020399876, 907921.795859228353947 ] } },
{ "type": "Feature", "properties": { "category": "school", "weight": 100 }, "geometry": { "type": "Point", "coordinates": [ 224175.091122728219489, 900055.700517098652199 ] } },
{ "type": "Feature", "properties": { "category": "school", "weight": 100 }, "geometry": { "type": "Point", "coordinates": [ 234579.946012327593053, 894094.915848814765923 ] } },
{ "type": "Feature", "properties": { "category": "school", "weight": 100 }, "geometry": { "type": "Point", "coordinates": [ 225341.026998351910152, 898157.946767114568502 ] } },
{ "type": "Feature", "properties": { "category": "school", "weight": 100 }, "geometry": { "type": "Point", "coordinates": [ 221315.933703927148599, 898366.520133278681897 ] } },
{ "type": "Feature", "properties": { "category": "school", "weight": 100 }, "geometry": { "type": "Point", "coordinates": [ 244551.668144373805262, 915233.188116067904048 ] } },
{ "type": "Feature", "properties": { "category": "school", "weight": 100 }, "geometry": { "type": "Point", "coordinates": [ 236887.865275896008825, 906616.372553541208617 ] } },
{ "type": "Feature", "properties": { "category": "school", "weight": 100 }, "geometry": { "type": "Point", "coordinates": [ 233872.288677418022417, 899339.421015802072361 ] } },
{ "type": "Feature", "properties": { "category": "school", "weight": 100 }, "geometry": { "type": "Point", "coordinates": [ 239431.748993291286752, 907809.423134224256501 ] } },
{ "type": "Feature", "properties": { "category": "school", "weight": 100 }, "geometry": { "type": "Point", "coordinates": [ 219039.098151824291563, 889945.333653789828531 ] } },
{ "type": "Feature", "properties": { "category": "school", "weight": 100 }, "geometry": { "type": "Point", "coordinates": [ 224080.274059373885393, 899473.775152473477647 ] } },
{ "type": "Feature", "properties": { "category": "school", "weight": 100 }, "geometry": { "type": "Point", "coordinates": [ 238047.365633165900363, 903168.772873889305629 ] } },
{ "type": "Feature", "properties": { "category": "school", "weight": 100 }, "geometry": { "type": "Point", "coordinates": [ 225943.630478914332343, 887650.152968127746135 ] } },
{ "type": "Feature", "properties": { "category": "school", "weight": 100 }, "geometry": { "type": "Point", "coordinates": [ 235921.284411099972203, 905944.440046160598285 ] } },
{ "type": "Feature", "properties": { "category": "school", "weight": 100 }, "geometry": { "type": "Point", "coordinates": [ 245277.299477670370834, 913159.043059225892648 ] } },
{ "type": "Feature", "properties": { "category": "school", "weight": 100 }, "geometry": { "type": "Point", "coordinates": [ 229179.51653579151025, 900038.153102812357247 ] } },
{ "type": "Feature", "properties": { "category": "school", "weight": 100 }, "geometry": { "type": "Point", "coordinates": [ 242451.419310910569038, 917274.518784600426443 ] } },
{ "type": "Feature", "properties": { "category": "school", "weight": 100 }, "geometry": { "type": "Point", "coordinates": [ 230290.73105917070643, 904283.703256816486828 ] } },
{ "type": "Feature", "properties": { "category": "school", "weight": 100 }, "geometry": { "type": "Point", "coordinates": [ 235839.097896728577325, 908319.901740051689558 ] } },
{ "type": "Feature", "properties": { "category": "school", "weight": 100 }, "geometry": { "type": "Point", "coordinates": [ 230549.962674015492667, 897629.267179314629175 ] } },
{ "type": "Feature", "properties": { "category": "school", "weight": 100 }, "geometry": { "type": "Point", "coordinates": [ 233267.199048555688933, 907341.626758157275617 ] } },
{ "type": "Feature", "properties": { "category": "school", "weight": 100 }, "geometry": { "type": "Point", "coordinates": [ 240333.95315913806553, 907480.197798765613697 ] } },
{ "type": "Feature", "properties": { "category": "school", "weight": 100 }, "geometry": { "type": "Point", "coordinates": [ 243755.544728457374731, 913773.554628542857245 ] } },
{ "type": "Feature", "properties": { "category": "school", "weight": 100 }, "geometry": { "type": "Point", "coordinates": [ 236053.506872703961562, 901081.08936908445321 ] } },
{ "type": "Feature", "properties": { "category": "school", "weight": 100 }, "geometry": { "type": "Point", "coordinates": [ 230518.906715243909275, 898118.982324058189988 ] } },
{ "type": "Feature", "properties": { "category": "school", "weight": 100 }, "geometry": { "type": "Point", "coordinates": [ 225149.474991796800168, 900696.703764094156213 ] } },
{ "type": "Feature", "properties": { "category": "school", "weight": 100 }, "geometry": { "type": "Point", "coordinates": [ 235518.400418926554266, 911503.831304926774465 ] } },
{ "type": "Feature", "properties": { "category": "school", "weight": 100 }, "geometry": { "type": "Point", "coordinates": [ 236890.692641763773281, 889319.489078406128101 ] } },
{ "type": "Feature", "properties": { "category": "school", "weight": 100 }, "geometry": { "type": "Point", "coordinates": [ 234313.60959871209343, 897824.575919382157736 ] } },
{ "type": "Feature", "properties": { "category": "school", "weight": 100 }, "geometry": { "type": "Point", "coordinates": [ 227532.893831711815437, 905019.464188672485761 ] } },
{ "type": "Feature", "properties": { "category": "school", "weight": 100 }, "geometry": { "type": "Point", "coordinates": [ 229451.627083348488668, 900242.671153506962582 ] } },
{ "type": "Feature", "properties": { "category": "school", "weight": 100 }, "geometry": { "type": "Point", "coordinates": [ 240352.222445941035403, 906363.616201045340858 ] } },
{ "type": "Feature", "properties": { "category": "school", "weight": 100 }, "geometry": { "type": "Point", "coordinates": [ 222256.7602093515452, 906473.882442621747032 ] } },
{ "type": "Feature", "properties": { "category": "school", "weight": 100 }, "geometry": { "type": "Point", "coordinates": [ 230410.279863744828617, 893105.734705604729243 ] } },
{ "type": "Feature", "properties": { "category": "school", "weight": 100 }, "geometry": { "type": "Point", "coordinates": [ 230141.30325901179458, 901206.528599451645277 ] } },
{ "type": "Feature", "properties": { "category": "school", "weight": 100 }, "geometry": { "type": "Point", "coordinates": [ 232979.598148749180837, 899978.981652212212794 ] } },
{ "type": "Feature", "properties": { "category": "school", "weight": 100 }, "geometry": { "type": "Point", "coordinates": [ 238538.874511874018935, 904984.485418275697157 ] } },
{ "type": "Feature", "properties": { "category": "school", "weight": 100 }, "geometry": { "type": "Point", "coordinates": [ 227380.622651272598887, 908764.229025215492584 ] } },
{ "type": "Feature", "properties": { "category": "school", "weight": 100 }, "geometry": { "type": "Point", "coordinates": [ 226816.162826243205927, 904547.939842494903132 ] } },
{ "type": "Feature", "properties": { "category": "school", "weight": 100 }, "geometry": { "type": "Point", "coordinates": [ 239244.881843369221315, 912480.204945968696848 ] } },
{ "type": "Feature", "properties": { "category": "school", "weight": 100 }, "geometry": { "type": "Point", "coordinates": [ 235205.998976616800064, 897093.545225197914988 ] } },
{ "type": "Feature", "properties": { "category": "school", "weight": 100 }, "geometry": { "type": "Point", "coordinates": [ 223284.559855344734387, 904962.10574640322011 ] } },
{ "type": "Feature", "properties": { "category": "school", "weight": 100 }, "geometry": { "type": "Point", "coordinates": [ 234083.283181891223649, 902183.371202602982521 ] } },
{ "type": "Feature", "properties": { "category": "school", "weight": 100 }, "geometry": { "type": "Point", "coordinates": [ 233288.498506537871435, 901890.757008358370513 ] } },
{ "type": "Feature", "properties": { "category": "school", "weight": 100 }, "geometry": { "type": "Point", "coordinates": [ 237865.864852869999595, 905609.755544200073928 ] } },
{ "type": "Feature", "properties": { "category": "school", "weight": 100 }, "geometry": { "type": "Point", "coordinates": [ 221102.897205970279174, 891607.68254953972064 ] } },
{ "type": "Feature", "properties": { "category": "school", "weight": 100 }, "geometry": { "type": "Point", "coordinates": [ 236101.521511142287636, 899977.219603926874697 ] } },
{ "type": "Feature", "properties": { "category": "school", "weight": 100 }, "geometry": { "type": "Point", "coordinates": [ 225192.397670508944429, 900719.628380547976121 ] } },
{ "type": "Feature", "properties": { "category": "school", "weight": 100 }, "geometry": { "type": "Point", "coordinates": [ 232925.742798019637121, 898231.035093506448902 ] } },
{ "type": "Feature", "properties": { "category": "school", "weight": 100 }, "geometry": { "type": "Point", "coordinates": [ 234976.680006678157952, 900125.152038143482059 ] } },
{ "type": "Feature", "properties": { "category": "school", "weight": 100 }, "geometry": { "type": "Point", "coordinates": [ 236366.954523330525262, 900860.881456209812313 ] } },
{ "type": "Feature", "properties": { "category": "school", "weight": 100 }, "geometry": { "type": "Point", "coordinates": [ 246328.277014095481718, 913604.568901047576219 ] } },
{ "type": "Feature", "properties": { "category": "school", "weight": 100 }, "geometry": { "type": "Point", "coordinates": [ 236101.51268337725196, 893814.428093510679901 ] } },
{ "type": "Feature", "properties": { "category": "school", "weight": 100 }, "geometry": { "type": "Point", "coordinates": [ 235635.932683634076966, 912737.64655106747523 ] } },
{ "type": "Feature", "properties": { "category": "school", "weight": 100 }, "geometry": { "type": "Point", "coordinates": [ 235141.67228878926835, 899408.078985950327478 ] } },
{ "type": "Feature", "properties": { "category": "school", "weight": 100 }, "geometry": { "type": "Point", "coordinates": [ 234247.402079977968242, 899757.780349399428815 ] } },
{ "type": "Feature", "properties": { "category": "school", "weight": 100 }, "geometry": { "type": "Point", "coordinates": [ 236955.348942675394937, 900561.818563531152904 ] } },
{ "type": "Feature", "properties": { "category": "school", "weight": 100 }, "geometry": { "type": "Point", "coordinates": [ 232150.080225663230522, 897901.877271624747664 ] } },
{ "type": "Feature", "properties": { "category": "school", "weight": 100 }, "geometry": { "type": "Point", "coordinates": [ 241047.328541310154833, 907617.406688112183474 ] } },
{ "type": "Feature", "properties": { "category": "school", "weight": 100 }, "geometry": { "type": "Point", "coordinates": [ 234289.657335621595848, 898983.774813586031087 ] } },
{ "type": "Feature", "properties": { "category": "school", "weight": 100 }, "geometry": { "type": "Point", "coordinates": [ 235647.915936492820038, 912111.21116644225549 ] } },
{ "type": "Feature", "properties": { "category": "school", "weight": 100 }, "geometry": { "type": "Point", "coordinates": [ 231416.456151500344276, 902918.940242286305875 ] } },
{ "type": "Feature", "properties": { "category": "school", "weight": 100 }, "geometry": { "type": "Point", "coordinates": [ 237507.564953208056977, 898142.911709944484755 ] } },
{ "type": "Feature", "properties": { "category": "school", "weight": 100 }, "geometry": { "type": "Point", "coordinates": [ 225849.78547284702654, 895890.059310754295439 ] } },
{ "type": "Feature", "properties": { "category": "school", "weight": 100 }, "geometry": { "type": "Point", "coordinates": [ 230197.720333869947353, 904466.582322283182293 ] } },
{ "type": "Feature", "properties": { "category": "school", "weight": 100 }, "geometry": { "type": "Point", "coordinates": [ 230450.224288140598219, 894090.153765675146133 ] } },
{ "type": "Feature", "properties": { "category": "school", "weight": 100 }, "geometry": { "type": "Point", "coordinates": [ 236951.512303880735999, 908036.306318848510273 ] } },
{ "type": "Feature", "properties": { "category": "school", "weight": 100 }, "geometry": { "type": "Point", "coordinates": [ 240829.22610721498495, 904345.72467042284552 ] } },
{ "type": "Feature", "properties": { "category": "school", "weight": 100 }, "geometry": { "type": "Point", "coordinates": [ 231658.128989357850514, 904392.148206749116071 ] } },
{ "type": "Feature", "properties": { "category": "school", "weight": 100 }, "geometry": { "type": "Point", "coordinates": [ 236464.14683224298642, 901182.401244604960084 ] } },
{ "type": "Feature", "properties": { "category": "school", "weight": 100 }, "geometry": { "type": "Point", "coordinates": [ 232569.568266179034254, 901480.175212621688843 ] } },
{ "type": "Feature", "properties": { "category": "school", "weight": 100 }, "geometry": { "type": "Point", "coordinates": [ 233265.100437612185488, 904117.879952760064043 ] } },
{ "type": "Feature", "properties": { "category": "school", "weight": 100 }, "geometry": { "type": "Point", "coordinates": [ 231433.871694919333095, 885844.010344948503189 ] } },
{ "type": "Feature", "properties": { "category": "school", "weight": 100 }, "geometry": { "type": "Point", "coordinates": [ 237556.388858726888429, 890105.873176828841679 ] } },
{ "type": "Feature", "properties": { "category": "school", "weight": 100 }, "geometry": { "type": "Point", "coordinates": [ 230485.709856167261023, 905025.774522532825358 ] } },
{ "type": "Feature", "properties": { "category": "school", "weight": 100 }, "geometry": { "type": "Point", "coordinates": [ 235135.242787913040956, 895103.801047307206318 ] } },
{ "type": "Feature", "properties": { "category": "school", "weight": 100 }, "geometry": { "type": "Point", "coordinates": [ 238904.328072541771689, 903177.243444828665815 ] } },
{ "type": "Feature", "properties": { "category": "school", "weight": 100 }, "geometry": { "type": "Point", "coordinates": [ 230323.977152577630477, 904688.950274293543771 ] } },
{ "type": "Feature", "properties": { "category": "school", "weight": 100 }, "geometry": { "type": "Point", "coordinates": [ 231965.475931647815742, 902735.249804017948918 ] } },
{ "type": "Feature", "properties": { "category": "school", "weight": 100 }, "geometry": { "type": "Point", "coordinates": [ 236147.103143688087584, 903384.227215486345813 ] } },
{ "type": "Feature", "properties": { "category": "school", "weight": 100 }, "geometry": { "type": "Point", "coordinates": [ 231260.285309850412887, 898237.316113685723394 ] } },
{ "type": "Feature", "properties": { "category": "school", "weight": 100 }, "geometry": { "type": "Point", "coordinates": [ 238388.372844649362378, 902858.496606583474204 ] } },
{ "type": "Feature", "properties": { "category": "school", "weight": 100 }, "geometry": { "type": "Point", "coordinates": [ 235571.776286807784345, 899023.025585976545699 ] } },
{ "type": "Feature", "properties": { "category": "school", "weight": 100 }, "geometry": { "type": "Point", "coordinates": [ 234392.309701825812226, 897961.474613533471711 ] } },
{ "type": "Feature", "properties": { "category": "school", "weight": 100 }, "geometry": { "type": "Point", "coordinates": [ 235461.997346789372386, 907085.223858713521622 ] } },
{ "type": "Feature", "properties": { "category": "school", "weight": 100 }, "geometry": { "type": "Point", "coordinates": [ 228422.770069255435374, 908250.963888976839371 ] } },
{ "type": "Feature", "properties": { "category": "school", "weight": 100 }, "geometry": { "type": "Point", "coordinates": [ 228609.328313070524018, 903120.439142878865823 ] } },
{ "type": "Feature", "properties": { "category": "school", "weight": 100 }, "geometry": { "type": "Point", "coordinates": [ 239837.286793775478145, 903697.212874481920153 ] } },
{ "type": "Feature", "properties": { "category": "school", "weight": 100 }, "geometry": { "type": "Point", "coordinates": [ 243882.322521164780483, 913344.015315522556193 ] } },
{ "type": "Feature", "properties": { "category": "school", "weight": 100 }, "geometry": { "type": "Point", "coordinates": [ 237973.548460079910001, 896066.820106044993736 ] } },
{ "type": "Feature", "properties": { "category": "school", "weight": 100 }, "geometry": { "type": "Point", "coordinates": [ 220579.184474558598595, 905982.685850377427414 ] } },
{ "type": "Feature", "properties": { "category": "school", "weight": 100 }, "geometry": { "type": "Point", "coordinates": [ 244819.427238140342524, 912830.077270939247683 ] } },
{ "type": "Feature", "properties": { "category": "school", "weight": 100 }, "geometry": { "type": "Point", "coordinates": [ 231792.985070843715221, 898826.082486360566691 ] } },
{ "type": "Feature", "properties": { "category": "school", "weight": 100 }, "geometry": { "type": "Point", "coordinates": [ 231003.526741717301775, 899441.701433488051407 ] } },
{ "type": "Feature", "properties": { "category": "school", "weight": 100 }, "geometry": { "type": "Point", "coordinates": [ 224757.764086516515817, 898045.235848357202485 ] } },
{ "type": "Feature", "properties": { "category": "school", "weight": 100 }, "geometry": { "type": "Point", "coordinates": [ 234349.777128740446642, 901283.713585693622008 ] } },
{ "type": "Feature", "properties": { "category": "school", "weight": 100 }, "geometry": { "type": "Point", "coordinates": [ 237558.308161856723018, 907205.98343432857655 ] } },
{ "type": "Feature", "properties": { "category": "school", "weight": 100 }, "geometry": { "type": "Point", "coordinates": [ 230141.30325901179458, 901206.528599451645277 ] } },
{ "type": "Feature", "properties": { "category": "school", "weight": 100 }, "geometry": { "type": "Point", "coordinates": [ 232403.784081302030245, 897378.868895583203994 ] } },
{ "type": "Feature", "properties": { "category": "school", "weight": 100 }, "geometry": { "type": "Point", "coordinates": [ 236411.465680313005578, 906035.495045649353415 ] } },
{ "type": "Feature", "properties": { "category": "school", "weight": 100 }, "geometry": { "type": "Point", "coordinates": [ 233226.908965957030887, 907993.806046943878755 ] } },
{ "type": "Feature", "properties": { "category": "school", "weight": 100 }, "geometry": { "type": "Point", "coordinates": [ 234291.4992628073378, 904041.395448619034141 ] } },
{ "type": "Feature", "properties": { "category": "school", "weight": 100 }, "geometry": { "type": "Point", "coordinates": [ 234982.156357100640889, 892843.628514789859764 ] } },
{ "type": "Feature", "properties": { "category": "school", "weight": 100 }, "geometry": { "type": "Point", "coordinates": [ 222137.770640485396143, 892858.684068657341413 ] } },
{ "type": "Feature", "properties": { "category": "school", "weight": 100 }, "geometry": { "type": "Point", "coordinates": [ 233724.256420609308407, 902437.34088779904414 ] } },
{ "type": "Feature", "properties": { "category": "school", "weight": 100 }, "geometry": { "type": "Point", "coordinates": [ 233872.288677418022417, 899339.421015802072361 ] } },
{ "type": "Feature", "properties": { "category": "school", "weight": 100 }, "geometry": { "type": "Point", "coordinates": [ 229533.798095993057359, 906386.532043621176854 ] } },
{ "type": "Feature", "properties": { "category": "school", "weight": 100 }, "geometry": { "type": "Point", "coordinates": [ 237285.641544923593756, 905992.096254457486793 ] } },
{ "type": "Feature", "properties": { "category": "school", "weight": 100 }, "geometry": { "type": "Point", "coordinates": [ 229179.51653579151025, 900038.153102812357247 ] } },
{ "type": "Feature", "properties": { "category": "school", "weight": 100 }, "geometry": { "type": "Point", "coordinates": [ 240282.19258234303561, 894228.119212668505497 ] } },
{ "type": "Feature", "properties": { "category": "school", "weight": 100 }, "geometry": { "type": "Point", "coordinates": [ 231517.841581764252624, 900145.777255429886281 ] } },
{ "type": "Feature", "properties": { "category": "school", "weight": 100 }, "geometry": { "type": "Point", "coordinates": [ 224080.274059373885393, 899473.775152473477647 ] } },
{ "type": "Feature", "properties": { "category": "school", "weight": 100 }, "geometry": { "type": "Point", "coordinates": [ 225653.113331286760513, 903646.305698678828776 ] } },
{ "type": "Feature", "properties": { "category": "school", "weight": 100 }, "geometry": { "type": "Point", "coordinates": [ 238303.444056801759871, 909365.407311911461875 ] } },
{ "type": "Feature", "properties": { "category": "school", "weight": 100 }, "geometry": { "type": "Point", "coordinates": [ 246618.594499182741856, 913835.988358661066741 ] } },
{ "type": "Feature", "properties": { "category": "school", "weight": 100 }, "geometry": { "type": "Point", "coordinates": [ 229734.796518892573658, 901490.266567129874602 ] } },
{ "type": "Feature", "properties": { "category": "school", "weight": 100 }, "geometry": { "type": "Point", "coordinates": [ 225401.301152525818907, 902457.856324538588524 ] } },
{ "type": "Feature", "properties": { "category": "school", "weight": 100 }, "geometry": { "type": "Point", "coordinates": [ 237471.872533694375306, 906591.028760425397195 ] } },
{ "type": "Feature", "properties": { "category": "school", "weight": 100 }, "geometry": { "type": "Point", "coordinates": [ 233106.588731069990899, 898137.468743281671777 ] } },
{ "type": "Feature", "properties": { "category": "school", "weight": 100 }, "geometry": { "type": "Point", "coordinates": [ 226905.949413103138795, 898752.137274612672627 ] } },
{ "type": "Feature", "properties": { "category": "school", "weight": 100 }, "geometry": { "type": "Point", "coordinates": [ 231563.827993096667342, 903608.508951025083661 ] } },
{ "type": "Feature", "properties": { "category": "school", "weight": 100 }, "geometry": { "type": "Point", "coordinates": [ 236411.465680313005578, 906035.495045649353415 ] } },
{ "type": "Feature", "properties": { "category": "school", "weight": 100 }, "geometry": { "type": "Point", "coordinates": [ 226246.607555670896545, 900384.256455972092226 ] } },
{ "type": "Feature", "properties": { "category": "school", "weight": 100 }, "geometry": { "type": "Point", "coordinates": [ 234037.217968876939267, 889072.296983970678411 ] } },
{ "type": "Feature", "properties": { "category": "school", "weight": 100 }, "geometry": { "type": "Point", "coordinates": [ 240786.549532450560946, 889515.043311515008099 ] } },
{ "type": "Feature", "properties": { "category": "school", "weight": 100 }, "geometry": { "type": "Point", "coordinates": [ 231908.686608301301021, 900676.826527417520992 ] } },
{ "type": "Feature", "properties": { "category": "school", "weight": 100 }, "geometry": { "type": "Point", "coordinates": [ 240333.95315913806553, 907480.197798765613697 ] } },
{ "type": "Feature", "properties": { "category": "school", "weight": 100 }, "geometry": { "type": "Point", "coordinates": [ 236439.325576550501864, 902997.628000208060257 ] } },
{ "type": "Feature", "properties": { "category": "school", "weight": 100 }, "geometry": { "type": "Point", "coordinates": [ 222268.62840467467322, 901638.47234577673953 ] } },
{ "type": "Feature", "properties": { "category": "school", "weight": 100 }, "geometry": { "type": "Point", "coordinates": [ 244194.706433572864626, 912423.664595751673914 ] } },
{ "type": "Feature", "properties": { "category": "school", "weight": 100 }, "geometry": { "type": "Point", "coordinates": [ 240305.50039947940968, 912446.78462485014461 ] } },
{ "type": "Feature", "properties": { "category": "school", "weight": 100 }, "geometry": { "type": "Point", "coordinates": [ 222122.983021164458478, 899102.787129015661776 ] } },
{ "type": "Feature", "properties": { "category": "school", "weight": 100 }, "geometry": { "type": "Point", "coordinates": [ 233717.861051774292719, 898018.077990562422201 ] } },
{ "type": "Feature", "properties": { "category": "school", "weight": 100 }, "geometry": { "type": "Point", "coordinates": [ 236178.431374046602286, 900978.428725413745269 ] } },
{ "type": "Feature", "properties": { "category": "school", "weight": 100 }, "geometry": { "type": "Point", "coordinates": [ 230883.632926963909995, 908936.501408934826031 ] } },
{ "type": "Feature", "properties": { "category": "school", "weight": 100 }, "geometry": { "type": "Point", "coordinates": [ 236416.956275681644911, 897060.614188762963749 ] } },
{ "type": "Feature", "properties": { "category": "school", "weight": 100 }, "geometry": { "type": "Point", "coordinates": [ 234533.832528254832141, 907960.79165375570301 ] } },
{ "type": "Feature", "properties": { "category": "school", "weight": 100 }, "geometry": { "type": "Point", "coordinates": [ 232771.547353476809803, 905753.306276645511389 ] } },
{ "type": "Feature", "properties": { "category": "school", "weight": 100 }, "geometry": { "type": "Point", "coordinates": [ 238593.633908481191611, 905163.179561088210903 ] } },
{ "type": "Feature", "properties": { "category": "school", "weight": 100 }, "geometry": { "type": "Point", "coordinates": [ 221247.993450190639123, 900230.850982006639242 ] } },
{ "type": "Feature", "properties": { "category": "school", "weight": 100 }, "geometry": { "type": "Point", "coordinates": [ 228420.190722625615308, 886113.998526835348457 ] } }
]
}
