{
"type": "FeatureCollection",
"name": "innercore_food_beverage_category_only",
"crs": { "type": "name", "properties": { "name": "urn:ogc:def:crs:EPSG::6491" } },
"features": [
{ "type": "Feature", "properties": { "category": "food_beverage" }, "geometry": { "type": "Point", "coordinates": [ 238827.75909654609859, 912413.567863862495869 ] } },
{ "type": "Feature", "properties": { "category": "food_beverage" }, "geometry": { "type": "Point", "coordinates": [ 236671.400860008317977, 901074.734213211457245 ] } },
{ "type": "Feature", "properties": { "category": "food_beverage" }, "geometry": { "type": "Point", "coordinates": [ 240896.021170944877667, 889179.228765213629231 ] } },
{ "type": "Feature", "properties": { "category": "food_beverage" }, "geometry": { "type": "Point", "coordinates": [ 235837.978256730362773, 900212.466817882843316 ] } },
{ "type": "Feature", "properties": { "category": "food_beverage" }, "geometry": { "type": "Point", "coordinates": [ 232537.549334825598635, 905314.900188165018335 ] } },
{ "type": "Feature", "properties": { "category": "food_beverage" }, "geometry": { "type": "Point", "coordinates": [ 235378.669760047167074, 901107.650299239205196 ] } },
{ "type": "Feature", "properties": { "category": "food_beverage" }, "geometry": { "type": "Point", "coordinates": [ 238423.002211444749264, 904898.874834783142433 ] } },
{ "type": "Feature", "properties": { "category": "food_beverage" }, "geometry": { "type": "Point", "coordinates": [ 233007.726098453858867, 898059.582934889360331 ] } },
{ "type": "Feature", "properties": { "category": "food_beverage" }, "geometry": { "type": "Point", "coordinates": [ 229523.58424395439215, 906153.112236803979613 ] } },
{ "type": "Feature", "properties": { "category": "food_beverage" }, "geometry": { "type": "Point", "coordinates": [ 234662.298202982259681, 894970.716693428577855 ] } },
{ "type": "Feature", "properties": { "category": "food_beverage" }, "geometry": { "type": "Point", "coordinates": [ 232733.621089944324922, 901117.601404778193682 ] } },
{ "type": "Feature", "properties": { "category": "food_beverage" }, "geometry": { "type": "Point", "coordinates": [ 235256.198988852556795, 899902.94893381302245 ] } },
{ "type": "Feature", "properties": { "category": "food_beverage" }, "geometry": { "type": "Point", "coordinates": [ 236506.292624864290701, 901315.580800916184671 ] } },
{ "type": "Feature", "properties": { "category": "food_beverage" }, "geometry": { "type": "Point", "coordinates": [ 226706.421591011603596, 896826.192456371034496 ] } },
{ "type": "Feature", "properties": { "category": "food_beverage" }, "geometry": { "type": "Point", "coordinates": [ 237017.474167299456894, 901530.414981251582503 ] } },
{ "type": "Feature", "properties": { "category": "food_beverage" }, "geometry": { "type": "Point", "coordinates": [ 233199.388037308235653, 903316.581271121511236 ] } },
{ "type": "Feature", "properties": { "category": "food_beverage" }, "geometry": { "type": "Point", "coordinates": [ 237348.341798749752343, 898483.294682941981591 ] } },
{ "type": "Feature", "properties": { "category": "food_beverage" }, "geometry": { "type": "Point", "coordinates": [ 230432.165373441792326, 900354.927467139903456 ] } },
{ "type": "Feature", "properties": { "category": "food_beverage" }, "geometry": { "type": "Point", "coordinates": [ 234023.769015582627617, 904470.856937074451707 ] } },
{ "type": "Feature", "properties": { "category": "food_beverage" }, "geometry": { "type": "Point", "coordinates": [ 233494.705371295101941, 891224.785896287998185 ] } },
{ "type": "Feature", "properties": { "category": "food_beverage" }, "geometry": { "type": "Point", "coordinates": [ 236661.069494497904088, 900260.032977402792312 ] } },
{ "type": "Feature", "properties": { "category": "food_beverage" }, "geometry": { "type": "Point", "coordinates": [ 235941.985049717593938, 908172.025087151676416 ] } },
{ "type": "Feature", "properties": { "category": "food_beverage" }, "geometry": { "type": "Point", "coordinates": [ 235557.500451408763183, 905048.734199460828677 ] } },
{ "type": "Feature", "properties": { "category": "food_beverage" }, "geometry": { "type": "Point", "coordinates": [ 236671.310217952268431, 901186.811722412821837 ] } },
{ "type": "Feature", "properties": { "category": "food_beverage" }, "geometry": { "type": "Point", "coordinates": [ 239919.5485358130245, 890894.971358776674606 ] } },
{ "type": "Feature", "properties": { "category": "food_beverage" }, "geometry": { "type": "Point", "coordinates": [ 233600.452845419815276, 906346.165493231150322 ] } },
{ "type": "Feature", "properties": { "category": "food_beverage" }, "geometry": { "type": "Point", "coordinates": [ 236075.138046650215983, 906299.016631586709991 ] } },
{ "type": "Feature", "properties": { "category": "food_beverage" }, "geometry": { "type": "Point", "coordinates": [ 227635.883540139038814, 896999.731780066736974 ] } },
{ "type": "Feature", "properties": { "category": "food_beverage" }, "geometry": { "type": "Point", "coordinates": [ 237612.378791545459535, 898623.994095331057906 ] } },
{ "type": "Feature", "properties": { "category": "food_beverage" }, "geometry": { "type": "Point", "coordinates": [ 234342.491115889861248, 899571.633712434908375 ] } },
{ "type": "Feature", "properties": { "category": "food_beverage" }, "geometry": { "type": "Point", "coordinates": [ 234652.232953076134436, 905081.420417530927807 ] } },
{ "type": "Feature", "properties": { "category": "food_beverage" }, "geometry": { "type": "Point", "coordinates": [ 235358.297043589991517, 898672.386996752931736 ] } },
{ "type": "Feature", "properties": { "category": "food_beverage" }, "geometry": { "type": "Point", "coordinates": [ 230367.305652868322795, 900187.808307378552854 ] } },
{ "type": "Feature", "properties": { "category": "food_beverage" }, "geometry": { "type": "Point", "coordinates": [ 231182.570613313291688, 902470.252927079447545 ] } },
{ "type": "Feature", "properties": { "category": "food_beverage" }, "geometry": { "type": "Point", "coordinates": [ 221699.16892998831463, 902922.19125008629635 ] } },
{ "type": "Feature", "properties": { "category": "food_beverage" }, "geometry": { "type": "Point", "coordinates": [ 234342.491115889861248, 899571.633712434908375 ] } },
{ "type": "Feature", "properties": { "category": "food_beverage" }, "geometry": { "type": "Point", "coordinates": [ 237587.426583101012511, 900300.027395932818763 ] } },
{ "type": "Feature", "properties": { "category": "food_beverage" }, "geometry": { "type": "Point", "coordinates": [ 237669.059042804845376, 900011.105934518855065 ] } },
{ "type": "Feature", "properties": { "category": "food_beverage" }, "geometry": { "type": "Point", "coordinates": [ 235684.927069076162297, 903093.059506581281312 ] } },
{ "type": "Feature", "properties": { "category": "food_beverage" }, "geometry": { "type": "Point", "coordinates": [ 225489.307376074575586, 897789.707848354591988 ] } },
{ "type": "Feature", "properties": { "category": "food_beverage" }, "geometry": { "type": "Point", "coordinates": [ 236813.533991072559729, 895798.398086345521733 ] } },
{ "type": "Feature", "properties": { "category": "food_beverage" }, "geometry": { "type": "Point", "coordinates": [ 236097.767526008246932, 900579.687618916388601 ] } },
{ "type": "Feature", "properties": { "category": "food_beverage" }, "geometry": { "type": "Point", "coordinates": [ 234057.792027945426526, 906131.209030883270316 ] } },
{ "type": "Feature", "properties": { "category": "food_beverage" }, "geometry": { "type": "Point", "coordinates": [ 235729.328621153137647, 896478.373596477671526 ] } },
{ "type": "Feature", "properties": { "category": "food_beverage" }, "geometry": { "type": "Point", "coordinates": [ 231955.328211118583567, 905526.275707085849717 ] } },
{ "type": "Feature", "properties": { "category": "food_beverage" }, "geometry": { "type": "Point", "coordinates": [ 232825.599321256333496, 898127.264819700736552 ] } },
{ "type": "Feature", "properties": { "category": "food_beverage" }, "geometry": { "type": "Point", "coordinates": [ 236112.804391748359194, 908482.148291867692024 ] } },
{ "type": "Feature", "properties": { "category": "food_beverage" }, "geometry": { "type": "Point", "coordinates": [ 230683.031934484839439, 900111.64754338376224 ] } },
{ "type": "Feature", "properties": { "category": "food_beverage" }, "geometry": { "type": "Point", "coordinates": [ 236717.451306397502776, 901532.061985483858734 ] } },
{ "type": "Feature", "properties": { "category": "food_beverage" }, "geometry": { "type": "Point", "coordinates": [ 239186.308682148344815, 891481.887436509248801 ] } },
{ "type": "Feature", "properties": { "category": "food_beverage" }, "geometry": { "type": "Point", "coordinates": [ 229467.194011130195577, 899261.256119782919995 ] } },
{ "type": "Feature", "properties": { "category": "food_beverage" }, "geometry": { "type": "Point", "coordinates": [ 234715.169129991292721, 900174.617950629093684 ] } },
{ "type": "Feature", "properties": { "category": "food_beverage" }, "geometry": { "type": "Point", "coordinates": [ 231379.158260245400015, 904335.912349445279688 ] } },
{ "type": "Feature", "properties": { "category": "food_beverage" }, "geometry": { "type": "Point", "coordinates": [ 233451.04887229859014, 901451.659587922738865 ] } },
{ "type": "Feature", "properties": { "category": "food_beverage" }, "geometry": { "type": "Point", "coordinates": [ 240826.264126241963822, 888372.744701922405511 ] } },
{ "type": "Feature", "properties": { "category": "food_beverage" }, "geometry": { "type": "Point", "coordinates": [ 224673.409494189429097, 903758.761448433855549 ] } },
{ "type": "Feature", "properties": { "category": "food_beverage" }, "geometry": { "type": "Point", "coordinates": [ 237987.421534756489564, 902877.1997976670973 ] } },
{ "type": "Feature", "properties": { "category": "food_beverage" }, "geometry": { "type": "Point", "coordinates": [ 233764.690479900396895, 901753.292974229669198 ] } },
{ "type": "Feature", "properties": { "category": "food_beverage" }, "geometry": { "type": "Point", "coordinates": [ 234502.635527969541727, 899999.179010520339943 ] } },
{ "type": "Feature", "properties": { "category": "food_beverage" }, "geometry": { "type": "Point", "coordinates": [ 236246.18561051771394, 896113.020273028290831 ] } },
{ "type": "Feature", "properties": { "category": "food_beverage" }, "geometry": { "type": "Point", "coordinates": [ 230765.833624100341694, 899491.086095424485393 ] } },
{ "type": "Feature", "properties": { "category": "food_beverage" }, "geometry": { "type": "Point", "coordinates": [ 237844.714742805343121, 889930.584662886103615 ] } },
{ "type": "Feature", "properties": { "category": "food_beverage" }, "geometry": { "type": "Point", "coordinates": [ 238962.05357861428638, 903371.507243918604217 ] } },
{ "type": "Feature", "properties": { "category": "food_beverage" }, "geometry": { "type": "Point", "coordinates": [ 235557.500451408763183, 905048.734199460828677 ] } },
{ "type": "Feature", "properties": { "category": "food_beverage" }, "geometry": { "type": "Point", "coordinates": [ 236275.574992166424636, 894650.620912245707586 ] } },
{ "type": "Feature", "properties": { "category": "food_beverage" }, "geometry": { "type": "Point", "coordinates": [ 230277.096353905741125, 905421.645287916297093 ] } },
{ "type": "Feature", "properties": { "category": "food_beverage" }, "geometry": { "type": "Point", "coordinates": [ 225899.162901661911746, 902398.914524333318695 ] } },
{ "type": "Feature", "properties": { "category": "food_beverage" }, "geometry": { "type": "Point", "coordinates": [ 243186.97994446780649, 888561.999326535733417 ] } },
{ "type": "Feature", "properties": { "category": "food_beverage" }, "geometry": { "type": "Point", "coordinates": [ 236564.073101023299387, 907888.540752444881946 ] } },
{ "type": "Feature", "properties": { "category": "food_beverage" }, "geometry": { "type": "Point", "coordinates": [ 234581.329645971418358, 899076.509618422016501 ] } },
{ "type": "Feature", "properties": { "category": "food_beverage" }, "geometry": { "type": "Point", "coordinates": [ 237934.605469901434844, 898425.119184465147555 ] } },
{ "type": "Feature", "properties": { "category": "food_beverage" }, "geometry": { "type": "Point", "coordinates": [ 234880.701075641118223, 900189.877739037270658 ] } },
{ "type": "Feature", "properties": { "category": "food_beverage" }, "geometry": { "type": "Point", "coordinates": [ 235668.640697336115409, 902797.063379309372976 ] } },
{ "type": "Feature", "properties": { "category": "food_beverage" }, "geometry": { "type": "Point", "coordinates": [ 220824.89770855079405, 899682.641282507451251 ] } },
{ "type": "Feature", "properties": { "category": "food_beverage" }, "geometry": { "type": "Point", "coordinates": [ 221918.940464347717352, 902962.417222018586472 ] } },
{ "type": "Feature", "properties": { "category": "food_beverage" }, "geometry": { "type": "Point", "coordinates": [ 231156.384849570371443, 900202.370144747546874 ] } },
{ "type": "Feature", "properties": { "category": "food_beverage" }, "geometry": { "type": "Point", "coordinates": [ 235479.350612476060633, 900175.324285409296863 ] } },
{ "type": "Feature", "properties": { "category": "food_beverage" }, "geometry": { "type": "Point", "coordinates": [ 236860.748753599997144, 900785.366414467338473 ] } },
{ "type": "Feature", "properties": { "category": "food_beverage" }, "geometry": { "type": "Point", "coordinates": [ 231162.310658708185656, 899163.154933843878098 ] } },
{ "type": "Feature", "properties": { "category": "food_beverage" }, "geometry": { "type": "Point", "coordinates": [ 233554.914604534598766, 891400.572791283833794 ] } },
{ "type": "Feature", "properties": { "category": "food_beverage" }, "geometry": { "type": "Point", "coordinates": [ 227273.747880915558198, 896964.439248895738274 ] } },
{ "type": "Feature", "properties": { "category": "food_beverage" }, "geometry": { "type": "Point", "coordinates": [ 241229.775114576506894, 888567.147027866332792 ] } },
{ "type": "Feature", "properties": { "category": "food_beverage" }, "geometry": { "type": "Point", "coordinates": [ 237393.242174087674357, 900437.394842032343149 ] } },
{ "type": "Feature", "properties": { "category": "food_beverage" }, "geometry": { "type": "Point", "coordinates": [ 228527.588316111708991, 899884.633326415787451 ] } },
{ "type": "Feature", "properties": { "category": "food_beverage" }, "geometry": { "type": "Point", "coordinates": [ 238314.286714883230161, 904798.864931735675782 ] } },
{ "type": "Feature", "properties": { "category": "food_beverage" }, "geometry": { "type": "Point", "coordinates": [ 229520.869175908941543, 906094.006844085059129 ] } },
{ "type": "Feature", "properties": { "category": "food_beverage" }, "geometry": { "type": "Point", "coordinates": [ 237542.700467695627594, 899757.949318201979622 ] } },
{ "type": "Feature", "properties": { "category": "food_beverage" }, "geometry": { "type": "Point", "coordinates": [ 239349.715922191011487, 891366.39125625602901 ] } },
{ "type": "Feature", "properties": { "category": "food_beverage" }, "geometry": { "type": "Point", "coordinates": [ 240342.835221445682691, 910974.396899910643697 ] } },
{ "type": "Feature", "properties": { "category": "food_beverage" }, "geometry": { "type": "Point", "coordinates": [ 232108.440524903591722, 906610.661526546347886 ] } },
{ "type": "Feature", "properties": { "category": "food_beverage" }, "geometry": { "type": "Point", "coordinates": [ 237418.858920385449892, 898395.585062131402083 ] } },
{ "type": "Feature", "properties": { "category": "food_beverage" }, "geometry": { "type": "Point", "coordinates": [ 232490.85806168068666, 899974.483540604938753 ] } },
{ "type": "Feature", "properties": { "category": "food_beverage" }, "geometry": { "type": "Point", "coordinates": [ 232771.938179015472997, 901592.305345490807667 ] } },
{ "type": "Feature", "properties": { "category": "food_beverage" }, "geometry": { "type": "Point", "coordinates": [ 230321.903193949663546, 900379.887616683612578 ] } },
{ "type": "Feature", "properties": { "category": "food_beverage" }, "geometry": { "type": "Point", "coordinates": [ 223256.665373114927206, 902071.76560477016028 ] } },
{ "type": "Feature", "properties": { "category": "food_beverage" }, "geometry": { "type": "Point", "coordinates": [ 234026.630099614412757, 902486.118303411873057 ] } },
{ "type": "Feature", "properties": { "category": "food_beverage" }, "geometry": { "type": "Point", "coordinates": [ 238302.368421617778949, 898433.444931930396706 ] } },
{ "type": "Feature", "properties": { "category": "food_beverage" }, "geometry": { "type": "Point", "coordinates": [ 235755.291778484388487, 894549.542557879234664 ] } },
{ "type": "Feature", "properties": { "category": "food_beverage" }, "geometry": { "type": "Point", "coordinates": [ 232867.690761876438046, 899348.20274871494621 ] } },
{ "type": "Feature", "properties": { "category": "food_beverage" }, "geometry": { "type": "Point", "coordinates": [ 236476.033226057916181, 906442.491997677949257 ] } },
{ "type": "Feature", "properties": { "category": "food_beverage" }, "geometry": { "type": "Point", "coordinates": [ 237044.341335684264777, 901590.538921187166125 ] } },
{ "type": "Feature", "properties": { "category": "food_beverage" }, "geometry": { "type": "Point", "coordinates": [ 234896.779819583025528, 900104.427566546248272 ] } },
{ "type": "Feature", "properties": { "category": "food_beverage" }, "geometry": { "type": "Point", "coordinates": [ 229767.49900565383723, 903453.709965225541964 ] } },
{ "type": "Feature", "properties": { "category": "food_beverage" }, "geometry": { "type": "Point", "coordinates": [ 228438.766854166606208, 899925.371982266427949 ] } },
{ "type": "Feature", "properties": { "category": "food_beverage" }, "geometry": { "type": "Point", "coordinates": [ 229868.639219238830265, 900428.597856459091417 ] } },
{ "type": "Feature", "properties": { "category": "food_beverage" }, "geometry": { "type": "Point", "coordinates": [ 234352.196252047840971, 904208.199138397118077 ] } },
{ "type": "Feature", "properties": { "category": "food_beverage" }, "geometry": { "type": "Point", "coordinates": [ 236615.389430918905418, 903696.562534528318793 ] } },
{ "type": "Feature", "properties": { "category": "food_beverage" }, "geometry": { "type": "Point", "coordinates": [ 230748.360685894906055, 899510.892497561872005 ] } },
{ "type": "Feature", "properties": { "category": "food_beverage" }, "geometry": { "type": "Point", "coordinates": [ 236118.768416151404381, 908890.39798876689747 ] } },
{ "type": "Feature", "properties": { "category": "food_beverage" }, "geometry": { "type": "Point", "coordinates": [ 228135.112714517890709, 902299.323386249830946 ] } },
{ "type": "Feature", "properties": { "category": "food_beverage" }, "geometry": { "type": "Point", "coordinates": [ 233476.153678100876277, 890962.558438673615456 ] } },
{ "type": "Feature", "properties": { "category": "food_beverage" }, "geometry": { "type": "Point", "coordinates": [ 229985.940450357331429, 893765.704759041545913 ] } },
{ "type": "Feature", "properties": { "category": "food_beverage" }, "geometry": { "type": "Point", "coordinates": [ 230352.000117132934975, 887474.619240143802017 ] } },
{ "type": "Feature", "properties": { "category": "food_beverage" }, "geometry": { "type": "Point", "coordinates": [ 228786.164431293233065, 902694.399488540599123 ] } },
{ "type": "Feature", "properties": { "category": "food_beverage" }, "geometry": { "type": "Point", "coordinates": [ 231288.684712310991017, 904331.176646840176545 ] } },
{ "type": "Feature", "properties": { "category": "food_beverage" }, "geometry": { "type": "Point", "coordinates": [ 229271.224108004244044, 900828.296082469983958 ] } },
{ "type": "Feature", "properties": { "category": "food_beverage" }, "geometry": { "type": "Point", "coordinates": [ 228359.788169478473719, 888606.830174772534519 ] } },
{ "type": "Feature", "properties": { "category": "food_beverage" }, "geometry": { "type": "Point", "coordinates": [ 233982.03761384752579, 899631.196529600420035 ] } },
{ "type": "Feature", "properties": { "category": "food_beverage" }, "geometry": { "type": "Point", "coordinates": [ 232785.498184678493999, 901581.482954696984962 ] } },
{ "type": "Feature", "properties": { "category": "food_beverage" }, "geometry": { "type": "Point", "coordinates": [ 232912.476838306, 899462.377954275114462 ] } },
{ "type": "Feature", "properties": { "category": "food_beverage" }, "geometry": { "type": "Point", "coordinates": [ 230434.026810094481334, 889120.551963557954878 ] } },
{ "type": "Feature", "properties": { "category": "food_beverage" }, "geometry": { "type": "Point", "coordinates": [ 238635.807207208854379, 889561.445373097783886 ] } },
{ "type": "Feature", "properties": { "category": "food_beverage" }, "geometry": { "type": "Point", "coordinates": [ 236042.889566577359801, 893345.606291557778604 ] } },
{ "type": "Feature", "properties": { "category": "food_beverage" }, "geometry": { "type": "Point", "coordinates": [ 231156.313202384888427, 900311.448097465792671 ] } },
{ "type": "Feature", "properties": { "category": "food_beverage" }, "geometry": { "type": "Point", "coordinates": [ 226615.122079066815786, 896817.404428512440063 ] } },
{ "type": "Feature", "properties": { "category": "food_beverage" }, "geometry": { "type": "Point", "coordinates": [ 237968.761345166829415, 903083.927648597629741 ] } },
{ "type": "Feature", "properties": { "category": "food_beverage" }, "geometry": { "type": "Point", "coordinates": [ 221824.726628429692937, 892208.802896560751833 ] } },
{ "type": "Feature", "properties": { "category": "food_beverage" }, "geometry": { "type": "Point", "coordinates": [ 236660.53206310395035, 898151.328240240458399 ] } },
{ "type": "Feature", "properties": { "category": "food_beverage" }, "geometry": { "type": "Point", "coordinates": [ 228084.437727345328312, 902942.928702080622315 ] } },
{ "type": "Feature", "properties": { "category": "food_beverage" }, "geometry": { "type": "Point", "coordinates": [ 236198.30379697837634, 896958.626799034769647 ] } },
{ "type": "Feature", "properties": { "category": "food_beverage" }, "geometry": { "type": "Point", "coordinates": [ 236363.607406564697158, 900520.631746653118171 ] } },
{ "type": "Feature", "properties": { "category": "food_beverage" }, "geometry": { "type": "Point", "coordinates": [ 236396.799446833203547, 900490.812492785975337 ] } },
{ "type": "Feature", "properties": { "category": "food_beverage" }, "geometry": { "type": "Point", "coordinates": [ 231462.279833310691174, 889166.837472217623144 ] } },
{ "type": "Feature", "properties": { "category": "food_beverage" }, "geometry": { "type": "Point", "coordinates": [ 241560.059716496325564, 889446.924450752791017 ] } },
{ "type": "Feature", "properties": { "category": "food_beverage" }, "geometry": { "type": "Point", "coordinates": [ 233551.032487631746335, 901697.730063393944874 ] } },
{ "type": "Feature", "properties": { "category": "food_beverage" }, "geometry": { "type": "Point", "coordinates": [ 233872.288677418022417, 899339.421015802072361 ] } },
{ "type": "Feature", "properties": { "category": "food_beverage" }, "geometry": { "type": "Point", "coordinates": [ 233966.675668991229031, 899041.855235901544802 ] } },
{ "type": "Feature", "properties": { "category": "food_beverage" }, "geometry": { "type": "Point", "coordinates": [ 236485.67614510274143, 900399.522864813916385 ] } },
{ "type": "Feature", "properties": { "category": "food_beverage" }, "geometry": { "type": "Point", "coordinates": [ 223718.526526392350206, 895960.745232736109756 ] } },
{ "type": "Feature", "properties": { "category": "food_beverage" }, "geometry": { "type": "Point", "coordinates": [ 232845.507456072838977, 890754.429446744499728 ] } },
{ "type": "Feature", "properties": { "category": "food_beverage" }, "geometry": { "type": "Point", "coordinates": [ 230269.45343595452141, 907900.564231612719595 ] } },
{ "type": "Feature", "properties": { "category": "food_beverage" }, "geometry": { "type": "Point", "coordinates": [ 236679.092102620343212, 904807.351567885372788 ] } },
{ "type": "Feature", "properties": { "category": "food_beverage" }, "geometry": { "type": "Point", "coordinates": [ 232942.716936700802762, 899796.530145013472065 ] } },
{ "type": "Feature", "properties": { "category": "food_beverage" }, "geometry": { "type": "Point", "coordinates": [ 232328.515643257735064, 898797.867825986235403 ] } },
{ "type": "Feature", "properties": { "category": "food_beverage" }, "geometry": { "type": "Point", "coordinates": [ 230331.924813885299955, 900367.712325517321005 ] } },
{ "type": "Feature", "properties": { "category": "food_beverage" }, "geometry": { "type": "Point", "coordinates": [ 238544.755905214551603, 900024.074095367686823 ] } },
{ "type": "Feature", "properties": { "category": "food_beverage" }, "geometry": { "type": "Point", "coordinates": [ 233709.692027287848759, 892670.91270504007116 ] } },
{ "type": "Feature", "properties": { "category": "food_beverage" }, "geometry": { "type": "Point", "coordinates": [ 233198.779247896338347, 899208.690312815480866 ] } },
{ "type": "Feature", "properties": { "category": "food_beverage" }, "geometry": { "type": "Point", "coordinates": [ 243814.658613091189181, 910311.623641103040427 ] } },
{ "type": "Feature", "properties": { "category": "food_beverage" }, "geometry": { "type": "Point", "coordinates": [ 237281.665935900906334, 904973.144468066398986 ] } },
{ "type": "Feature", "properties": { "category": "food_beverage" }, "geometry": { "type": "Point", "coordinates": [ 228387.130772088537924, 902162.267316110432148 ] } },
{ "type": "Feature", "properties": { "category": "food_beverage" }, "geometry": { "type": "Point", "coordinates": [ 232971.001980744564207, 898052.412721552886069 ] } },
{ "type": "Feature", "properties": { "category": "food_beverage" }, "geometry": { "type": "Point", "coordinates": [ 240382.066229857737198, 887195.666438227519393 ] } },
{ "type": "Feature", "properties": { "category": "food_beverage" }, "geometry": { "type": "Point", "coordinates": [ 228485.131337343162159, 899056.935088020050898 ] } },
{ "type": "Feature", "properties": { "category": "food_beverage" }, "geometry": { "type": "Point", "coordinates": [ 232208.013890273170546, 904552.824453051085584 ] } },
{ "type": "Feature", "properties": { "category": "food_beverage" }, "geometry": { "type": "Point", "coordinates": [ 231343.840852942783386, 899238.050784007995389 ] } },
{ "type": "Feature", "properties": { "category": "food_beverage" }, "geometry": { "type": "Point", "coordinates": [ 233305.072381972480798, 903276.982221306767315 ] } },
{ "type": "Feature", "properties": { "category": "food_beverage" }, "geometry": { "type": "Point", "coordinates": [ 232808.320888845220907, 901562.817292388179339 ] } },
{ "type": "Feature", "properties": { "category": "food_beverage" }, "geometry": { "type": "Point", "coordinates": [ 234202.289485709334258, 904216.353840953321196 ] } },
{ "type": "Feature", "properties": { "category": "food_beverage" }, "geometry": { "type": "Point", "coordinates": [ 244846.129794395412318, 914699.20368246815633 ] } },
{ "type": "Feature", "properties": { "category": "food_beverage" }, "geometry": { "type": "Point", "coordinates": [ 226457.01109953012201, 887827.117474220460281 ] } },
{ "type": "Feature", "properties": { "category": "food_beverage" }, "geometry": { "type": "Point", "coordinates": [ 233363.49715374171501, 899730.64662848575972 ] } },
{ "type": "Feature", "properties": { "category": "food_beverage" }, "geometry": { "type": "Point", "coordinates": [ 234783.502696649957215, 899369.308366029290482 ] } },
{ "type": "Feature", "properties": { "category": "food_beverage" }, "geometry": { "type": "Point", "coordinates": [ 235600.155706429562997, 908570.281810769811273 ] } },
{ "type": "Feature", "properties": { "category": "food_beverage" }, "geometry": { "type": "Point", "coordinates": [ 231224.64721902256133, 902472.883536319248378 ] } },
{ "type": "Feature", "properties": { "category": "food_beverage" }, "geometry": { "type": "Point", "coordinates": [ 227489.802070960431593, 898922.34504273510538 ] } },
{ "type": "Feature", "properties": { "category": "food_beverage" }, "geometry": { "type": "Point", "coordinates": [ 235752.763031917827902, 901382.685172223602422 ] } },
{ "type": "Feature", "properties": { "category": "food_beverage" }, "geometry": { "type": "Point", "coordinates": [ 231329.371508143056417, 902519.558303343364969 ] } },
{ "type": "Feature", "properties": { "category": "food_beverage" }, "geometry": { "type": "Point", "coordinates": [ 233077.80501995285158, 901415.569414195604622 ] } },
{ "type": "Feature", "properties": { "category": "food_beverage" }, "geometry": { "type": "Point", "coordinates": [ 237389.087141106952913, 897950.116196707356721 ] } },
{ "type": "Feature", "properties": { "category": "food_beverage" }, "geometry": { "type": "Point", "coordinates": [ 236670.387856411398388, 898268.455474974238314 ] } },
{ "type": "Feature", "properties": { "category": "food_beverage" }, "geometry": { "type": "Point", "coordinates": [ 243751.289118201413658, 912979.18172052979935 ] } },
{ "type": "Feature", "properties": { "category": "food_beverage" }, "geometry": { "type": "Point", "coordinates": [ 232844.764094372396357, 899334.655182882910594 ] } },
{ "type": "Feature", "properties": { "category": "food_beverage" }, "geometry": { "type": "Point", "coordinates": [ 240715.625449138053227, 907931.720266339485534 ] } },
{ "type": "Feature", "properties": { "category": "food_beverage" }, "geometry": { "type": "Point", "coordinates": [ 243844.355623633571668, 912484.338413955876604 ] } },
{ "type": "Feature", "properties": { "category": "food_beverage" }, "geometry": { "type": "Point", "coordinates": [ 236233.783971853583353, 900820.316436974331737 ] } },
{ "type": "Feature", "properties": { "category": "food_beverage" }, "geometry": { "type": "Point", "coordinates": [ 233827.071290833147941, 895874.924874374642968 ] } },
{ "type": "Feature", "properties": { "category": "food_beverage" }, "geometry": { "type": "Point", "coordinates": [ 237542.700467695627594, 899757.949318201979622 ] } },
{ "type": "Feature", "properties": { "category": "food_beverage" }, "geometry": { "type": "Point", "coordinates": [ 235319.780635482195066, 900695.254221284412779 ] } },
{ "type": "Feature", "properties": { "category": "food_beverage" }, "geometry": { "type": "Point", "coordinates": [ 231013.654243459721329, 903045.556849800865166 ] } },
{ "type": "Feature", "properties": { "category": "food_beverage" }, "geometry": { "type": "Point", "coordinates": [ 237167.771640428982209, 901179.645395799423568 ] } },
{ "type": "Feature", "properties": { "category": "food_beverage" }, "geometry": { "type": "Point", "coordinates": [ 234433.611740898224525, 901810.301333550014533 ] } },
{ "type": "Feature", "properties": { "category": "food_beverage" }, "geometry": { "type": "Point", "coordinates": [ 237386.623771268757991, 905487.333022208651528 ] } },
{ "type": "Feature", "properties": { "category": "food_beverage" }, "geometry": { "type": "Point", "coordinates": [ 231192.108923211781075, 902715.000535528291948 ] } },
{ "type": "Feature", "properties": { "category": "food_beverage" }, "geometry": { "type": "Point", "coordinates": [ 244927.882930563850095, 912448.760799176758155 ] } },
{ "type": "Feature", "properties": { "category": "food_beverage" }, "geometry": { "type": "Point", "coordinates": [ 245205.290090137481457, 912809.226049066404812 ] } },
{ "type": "Feature", "properties": { "category": "food_beverage" }, "geometry": { "type": "Point", "coordinates": [ 225917.886415054410463, 900940.200763238593936 ] } },
{ "type": "Feature", "properties": { "category": "food_beverage" }, "geometry": { "type": "Point", "coordinates": [ 229633.205464850907447, 899209.414511904586107 ] } },
{ "type": "Feature", "properties": { "category": "food_beverage" }, "geometry": { "type": "Point", "coordinates": [ 241048.049817496008473, 888849.662213862524368 ] } },
{ "type": "Feature", "properties": { "category": "food_beverage" }, "geometry": { "type": "Point", "coordinates": [ 236843.290347677218961, 901773.760871518868953 ] } },
{ "type": "Feature", "properties": { "category": "food_beverage" }, "geometry": { "type": "Point", "coordinates": [ 234057.792027945426526, 906131.209030883270316 ] } },
{ "type": "Feature", "properties": { "category": "food_beverage" }, "geometry": { "type": "Point", "coordinates": [ 234696.03331500972854, 907297.446347255958244 ] } },
{ "type": "Feature", "properties": { "category": "food_beverage" }, "geometry": { "type": "Point", "coordinates": [ 230961.759402096038684, 897512.438437710166909 ] } },
{ "type": "Feature", "properties": { "category": "food_beverage" }, "geometry": { "type": "Point", "coordinates": [ 227411.538010616583051, 898895.714105356601067 ] } },
{ "type": "Feature", "properties": { "category": "food_beverage" }, "geometry": { "type": "Point", "coordinates": [ 222812.777712636830984, 903163.536959893419407 ] } },
{ "type": "Feature", "properties": { "category": "food_beverage" }, "geometry": { "type": "Point", "coordinates": [ 229579.336959496373311, 886768.226459975354373 ] } },
{ "type": "Feature", "properties": { "category": "food_beverage" }, "geometry": { "type": "Point", "coordinates": [ 234501.655691316409502, 905112.447625920176506 ] } },
{ "type": "Feature", "properties": { "category": "food_beverage" }, "geometry": { "type": "Point", "coordinates": [ 237198.078969724825583, 900418.697628206806257 ] } },
{ "type": "Feature", "properties": { "category": "food_beverage" }, "geometry": { "type": "Point", "coordinates": [ 231966.103088928386569, 897960.575666806311347 ] } },
{ "type": "Feature", "properties": { "category": "food_beverage" }, "geometry": { "type": "Point", "coordinates": [ 233699.996343136299402, 892628.768355661304668 ] } },
{ "type": "Feature", "properties": { "category": "food_beverage" }, "geometry": { "type": "Point", "coordinates": [ 234564.027832569845486, 898405.51590470271185 ] } },
{ "type": "Feature", "properties": { "category": "food_beverage" }, "geometry": { "type": "Point", "coordinates": [ 228484.823520516802091, 899925.780662023928016 ] } },
{ "type": "Feature", "properties": { "category": "food_beverage" }, "geometry": { "type": "Point", "coordinates": [ 236549.859202046995051, 896880.803137977258302 ] } },
{ "type": "Feature", "properties": { "category": "food_beverage" }, "geometry": { "type": "Point", "coordinates": [ 226226.931782672036206, 901792.757280418416485 ] } },
{ "type": "Feature", "properties": { "category": "food_beverage" }, "geometry": { "type": "Point", "coordinates": [ 238050.556766650290228, 902838.108523411210626 ] } },
{ "type": "Feature", "properties": { "category": "food_beverage" }, "geometry": { "type": "Point", "coordinates": [ 224160.043773320736364, 897937.188933359459043 ] } },
{ "type": "Feature", "properties": { "category": "food_beverage" }, "geometry": { "type": "Point", "coordinates": [ 236920.077282061858568, 905985.166031779721379 ] } },
{ "type": "Feature", "properties": { "category": "food_beverage" }, "geometry": { "type": "Point", "coordinates": [ 226585.117943685647333, 886709.29968583676964 ] } },
{ "type": "Feature", "properties": { "category": "food_beverage" }, "geometry": { "type": "Point", "coordinates": [ 232673.446677547472063, 898236.522516875411384 ] } },
{ "type": "Feature", "properties": { "category": "food_beverage" }, "geometry": { "type": "Point", "coordinates": [ 228742.462615207419731, 888364.905730512808077 ] } },
{ "type": "Feature", "properties": { "category": "food_beverage" }, "geometry": { "type": "Point", "coordinates": [ 235162.851961798209231, 891327.894321808125824 ] } },
{ "type": "Feature", "properties": { "category": "food_beverage" }, "geometry": { "type": "Point", "coordinates": [ 235628.468056138779502, 900096.435799119761214 ] } },
{ "type": "Feature", "properties": { "category": "food_beverage" }, "geometry": { "type": "Point", "coordinates": [ 221793.574227281758795, 902941.477787591749802 ] } },
{ "type": "Feature", "properties": { "category": "food_beverage" }, "geometry": { "type": "Point", "coordinates": [ 236661.069494497904088, 900260.032977402792312 ] } },
{ "type": "Feature", "properties": { "category": "food_beverage" }, "geometry": { "type": "Point", "coordinates": [ 225884.826680237223627, 901215.217912771040574 ] } },
{ "type": "Feature", "properties": { "category": "food_beverage" }, "geometry": { "type": "Point", "coordinates": [ 231305.168295896262862, 898448.229415384936146 ] } },
{ "type": "Feature", "properties": { "category": "food_beverage" }, "geometry": { "type": "Point", "coordinates": [ 222537.084565639263019, 895237.97453575883992 ] } },
{ "type": "Feature", "properties": { "category": "food_beverage" }, "geometry": { "type": "Point", "coordinates": [ 234515.96065206109779, 900003.798635213053785 ] } },
{ "type": "Feature", "properties": { "category": "food_beverage" }, "geometry": { "type": "Point", "coordinates": [ 231182.570613313291688, 902470.252927079447545 ] } },
{ "type": "Feature", "properties": { "category": "food_beverage" }, "geometry": { "type": "Point", "coordinates": [ 226541.242164151452016, 887092.786037453450263 ] } },
{ "type": "Feature", "properties": { "category": "food_beverage" }, "geometry": { "type": "Point", "coordinates": [ 234309.51136168956873, 897701.704363522236235 ] } },
{ "type": "Feature", "properties": { "category": "food_beverage" }, "geometry": { "type": "Point", "coordinates": [ 234018.271048253984191, 901882.033987342962064 ] } },
{ "type": "Feature", "properties": { "category": "food_beverage" }, "geometry": { "type": "Point", "coordinates": [ 221648.825611423992086, 892250.245944845839404 ] } },
{ "type": "Feature", "properties": { "category": "food_beverage" }, "geometry": { "type": "Point", "coordinates": [ 236637.208480940782465, 900538.270287227118388 ] } },
{ "type": "Feature", "properties": { "category": "food_beverage" }, "geometry": { "type": "Point", "coordinates": [ 236538.974176952673588, 899244.144521871581674 ] } },
{ "type": "Feature", "properties": { "category": "food_beverage" }, "geometry": { "type": "Point", "coordinates": [ 234640.82698625291232, 906008.208423128351569 ] } },
{ "type": "Feature", "properties": { "category": "food_beverage" }, "geometry": { "type": "Point", "coordinates": [ 231829.336000361130573, 895911.139896695269272 ] } },
{ "type": "Feature", "properties": { "category": "food_beverage" }, "geometry": { "type": "Point", "coordinates": [ 237647.136353357956978, 899627.658051996142603 ] } },
{ "type": "Feature", "properties": { "category": "food_beverage" }, "geometry": { "type": "Point", "coordinates": [ 232593.882549808942713, 898688.23807221930474 ] } },
{ "type": "Feature", "properties": { "category": "food_beverage" }, "geometry": { "type": "Point", "coordinates": [ 234626.326774201763328, 899644.338321943185292 ] } },
{ "type": "Feature", "properties": { "category": "food_beverage" }, "geometry": { "type": "Point", "coordinates": [ 227985.198997957253596, 902239.075777553254738 ] } },
{ "type": "Feature", "properties": { "category": "food_beverage" }, "geometry": { "type": "Point", "coordinates": [ 236062.877239188033855, 899945.363972907420248 ] } },
{ "type": "Feature", "properties": { "category": "food_beverage" }, "geometry": { "type": "Point", "coordinates": [ 236690.327221690560691, 901078.831831480725668 ] } },
{ "type": "Feature", "properties": { "category": "food_beverage" }, "geometry": { "type": "Point", "coordinates": [ 232525.337938938406296, 901781.436212188797072 ] } },
{ "type": "Feature", "properties": { "category": "food_beverage" }, "geometry": { "type": "Point", "coordinates": [ 239070.296319648361532, 901544.751473017851822 ] } },
{ "type": "Feature", "properties": { "category": "food_beverage" }, "geometry": { "type": "Point", "coordinates": [ 224268.472599769767839, 896728.715675950166769 ] } },
{ "type": "Feature", "properties": { "category": "food_beverage" }, "geometry": { "type": "Point", "coordinates": [ 239106.965084373485297, 913938.155534940073267 ] } },
{ "type": "Feature", "properties": { "category": "food_beverage" }, "geometry": { "type": "Point", "coordinates": [ 224172.903171870100778, 896857.790563516085967 ] } },
{ "type": "Feature", "properties": { "category": "food_beverage" }, "geometry": { "type": "Point", "coordinates": [ 233075.56036487739766, 907906.227049766341224 ] } },
{ "type": "Feature", "properties": { "category": "food_beverage" }, "geometry": { "type": "Point", "coordinates": [ 232553.059146742452867, 895472.700692128040828 ] } },
{ "type": "Feature", "properties": { "category": "food_beverage" }, "geometry": { "type": "Point", "coordinates": [ 233551.752353874733672, 903840.547025996842422 ] } },
{ "type": "Feature", "properties": { "category": "food_beverage" }, "geometry": { "type": "Point", "coordinates": [ 227221.682830173347611, 889518.817582013667561 ] } },
{ "type": "Feature", "properties": { "category": "food_beverage" }, "geometry": { "type": "Point", "coordinates": [ 230342.921627379371785, 900282.341103475308046 ] } },
{ "type": "Feature", "properties": { "category": "food_beverage" }, "geometry": { "type": "Point", "coordinates": [ 221552.958384283439955, 891718.678110144333914 ] } },
{ "type": "Feature", "properties": { "category": "food_beverage" }, "geometry": { "type": "Point", "coordinates": [ 237204.295625765778823, 900115.931557981297374 ] } },
{ "type": "Feature", "properties": { "category": "food_beverage" }, "geometry": { "type": "Point", "coordinates": [ 243426.936833848449169, 913428.602571612340398 ] } },
{ "type": "Feature", "properties": { "category": "food_beverage" }, "geometry": { "type": "Point", "coordinates": [ 236112.804391748359194, 908482.148291867692024 ] } },
{ "type": "Feature", "properties": { "category": "food_beverage" }, "geometry": { "type": "Point", "coordinates": [ 235695.53173655984574, 891424.435788420378231 ] } },
{ "type": "Feature", "properties": { "category": "food_beverage" }, "geometry": { "type": "Point", "coordinates": [ 226632.43394063677988, 886770.680623666499741 ] } },
{ "type": "Feature", "properties": { "category": "food_beverage" }, "geometry": { "type": "Point", "coordinates": [ 235652.029579344700323, 899187.382958325091749 ] } },
{ "type": "Feature", "properties": { "category": "food_beverage" }, "geometry": { "type": "Point", "coordinates": [ 228205.334518322546501, 902349.47895334858913 ] } },
{ "type": "Feature", "properties": { "category": "food_beverage" }, "geometry": { "type": "Point", "coordinates": [ 234321.487511842744425, 899890.546501436503604 ] } },
{ "type": "Feature", "properties": { "category": "food_beverage" }, "geometry": { "type": "Point", "coordinates": [ 236965.193864385131747, 898862.154983496875502 ] } },
{ "type": "Feature", "properties": { "category": "food_beverage" }, "geometry": { "type": "Point", "coordinates": [ 239200.236530751892133, 912094.725871189380996 ] } },
{ "type": "Feature", "properties": { "category": "food_beverage" }, "geometry": { "type": "Point", "coordinates": [ 228376.790165931801312, 907369.586285033961758 ] } },
{ "type": "Feature", "properties": { "category": "food_beverage" }, "geometry": { "type": "Point", "coordinates": [ 234332.126567110652104, 899989.679890564759262 ] } },
{ "type": "Feature", "properties": { "category": "food_beverage" }, "geometry": { "type": "Point", "coordinates": [ 228266.236120382032823, 902832.468722315970808 ] } },
{ "type": "Feature", "properties": { "category": "food_beverage" }, "geometry": { "type": "Point", "coordinates": [ 236186.84524864226114, 900160.381745252176188 ] } },
{ "type": "Feature", "properties": { "category": "food_beverage" }, "geometry": { "type": "Point", "coordinates": [ 239113.654974453966133, 912015.486129862489179 ] } },
{ "type": "Feature", "properties": { "category": "food_beverage" }, "geometry": { "type": "Point", "coordinates": [ 228386.914987410447793, 901991.428644780884497 ] } },
{ "type": "Feature", "properties": { "category": "food_beverage" }, "geometry": { "type": "Point", "coordinates": [ 236167.593883291323436, 900843.190780212986283 ] } },
{ "type": "Feature", "properties": { "category": "food_beverage" }, "geometry": { "type": "Point", "coordinates": [ 236419.069680824497482, 900501.81353008095175 ] } },
{ "type": "Feature", "properties": { "category": "food_beverage" }, "geometry": { "type": "Point", "coordinates": [ 244141.383971811883384, 912283.810347277321853 ] } },
{ "type": "Feature", "properties": { "category": "food_beverage" }, "geometry": { "type": "Point", "coordinates": [ 230420.512391133961501, 901409.893551995279267 ] } },
{ "type": "Feature", "properties": { "category": "food_beverage" }, "geometry": { "type": "Point", "coordinates": [ 238203.21890621894272, 899496.032202194561251 ] } },
{ "type": "Feature", "properties": { "category": "food_beverage" }, "geometry": { "type": "Point", "coordinates": [ 235156.317317425797228, 894434.113332870882004 ] } },
{ "type": "Feature", "properties": { "category": "food_beverage" }, "geometry": { "type": "Point", "coordinates": [ 224692.870294261694653, 901173.605942184687592 ] } },
{ "type": "Feature", "properties": { "category": "food_beverage" }, "geometry": { "type": "Point", "coordinates": [ 225140.022579074691748, 897833.991547766490839 ] } },
{ "type": "Feature", "properties": { "category": "food_beverage" }, "geometry": { "type": "Point", "coordinates": [ 221141.858234307117527, 901934.011914325063117 ] } },
{ "type": "Feature", "properties": { "category": "food_beverage" }, "geometry": { "type": "Point", "coordinates": [ 231768.137085364840459, 895734.695411206688732 ] } },
{ "type": "Feature", "properties": { "category": "food_beverage" }, "geometry": { "type": "Point", "coordinates": [ 233161.692560891766334, 903451.252531833131798 ] } },
{ "type": "Feature", "properties": { "category": "food_beverage" }, "geometry": { "type": "Point", "coordinates": [ 231159.922453228151426, 902506.919310375582427 ] } },
{ "type": "Feature", "properties": { "category": "food_beverage" }, "geometry": { "type": "Point", "coordinates": [ 233204.956456236483064, 903340.711627545766532 ] } },
{ "type": "Feature", "properties": { "category": "food_beverage" }, "geometry": { "type": "Point", "coordinates": [ 237024.466105977015104, 901219.654566677985713 ] } },
{ "type": "Feature", "properties": { "category": "food_beverage" }, "geometry": { "type": "Point", "coordinates": [ 231116.412260319833877, 905262.916975915199146 ] } },
{ "type": "Feature", "properties": { "category": "food_beverage" }, "geometry": { "type": "Point", "coordinates": [ 232847.468131500878371, 901505.906068390468135 ] } },
{ "type": "Feature", "properties": { "category": "food_beverage" }, "geometry": { "type": "Point", "coordinates": [ 239990.620661628927337, 890859.16399809718132 ] } },
{ "type": "Feature", "properties": { "category": "food_beverage" }, "geometry": { "type": "Point", "coordinates": [ 236419.804247057880275, 900503.150274478713982 ] } },
{ "type": "Feature", "properties": { "category": "food_beverage" }, "geometry": { "type": "Point", "coordinates": [ 236887.865275896008825, 906616.372553541208617 ] } },
{ "type": "Feature", "properties": { "category": "food_beverage" }, "geometry": { "type": "Point", "coordinates": [ 237727.299629255343461, 908444.653148412704468 ] } },
{ "type": "Feature", "properties": { "category": "food_beverage" }, "geometry": { "type": "Point", "coordinates": [ 231419.356957284500822, 898068.632539864163846 ] } },
{ "type": "Feature", "properties": { "category": "food_beverage" }, "geometry": { "type": "Point", "coordinates": [ 227315.57568068758701, 900136.073470274684951 ] } },
{ "type": "Feature", "properties": { "category": "food_beverage" }, "geometry": { "type": "Point", "coordinates": [ 235818.300034288055031, 899401.497710834257305 ] } },
{ "type": "Feature", "properties": { "category": "food_beverage" }, "geometry": { "type": "Point", "coordinates": [ 235856.292143330181716, 899319.716001200955361 ] } },
{ "type": "Feature", "properties": { "category": "food_beverage" }, "geometry": { "type": "Point", "coordinates": [ 228718.289015871065203, 898543.929733328521252 ] } },
{ "type": "Feature", "properties": { "category": "food_beverage" }, "geometry": { "type": "Point", "coordinates": [ 246619.249699343519751, 912933.117021101992577 ] } },
{ "type": "Feature", "properties": { "category": "food_beverage" }, "geometry": { "type": "Point", "coordinates": [ 234433.611740898224525, 901810.301333550014533 ] } },
{ "type": "Feature", "properties": { "category": "food_beverage" }, "geometry": { "type": "Point", "coordinates": [ 233361.30946117194253, 899861.707958125509322 ] } },
{ "type": "Feature", "properties": { "category": "food_beverage" }, "geometry": { "type": "Point", "coordinates": [ 237831.485537290398497, 899929.447392331785522 ] } },
{ "type": "Feature", "properties": { "category": "food_beverage" }, "geometry": { "type": "Point", "coordinates": [ 229956.16900244471617, 893804.676731727900915 ] } },
{ "type": "Feature", "properties": { "category": "food_beverage" }, "geometry": { "type": "Point", "coordinates": [ 238216.730532793037128, 906157.723143904702738 ] } },
{ "type": "Feature", "properties": { "category": "food_beverage" }, "geometry": { "type": "Point", "coordinates": [ 247151.960312927549239, 914080.602428723941557 ] } },
{ "type": "Feature", "properties": { "category": "food_beverage" }, "geometry": { "type": "Point", "coordinates": [ 236721.750384742161259, 909086.473011418594979 ] } },
{ "type": "Feature", "properties": { "category": "food_beverage" }, "geometry": { "type": "Point", "coordinates": [ 235639.436639195395401, 900208.124783254694194 ] } },
{ "type": "Feature", "properties": { "category": "food_beverage" }, "geometry": { "type": "Point", "coordinates": [ 234871.726191286434187, 894854.78815528540872 ] } },
{ "type": "Feature", "properties": { "category": "food_beverage" }, "geometry": { "type": "Point", "coordinates": [ 231113.660246451181592, 905122.167953241034411 ] } },
{ "type": "Feature", "properties": { "category": "food_beverage" }, "geometry": { "type": "Point", "coordinates": [ 228629.27517511282349, 899881.71451078960672 ] } },
{ "type": "Feature", "properties": { "category": "food_beverage" }, "geometry": { "type": "Point", "coordinates": [ 234407.22404127381742, 899965.387880562106147 ] } },
{ "type": "Feature", "properties": { "category": "food_beverage" }, "geometry": { "type": "Point", "coordinates": [ 232420.740541357401526, 895631.817778754513711 ] } },
{ "type": "Feature", "properties": { "category": "food_beverage" }, "geometry": { "type": "Point", "coordinates": [ 224160.043773320736364, 897937.188933359459043 ] } },
{ "type": "Feature", "properties": { "category": "food_beverage" }, "geometry": { "type": "Point", "coordinates": [ 238788.693841391243041, 891959.312459405977279 ] } },
{ "type": "Feature", "properties": { "category": "food_beverage" }, "geometry": { "type": "Point", "coordinates": [ 236751.592338996590115, 901540.682439624797553 ] } },
{ "type": "Feature", "properties": { "category": "food_beverage" }, "geometry": { "type": "Point", "coordinates": [ 237982.944740311795613, 902440.85833232011646 ] } },
{ "type": "Feature", "properties": { "category": "food_beverage" }, "geometry": { "type": "Point", "coordinates": [ 233204.956456236483064, 903340.711627545766532 ] } },
{ "type": "Feature", "properties": { "category": "food_beverage" }, "geometry": { "type": "Point", "coordinates": [ 227513.126793187984731, 897089.33355805859901 ] } },
{ "type": "Feature", "properties": { "category": "food_beverage" }, "geometry": { "type": "Point", "coordinates": [ 226970.731741774710827, 888124.081764828995802 ] } },
{ "type": "Feature", "properties": { "category": "food_beverage" }, "geometry": { "type": "Point", "coordinates": [ 225156.375267428084044, 897870.594303953228518 ] } },
{ "type": "Feature", "properties": { "category": "food_beverage" }, "geometry": { "type": "Point", "coordinates": [ 234088.616309713455848, 899895.189139963593334 ] } },
{ "type": "Feature", "properties": { "category": "food_beverage" }, "geometry": { "type": "Point", "coordinates": [ 234919.816096010094043, 900111.206669686827809 ] } },
{ "type": "Feature", "properties": { "category": "food_beverage" }, "geometry": { "type": "Point", "coordinates": [ 232651.298405592940981, 897025.233790807775222 ] } },
{ "type": "Feature", "properties": { "category": "food_beverage" }, "geometry": { "type": "Point", "coordinates": [ 222521.203662701358553, 899884.92305145424325 ] } },
{ "type": "Feature", "properties": { "category": "food_beverage" }, "geometry": { "type": "Point", "coordinates": [ 232486.355222195532406, 899665.222502886666916 ] } },
{ "type": "Feature", "properties": { "category": "food_beverage" }, "geometry": { "type": "Point", "coordinates": [ 236719.902764447848313, 900779.186165204970166 ] } },
{ "type": "Feature", "properties": { "category": "food_beverage" }, "geometry": { "type": "Point", "coordinates": [ 236727.035279816424008, 901085.355064223753288 ] } },
{ "type": "Feature", "properties": { "category": "food_beverage" }, "geometry": { "type": "Point", "coordinates": [ 221639.223832162155304, 892207.563443402759731 ] } },
{ "type": "Feature", "properties": { "category": "food_beverage" }, "geometry": { "type": "Point", "coordinates": [ 222758.592843605205417, 895833.50069053308107 ] } },
{ "type": "Feature", "properties": { "category": "food_beverage" }, "geometry": { "type": "Point", "coordinates": [ 235798.662629885337083, 900134.511834366479889 ] } },
{ "type": "Feature", "properties": { "category": "food_beverage" }, "geometry": { "type": "Point", "coordinates": [ 221283.406799587595742, 899718.67087409296073 ] } },
{ "type": "Feature", "properties": { "category": "food_beverage" }, "geometry": { "type": "Point", "coordinates": [ 238888.798425882734591, 903260.022340228548273 ] } },
{ "type": "Feature", "properties": { "category": "food_beverage" }, "geometry": { "type": "Point", "coordinates": [ 236229.670817354257451, 900307.780803250498138 ] } },
{ "type": "Feature", "properties": { "category": "food_beverage" }, "geometry": { "type": "Point", "coordinates": [ 236021.598675710265525, 902692.895399604458362 ] } },
{ "type": "Feature", "properties": { "category": "food_beverage" }, "geometry": { "type": "Point", "coordinates": [ 236625.739178068295587, 901616.336112593999133 ] } },
{ "type": "Feature", "properties": { "category": "food_beverage" }, "geometry": { "type": "Point", "coordinates": [ 232316.578970843402203, 890342.888598105288111 ] } },
{ "type": "Feature", "properties": { "category": "food_beverage" }, "geometry": { "type": "Point", "coordinates": [ 235240.601718199264724, 899874.990154809784144 ] } },
{ "type": "Feature", "properties": { "category": "food_beverage" }, "geometry": { "type": "Point", "coordinates": [ 226128.721048640785739, 908260.711128226830624 ] } },
{ "type": "Feature", "properties": { "category": "food_beverage" }, "geometry": { "type": "Point", "coordinates": [ 226659.839798480650643, 896611.082424028776586 ] } },
{ "type": "Feature", "properties": { "category": "food_beverage" }, "geometry": { "type": "Point", "coordinates": [ 230974.546306056930916, 899024.811132937436923 ] } },
{ "type": "Feature", "properties": { "category": "food_beverage" }, "geometry": { "type": "Point", "coordinates": [ 219683.491234689630801, 901407.378059050999582 ] } },
{ "type": "Feature", "properties": { "category": "food_beverage" }, "geometry": { "type": "Point", "coordinates": [ 243922.686969761562068, 912545.145751392701641 ] } },
{ "type": "Feature", "properties": { "category": "food_beverage" }, "geometry": { "type": "Point", "coordinates": [ 233551.81510195005103, 907686.883423467981629 ] } },
{ "type": "Feature", "properties": { "category": "food_beverage" }, "geometry": { "type": "Point", "coordinates": [ 239936.716855740640312, 894191.82626998052001 ] } },
{ "type": "Feature", "properties": { "category": "food_beverage" }, "geometry": { "type": "Point", "coordinates": [ 237706.11822082195431, 899615.200273161870427 ] } },
{ "type": "Feature", "properties": { "category": "food_beverage" }, "geometry": { "type": "Point", "coordinates": [ 239231.072820231143851, 891087.81558259902522 ] } },
{ "type": "Feature", "properties": { "category": "food_beverage" }, "geometry": { "type": "Point", "coordinates": [ 226942.339809569733916, 891163.545972800347954 ] } },
{ "type": "Feature", "properties": { "category": "food_beverage" }, "geometry": { "type": "Point", "coordinates": [ 234250.725996085006045, 892355.84787174849771 ] } },
{ "type": "Feature", "properties": { "category": "food_beverage" }, "geometry": { "type": "Point", "coordinates": [ 235130.463737986458, 899935.975884847226553 ] } },
{ "type": "Feature", "properties": { "category": "food_beverage" }, "geometry": { "type": "Point", "coordinates": [ 233185.7045570127666, 901331.43672037741635 ] } },
{ "type": "Feature", "properties": { "category": "food_beverage" }, "geometry": { "type": "Point", "coordinates": [ 228381.810547905333806, 902113.149386771954596 ] } },
{ "type": "Feature", "properties": { "category": "food_beverage" }, "geometry": { "type": "Point", "coordinates": [ 235702.373545364738675, 899236.957039979286492 ] } },
{ "type": "Feature", "properties": { "category": "food_beverage" }, "geometry": { "type": "Point", "coordinates": [ 222176.946617920330027, 903438.751069603138603 ] } },
{ "type": "Feature", "properties": { "category": "food_beverage" }, "geometry": { "type": "Point", "coordinates": [ 244715.704198814375559, 914457.322349677444436 ] } },
{ "type": "Feature", "properties": { "category": "food_beverage" }, "geometry": { "type": "Point", "coordinates": [ 235273.956443479401059, 899401.965910666389391 ] } },
{ "type": "Feature", "properties": { "category": "food_beverage" }, "geometry": { "type": "Point", "coordinates": [ 243420.505844102153787, 915742.070471134036779 ] } },
{ "type": "Feature", "properties": { "category": "food_beverage" }, "geometry": { "type": "Point", "coordinates": [ 235106.937092505977489, 900093.255710515193641 ] } },
{ "type": "Feature", "properties": { "category": "food_beverage" }, "geometry": { "type": "Point", "coordinates": [ 236001.230051513150102, 900173.646395383751951 ] } },
{ "type": "Feature", "properties": { "category": "food_beverage" }, "geometry": { "type": "Point", "coordinates": [ 230290.73105917070643, 904283.703256816486828 ] } },
{ "type": "Feature", "properties": { "category": "food_beverage" }, "geometry": { "type": "Point", "coordinates": [ 234445.139321402122732, 897204.519148229621351 ] } },
{ "type": "Feature", "properties": { "category": "food_beverage" }, "geometry": { "type": "Point", "coordinates": [ 233210.030234890582506, 903452.036294416291639 ] } },
{ "type": "Feature", "properties": { "category": "food_beverage" }, "geometry": { "type": "Point", "coordinates": [ 236960.308764258079464, 901748.938515872578137 ] } },
{ "type": "Feature", "properties": { "category": "food_beverage" }, "geometry": { "type": "Point", "coordinates": [ 228808.799063604325056, 893064.671383314300328 ] } },
{ "type": "Feature", "properties": { "category": "food_beverage" }, "geometry": { "type": "Point", "coordinates": [ 233826.791721436253283, 900043.656898695393465 ] } },
{ "type": "Feature", "properties": { "category": "food_beverage" }, "geometry": { "type": "Point", "coordinates": [ 234700.233526712429011, 900029.032146683661267 ] } },
{ "type": "Feature", "properties": { "category": "food_beverage" }, "geometry": { "type": "Point", "coordinates": [ 240481.43364119558828, 904240.963066739263013 ] } },
{ "type": "Feature", "properties": { "category": "food_beverage" }, "geometry": { "type": "Point", "coordinates": [ 245856.917400747945067, 912960.416932987631299 ] } },
{ "type": "Feature", "properties": { "category": "food_beverage" }, "geometry": { "type": "Point", "coordinates": [ 231113.660246451181592, 905122.167953241034411 ] } },
{ "type": "Feature", "properties": { "category": "food_beverage" }, "geometry": { "type": "Point", "coordinates": [ 236661.069494497904088, 900260.032977402792312 ] } },
{ "type": "Feature", "properties": { "category": "food_beverage" }, "geometry": { "type": "Point", "coordinates": [ 233404.040481724310666, 903351.097216490539722 ] } },
{ "type": "Feature", "properties": { "category": "food_beverage" }, "geometry": { "type": "Point", "coordinates": [ 232315.615376469504554, 901584.748909758403897 ] } },
{ "type": "Feature", "properties": { "category": "food_beverage" }, "geometry": { "type": "Point", "coordinates": [ 236598.172365395934321, 901057.246369561064057 ] } },
{ "type": "Feature", "properties": { "category": "food_beverage" }, "geometry": { "type": "Point", "coordinates": [ 236672.97788995897281, 901877.394640051759779 ] } },
{ "type": "Feature", "properties": { "category": "food_beverage" }, "geometry": { "type": "Point", "coordinates": [ 234442.151085346995387, 895542.680486385012046 ] } },
{ "type": "Feature", "properties": { "category": "food_beverage" }, "geometry": { "type": "Point", "coordinates": [ 232208.117010900663445, 896909.224540736875497 ] } },
{ "type": "Feature", "properties": { "category": "food_beverage" }, "geometry": { "type": "Point", "coordinates": [ 238269.9975100303418, 898430.269516857573763 ] } },
{ "type": "Feature", "properties": { "category": "food_beverage" }, "geometry": { "type": "Point", "coordinates": [ 234545.77668224129593, 898933.044629408745095 ] } },
{ "type": "Feature", "properties": { "category": "food_beverage" }, "geometry": { "type": "Point", "coordinates": [ 231157.319657097366871, 905042.829124221112579 ] } },
{ "type": "Feature", "properties": { "category": "food_beverage" }, "geometry": { "type": "Point", "coordinates": [ 233483.483350357651943, 890982.586973800556734 ] } },
{ "type": "Feature", "properties": { "category": "food_beverage" }, "geometry": { "type": "Point", "coordinates": [ 221918.940464347717352, 902962.417222018586472 ] } },
{ "type": "Feature", "properties": { "category": "food_beverage" }, "geometry": { "type": "Point", "coordinates": [ 236374.79740745559684, 900459.818855762132443 ] } },
{ "type": "Feature", "properties": { "category": "food_beverage" }, "geometry": { "type": "Point", "coordinates": [ 235193.350749907491263, 899619.385392850614153 ] } },
{ "type": "Feature", "properties": { "category": "food_beverage" }, "geometry": { "type": "Point", "coordinates": [ 221060.89571734063793, 903497.519718157942407 ] } },
{ "type": "Feature", "properties": { "category": "food_beverage" }, "geometry": { "type": "Point", "coordinates": [ 236488.012435069977073, 901329.926027907291427 ] } },
{ "type": "Feature", "properties": { "category": "food_beverage" }, "geometry": { "type": "Point", "coordinates": [ 228643.299630456167506, 900200.897181948996149 ] } },
{ "type": "Feature", "properties": { "category": "food_beverage" }, "geometry": { "type": "Point", "coordinates": [ 226188.486146885785274, 904746.845235727610998 ] } },
{ "type": "Feature", "properties": { "category": "food_beverage" }, "geometry": { "type": "Point", "coordinates": [ 241169.851223032921553, 888808.386796523700468 ] } },
{ "type": "Feature", "properties": { "category": "food_beverage" }, "geometry": { "type": "Point", "coordinates": [ 224245.850367211736739, 898101.433650021906942 ] } },
{ "type": "Feature", "properties": { "category": "food_beverage" }, "geometry": { "type": "Point", "coordinates": [ 236610.917362116917502, 900872.145344303105958 ] } },
{ "type": "Feature", "properties": { "category": "food_beverage" }, "geometry": { "type": "Point", "coordinates": [ 236706.831422545452369, 901546.557762754615396 ] } },
{ "type": "Feature", "properties": { "category": "food_beverage" }, "geometry": { "type": "Point", "coordinates": [ 237191.422427840792807, 900477.755981235299259 ] } },
{ "type": "Feature", "properties": { "category": "food_beverage" }, "geometry": { "type": "Point", "coordinates": [ 219867.874058337562019, 905096.343332091812044 ] } },
{ "type": "Feature", "properties": { "category": "food_beverage" }, "geometry": { "type": "Point", "coordinates": [ 241070.670719475951046, 888975.421265904209577 ] } },
{ "type": "Feature", "properties": { "category": "food_beverage" }, "geometry": { "type": "Point", "coordinates": [ 228245.431758928461932, 901636.075844052946195 ] } },
{ "type": "Feature", "properties": { "category": "food_beverage" }, "geometry": { "type": "Point", "coordinates": [ 228792.428200476657366, 907151.675195326562971 ] } },
{ "type": "Feature", "properties": { "category": "food_beverage" }, "geometry": { "type": "Point", "coordinates": [ 236076.047418512869626, 895241.856623794999905 ] } },
{ "type": "Feature", "properties": { "category": "food_beverage" }, "geometry": { "type": "Point", "coordinates": [ 234241.579104181699222, 904889.572145811398514 ] } },
{ "type": "Feature", "properties": { "category": "food_beverage" }, "geometry": { "type": "Point", "coordinates": [ 231431.444538409996312, 892097.653793215751648 ] } },
{ "type": "Feature", "properties": { "category": "food_beverage" }, "geometry": { "type": "Point", "coordinates": [ 235460.303668337932322, 908544.691990176681429 ] } },
{ "type": "Feature", "properties": { "category": "food_beverage" }, "geometry": { "type": "Point", "coordinates": [ 234562.869023304723669, 899127.181306955753826 ] } },
{ "type": "Feature", "properties": { "category": "food_beverage" }, "geometry": { "type": "Point", "coordinates": [ 221629.017107182648033, 902194.19429021445103 ] } },
{ "type": "Feature", "properties": { "category": "food_beverage" }, "geometry": { "type": "Point", "coordinates": [ 234121.854580484796315, 902466.919295042287558 ] } },
{ "type": "Feature", "properties": { "category": "food_beverage" }, "geometry": { "type": "Point", "coordinates": [ 228578.757796580466675, 899944.823029776336625 ] } },
{ "type": "Feature", "properties": { "category": "food_beverage" }, "geometry": { "type": "Point", "coordinates": [ 231188.874728529975982, 889617.03119524079375 ] } },
{ "type": "Feature", "properties": { "category": "food_beverage" }, "geometry": { "type": "Point", "coordinates": [ 237587.426583101012511, 900300.027395932818763 ] } },
{ "type": "Feature", "properties": { "category": "food_beverage" }, "geometry": { "type": "Point", "coordinates": [ 245812.44371469449834, 912957.349290769197978 ] } },
{ "type": "Feature", "properties": { "category": "food_beverage" }, "geometry": { "type": "Point", "coordinates": [ 234276.165566214360297, 902188.308411096921191 ] } },
{ "type": "Feature", "properties": { "category": "food_beverage" }, "geometry": { "type": "Point", "coordinates": [ 228532.212057200726122, 892934.584930184064433 ] } },
{ "type": "Feature", "properties": { "category": "food_beverage" }, "geometry": { "type": "Point", "coordinates": [ 230741.177881544979755, 907454.964346353663132 ] } },
{ "type": "Feature", "properties": { "category": "food_beverage" }, "geometry": { "type": "Point", "coordinates": [ 235161.466613273369148, 898762.038973895134404 ] } },
{ "type": "Feature", "properties": { "category": "food_beverage" }, "geometry": { "type": "Point", "coordinates": [ 236819.616764891601633, 900946.769596417434514 ] } },
{ "type": "Feature", "properties": { "category": "food_beverage" }, "geometry": { "type": "Point", "coordinates": [ 234348.015576157195028, 899941.771905204863288 ] } },
{ "type": "Feature", "properties": { "category": "food_beverage" }, "geometry": { "type": "Point", "coordinates": [ 233006.412666362739401, 898040.915778341819532 ] } },
{ "type": "Feature", "properties": { "category": "food_beverage" }, "geometry": { "type": "Point", "coordinates": [ 233056.688035701488843, 907894.141559097217396 ] } },
{ "type": "Feature", "properties": { "category": "food_beverage" }, "geometry": { "type": "Point", "coordinates": [ 236653.168010086606955, 900937.679600807372481 ] } },
{ "type": "Feature", "properties": { "category": "food_beverage" }, "geometry": { "type": "Point", "coordinates": [ 241598.307381622376852, 888127.232502024620771 ] } },
{ "type": "Feature", "properties": { "category": "food_beverage" }, "geometry": { "type": "Point", "coordinates": [ 233756.674124431912787, 892866.521152290399186 ] } },
{ "type": "Feature", "properties": { "category": "food_beverage" }, "geometry": { "type": "Point", "coordinates": [ 237721.785947749944171, 898415.309826082433574 ] } },
{ "type": "Feature", "properties": { "category": "food_beverage" }, "geometry": { "type": "Point", "coordinates": [ 232823.776773005491123, 901534.120258706156164 ] } },
{ "type": "Feature", "properties": { "category": "food_beverage" }, "geometry": { "type": "Point", "coordinates": [ 235082.246117367059924, 898453.513879603589885 ] } },
{ "type": "Feature", "properties": { "category": "food_beverage" }, "geometry": { "type": "Point", "coordinates": [ 242248.640123888966627, 889191.883082662359811 ] } },
{ "type": "Feature", "properties": { "category": "food_beverage" }, "geometry": { "type": "Point", "coordinates": [ 233009.649321535398485, 902561.464707658393309 ] } },
{ "type": "Feature", "properties": { "category": "food_beverage" }, "geometry": { "type": "Point", "coordinates": [ 221628.826632851472823, 902256.063900117995217 ] } },
{ "type": "Feature", "properties": { "category": "food_beverage" }, "geometry": { "type": "Point", "coordinates": [ 239525.054936745378654, 890772.559849003213458 ] } },
{ "type": "Feature", "properties": { "category": "food_beverage" }, "geometry": { "type": "Point", "coordinates": [ 232211.166548440582119, 907544.531557198031805 ] } },
{ "type": "Feature", "properties": { "category": "food_beverage" }, "geometry": { "type": "Point", "coordinates": [ 236044.047444106894545, 897302.174087103223428 ] } },
{ "type": "Feature", "properties": { "category": "food_beverage" }, "geometry": { "type": "Point", "coordinates": [ 236233.783971853583353, 900820.316436974331737 ] } },
{ "type": "Feature", "properties": { "category": "food_beverage" }, "geometry": { "type": "Point", "coordinates": [ 230295.042653013719246, 900514.0646496306872 ] } },
{ "type": "Feature", "properties": { "category": "food_beverage" }, "geometry": { "type": "Point", "coordinates": [ 234017.770582562370691, 904128.260883477982134 ] } },
{ "type": "Feature", "properties": { "category": "food_beverage" }, "geometry": { "type": "Point", "coordinates": [ 235694.915352145035286, 901629.54023885121569 ] } },
{ "type": "Feature", "properties": { "category": "food_beverage" }, "geometry": { "type": "Point", "coordinates": [ 231497.048270965053234, 905644.836895580519922 ] } },
{ "type": "Feature", "properties": { "category": "food_beverage" }, "geometry": { "type": "Point", "coordinates": [ 232636.710868856142042, 905201.171219204785302 ] } },
{ "type": "Feature", "properties": { "category": "food_beverage" }, "geometry": { "type": "Point", "coordinates": [ 236661.069494497904088, 900260.032977402792312 ] } },
{ "type": "Feature", "properties": { "category": "food_beverage" }, "geometry": { "type": "Point", "coordinates": [ 238244.482641266571591, 902965.458216514438391 ] } },
{ "type": "Feature", "properties": { "category": "food_beverage" }, "geometry": { "type": "Point", "coordinates": [ 235899.068016205535969, 892939.663717132993042 ] } },
{ "type": "Feature", "properties": { "category": "food_beverage" }, "geometry": { "type": "Point", "coordinates": [ 234379.264990490832133, 899954.143267255509272 ] } },
{ "type": "Feature", "properties": { "category": "food_beverage" }, "geometry": { "type": "Point", "coordinates": [ 231281.217253513401374, 890691.875101151643321 ] } },
{ "type": "Feature", "properties": { "category": "food_beverage" }, "geometry": { "type": "Point", "coordinates": [ 237065.467318922484992, 905937.279208134394139 ] } },
{ "type": "Feature", "properties": { "category": "food_beverage" }, "geometry": { "type": "Point", "coordinates": [ 239994.552209130633855, 890864.184780579642393 ] } },
{ "type": "Feature", "properties": { "category": "food_beverage" }, "geometry": { "type": "Point", "coordinates": [ 231683.296839402959449, 902627.558517746743746 ] } },
{ "type": "Feature", "properties": { "category": "food_beverage" }, "geometry": { "type": "Point", "coordinates": [ 236675.151006149826571, 900514.031017400790006 ] } },
{ "type": "Feature", "properties": { "category": "food_beverage" }, "geometry": { "type": "Point", "coordinates": [ 237303.601707011315739, 900391.043137793196365 ] } },
{ "type": "Feature", "properties": { "category": "food_beverage" }, "geometry": { "type": "Point", "coordinates": [ 233818.519113622925943, 899331.386649974039756 ] } },
{ "type": "Feature", "properties": { "category": "food_beverage" }, "geometry": { "type": "Point", "coordinates": [ 235590.703394213167485, 908551.794607782969251 ] } },
{ "type": "Feature", "properties": { "category": "food_beverage" }, "geometry": { "type": "Point", "coordinates": [ 232672.39582772331778, 898196.640871188836172 ] } },
{ "type": "Feature", "properties": { "category": "food_beverage" }, "geometry": { "type": "Point", "coordinates": [ 238193.73764169862261, 904648.584578892332502 ] } },
{ "type": "Feature", "properties": { "category": "food_beverage" }, "geometry": { "type": "Point", "coordinates": [ 235687.630725107621402, 900046.861984812887385 ] } },
{ "type": "Feature", "properties": { "category": "food_beverage" }, "geometry": { "type": "Point", "coordinates": [ 236324.250520154251717, 900946.190787309547886 ] } },
{ "type": "Feature", "properties": { "category": "food_beverage" }, "geometry": { "type": "Point", "coordinates": [ 226732.870943274901947, 905230.643631068756804 ] } },
{ "type": "Feature", "properties": { "category": "food_beverage" }, "geometry": { "type": "Point", "coordinates": [ 222537.084565639263019, 895237.97453575883992 ] } },
{ "type": "Feature", "properties": { "category": "food_beverage" }, "geometry": { "type": "Point", "coordinates": [ 235378.624400966713438, 905711.306547161540948 ] } },
{ "type": "Feature", "properties": { "category": "food_beverage" }, "geometry": { "type": "Point", "coordinates": [ 236452.267914456198923, 901391.944351686863229 ] } },
{ "type": "Feature", "properties": { "category": "food_beverage" }, "geometry": { "type": "Point", "coordinates": [ 236178.094742474204395, 901683.774088380392641 ] } },
{ "type": "Feature", "properties": { "category": "food_beverage" }, "geometry": { "type": "Point", "coordinates": [ 234018.271048253984191, 901882.033987342962064 ] } },
{ "type": "Feature", "properties": { "category": "food_beverage" }, "geometry": { "type": "Point", "coordinates": [ 234148.313921683933586, 906459.443618975230493 ] } },
{ "type": "Feature", "properties": { "category": "food_beverage" }, "geometry": { "type": "Point", "coordinates": [ 239267.745307436038274, 908908.086582239251584 ] } },
{ "type": "Feature", "properties": { "category": "food_beverage" }, "geometry": { "type": "Point", "coordinates": [ 241094.421206719882321, 907516.599259890732355 ] } },
{ "type": "Feature", "properties": { "category": "food_beverage" }, "geometry": { "type": "Point", "coordinates": [ 231160.333367829938652, 892707.476986316032708 ] } },
{ "type": "Feature", "properties": { "category": "food_beverage" }, "geometry": { "type": "Point", "coordinates": [ 233289.795744578994345, 901251.841841303161345 ] } },
{ "type": "Feature", "properties": { "category": "food_beverage" }, "geometry": { "type": "Point", "coordinates": [ 233815.711235573107842, 893710.651976853841916 ] } },
{ "type": "Feature", "properties": { "category": "food_beverage" }, "geometry": { "type": "Point", "coordinates": [ 235409.090807552100159, 899157.274640516727231 ] } },
{ "type": "Feature", "properties": { "category": "food_beverage" }, "geometry": { "type": "Point", "coordinates": [ 234707.637796692433767, 900031.290267876698636 ] } },
{ "type": "Feature", "properties": { "category": "food_beverage" }, "geometry": { "type": "Point", "coordinates": [ 231262.3744197281776, 904377.823578511248343 ] } },
{ "type": "Feature", "properties": { "category": "food_beverage" }, "geometry": { "type": "Point", "coordinates": [ 236044.144742423988646, 899758.212615997996181 ] } },
{ "type": "Feature", "properties": { "category": "food_beverage" }, "geometry": { "type": "Point", "coordinates": [ 219637.915483741671778, 904861.877123397192918 ] } },
{ "type": "Feature", "properties": { "category": "food_beverage" }, "geometry": { "type": "Point", "coordinates": [ 237862.593479593546363, 902764.558498444617726 ] } },
{ "type": "Feature", "properties": { "category": "food_beverage" }, "geometry": { "type": "Point", "coordinates": [ 234025.453026091912761, 899139.332445888780057 ] } },
{ "type": "Feature", "properties": { "category": "food_beverage" }, "geometry": { "type": "Point", "coordinates": [ 231606.864265200769296, 894123.136420426424593 ] } },
{ "type": "Feature", "properties": { "category": "food_beverage" }, "geometry": { "type": "Point", "coordinates": [ 235575.433487347996561, 900172.588767402339727 ] } },
{ "type": "Feature", "properties": { "category": "food_beverage" }, "geometry": { "type": "Point", "coordinates": [ 228597.23548152190051, 899878.807128131855279 ] } },
{ "type": "Feature", "properties": { "category": "food_beverage" }, "geometry": { "type": "Point", "coordinates": [ 232802.843891596625326, 896998.614257418783382 ] } },
{ "type": "Feature", "properties": { "category": "food_beverage" }, "geometry": { "type": "Point", "coordinates": [ 231284.487943444197299, 903628.030916476156563 ] } },
{ "type": "Feature", "properties": { "category": "food_beverage" }, "geometry": { "type": "Point", "coordinates": [ 229150.02987292339094, 900989.077069530729204 ] } },
{ "type": "Feature", "properties": { "category": "food_beverage" }, "geometry": { "type": "Point", "coordinates": [ 239267.745307436038274, 908908.086582239251584 ] } },
{ "type": "Feature", "properties": { "category": "food_beverage" }, "geometry": { "type": "Point", "coordinates": [ 233276.712572968768654, 902570.389063161564991 ] } },
{ "type": "Feature", "properties": { "category": "food_beverage" }, "geometry": { "type": "Point", "coordinates": [ 224201.425945305789355, 897767.05067096487619 ] } },
{ "type": "Feature", "properties": { "category": "food_beverage" }, "geometry": { "type": "Point", "coordinates": [ 237603.840625753917266, 908447.656305433250964 ] } },
{ "type": "Feature", "properties": { "category": "food_beverage" }, "geometry": { "type": "Point", "coordinates": [ 238552.393109703873051, 906960.886994112515822 ] } },
{ "type": "Feature", "properties": { "category": "food_beverage" }, "geometry": { "type": "Point", "coordinates": [ 235269.083114793902496, 899322.187611944507807 ] } },
{ "type": "Feature", "properties": { "category": "food_beverage" }, "geometry": { "type": "Point", "coordinates": [ 223517.806284553051228, 891786.062759867636487 ] } },
{ "type": "Feature", "properties": { "category": "food_beverage" }, "geometry": { "type": "Point", "coordinates": [ 234694.505212771386141, 904741.060957255307585 ] } },
{ "type": "Feature", "properties": { "category": "food_beverage" }, "geometry": { "type": "Point", "coordinates": [ 236016.434232465282548, 900100.746052552596666 ] } },
{ "type": "Feature", "properties": { "category": "food_beverage" }, "geometry": { "type": "Point", "coordinates": [ 233559.308449564676266, 892035.948753295233473 ] } },
{ "type": "Feature", "properties": { "category": "food_beverage" }, "geometry": { "type": "Point", "coordinates": [ 231025.644792401057202, 889489.350508445175365 ] } },
{ "type": "Feature", "properties": { "category": "food_beverage" }, "geometry": { "type": "Point", "coordinates": [ 228051.782299708080245, 899858.280999780981801 ] } },
{ "type": "Feature", "properties": { "category": "food_beverage" }, "geometry": { "type": "Point", "coordinates": [ 228576.730302640993614, 901395.488103976240382 ] } },
{ "type": "Feature", "properties": { "category": "food_beverage" }, "geometry": { "type": "Point", "coordinates": [ 220080.478146703768289, 897248.451703307568096 ] } },
{ "type": "Feature", "properties": { "category": "food_beverage" }, "geometry": { "type": "Point", "coordinates": [ 236412.580245584918885, 900625.298781858058646 ] } },
{ "type": "Feature", "properties": { "category": "food_beverage" }, "geometry": { "type": "Point", "coordinates": [ 236445.349751227884553, 900819.855456317542121 ] } },
{ "type": "Feature", "properties": { "category": "food_beverage" }, "geometry": { "type": "Point", "coordinates": [ 240592.399658176145749, 904104.531657595420256 ] } },
{ "type": "Feature", "properties": { "category": "food_beverage" }, "geometry": { "type": "Point", "coordinates": [ 237543.397031286323909, 907916.370372559409589 ] } },
{ "type": "Feature", "properties": { "category": "food_beverage" }, "geometry": { "type": "Point", "coordinates": [ 221529.971815654833335, 901481.550316343083978 ] } },
{ "type": "Feature", "properties": { "category": "food_beverage" }, "geometry": { "type": "Point", "coordinates": [ 236059.622948535718024, 906418.791645677061751 ] } },
{ "type": "Feature", "properties": { "category": "food_beverage" }, "geometry": { "type": "Point", "coordinates": [ 230476.427520750527037, 905191.574775230372325 ] } },
{ "type": "Feature", "properties": { "category": "food_beverage" }, "geometry": { "type": "Point", "coordinates": [ 241087.479968796134926, 905312.733802229166031 ] } },
{ "type": "Feature", "properties": { "category": "food_beverage" }, "geometry": { "type": "Point", "coordinates": [ 232428.97059419931611, 898708.580011029727757 ] } },
{ "type": "Feature", "properties": { "category": "food_beverage" }, "geometry": { "type": "Point", "coordinates": [ 231452.962481210852275, 890106.827721828827634 ] } },
{ "type": "Feature", "properties": { "category": "food_beverage" }, "geometry": { "type": "Point", "coordinates": [ 235603.913072291703429, 908364.914118028362282 ] } },
{ "type": "Feature", "properties": { "category": "food_beverage" }, "geometry": { "type": "Point", "coordinates": [ 232440.179987897310639, 896993.599234599736519 ] } },
{ "type": "Feature", "properties": { "category": "food_beverage" }, "geometry": { "type": "Point", "coordinates": [ 238104.11794299056055, 898472.688707954483107 ] } },
{ "type": "Feature", "properties": { "category": "food_beverage" }, "geometry": { "type": "Point", "coordinates": [ 237428.7121292927186, 898402.41326234000735 ] } },
{ "type": "Feature", "properties": { "category": "food_beverage" }, "geometry": { "type": "Point", "coordinates": [ 227058.336732240073616, 888887.058845048071817 ] } },
{ "type": "Feature", "properties": { "category": "food_beverage" }, "geometry": { "type": "Point", "coordinates": [ 240580.724156432435848, 906808.363999239751138 ] } },
{ "type": "Feature", "properties": { "category": "food_beverage" }, "geometry": { "type": "Point", "coordinates": [ 239070.296319648361532, 901544.751473017851822 ] } },
{ "type": "Feature", "properties": { "category": "food_beverage" }, "geometry": { "type": "Point", "coordinates": [ 232733.321726956928615, 905052.441927142092027 ] } },
{ "type": "Feature", "properties": { "category": "food_beverage" }, "geometry": { "type": "Point", "coordinates": [ 231857.217557702824706, 903741.794715544092469 ] } },
{ "type": "Feature", "properties": { "category": "food_beverage" }, "geometry": { "type": "Point", "coordinates": [ 233619.605710797419306, 908156.630240497761406 ] } },
{ "type": "Feature", "properties": { "category": "food_beverage" }, "geometry": { "type": "Point", "coordinates": [ 232562.108370054047555, 906481.344159733271226 ] } },
{ "type": "Feature", "properties": { "category": "food_beverage" }, "geometry": { "type": "Point", "coordinates": [ 228461.488429570221342, 893495.23223503283225 ] } },
{ "type": "Feature", "properties": { "category": "food_beverage" }, "geometry": { "type": "Point", "coordinates": [ 236151.44523952860618, 901724.069441031198949 ] } },
{ "type": "Feature", "properties": { "category": "food_beverage" }, "geometry": { "type": "Point", "coordinates": [ 230587.373368834494613, 905068.093261686386541 ] } },
{ "type": "Feature", "properties": { "category": "food_beverage" }, "geometry": { "type": "Point", "coordinates": [ 228480.011404708959162, 888692.954475658014417 ] } },
{ "type": "Feature", "properties": { "category": "food_beverage" }, "geometry": { "type": "Point", "coordinates": [ 241996.575979453395121, 905715.221811328083277 ] } },
{ "type": "Feature", "properties": { "category": "food_beverage" }, "geometry": { "type": "Point", "coordinates": [ 221714.831711624894524, 902677.646583053166978 ] } },
{ "type": "Feature", "properties": { "category": "food_beverage" }, "geometry": { "type": "Point", "coordinates": [ 237204.295625765778823, 900115.931557981297374 ] } },
{ "type": "Feature", "properties": { "category": "food_beverage" }, "geometry": { "type": "Point", "coordinates": [ 235606.464046207605861, 908624.520819578785449 ] } },
{ "type": "Feature", "properties": { "category": "food_beverage" }, "geometry": { "type": "Point", "coordinates": [ 227512.002518030989449, 901775.900586439296603 ] } },
{ "type": "Feature", "properties": { "category": "food_beverage" }, "geometry": { "type": "Point", "coordinates": [ 225119.908975552476477, 902329.771555429790169 ] } },
{ "type": "Feature", "properties": { "category": "food_beverage" }, "geometry": { "type": "Point", "coordinates": [ 237799.151582186110318, 899981.924432496423833 ] } },
{ "type": "Feature", "properties": { "category": "food_beverage" }, "geometry": { "type": "Point", "coordinates": [ 238468.960465009236941, 905166.827597056515515 ] } },
{ "type": "Feature", "properties": { "category": "food_beverage" }, "geometry": { "type": "Point", "coordinates": [ 243746.542874551494606, 913014.920445964322425 ] } },
{ "type": "Feature", "properties": { "category": "food_beverage" }, "geometry": { "type": "Point", "coordinates": [ 228845.1127853677026, 893058.599936261773109 ] } },
{ "type": "Feature", "properties": { "category": "food_beverage" }, "geometry": { "type": "Point", "coordinates": [ 232507.941822563501773, 901606.74095187918283 ] } },
{ "type": "Feature", "properties": { "category": "food_beverage" }, "geometry": { "type": "Point", "coordinates": [ 237542.700467695627594, 899757.949318201979622 ] } },
{ "type": "Feature", "properties": { "category": "food_beverage" }, "geometry": { "type": "Point", "coordinates": [ 241215.007144348870497, 889017.36312027880922 ] } },
{ "type": "Feature", "properties": { "category": "food_beverage" }, "geometry": { "type": "Point", "coordinates": [ 231113.660246451181592, 905122.167953241034411 ] } },
{ "type": "Feature", "properties": { "category": "food_beverage" }, "geometry": { "type": "Point", "coordinates": [ 237289.570776193257188, 900147.263238657731563 ] } },
{ "type": "Feature", "properties": { "category": "food_beverage" }, "geometry": { "type": "Point", "coordinates": [ 236578.353241624921793, 901509.454025419428945 ] } },
{ "type": "Feature", "properties": { "category": "food_beverage" }, "geometry": { "type": "Point", "coordinates": [ 234235.332511899439851, 899901.234058423899114 ] } },
{ "type": "Feature", "properties": { "category": "food_beverage" }, "geometry": { "type": "Point", "coordinates": [ 236856.755123970971908, 901012.7226259005256 ] } },
{ "type": "Feature", "properties": { "category": "food_beverage" }, "geometry": { "type": "Point", "coordinates": [ 228256.783988758106716, 902008.565445225336589 ] } },
{ "type": "Feature", "properties": { "category": "food_beverage" }, "geometry": { "type": "Point", "coordinates": [ 233351.184863359347219, 903347.73586375778541 ] } },
{ "type": "Feature", "properties": { "category": "food_beverage" }, "geometry": { "type": "Point", "coordinates": [ 240970.793634679575916, 887901.733696558279917 ] } },
{ "type": "Feature", "properties": { "category": "food_beverage" }, "geometry": { "type": "Point", "coordinates": [ 235126.074729958869284, 895932.27815706236288 ] } },
{ "type": "Feature", "properties": { "category": "food_beverage" }, "geometry": { "type": "Point", "coordinates": [ 236538.974176952673588, 899244.144521871581674 ] } },
{ "type": "Feature", "properties": { "category": "food_beverage" }, "geometry": { "type": "Point", "coordinates": [ 232310.411660681624198, 895079.369873675750569 ] } },
{ "type": "Feature", "properties": { "category": "food_beverage" }, "geometry": { "type": "Point", "coordinates": [ 220079.797685503377579, 897602.117091808235273 ] } },
{ "type": "Feature", "properties": { "category": "food_beverage" }, "geometry": { "type": "Point", "coordinates": [ 234321.39759342855541, 899149.657564184628427 ] } },
{ "type": "Feature", "properties": { "category": "food_beverage" }, "geometry": { "type": "Point", "coordinates": [ 234529.790646489709616, 897657.796547311125323 ] } },
{ "type": "Feature", "properties": { "category": "food_beverage" }, "geometry": { "type": "Point", "coordinates": [ 236282.363476397586055, 894725.299580257269554 ] } },
{ "type": "Feature", "properties": { "category": "food_beverage" }, "geometry": { "type": "Point", "coordinates": [ 236526.166443989321124, 900170.468054382246919 ] } },
{ "type": "Feature", "properties": { "category": "food_beverage" }, "geometry": { "type": "Point", "coordinates": [ 231079.237245983880712, 899277.419016549363732 ] } },
{ "type": "Feature", "properties": { "category": "food_beverage" }, "geometry": { "type": "Point", "coordinates": [ 235908.880646840494592, 900171.28558059851639 ] } },
{ "type": "Feature", "properties": { "category": "food_beverage" }, "geometry": { "type": "Point", "coordinates": [ 224387.787918873917079, 900257.151965966448188 ] } },
{ "type": "Feature", "properties": { "category": "food_beverage" }, "geometry": { "type": "Point", "coordinates": [ 236121.763226525625214, 900142.829828045214526 ] } },
{ "type": "Feature", "properties": { "category": "food_beverage" }, "geometry": { "type": "Point", "coordinates": [ 235746.462187152530532, 906228.688564716023393 ] } },
{ "type": "Feature", "properties": { "category": "food_beverage" }, "geometry": { "type": "Point", "coordinates": [ 226445.036849926284049, 901621.959794135647826 ] } },
{ "type": "Feature", "properties": { "category": "food_beverage" }, "geometry": { "type": "Point", "coordinates": [ 234534.064289771369658, 895780.613727700198069 ] } },
{ "type": "Feature", "properties": { "category": "food_beverage" }, "geometry": { "type": "Point", "coordinates": [ 238109.068553929042537, 898471.604767906479537 ] } },
{ "type": "Feature", "properties": { "category": "food_beverage" }, "geometry": { "type": "Point", "coordinates": [ 225976.090436182101257, 900928.752550610806793 ] } },
{ "type": "Feature", "properties": { "category": "food_beverage" }, "geometry": { "type": "Point", "coordinates": [ 236637.208480940782465, 900538.270287227118388 ] } },
{ "type": "Feature", "properties": { "category": "food_beverage" }, "geometry": { "type": "Point", "coordinates": [ 236795.486801035440294, 901605.893031101324596 ] } },
{ "type": "Feature", "properties": { "category": "food_beverage" }, "geometry": { "type": "Point", "coordinates": [ 232021.516307468933519, 896615.128991894540377 ] } },
{ "type": "Feature", "properties": { "category": "food_beverage" }, "geometry": { "type": "Point", "coordinates": [ 231157.319657097366871, 905042.829124221112579 ] } },
{ "type": "Feature", "properties": { "category": "food_beverage" }, "geometry": { "type": "Point", "coordinates": [ 235719.925170298170997, 902867.081313277361915 ] } },
{ "type": "Feature", "properties": { "category": "food_beverage" }, "geometry": { "type": "Point", "coordinates": [ 231698.858983363199513, 902902.325282842153683 ] } },
{ "type": "Feature", "properties": { "category": "food_beverage" }, "geometry": { "type": "Point", "coordinates": [ 237998.877966808649944, 902236.115446193143725 ] } },
{ "type": "Feature", "properties": { "category": "food_beverage" }, "geometry": { "type": "Point", "coordinates": [ 233202.151540178281721, 902575.034802449867129 ] } },
{ "type": "Feature", "properties": { "category": "food_beverage" }, "geometry": { "type": "Point", "coordinates": [ 241700.568554835946998, 903711.026937155751511 ] } },
{ "type": "Feature", "properties": { "category": "food_beverage" }, "geometry": { "type": "Point", "coordinates": [ 232384.123425765137654, 896296.666033776942641 ] } },
{ "type": "Feature", "properties": { "category": "food_beverage" }, "geometry": { "type": "Point", "coordinates": [ 226704.129631447285647, 896496.397312048706226 ] } },
{ "type": "Feature", "properties": { "category": "food_beverage" }, "geometry": { "type": "Point", "coordinates": [ 233649.912992303114152, 902550.950787999667227 ] } },
{ "type": "Feature", "properties": { "category": "food_beverage" }, "geometry": { "type": "Point", "coordinates": [ 232985.033334950305289, 898048.035453830263577 ] } },
{ "type": "Feature", "properties": { "category": "food_beverage" }, "geometry": { "type": "Point", "coordinates": [ 242923.263877587742172, 888662.576441031647846 ] } },
{ "type": "Feature", "properties": { "category": "food_beverage" }, "geometry": { "type": "Point", "coordinates": [ 236531.796418059326243, 906420.232776812161319 ] } },
{ "type": "Feature", "properties": { "category": "food_beverage" }, "geometry": { "type": "Point", "coordinates": [ 237309.098483284993563, 892534.351176112424582 ] } },
{ "type": "Feature", "properties": { "category": "food_beverage" }, "geometry": { "type": "Point", "coordinates": [ 231231.136082877055742, 904940.187008634908125 ] } },
{ "type": "Feature", "properties": { "category": "food_beverage" }, "geometry": { "type": "Point", "coordinates": [ 236086.942582052754005, 900184.860581515938975 ] } },
{ "type": "Feature", "properties": { "category": "food_beverage" }, "geometry": { "type": "Point", "coordinates": [ 242011.795970017788932, 887851.77578786725644 ] } },
{ "type": "Feature", "properties": { "category": "food_beverage" }, "geometry": { "type": "Point", "coordinates": [ 237274.409280720341485, 898609.308734511374496 ] } },
{ "type": "Feature", "properties": { "category": "food_beverage" }, "geometry": { "type": "Point", "coordinates": [ 240417.236019233590923, 906009.423530476633459 ] } },
{ "type": "Feature", "properties": { "category": "food_beverage" }, "geometry": { "type": "Point", "coordinates": [ 235498.808035825233674, 905681.47738199098967 ] } },
{ "type": "Feature", "properties": { "category": "food_beverage" }, "geometry": { "type": "Point", "coordinates": [ 229455.251516162563348, 904211.281033810344525 ] } },
{ "type": "Feature", "properties": { "category": "food_beverage" }, "geometry": { "type": "Point", "coordinates": [ 235523.894274816673715, 899252.158964467933401 ] } },
{ "type": "Feature", "properties": { "category": "food_beverage" }, "geometry": { "type": "Point", "coordinates": [ 241215.007144348870497, 889017.36312027880922 ] } },
{ "type": "Feature", "properties": { "category": "food_beverage" }, "geometry": { "type": "Point", "coordinates": [ 227363.395056096516782, 889998.656812416506 ] } },
{ "type": "Feature", "properties": { "category": "food_beverage" }, "geometry": { "type": "Point", "coordinates": [ 235375.23965784185566, 899956.086980833671987 ] } },
{ "type": "Feature", "properties": { "category": "food_beverage" }, "geometry": { "type": "Point", "coordinates": [ 238254.129587728821207, 906062.509458037675358 ] } },
{ "type": "Feature", "properties": { "category": "food_beverage" }, "geometry": { "type": "Point", "coordinates": [ 234944.452633968030568, 902015.985757435439155 ] } },
{ "type": "Feature", "properties": { "category": "food_beverage" }, "geometry": { "type": "Point", "coordinates": [ 239552.204928860039217, 905799.333590997965075 ] } },
{ "type": "Feature", "properties": { "category": "food_beverage" }, "geometry": { "type": "Point", "coordinates": [ 232195.375619126687525, 903753.222563205170445 ] } },
{ "type": "Feature", "properties": { "category": "food_beverage" }, "geometry": { "type": "Point", "coordinates": [ 229935.70292401307961, 900370.678551753982902 ] } },
{ "type": "Feature", "properties": { "category": "food_beverage" }, "geometry": { "type": "Point", "coordinates": [ 236636.14055519294925, 901517.308432318270206 ] } },
{ "type": "Feature", "properties": { "category": "food_beverage" }, "geometry": { "type": "Point", "coordinates": [ 235470.578797995636705, 899187.020283081335947 ] } },
{ "type": "Feature", "properties": { "category": "food_beverage" }, "geometry": { "type": "Point", "coordinates": [ 236671.310217952268431, 901186.811722412821837 ] } },
{ "type": "Feature", "properties": { "category": "food_beverage" }, "geometry": { "type": "Point", "coordinates": [ 238529.836497377662454, 903194.729245468508452 ] } },
{ "type": "Feature", "properties": { "category": "food_beverage" }, "geometry": { "type": "Point", "coordinates": [ 235874.027054988138843, 900187.769274386926554 ] } },
{ "type": "Feature", "properties": { "category": "food_beverage" }, "geometry": { "type": "Point", "coordinates": [ 231130.724602465925273, 897289.364363525761291 ] } },
{ "type": "Feature", "properties": { "category": "food_beverage" }, "geometry": { "type": "Point", "coordinates": [ 235355.018003850040259, 892683.654212096589617 ] } },
{ "type": "Feature", "properties": { "category": "food_beverage" }, "geometry": { "type": "Point", "coordinates": [ 226318.18305696581956, 903600.002844087546691 ] } },
{ "type": "Feature", "properties": { "category": "food_beverage" }, "geometry": { "type": "Point", "coordinates": [ 233208.81717448940617, 901513.269650211092085 ] } },
{ "type": "Feature", "properties": { "category": "food_beverage" }, "geometry": { "type": "Point", "coordinates": [ 233796.273065329150995, 893018.996903622406535 ] } },
{ "type": "Feature", "properties": { "category": "food_beverage" }, "geometry": { "type": "Point", "coordinates": [ 241119.055801084963605, 905671.039457904873416 ] } },
{ "type": "Feature", "properties": { "category": "food_beverage" }, "geometry": { "type": "Point", "coordinates": [ 224580.443924185005017, 901096.901535697514191 ] } },
{ "type": "Feature", "properties": { "category": "food_beverage" }, "geometry": { "type": "Point", "coordinates": [ 235528.933703716465971, 899689.719964327290654 ] } },
{ "type": "Feature", "properties": { "category": "food_beverage" }, "geometry": { "type": "Point", "coordinates": [ 238194.151434241997777, 913735.844628867809661 ] } },
{ "type": "Feature", "properties": { "category": "food_beverage" }, "geometry": { "type": "Point", "coordinates": [ 236630.988404941628687, 900324.8567947645206 ] } },
{ "type": "Feature", "properties": { "category": "food_beverage" }, "geometry": { "type": "Point", "coordinates": [ 230512.265729491249658, 892980.660334289656021 ] } },
{ "type": "Feature", "properties": { "category": "food_beverage" }, "geometry": { "type": "Point", "coordinates": [ 237287.902738289820263, 909269.852259782259353 ] } },
{ "type": "Feature", "properties": { "category": "food_beverage" }, "geometry": { "type": "Point", "coordinates": [ 236839.758314753242303, 900467.683823678875342 ] } },
{ "type": "Feature", "properties": { "category": "food_beverage" }, "geometry": { "type": "Point", "coordinates": [ 231880.16363483236637, 896337.905168811092153 ] } },
{ "type": "Feature", "properties": { "category": "food_beverage" }, "geometry": { "type": "Point", "coordinates": [ 232515.295168463868322, 898218.350057370495051 ] } },
{ "type": "Feature", "properties": { "category": "food_beverage" }, "geometry": { "type": "Point", "coordinates": [ 236971.650408241461264, 900062.83031770051457 ] } },
{ "type": "Feature", "properties": { "category": "food_beverage" }, "geometry": { "type": "Point", "coordinates": [ 244008.326881119573954, 910915.89525879744906 ] } },
{ "type": "Feature", "properties": { "category": "food_beverage" }, "geometry": { "type": "Point", "coordinates": [ 235389.174000374914613, 899185.05484311201144 ] } },
{ "type": "Feature", "properties": { "category": "food_beverage" }, "geometry": { "type": "Point", "coordinates": [ 223011.057035275094677, 894842.301460373913869 ] } },
{ "type": "Feature", "properties": { "category": "food_beverage" }, "geometry": { "type": "Point", "coordinates": [ 228099.289294181857258, 901412.223579834681004 ] } },
{ "type": "Feature", "properties": { "category": "food_beverage" }, "geometry": { "type": "Point", "coordinates": [ 235762.546492370369378, 903020.808809909154661 ] } },
{ "type": "Feature", "properties": { "category": "food_beverage" }, "geometry": { "type": "Point", "coordinates": [ 226755.788988384185359, 905352.47298652830068 ] } },
{ "type": "Feature", "properties": { "category": "food_beverage" }, "geometry": { "type": "Point", "coordinates": [ 221747.409037226374494, 892752.16686529526487 ] } },
{ "type": "Feature", "properties": { "category": "food_beverage" }, "geometry": { "type": "Point", "coordinates": [ 241852.344933897285955, 905341.021680295234546 ] } },
{ "type": "Feature", "properties": { "category": "food_beverage" }, "geometry": { "type": "Point", "coordinates": [ 234976.680006678157952, 900125.152038143482059 ] } },
{ "type": "Feature", "properties": { "category": "food_beverage" }, "geometry": { "type": "Point", "coordinates": [ 234057.792027945426526, 906131.209030883270316 ] } },
{ "type": "Feature", "properties": { "category": "food_beverage" }, "geometry": { "type": "Point", "coordinates": [ 236186.84524864226114, 900160.381745252176188 ] } },
{ "type": "Feature", "properties": { "category": "food_beverage" }, "geometry": { "type": "Point", "coordinates": [ 239546.340293422341347, 914912.584369832882658 ] } },
{ "type": "Feature", "properties": { "category": "food_beverage" }, "geometry": { "type": "Point", "coordinates": [ 232928.716807803459233, 898493.413795248256065 ] } },
{ "type": "Feature", "properties": { "category": "food_beverage" }, "geometry": { "type": "Point", "coordinates": [ 244371.44837517788983, 912334.58194757765159 ] } },
{ "type": "Feature", "properties": { "category": "food_beverage" }, "geometry": { "type": "Point", "coordinates": [ 232942.716936700802762, 899796.530145013472065 ] } },
{ "type": "Feature", "properties": { "category": "food_beverage" }, "geometry": { "type": "Point", "coordinates": [ 236216.184350345516577, 900686.487606751383282 ] } },
{ "type": "Feature", "properties": { "category": "food_beverage" }, "geometry": { "type": "Point", "coordinates": [ 233603.731019763450604, 892233.876306510064751 ] } },
{ "type": "Feature", "properties": { "category": "food_beverage" }, "geometry": { "type": "Point", "coordinates": [ 243435.932976382959168, 911962.269384386716411 ] } },
{ "type": "Feature", "properties": { "category": "food_beverage" }, "geometry": { "type": "Point", "coordinates": [ 239652.642942403617781, 901466.815390035044402 ] } },
{ "type": "Feature", "properties": { "category": "food_beverage" }, "geometry": { "type": "Point", "coordinates": [ 232203.657942989229923, 907781.873908783076331 ] } },
{ "type": "Feature", "properties": { "category": "food_beverage" }, "geometry": { "type": "Point", "coordinates": [ 232625.926847439841367, 899951.338664404582232 ] } },
{ "type": "Feature", "properties": { "category": "food_beverage" }, "geometry": { "type": "Point", "coordinates": [ 239172.829205095767975, 904695.076800581300631 ] } },
{ "type": "Feature", "properties": { "category": "food_beverage" }, "geometry": { "type": "Point", "coordinates": [ 235350.638251231779577, 899457.779003180796281 ] } },
{ "type": "Feature", "properties": { "category": "food_beverage" }, "geometry": { "type": "Point", "coordinates": [ 236275.806738522922387, 894493.781614223495126 ] } },
{ "type": "Feature", "properties": { "category": "food_beverage" }, "geometry": { "type": "Point", "coordinates": [ 237303.601707011315739, 900391.043137793196365 ] } },
{ "type": "Feature", "properties": { "category": "food_beverage" }, "geometry": { "type": "Point", "coordinates": [ 230577.91783286439022, 893037.260979594895616 ] } },
{ "type": "Feature", "properties": { "category": "food_beverage" }, "geometry": { "type": "Point", "coordinates": [ 234260.398100778606022, 906213.171459471224807 ] } },
{ "type": "Feature", "properties": { "category": "food_beverage" }, "geometry": { "type": "Point", "coordinates": [ 237670.373774900421267, 905172.717696804902516 ] } },
{ "type": "Feature", "properties": { "category": "food_beverage" }, "geometry": { "type": "Point", "coordinates": [ 225870.754037415113999, 901591.719114142935723 ] } },
{ "type": "Feature", "properties": { "category": "food_beverage" }, "geometry": { "type": "Point", "coordinates": [ 241128.07079354225425, 906732.12681811559014 ] } },
{ "type": "Feature", "properties": { "category": "food_beverage" }, "geometry": { "type": "Point", "coordinates": [ 224708.514443715510424, 900449.547416739165783 ] } },
{ "type": "Feature", "properties": { "category": "food_beverage" }, "geometry": { "type": "Point", "coordinates": [ 236334.145764211920323, 900498.263730651233345 ] } },
{ "type": "Feature", "properties": { "category": "food_beverage" }, "geometry": { "type": "Point", "coordinates": [ 241861.456704661308322, 906408.886329999892041 ] } },
{ "type": "Feature", "properties": { "category": "food_beverage" }, "geometry": { "type": "Point", "coordinates": [ 234265.0773137860524, 899208.253928172052838 ] } },
{ "type": "Feature", "properties": { "category": "food_beverage" }, "geometry": { "type": "Point", "coordinates": [ 237822.993350475793704, 904413.311917701503262 ] } },
{ "type": "Feature", "properties": { "category": "food_beverage" }, "geometry": { "type": "Point", "coordinates": [ 242267.569663690286689, 902860.438711037160829 ] } },
{ "type": "Feature", "properties": { "category": "food_beverage" }, "geometry": { "type": "Point", "coordinates": [ 230372.379219506983645, 904006.470702259219252 ] } },
{ "type": "Feature", "properties": { "category": "food_beverage" }, "geometry": { "type": "Point", "coordinates": [ 236459.187609310960397, 900852.139917293097824 ] } },
{ "type": "Feature", "properties": { "category": "food_beverage" }, "geometry": { "type": "Point", "coordinates": [ 221644.874083240545588, 892274.559305776725523 ] } },
{ "type": "Feature", "properties": { "category": "food_beverage" }, "geometry": { "type": "Point", "coordinates": [ 237399.868997680780012, 908733.930720778880641 ] } },
{ "type": "Feature", "properties": { "category": "food_beverage" }, "geometry": { "type": "Point", "coordinates": [ 235438.794119974743808, 908550.803833597456105 ] } },
{ "type": "Feature", "properties": { "category": "food_beverage" }, "geometry": { "type": "Point", "coordinates": [ 230410.411412429180928, 900622.197243420989253 ] } },
{ "type": "Feature", "properties": { "category": "food_beverage" }, "geometry": { "type": "Point", "coordinates": [ 234416.051618159486679, 903595.357153768651187 ] } },
{ "type": "Feature", "properties": { "category": "food_beverage" }, "geometry": { "type": "Point", "coordinates": [ 236458.336435793899, 900238.095598927815445 ] } },
{ "type": "Feature", "properties": { "category": "food_beverage" }, "geometry": { "type": "Point", "coordinates": [ 231112.075799647544045, 899137.495658302679658 ] } },
{ "type": "Feature", "properties": { "category": "food_beverage" }, "geometry": { "type": "Point", "coordinates": [ 234831.812293155118823, 900079.668120904359967 ] } },
{ "type": "Feature", "properties": { "category": "food_beverage" }, "geometry": { "type": "Point", "coordinates": [ 235327.906100018299185, 899357.361458532628603 ] } },
{ "type": "Feature", "properties": { "category": "food_beverage" }, "geometry": { "type": "Point", "coordinates": [ 235691.687172171543352, 911623.567013822845183 ] } },
{ "type": "Feature", "properties": { "category": "food_beverage" }, "geometry": { "type": "Point", "coordinates": [ 235514.426924332190538, 900163.50503922556527 ] } },
{ "type": "Feature", "properties": { "category": "food_beverage" }, "geometry": { "type": "Point", "coordinates": [ 236671.310217952268431, 901186.811722412821837 ] } },
{ "type": "Feature", "properties": { "category": "food_beverage" }, "geometry": { "type": "Point", "coordinates": [ 237755.807722189609194, 904320.310445299372077 ] } },
{ "type": "Feature", "properties": { "category": "food_beverage" }, "geometry": { "type": "Point", "coordinates": [ 236984.526371666637715, 898852.815068056341261 ] } },
{ "type": "Feature", "properties": { "category": "food_beverage" }, "geometry": { "type": "Point", "coordinates": [ 231401.048528591782087, 904154.618847490288317 ] } },
{ "type": "Feature", "properties": { "category": "food_beverage" }, "geometry": { "type": "Point", "coordinates": [ 246949.562842141720466, 913937.392497181659564 ] } },
{ "type": "Feature", "properties": { "category": "food_beverage" }, "geometry": { "type": "Point", "coordinates": [ 234352.196252047840971, 904208.199138397118077 ] } },
{ "type": "Feature", "properties": { "category": "food_beverage" }, "geometry": { "type": "Point", "coordinates": [ 231416.456151500344276, 902918.940242286305875 ] } },
{ "type": "Feature", "properties": { "category": "food_beverage" }, "geometry": { "type": "Point", "coordinates": [ 234962.848327700456139, 901878.117997785797343 ] } },
{ "type": "Feature", "properties": { "category": "food_beverage" }, "geometry": { "type": "Point", "coordinates": [ 237218.860544468858279, 908867.26443468243815 ] } },
{ "type": "Feature", "properties": { "category": "food_beverage" }, "geometry": { "type": "Point", "coordinates": [ 230748.360685894906055, 899510.892497561872005 ] } },
{ "type": "Feature", "properties": { "category": "food_beverage" }, "geometry": { "type": "Point", "coordinates": [ 228202.548279299924616, 901340.436767974635586 ] } },
{ "type": "Feature", "properties": { "category": "food_beverage" }, "geometry": { "type": "Point", "coordinates": [ 231240.212668315391056, 902639.903256916557439 ] } },
{ "type": "Feature", "properties": { "category": "food_beverage" }, "geometry": { "type": "Point", "coordinates": [ 238194.151434241997777, 913735.844628867809661 ] } },
{ "type": "Feature", "properties": { "category": "food_beverage" }, "geometry": { "type": "Point", "coordinates": [ 229437.485103830462322, 906170.634446866693906 ] } },
{ "type": "Feature", "properties": { "category": "food_beverage" }, "geometry": { "type": "Point", "coordinates": [ 236625.018948993529193, 892624.83836748439353 ] } },
{ "type": "Feature", "properties": { "category": "food_beverage" }, "geometry": { "type": "Point", "coordinates": [ 239056.328894020523876, 906040.377665273263119 ] } },
{ "type": "Feature", "properties": { "category": "food_beverage" }, "geometry": { "type": "Point", "coordinates": [ 229881.865506148344139, 898732.168446695199236 ] } },
{ "type": "Feature", "properties": { "category": "food_beverage" }, "geometry": { "type": "Point", "coordinates": [ 237439.695462420175318, 898367.260111078503542 ] } },
{ "type": "Feature", "properties": { "category": "food_beverage" }, "geometry": { "type": "Point", "coordinates": [ 235855.515608139219694, 897420.06283895089291 ] } },
{ "type": "Feature", "properties": { "category": "food_beverage" }, "geometry": { "type": "Point", "coordinates": [ 230380.168248756963294, 905384.767972848028876 ] } },
{ "type": "Feature", "properties": { "category": "food_beverage" }, "geometry": { "type": "Point", "coordinates": [ 232512.132723136804998, 899970.805288794101216 ] } },
{ "type": "Feature", "properties": { "category": "food_beverage" }, "geometry": { "type": "Point", "coordinates": [ 239231.072820231143851, 891087.81558259902522 ] } },
{ "type": "Feature", "properties": { "category": "food_beverage" }, "geometry": { "type": "Point", "coordinates": [ 236021.390115218062419, 900162.641900906106457 ] } },
{ "type": "Feature", "properties": { "category": "food_beverage" }, "geometry": { "type": "Point", "coordinates": [ 235686.067131638235878, 911596.434736584546044 ] } },
{ "type": "Feature", "properties": { "category": "food_beverage" }, "geometry": { "type": "Point", "coordinates": [ 238591.982982106273994, 889562.871077331714332 ] } },
{ "type": "Feature", "properties": { "category": "food_beverage" }, "geometry": { "type": "Point", "coordinates": [ 228384.849343822163064, 892826.91159370506648 ] } },
{ "type": "Feature", "properties": { "category": "food_beverage" }, "geometry": { "type": "Point", "coordinates": [ 236671.310217952268431, 901186.811722412821837 ] } },
{ "type": "Feature", "properties": { "category": "food_beverage" }, "geometry": { "type": "Point", "coordinates": [ 238285.206711118953535, 904544.779241394950077 ] } },
{ "type": "Feature", "properties": { "category": "food_beverage" }, "geometry": { "type": "Point", "coordinates": [ 226166.710312343959231, 908269.183580750948749 ] } },
{ "type": "Feature", "properties": { "category": "food_beverage" }, "geometry": { "type": "Point", "coordinates": [ 229850.684654685057467, 901222.282855814439245 ] } },
{ "type": "Feature", "properties": { "category": "food_beverage" }, "geometry": { "type": "Point", "coordinates": [ 229748.437588681350462, 900408.427244097576477 ] } },
{ "type": "Feature", "properties": { "category": "food_beverage" }, "geometry": { "type": "Point", "coordinates": [ 242316.832529961888213, 902981.700516502605751 ] } },
{ "type": "Feature", "properties": { "category": "food_beverage" }, "geometry": { "type": "Point", "coordinates": [ 221664.193981981166871, 891598.725170126883313 ] } },
{ "type": "Feature", "properties": { "category": "food_beverage" }, "geometry": { "type": "Point", "coordinates": [ 233417.482266060484108, 901840.939822855172679 ] } },
{ "type": "Feature", "properties": { "category": "food_beverage" }, "geometry": { "type": "Point", "coordinates": [ 236732.763912906957557, 907799.446762057254091 ] } },
{ "type": "Feature", "properties": { "category": "food_beverage" }, "geometry": { "type": "Point", "coordinates": [ 226672.128540300502209, 888843.154129975941032 ] } },
{ "type": "Feature", "properties": { "category": "food_beverage" }, "geometry": { "type": "Point", "coordinates": [ 234115.723351630469551, 904644.697109321597964 ] } },
{ "type": "Feature", "properties": { "category": "food_beverage" }, "geometry": { "type": "Point", "coordinates": [ 236661.089127353654476, 901566.868438516627066 ] } },
{ "type": "Feature", "properties": { "category": "food_beverage" }, "geometry": { "type": "Point", "coordinates": [ 234608.02409407927189, 902506.619812492281199 ] } },
{ "type": "Feature", "properties": { "category": "food_beverage" }, "geometry": { "type": "Point", "coordinates": [ 235392.00105654305662, 901372.194628675933927 ] } },
{ "type": "Feature", "properties": { "category": "food_beverage" }, "geometry": { "type": "Point", "coordinates": [ 235550.929828123073094, 908296.886851897579618 ] } },
{ "type": "Feature", "properties": { "category": "food_beverage" }, "geometry": { "type": "Point", "coordinates": [ 244931.40146495855879, 911963.578582274727523 ] } },
{ "type": "Feature", "properties": { "category": "food_beverage" }, "geometry": { "type": "Point", "coordinates": [ 242005.152123500243761, 913823.504099178826436 ] } },
{ "type": "Feature", "properties": { "category": "food_beverage" }, "geometry": { "type": "Point", "coordinates": [ 236571.977992122789146, 894386.682296114973724 ] } },
{ "type": "Feature", "properties": { "category": "food_beverage" }, "geometry": { "type": "Point", "coordinates": [ 231037.873735987988766, 899239.580979167600162 ] } },
{ "type": "Feature", "properties": { "category": "food_beverage" }, "geometry": { "type": "Point", "coordinates": [ 225608.045971469691722, 904104.005334422574379 ] } },
{ "type": "Feature", "properties": { "category": "food_beverage" }, "geometry": { "type": "Point", "coordinates": [ 236547.995934104721528, 897825.840327088604681 ] } },
{ "type": "Feature", "properties": { "category": "food_beverage" }, "geometry": { "type": "Point", "coordinates": [ 236454.746043459919747, 900739.594671608880162 ] } },
{ "type": "Feature", "properties": { "category": "food_beverage" }, "geometry": { "type": "Point", "coordinates": [ 240917.204023379279533, 911498.470700683072209 ] } },
{ "type": "Feature", "properties": { "category": "food_beverage" }, "geometry": { "type": "Point", "coordinates": [ 236663.925591213366715, 900707.470597171224654 ] } },
{ "type": "Feature", "properties": { "category": "food_beverage" }, "geometry": { "type": "Point", "coordinates": [ 236737.572981226549018, 900724.294816685374826 ] } },
{ "type": "Feature", "properties": { "category": "food_beverage" }, "geometry": { "type": "Point", "coordinates": [ 224504.012979497405468, 904090.625160001218319 ] } },
{ "type": "Feature", "properties": { "category": "food_beverage" }, "geometry": { "type": "Point", "coordinates": [ 238879.698825158120599, 903326.841498722089455 ] } },
{ "type": "Feature", "properties": { "category": "food_beverage" }, "geometry": { "type": "Point", "coordinates": [ 224387.787918873917079, 900257.151965966448188 ] } },
{ "type": "Feature", "properties": { "category": "food_beverage" }, "geometry": { "type": "Point", "coordinates": [ 236385.913624937646091, 900126.864356613601558 ] } },
{ "type": "Feature", "properties": { "category": "food_beverage" }, "geometry": { "type": "Point", "coordinates": [ 231497.048270965053234, 905644.836895580519922 ] } },
{ "type": "Feature", "properties": { "category": "food_beverage" }, "geometry": { "type": "Point", "coordinates": [ 245592.446032812586054, 912779.628972664708272 ] } },
{ "type": "Feature", "properties": { "category": "food_beverage" }, "geometry": { "type": "Point", "coordinates": [ 228231.916814047144726, 900960.891216876450926 ] } },
{ "type": "Feature", "properties": { "category": "food_beverage" }, "geometry": { "type": "Point", "coordinates": [ 232625.926847439841367, 899951.338664404582232 ] } },
{ "type": "Feature", "properties": { "category": "food_beverage" }, "geometry": { "type": "Point", "coordinates": [ 237289.732880303956335, 900039.07403167616576 ] } },
{ "type": "Feature", "properties": { "category": "food_beverage" }, "geometry": { "type": "Point", "coordinates": [ 232064.285873124026693, 907627.16872040356975 ] } },
{ "type": "Feature", "properties": { "category": "food_beverage" }, "geometry": { "type": "Point", "coordinates": [ 234473.230518906435464, 899946.828119510551915 ] } },
{ "type": "Feature", "properties": { "category": "food_beverage" }, "geometry": { "type": "Point", "coordinates": [ 236248.064286646811524, 901916.732878350652754 ] } },
{ "type": "Feature", "properties": { "category": "food_beverage" }, "geometry": { "type": "Point", "coordinates": [ 228902.63110524660442, 898506.252607499132864 ] } },
{ "type": "Feature", "properties": { "category": "food_beverage" }, "geometry": { "type": "Point", "coordinates": [ 239099.130720376357203, 913912.674177142675035 ] } },
{ "type": "Feature", "properties": { "category": "food_beverage" }, "geometry": { "type": "Point", "coordinates": [ 236787.474194360082038, 901720.261832811171189 ] } },
{ "type": "Feature", "properties": { "category": "food_beverage" }, "geometry": { "type": "Point", "coordinates": [ 236414.180469651037129, 901747.197595746139996 ] } },
{ "type": "Feature", "properties": { "category": "food_beverage" }, "geometry": { "type": "Point", "coordinates": [ 234141.432720774464542, 891574.451355808298104 ] } },
{ "type": "Feature", "properties": { "category": "food_beverage" }, "geometry": { "type": "Point", "coordinates": [ 236524.612840324320132, 896583.651218638988212 ] } },
{ "type": "Feature", "properties": { "category": "food_beverage" }, "geometry": { "type": "Point", "coordinates": [ 234447.793711847509257, 899706.775314695900306 ] } },
{ "type": "Feature", "properties": { "category": "food_beverage" }, "geometry": { "type": "Point", "coordinates": [ 223925.595857412670739, 896184.821229062974453 ] } },
{ "type": "Feature", "properties": { "category": "food_beverage" }, "geometry": { "type": "Point", "coordinates": [ 235724.326896651269635, 911594.518908625817858 ] } },
{ "type": "Feature", "properties": { "category": "food_beverage" }, "geometry": { "type": "Point", "coordinates": [ 238894.76999769237591, 903475.548607876291499 ] } },
{ "type": "Feature", "properties": { "category": "food_beverage" }, "geometry": { "type": "Point", "coordinates": [ 234119.883758230949752, 901464.983768492122181 ] } },
{ "type": "Feature", "properties": { "category": "food_beverage" }, "geometry": { "type": "Point", "coordinates": [ 235729.328621153137647, 896478.373596477671526 ] } },
{ "type": "Feature", "properties": { "category": "food_beverage" }, "geometry": { "type": "Point", "coordinates": [ 228245.431758928461932, 901636.075844052946195 ] } },
{ "type": "Feature", "properties": { "category": "food_beverage" }, "geometry": { "type": "Point", "coordinates": [ 231487.786088939785259, 898044.946043374249712 ] } },
{ "type": "Feature", "properties": { "category": "food_beverage" }, "geometry": { "type": "Point", "coordinates": [ 233477.394287298724521, 907293.750986315659247 ] } },
{ "type": "Feature", "properties": { "category": "food_beverage" }, "geometry": { "type": "Point", "coordinates": [ 220645.835630691726692, 902463.376168853137642 ] } },
{ "type": "Feature", "properties": { "category": "food_beverage" }, "geometry": { "type": "Point", "coordinates": [ 245234.081502773711691, 912081.270674909930676 ] } },
{ "type": "Feature", "properties": { "category": "food_beverage" }, "geometry": { "type": "Point", "coordinates": [ 228845.1127853677026, 893058.599936261773109 ] } },
{ "type": "Feature", "properties": { "category": "food_beverage" }, "geometry": { "type": "Point", "coordinates": [ 237158.442145400564186, 907269.170500145875849 ] } },
{ "type": "Feature", "properties": { "category": "food_beverage" }, "geometry": { "type": "Point", "coordinates": [ 236515.889549982588505, 908212.087793954997323 ] } },
{ "type": "Feature", "properties": { "category": "food_beverage" }, "geometry": { "type": "Point", "coordinates": [ 236625.448938746500062, 901656.211740757455118 ] } },
{ "type": "Feature", "properties": { "category": "food_beverage" }, "geometry": { "type": "Point", "coordinates": [ 236637.208480940782465, 900538.270287227118388 ] } },
{ "type": "Feature", "properties": { "category": "food_beverage" }, "geometry": { "type": "Point", "coordinates": [ 235520.266930361627601, 900181.751342227915302 ] } },
{ "type": "Feature", "properties": { "category": "food_beverage" }, "geometry": { "type": "Point", "coordinates": [ 236062.135690397582948, 893452.338448580005206 ] } },
{ "type": "Feature", "properties": { "category": "food_beverage" }, "geometry": { "type": "Point", "coordinates": [ 245288.125630174821708, 912755.996727340389043 ] } },
{ "type": "Feature", "properties": { "category": "food_beverage" }, "geometry": { "type": "Point", "coordinates": [ 231902.542682117898948, 894493.800532136345282 ] } },
{ "type": "Feature", "properties": { "category": "food_beverage" }, "geometry": { "type": "Point", "coordinates": [ 236189.80986718373606, 900416.654075890081003 ] } },
{ "type": "Feature", "properties": { "category": "food_beverage" }, "geometry": { "type": "Point", "coordinates": [ 238688.752327094378415, 903051.200138562591746 ] } },
{ "type": "Feature", "properties": { "category": "food_beverage" }, "geometry": { "type": "Point", "coordinates": [ 239231.072820231143851, 891087.81558259902522 ] } },
{ "type": "Feature", "properties": { "category": "food_beverage" }, "geometry": { "type": "Point", "coordinates": [ 225829.15866124042077, 900604.642322454368696 ] } },
{ "type": "Feature", "properties": { "category": "food_beverage" }, "geometry": { "type": "Point", "coordinates": [ 229621.485001300781732, 901422.696937790606171 ] } },
{ "type": "Feature", "properties": { "category": "food_beverage" }, "geometry": { "type": "Point", "coordinates": [ 233165.924932403548155, 899849.564329546527006 ] } },
{ "type": "Feature", "properties": { "category": "food_beverage" }, "geometry": { "type": "Point", "coordinates": [ 225782.507263921463164, 900767.532661989098415 ] } },
{ "type": "Feature", "properties": { "category": "food_beverage" }, "geometry": { "type": "Point", "coordinates": [ 235550.524788630718831, 901285.132027719751932 ] } },
{ "type": "Feature", "properties": { "category": "food_beverage" }, "geometry": { "type": "Point", "coordinates": [ 241054.940126477304148, 906920.979085551109165 ] } },
{ "type": "Feature", "properties": { "category": "food_beverage" }, "geometry": { "type": "Point", "coordinates": [ 235738.817388952506008, 900123.876983387861401 ] } },
{ "type": "Feature", "properties": { "category": "food_beverage" }, "geometry": { "type": "Point", "coordinates": [ 246151.972153002629057, 913240.723534424207173 ] } },
{ "type": "Feature", "properties": { "category": "food_beverage" }, "geometry": { "type": "Point", "coordinates": [ 230028.840006241225637, 900477.599369512056001 ] } },
{ "type": "Feature", "properties": { "category": "food_beverage" }, "geometry": { "type": "Point", "coordinates": [ 233941.306963394628838, 899022.294104925007559 ] } },
{ "type": "Feature", "properties": { "category": "food_beverage" }, "geometry": { "type": "Point", "coordinates": [ 233884.191407390579116, 901467.61984017980285 ] } },
{ "type": "Feature", "properties": { "category": "food_beverage" }, "geometry": { "type": "Point", "coordinates": [ 233730.058272837719414, 902961.54772362683434 ] } },
{ "type": "Feature", "properties": { "category": "food_beverage" }, "geometry": { "type": "Point", "coordinates": [ 239142.5963861568016, 891524.630717543885112 ] } },
{ "type": "Feature", "properties": { "category": "food_beverage" }, "geometry": { "type": "Point", "coordinates": [ 233168.722345050307922, 903514.71156982309185 ] } },
{ "type": "Feature", "properties": { "category": "food_beverage" }, "geometry": { "type": "Point", "coordinates": [ 235753.975943239289336, 908244.488730470184237 ] } },
{ "type": "Feature", "properties": { "category": "food_beverage" }, "geometry": { "type": "Point", "coordinates": [ 235818.806174386641942, 899334.520365497446619 ] } },
{ "type": "Feature", "properties": { "category": "food_beverage" }, "geometry": { "type": "Point", "coordinates": [ 230096.710196271364111, 898769.185198910068721 ] } },
{ "type": "Feature", "properties": { "category": "food_beverage" }, "geometry": { "type": "Point", "coordinates": [ 236737.572981226549018, 900724.294816685374826 ] } },
{ "type": "Feature", "properties": { "category": "food_beverage" }, "geometry": { "type": "Point", "coordinates": [ 235009.309279351349687, 899181.930602739565074 ] } },
{ "type": "Feature", "properties": { "category": "food_beverage" }, "geometry": { "type": "Point", "coordinates": [ 236253.552422949345782, 900805.089612004463561 ] } },
{ "type": "Feature", "properties": { "category": "food_beverage" }, "geometry": { "type": "Point", "coordinates": [ 226698.645503338600975, 886616.204418753972277 ] } },
{ "type": "Feature", "properties": { "category": "food_beverage" }, "geometry": { "type": "Point", "coordinates": [ 230289.271406496176496, 900553.250189223210327 ] } },
{ "type": "Feature", "properties": { "category": "food_beverage" }, "geometry": { "type": "Point", "coordinates": [ 234138.667649301583879, 901345.888164731208235 ] } },
{ "type": "Feature", "properties": { "category": "food_beverage" }, "geometry": { "type": "Point", "coordinates": [ 229319.544469776796177, 906854.498595845536329 ] } },
{ "type": "Feature", "properties": { "category": "food_beverage" }, "geometry": { "type": "Point", "coordinates": [ 233695.184327093913453, 892565.765080922050402 ] } },
{ "type": "Feature", "properties": { "category": "food_beverage" }, "geometry": { "type": "Point", "coordinates": [ 235901.981081090052612, 901473.197291044751182 ] } },
{ "type": "Feature", "properties": { "category": "food_beverage" }, "geometry": { "type": "Point", "coordinates": [ 232899.727979977964424, 903521.333085141261108 ] } },
{ "type": "Feature", "properties": { "category": "food_beverage" }, "geometry": { "type": "Point", "coordinates": [ 230147.943647309875814, 900580.411859428044409 ] } },
{ "type": "Feature", "properties": { "category": "food_beverage" }, "geometry": { "type": "Point", "coordinates": [ 236021.900043934467249, 899500.508932556025684 ] } },
{ "type": "Feature", "properties": { "category": "food_beverage" }, "geometry": { "type": "Point", "coordinates": [ 231217.152492759632878, 902528.389317065360956 ] } },
{ "type": "Feature", "properties": { "category": "food_beverage" }, "geometry": { "type": "Point", "coordinates": [ 237292.697275692771655, 900241.251918923808262 ] } },
{ "type": "Feature", "properties": { "category": "food_beverage" }, "geometry": { "type": "Point", "coordinates": [ 233464.291852803959046, 899864.196971762692556 ] } },
{ "type": "Feature", "properties": { "category": "food_beverage" }, "geometry": { "type": "Point", "coordinates": [ 237918.212339164339937, 902225.904691010713577 ] } },
{ "type": "Feature", "properties": { "category": "food_beverage" }, "geometry": { "type": "Point", "coordinates": [ 231169.900187349267071, 899254.161009844276123 ] } },
{ "type": "Feature", "properties": { "category": "food_beverage" }, "geometry": { "type": "Point", "coordinates": [ 236907.994497844832949, 900511.251280108001083 ] } },
{ "type": "Feature", "properties": { "category": "food_beverage" }, "geometry": { "type": "Point", "coordinates": [ 230885.468055167060811, 888977.231876209727488 ] } },
{ "type": "Feature", "properties": { "category": "food_beverage" }, "geometry": { "type": "Point", "coordinates": [ 236258.296045718947425, 900189.074927401961759 ] } },
{ "type": "Feature", "properties": { "category": "food_beverage" }, "geometry": { "type": "Point", "coordinates": [ 231401.048528591782087, 904154.618847490288317 ] } },
{ "type": "Feature", "properties": { "category": "food_beverage" }, "geometry": { "type": "Point", "coordinates": [ 234273.575798239791766, 899560.855992427561432 ] } },
{ "type": "Feature", "properties": { "category": "food_beverage" }, "geometry": { "type": "Point", "coordinates": [ 235550.929828123073094, 908296.886851897579618 ] } },
{ "type": "Feature", "properties": { "category": "food_beverage" }, "geometry": { "type": "Point", "coordinates": [ 223006.821519932796946, 895506.855846438906156 ] } },
{ "type": "Feature", "properties": { "category": "food_beverage" }, "geometry": { "type": "Point", "coordinates": [ 237106.983191758568864, 899711.426214012317359 ] } },
{ "type": "Feature", "properties": { "category": "food_beverage" }, "geometry": { "type": "Point", "coordinates": [ 231187.056323501688894, 898526.124951280304231 ] } },
{ "type": "Feature", "properties": { "category": "food_beverage" }, "geometry": { "type": "Point", "coordinates": [ 239831.771608426468447, 901910.143857455230318 ] } },
{ "type": "Feature", "properties": { "category": "food_beverage" }, "geometry": { "type": "Point", "coordinates": [ 234001.732982861372875, 901384.545835077529773 ] } },
{ "type": "Feature", "properties": { "category": "food_beverage" }, "geometry": { "type": "Point", "coordinates": [ 236491.229028511763318, 900075.870218048570678 ] } },
{ "type": "Feature", "properties": { "category": "food_beverage" }, "geometry": { "type": "Point", "coordinates": [ 236776.766546407772694, 900618.309089217917062 ] } },
{ "type": "Feature", "properties": { "category": "food_beverage" }, "geometry": { "type": "Point", "coordinates": [ 238659.204067105194554, 892496.543539301608689 ] } },
{ "type": "Feature", "properties": { "category": "food_beverage" }, "geometry": { "type": "Point", "coordinates": [ 236377.485747742874082, 900879.486026445752941 ] } },
{ "type": "Feature", "properties": { "category": "food_beverage" }, "geometry": { "type": "Point", "coordinates": [ 228558.32177746258094, 888714.931405806913972 ] } },
{ "type": "Feature", "properties": { "category": "food_beverage" }, "geometry": { "type": "Point", "coordinates": [ 236632.202697154309135, 901766.992119917762466 ] } },
{ "type": "Feature", "properties": { "category": "food_beverage" }, "geometry": { "type": "Point", "coordinates": [ 233045.663340096827596, 899351.258832665043883 ] } },
{ "type": "Feature", "properties": { "category": "food_beverage" }, "geometry": { "type": "Point", "coordinates": [ 232942.716936700802762, 899796.530145013472065 ] } },
{ "type": "Feature", "properties": { "category": "food_beverage" }, "geometry": { "type": "Point", "coordinates": [ 231233.334489180386299, 890903.372701697633602 ] } },
{ "type": "Feature", "properties": { "category": "food_beverage" }, "geometry": { "type": "Point", "coordinates": [ 231933.182698363176314, 894537.703721345635131 ] } },
{ "type": "Feature", "properties": { "category": "food_beverage" }, "geometry": { "type": "Point", "coordinates": [ 235397.440232267719693, 899490.78251710452605 ] } },
{ "type": "Feature", "properties": { "category": "food_beverage" }, "geometry": { "type": "Point", "coordinates": [ 236288.312999537272844, 901779.203422465128824 ] } },
{ "type": "Feature", "properties": { "category": "food_beverage" }, "geometry": { "type": "Point", "coordinates": [ 236092.665831882681232, 900690.739534236025065 ] } },
{ "type": "Feature", "properties": { "category": "food_beverage" }, "geometry": { "type": "Point", "coordinates": [ 245201.14938928137417, 912673.235197906149551 ] } },
{ "type": "Feature", "properties": { "category": "food_beverage" }, "geometry": { "type": "Point", "coordinates": [ 236699.417927868518746, 900915.594277782132849 ] } },
{ "type": "Feature", "properties": { "category": "food_beverage" }, "geometry": { "type": "Point", "coordinates": [ 243383.473069354193285, 911945.949060146696866 ] } },
{ "type": "Feature", "properties": { "category": "food_beverage" }, "geometry": { "type": "Point", "coordinates": [ 239841.287913381587714, 916094.6116823120974 ] } },
{ "type": "Feature", "properties": { "category": "food_beverage" }, "geometry": { "type": "Point", "coordinates": [ 236452.267914456198923, 901391.944351686863229 ] } },
{ "type": "Feature", "properties": { "category": "food_beverage" }, "geometry": { "type": "Point", "coordinates": [ 234627.207037783315172, 899131.163545506307855 ] } },
{ "type": "Feature", "properties": { "category": "food_beverage" }, "geometry": { "type": "Point", "coordinates": [ 235389.174000374914613, 899185.05484311201144 ] } },
{ "type": "Feature", "properties": { "category": "food_beverage" }, "geometry": { "type": "Point", "coordinates": [ 227035.161667867650976, 888690.033741494175047 ] } },
{ "type": "Feature", "properties": { "category": "food_beverage" }, "geometry": { "type": "Point", "coordinates": [ 231367.045583704893943, 898137.377874691970646 ] } },
{ "type": "Feature", "properties": { "category": "food_beverage" }, "geometry": { "type": "Point", "coordinates": [ 236145.979710176819935, 901649.618819484370761 ] } },
{ "type": "Feature", "properties": { "category": "food_beverage" }, "geometry": { "type": "Point", "coordinates": [ 227485.107166191883152, 889214.495687872054987 ] } },
{ "type": "Feature", "properties": { "category": "food_beverage" }, "geometry": { "type": "Point", "coordinates": [ 223203.963311691302806, 894977.670525094377808 ] } },
{ "type": "Feature", "properties": { "category": "food_beverage" }, "geometry": { "type": "Point", "coordinates": [ 231016.311928883777, 900260.177373603917658 ] } },
{ "type": "Feature", "properties": { "category": "food_beverage" }, "geometry": { "type": "Point", "coordinates": [ 235632.539351882500341, 891482.986868656007573 ] } },
{ "type": "Feature", "properties": { "category": "food_beverage" }, "geometry": { "type": "Point", "coordinates": [ 232428.97059419931611, 898708.580011029727757 ] } },
{ "type": "Feature", "properties": { "category": "food_beverage" }, "geometry": { "type": "Point", "coordinates": [ 241922.690195429808227, 887887.566448638914153 ] } },
{ "type": "Feature", "properties": { "category": "food_beverage" }, "geometry": { "type": "Point", "coordinates": [ 235608.941080842982046, 891418.776461747009307 ] } },
{ "type": "Feature", "properties": { "category": "food_beverage" }, "geometry": { "type": "Point", "coordinates": [ 232220.361685921583558, 906401.678915406460874 ] } },
{ "type": "Feature", "properties": { "category": "food_beverage" }, "geometry": { "type": "Point", "coordinates": [ 236275.574992166424636, 894650.620912245707586 ] } },
{ "type": "Feature", "properties": { "category": "food_beverage" }, "geometry": { "type": "Point", "coordinates": [ 232385.062157842912711, 903406.196702053071931 ] } },
{ "type": "Feature", "properties": { "category": "food_beverage" }, "geometry": { "type": "Point", "coordinates": [ 237982.944740311795613, 902440.85833232011646 ] } },
{ "type": "Feature", "properties": { "category": "food_beverage" }, "geometry": { "type": "Point", "coordinates": [ 233198.391570458421484, 898575.435571434558369 ] } },
{ "type": "Feature", "properties": { "category": "food_beverage" }, "geometry": { "type": "Point", "coordinates": [ 241048.049817496008473, 888849.662213862524368 ] } },
{ "type": "Feature", "properties": { "category": "food_beverage" }, "geometry": { "type": "Point", "coordinates": [ 233204.956456236483064, 903340.711627545766532 ] } },
{ "type": "Feature", "properties": { "category": "food_beverage" }, "geometry": { "type": "Point", "coordinates": [ 234412.559693622781197, 898892.403202591463923 ] } },
{ "type": "Feature", "properties": { "category": "food_beverage" }, "geometry": { "type": "Point", "coordinates": [ 234514.663146451755892, 901978.64938904135488 ] } },
{ "type": "Feature", "properties": { "category": "food_beverage" }, "geometry": { "type": "Point", "coordinates": [ 235929.59394851163961, 901244.406126251677051 ] } },
{ "type": "Feature", "properties": { "category": "food_beverage" }, "geometry": { "type": "Point", "coordinates": [ 235266.339751406922005, 893936.374174718628637 ] } },
{ "type": "Feature", "properties": { "category": "food_beverage" }, "geometry": { "type": "Point", "coordinates": [ 237632.927042414608877, 913349.358158585615456 ] } },
{ "type": "Feature", "properties": { "category": "food_beverage" }, "geometry": { "type": "Point", "coordinates": [ 231992.42108771178755, 898009.013986479723826 ] } },
{ "type": "Feature", "properties": { "category": "food_beverage" }, "geometry": { "type": "Point", "coordinates": [ 230252.729850308882305, 907942.591225976124406 ] } },
{ "type": "Feature", "properties": { "category": "food_beverage" }, "geometry": { "type": "Point", "coordinates": [ 236256.962440037168562, 902331.323634568718262 ] } },
{ "type": "Feature", "properties": { "category": "food_beverage" }, "geometry": { "type": "Point", "coordinates": [ 230679.411189386097249, 899582.125077999895439 ] } },
{ "type": "Feature", "properties": { "category": "food_beverage" }, "geometry": { "type": "Point", "coordinates": [ 239985.686131372611271, 890885.461065215291455 ] } },
{ "type": "Feature", "properties": { "category": "food_beverage" }, "geometry": { "type": "Point", "coordinates": [ 232724.031482764577959, 903618.03930601675529 ] } },
{ "type": "Feature", "properties": { "category": "food_beverage" }, "geometry": { "type": "Point", "coordinates": [ 226461.511161658039782, 901972.02769268816337 ] } },
{ "type": "Feature", "properties": { "category": "food_beverage" }, "geometry": { "type": "Point", "coordinates": [ 235285.046607565891463, 893823.836304316646419 ] } },
{ "type": "Feature", "properties": { "category": "food_beverage" }, "geometry": { "type": "Point", "coordinates": [ 236661.130555206735153, 901495.778499921318144 ] } },
{ "type": "Feature", "properties": { "category": "food_beverage" }, "geometry": { "type": "Point", "coordinates": [ 229478.853233830188401, 905081.791603911202401 ] } },
{ "type": "Feature", "properties": { "category": "food_beverage" }, "geometry": { "type": "Point", "coordinates": [ 230289.271406496176496, 900553.250189223210327 ] } },
{ "type": "Feature", "properties": { "category": "food_beverage" }, "geometry": { "type": "Point", "coordinates": [ 236325.941348939668387, 900810.350897634634748 ] } },
{ "type": "Feature", "properties": { "category": "food_beverage" }, "geometry": { "type": "Point", "coordinates": [ 232218.718113318522228, 896952.259919891832396 ] } },
{ "type": "Feature", "properties": { "category": "food_beverage" }, "geometry": { "type": "Point", "coordinates": [ 233384.067848155333195, 903221.484721711371094 ] } },
{ "type": "Feature", "properties": { "category": "food_beverage" }, "geometry": { "type": "Point", "coordinates": [ 242387.784073163405992, 908103.462306091445498 ] } },
{ "type": "Feature", "properties": { "category": "food_beverage" }, "geometry": { "type": "Point", "coordinates": [ 231807.810783171385992, 895748.870425485190935 ] } },
{ "type": "Feature", "properties": { "category": "food_beverage" }, "geometry": { "type": "Point", "coordinates": [ 231213.806698005122598, 897902.545064798789099 ] } },
{ "type": "Feature", "properties": { "category": "food_beverage" }, "geometry": { "type": "Point", "coordinates": [ 235863.540691262605833, 900176.052561292890459 ] } },
{ "type": "Feature", "properties": { "category": "food_beverage" }, "geometry": { "type": "Point", "coordinates": [ 234313.6344712387654, 898613.003795568249188 ] } },
{ "type": "Feature", "properties": { "category": "food_beverage" }, "geometry": { "type": "Point", "coordinates": [ 222365.752485601784429, 895576.209672844968736 ] } },
{ "type": "Feature", "properties": { "category": "food_beverage" }, "geometry": { "type": "Point", "coordinates": [ 226706.421591011603596, 896826.192456371034496 ] } },
{ "type": "Feature", "properties": { "category": "food_beverage" }, "geometry": { "type": "Point", "coordinates": [ 236653.722279129986418, 892608.992845574393868 ] } },
{ "type": "Feature", "properties": { "category": "food_beverage" }, "geometry": { "type": "Point", "coordinates": [ 221952.655260412837379, 902082.898709544213489 ] } },
{ "type": "Feature", "properties": { "category": "food_beverage" }, "geometry": { "type": "Point", "coordinates": [ 231169.900187349267071, 899254.161009844276123 ] } },
{ "type": "Feature", "properties": { "category": "food_beverage" }, "geometry": { "type": "Point", "coordinates": [ 233816.119024348357925, 895923.746041612117551 ] } },
{ "type": "Feature", "properties": { "category": "food_beverage" }, "geometry": { "type": "Point", "coordinates": [ 226698.645503338600975, 886616.204418753972277 ] } },
{ "type": "Feature", "properties": { "category": "food_beverage" }, "geometry": { "type": "Point", "coordinates": [ 230236.024974696862046, 900597.229796886211261 ] } },
{ "type": "Feature", "properties": { "category": "food_beverage" }, "geometry": { "type": "Point", "coordinates": [ 233048.804109041404445, 897035.310797719750553 ] } },
{ "type": "Feature", "properties": { "category": "food_beverage" }, "geometry": { "type": "Point", "coordinates": [ 231435.12074725079583, 898174.22637486003805 ] } },
{ "type": "Feature", "properties": { "category": "food_beverage" }, "geometry": { "type": "Point", "coordinates": [ 236303.938357515522512, 900444.79011973075103 ] } },
{ "type": "Feature", "properties": { "category": "food_beverage" }, "geometry": { "type": "Point", "coordinates": [ 227323.309089489077451, 900054.239501598989591 ] } },
{ "type": "Feature", "properties": { "category": "food_beverage" }, "geometry": { "type": "Point", "coordinates": [ 231110.104824908950832, 899061.509985045180656 ] } },
{ "type": "Feature", "properties": { "category": "food_beverage" }, "geometry": { "type": "Point", "coordinates": [ 233554.535122713947203, 898755.294947989517823 ] } },
{ "type": "Feature", "properties": { "category": "food_beverage" }, "geometry": { "type": "Point", "coordinates": [ 235434.588035793974996, 900114.672028503147885 ] } },
{ "type": "Feature", "properties": { "category": "food_beverage" }, "geometry": { "type": "Point", "coordinates": [ 241217.1492078602314, 888454.219806190696545 ] } },
{ "type": "Feature", "properties": { "category": "food_beverage" }, "geometry": { "type": "Point", "coordinates": [ 233796.858996693248628, 902275.182190104853362 ] } },
{ "type": "Feature", "properties": { "category": "food_beverage" }, "geometry": { "type": "Point", "coordinates": [ 235496.901485405891435, 899555.153906248975545 ] } },
{ "type": "Feature", "properties": { "category": "food_beverage" }, "geometry": { "type": "Point", "coordinates": [ 236671.310217952268431, 901186.811722412821837 ] } },
{ "type": "Feature", "properties": { "category": "food_beverage" }, "geometry": { "type": "Point", "coordinates": [ 234217.664511899580248, 899891.595320757245645 ] } },
{ "type": "Feature", "properties": { "category": "food_beverage" }, "geometry": { "type": "Point", "coordinates": [ 236725.312918173527578, 901635.51704855915159 ] } },
{ "type": "Feature", "properties": { "category": "food_beverage" }, "geometry": { "type": "Point", "coordinates": [ 228267.762198305485072, 894050.609090234036557 ] } },
{ "type": "Feature", "properties": { "category": "food_beverage" }, "geometry": { "type": "Point", "coordinates": [ 228267.762198305485072, 894050.609090234036557 ] } },
{ "type": "Feature", "properties": { "category": "food_beverage" }, "geometry": { "type": "Point", "coordinates": [ 235230.630307594197802, 891070.870090614305809 ] } },
{ "type": "Feature", "properties": { "category": "food_beverage" }, "geometry": { "type": "Point", "coordinates": [ 234944.452633968030568, 902015.985757435439155 ] } },
{ "type": "Feature", "properties": { "category": "food_beverage" }, "geometry": { "type": "Point", "coordinates": [ 230950.759431920771021, 897464.849023001268506 ] } },
{ "type": "Feature", "properties": { "category": "food_beverage" }, "geometry": { "type": "Point", "coordinates": [ 235963.069650281628128, 899999.058565806946717 ] } },
{ "type": "Feature", "properties": { "category": "food_beverage" }, "geometry": { "type": "Point", "coordinates": [ 233032.368517137307208, 905785.852673452580348 ] } },
{ "type": "Feature", "properties": { "category": "food_beverage" }, "geometry": { "type": "Point", "coordinates": [ 223841.34941788535798, 896159.098592878086492 ] } },
{ "type": "Feature", "properties": { "category": "food_beverage" }, "geometry": { "type": "Point", "coordinates": [ 236671.400860008317977, 901074.734213211457245 ] } },
{ "type": "Feature", "properties": { "category": "food_beverage" }, "geometry": { "type": "Point", "coordinates": [ 245205.290090137481457, 912809.226049066404812 ] } },
{ "type": "Feature", "properties": { "category": "food_beverage" }, "geometry": { "type": "Point", "coordinates": [ 233469.751021203614073, 890834.346414039609954 ] } },
{ "type": "Feature", "properties": { "category": "food_beverage" }, "geometry": { "type": "Point", "coordinates": [ 229610.00315755372867, 906001.298043106915429 ] } },
{ "type": "Feature", "properties": { "category": "food_beverage" }, "geometry": { "type": "Point", "coordinates": [ 231169.900187349267071, 899254.161009844276123 ] } },
{ "type": "Feature", "properties": { "category": "food_beverage" }, "geometry": { "type": "Point", "coordinates": [ 235890.532134704728378, 892818.32466724794358 ] } },
{ "type": "Feature", "properties": { "category": "food_beverage" }, "geometry": { "type": "Point", "coordinates": [ 238587.063851358951069, 891949.317624103859998 ] } },
{ "type": "Feature", "properties": { "category": "food_beverage" }, "geometry": { "type": "Point", "coordinates": [ 226791.086773101735162, 905315.063014060491696 ] } },
{ "type": "Feature", "properties": { "category": "food_beverage" }, "geometry": { "type": "Point", "coordinates": [ 234473.581968296843115, 901403.395695418352261 ] } },
{ "type": "Feature", "properties": { "category": "food_beverage" }, "geometry": { "type": "Point", "coordinates": [ 238122.98834580212133, 912394.817680307896808 ] } },
{ "type": "Feature", "properties": { "category": "food_beverage" }, "geometry": { "type": "Point", "coordinates": [ 235302.815191372996196, 900136.446582115953788 ] } },
{ "type": "Feature", "properties": { "category": "food_beverage" }, "geometry": { "type": "Point", "coordinates": [ 228862.997437150479527, 900551.357105211354792 ] } },
{ "type": "Feature", "properties": { "category": "food_beverage" }, "geometry": { "type": "Point", "coordinates": [ 242560.522138608881505, 888790.666246047127061 ] } },
{ "type": "Feature", "properties": { "category": "food_beverage" }, "geometry": { "type": "Point", "coordinates": [ 237388.296256730362074, 909407.903724047588184 ] } },
{ "type": "Feature", "properties": { "category": "food_beverage" }, "geometry": { "type": "Point", "coordinates": [ 230403.95598326579784, 900095.772375408327207 ] } },
{ "type": "Feature", "properties": { "category": "food_beverage" }, "geometry": { "type": "Point", "coordinates": [ 237030.935701939335559, 908846.720338283455931 ] } },
{ "type": "Feature", "properties": { "category": "food_beverage" }, "geometry": { "type": "Point", "coordinates": [ 231192.919739473349182, 902495.291459265747108 ] } },
{ "type": "Feature", "properties": { "category": "food_beverage" }, "geometry": { "type": "Point", "coordinates": [ 236190.536138043069514, 900867.523945269640535 ] } },
{ "type": "Feature", "properties": { "category": "food_beverage" }, "geometry": { "type": "Point", "coordinates": [ 238732.916436675761361, 902972.910748836584389 ] } },
{ "type": "Feature", "properties": { "category": "food_beverage" }, "geometry": { "type": "Point", "coordinates": [ 234223.807453938527033, 899171.508303056121804 ] } },
{ "type": "Feature", "properties": { "category": "food_beverage" }, "geometry": { "type": "Point", "coordinates": [ 230295.042653013719246, 900514.0646496306872 ] } },
{ "type": "Feature", "properties": { "category": "food_beverage" }, "geometry": { "type": "Point", "coordinates": [ 232245.570413540350273, 899579.583568049361929 ] } },
{ "type": "Feature", "properties": { "category": "food_beverage" }, "geometry": { "type": "Point", "coordinates": [ 219566.275912852666806, 905337.424754024716094 ] } },
{ "type": "Feature", "properties": { "category": "food_beverage" }, "geometry": { "type": "Point", "coordinates": [ 236291.207642123044934, 900421.175806953106076 ] } },
{ "type": "Feature", "properties": { "category": "food_beverage" }, "geometry": { "type": "Point", "coordinates": [ 243065.988882654084591, 911580.867982463445514 ] } },
{ "type": "Feature", "properties": { "category": "food_beverage" }, "geometry": { "type": "Point", "coordinates": [ 227192.40807532944018, 889001.427473935764283 ] } },
{ "type": "Feature", "properties": { "category": "food_beverage" }, "geometry": { "type": "Point", "coordinates": [ 239213.958640090422705, 891627.329507289337926 ] } },
{ "type": "Feature", "properties": { "category": "food_beverage" }, "geometry": { "type": "Point", "coordinates": [ 231172.563063099776627, 905021.680728142848238 ] } },
{ "type": "Feature", "properties": { "category": "food_beverage" }, "geometry": { "type": "Point", "coordinates": [ 239202.461474079231266, 906835.078755953465588 ] } },
{ "type": "Feature", "properties": { "category": "food_beverage" }, "geometry": { "type": "Point", "coordinates": [ 234989.51029365992872, 898689.757979935384355 ] } },
{ "type": "Feature", "properties": { "category": "food_beverage" }, "geometry": { "type": "Point", "coordinates": [ 235378.624400966713438, 905711.306547161540948 ] } },
{ "type": "Feature", "properties": { "category": "food_beverage" }, "geometry": { "type": "Point", "coordinates": [ 234937.275773855100852, 899880.69575270684436 ] } },
{ "type": "Feature", "properties": { "category": "food_beverage" }, "geometry": { "type": "Point", "coordinates": [ 235326.991041235043667, 893698.641365088755265 ] } },
{ "type": "Feature", "properties": { "category": "food_beverage" }, "geometry": { "type": "Point", "coordinates": [ 237195.349251729610842, 907231.932069677510299 ] } },
{ "type": "Feature", "properties": { "category": "food_beverage" }, "geometry": { "type": "Point", "coordinates": [ 221829.480558501702035, 906041.556427725357935 ] } },
{ "type": "Feature", "properties": { "category": "food_beverage" }, "geometry": { "type": "Point", "coordinates": [ 236014.047614515991881, 899794.714036560268141 ] } },
{ "type": "Feature", "properties": { "category": "food_beverage" }, "geometry": { "type": "Point", "coordinates": [ 234355.901861110760365, 897788.571258345153183 ] } },
{ "type": "Feature", "properties": { "category": "food_beverage" }, "geometry": { "type": "Point", "coordinates": [ 237464.750333992444212, 900562.072221064707264 ] } },
{ "type": "Feature", "properties": { "category": "food_beverage" }, "geometry": { "type": "Point", "coordinates": [ 237941.659142866148613, 899820.518325429526158 ] } },
{ "type": "Feature", "properties": { "category": "food_beverage" }, "geometry": { "type": "Point", "coordinates": [ 238085.392374440532876, 898430.377659226884134 ] } },
{ "type": "Feature", "properties": { "category": "food_beverage" }, "geometry": { "type": "Point", "coordinates": [ 236541.255405546689872, 901071.390321751357988 ] } },
{ "type": "Feature", "properties": { "category": "food_beverage" }, "geometry": { "type": "Point", "coordinates": [ 229793.541623137018178, 906399.181623408803716 ] } },
{ "type": "Feature", "properties": { "category": "food_beverage" }, "geometry": { "type": "Point", "coordinates": [ 221694.216919187019812, 902258.82030159723945 ] } },
{ "type": "Feature", "properties": { "category": "food_beverage" }, "geometry": { "type": "Point", "coordinates": [ 240917.204023379279533, 911498.470700683072209 ] } },
{ "type": "Feature", "properties": { "category": "food_beverage" }, "geometry": { "type": "Point", "coordinates": [ 235319.780635482195066, 900695.254221284412779 ] } },
{ "type": "Feature", "properties": { "category": "food_beverage" }, "geometry": { "type": "Point", "coordinates": [ 236206.210986577410949, 900079.727774584433064 ] } },
{ "type": "Feature", "properties": { "category": "food_beverage" }, "geometry": { "type": "Point", "coordinates": [ 234976.680006678157952, 900125.152038143482059 ] } },
{ "type": "Feature", "properties": { "category": "food_beverage" }, "geometry": { "type": "Point", "coordinates": [ 236121.30379455696675, 896703.97484932502266 ] } },
{ "type": "Feature", "properties": { "category": "food_beverage" }, "geometry": { "type": "Point", "coordinates": [ 236274.588153282820713, 901629.509977714042179 ] } },
{ "type": "Feature", "properties": { "category": "food_beverage" }, "geometry": { "type": "Point", "coordinates": [ 236526.245804994105129, 903007.410030188737437 ] } },
{ "type": "Feature", "properties": { "category": "food_beverage" }, "geometry": { "type": "Point", "coordinates": [ 231182.321360552392434, 889550.356879431055859 ] } },
{ "type": "Feature", "properties": { "category": "food_beverage" }, "geometry": { "type": "Point", "coordinates": [ 231540.586363021779107, 889886.179502865648828 ] } },
{ "type": "Feature", "properties": { "category": "food_beverage" }, "geometry": { "type": "Point", "coordinates": [ 226744.150409528723685, 903479.092617912683636 ] } },
{ "type": "Feature", "properties": { "category": "food_beverage" }, "geometry": { "type": "Point", "coordinates": [ 232015.465677301370306, 902193.86002774105873 ] } },
{ "type": "Feature", "properties": { "category": "food_beverage" }, "geometry": { "type": "Point", "coordinates": [ 231842.00208811199991, 902320.367266673012637 ] } },
{ "type": "Feature", "properties": { "category": "food_beverage" }, "geometry": { "type": "Point", "coordinates": [ 239225.111391370766796, 911720.743878827197477 ] } },
{ "type": "Feature", "properties": { "category": "food_beverage" }, "geometry": { "type": "Point", "coordinates": [ 224804.629636776662664, 901205.212351977010258 ] } },
{ "type": "Feature", "properties": { "category": "food_beverage" }, "geometry": { "type": "Point", "coordinates": [ 238195.427680235152366, 889133.398625669302419 ] } },
{ "type": "Feature", "properties": { "category": "food_beverage" }, "geometry": { "type": "Point", "coordinates": [ 225889.664631820429349, 901176.58075151219964 ] } },
{ "type": "Feature", "properties": { "category": "food_beverage" }, "geometry": { "type": "Point", "coordinates": [ 231289.652498158131493, 904428.152588155120611 ] } },
{ "type": "Feature", "properties": { "category": "food_beverage" }, "geometry": { "type": "Point", "coordinates": [ 234665.112789174192585, 907458.581137872301042 ] } },
{ "type": "Feature", "properties": { "category": "food_beverage" }, "geometry": { "type": "Point", "coordinates": [ 221838.286677286028862, 905909.955868976074271 ] } },
{ "type": "Feature", "properties": { "category": "food_beverage" }, "geometry": { "type": "Point", "coordinates": [ 236259.610181514755823, 901004.172991629457101 ] } },
{ "type": "Feature", "properties": { "category": "food_beverage" }, "geometry": { "type": "Point", "coordinates": [ 235486.857198343641357, 901250.264862221549265 ] } },
{ "type": "Feature", "properties": { "category": "food_beverage" }, "geometry": { "type": "Point", "coordinates": [ 241306.442626480275067, 906075.580973177216947 ] } },
{ "type": "Feature", "properties": { "category": "food_beverage" }, "geometry": { "type": "Point", "coordinates": [ 233816.119024348357925, 895923.746041612117551 ] } },
{ "type": "Feature", "properties": { "category": "food_beverage" }, "geometry": { "type": "Point", "coordinates": [ 239732.099858301196946, 890691.418244971893728 ] } },
{ "type": "Feature", "properties": { "category": "food_beverage" }, "geometry": { "type": "Point", "coordinates": [ 233652.129828997072764, 908187.555160906049423 ] } },
{ "type": "Feature", "properties": { "category": "food_beverage" }, "geometry": { "type": "Point", "coordinates": [ 238024.824473270738963, 887886.315689509734511 ] } },
{ "type": "Feature", "properties": { "category": "food_beverage" }, "geometry": { "type": "Point", "coordinates": [ 225122.674752161285141, 897799.051427762024105 ] } },
{ "type": "Feature", "properties": { "category": "food_beverage" }, "geometry": { "type": "Point", "coordinates": [ 232384.123425765137654, 896296.666033776942641 ] } },
{ "type": "Feature", "properties": { "category": "food_beverage" }, "geometry": { "type": "Point", "coordinates": [ 227148.080231008440023, 907804.045120990136638 ] } },
{ "type": "Feature", "properties": { "category": "food_beverage" }, "geometry": { "type": "Point", "coordinates": [ 231305.112790387123823, 898146.099047983181663 ] } },
{ "type": "Feature", "properties": { "category": "food_beverage" }, "geometry": { "type": "Point", "coordinates": [ 231169.900187349267071, 899254.161009844276123 ] } },
{ "type": "Feature", "properties": { "category": "food_beverage" }, "geometry": { "type": "Point", "coordinates": [ 236270.7722319153836, 901044.218759360839613 ] } },
{ "type": "Feature", "properties": { "category": "food_beverage" }, "geometry": { "type": "Point", "coordinates": [ 236128.978482089820318, 900181.744224741589278 ] } },
{ "type": "Feature", "properties": { "category": "food_beverage" }, "geometry": { "type": "Point", "coordinates": [ 221747.409037226374494, 892752.16686529526487 ] } },
{ "type": "Feature", "properties": { "category": "food_beverage" }, "geometry": { "type": "Point", "coordinates": [ 225978.112910749274306, 903945.744983395794407 ] } },
{ "type": "Feature", "properties": { "category": "food_beverage" }, "geometry": { "type": "Point", "coordinates": [ 237274.409280720341485, 898609.308734511374496 ] } },
{ "type": "Feature", "properties": { "category": "food_beverage" }, "geometry": { "type": "Point", "coordinates": [ 229807.727370126318419, 903463.655451408121735 ] } },
{ "type": "Feature", "properties": { "category": "food_beverage" }, "geometry": { "type": "Point", "coordinates": [ 241149.042583120171912, 906777.459246376762167 ] } },
{ "type": "Feature", "properties": { "category": "food_beverage" }, "geometry": { "type": "Point", "coordinates": [ 236452.267914456198923, 901391.944351686863229 ] } },
{ "type": "Feature", "properties": { "category": "food_beverage" }, "geometry": { "type": "Point", "coordinates": [ 235238.307292410172522, 899346.581429533078335 ] } },
{ "type": "Feature", "properties": { "category": "food_beverage" }, "geometry": { "type": "Point", "coordinates": [ 236395.42533970013028, 900119.804616823792458 ] } },
{ "type": "Feature", "properties": { "category": "food_beverage" }, "geometry": { "type": "Point", "coordinates": [ 240580.560989383346168, 912912.357284010620788 ] } },
{ "type": "Feature", "properties": { "category": "food_beverage" }, "geometry": { "type": "Point", "coordinates": [ 225899.162901661911746, 902398.914524333318695 ] } },
{ "type": "Feature", "properties": { "category": "food_beverage" }, "geometry": { "type": "Point", "coordinates": [ 238111.923545261088293, 904506.180924220825545 ] } },
{ "type": "Feature", "properties": { "category": "food_beverage" }, "geometry": { "type": "Point", "coordinates": [ 229354.746519164415076, 904360.038627148605883 ] } },
{ "type": "Feature", "properties": { "category": "food_beverage" }, "geometry": { "type": "Point", "coordinates": [ 230159.10593834501924, 900513.479925101739354 ] } },
{ "type": "Feature", "properties": { "category": "food_beverage" }, "geometry": { "type": "Point", "coordinates": [ 231811.374844887410291, 901426.050008723279461 ] } },
{ "type": "Feature", "properties": { "category": "food_beverage" }, "geometry": { "type": "Point", "coordinates": [ 226152.409369478118606, 901808.363602257915772 ] } },
{ "type": "Feature", "properties": { "category": "food_beverage" }, "geometry": { "type": "Point", "coordinates": [ 231497.048270965053234, 905644.836895580519922 ] } },
{ "type": "Feature", "properties": { "category": "food_beverage" }, "geometry": { "type": "Point", "coordinates": [ 240896.021170944877667, 889179.228765213629231 ] } },
{ "type": "Feature", "properties": { "category": "food_beverage" }, "geometry": { "type": "Point", "coordinates": [ 236986.693813699414022, 901884.92631890042685 ] } },
{ "type": "Feature", "properties": { "category": "food_beverage" }, "geometry": { "type": "Point", "coordinates": [ 236107.183610987791326, 901777.381611859076656 ] } },
{ "type": "Feature", "properties": { "category": "food_beverage" }, "geometry": { "type": "Point", "coordinates": [ 236316.109541053825524, 901580.849992852425203 ] } },
{ "type": "Feature", "properties": { "category": "food_beverage" }, "geometry": { "type": "Point", "coordinates": [ 224127.608527615317143, 899990.890415283036418 ] } },
{ "type": "Feature", "properties": { "category": "food_beverage" }, "geometry": { "type": "Point", "coordinates": [ 234914.870990355440881, 899945.676038465695456 ] } },
{ "type": "Feature", "properties": { "category": "food_beverage" }, "geometry": { "type": "Point", "coordinates": [ 233700.874339885427617, 892634.881754919886589 ] } },
{ "type": "Feature", "properties": { "category": "food_beverage" }, "geometry": { "type": "Point", "coordinates": [ 234505.303616874443833, 899959.204083753633313 ] } },
{ "type": "Feature", "properties": { "category": "food_beverage" }, "geometry": { "type": "Point", "coordinates": [ 234898.218029305397067, 900146.644315470941365 ] } },
{ "type": "Feature", "properties": { "category": "food_beverage" }, "geometry": { "type": "Point", "coordinates": [ 232047.230874834320275, 902182.11949108412955 ] } },
{ "type": "Feature", "properties": { "category": "food_beverage" }, "geometry": { "type": "Point", "coordinates": [ 237831.731519634777214, 899929.670872707152739 ] } },
{ "type": "Feature", "properties": { "category": "food_beverage" }, "geometry": { "type": "Point", "coordinates": [ 221705.348958877380937, 902361.379287021001801 ] } },
{ "type": "Feature", "properties": { "category": "food_beverage" }, "geometry": { "type": "Point", "coordinates": [ 232914.084850064769853, 902671.761408798047341 ] } },
{ "type": "Feature", "properties": { "category": "food_beverage" }, "geometry": { "type": "Point", "coordinates": [ 232892.463894751563203, 906021.350066617596895 ] } },
{ "type": "Feature", "properties": { "category": "food_beverage" }, "geometry": { "type": "Point", "coordinates": [ 244635.823501439270331, 914153.448048082063906 ] } },
{ "type": "Feature", "properties": { "category": "food_beverage" }, "geometry": { "type": "Point", "coordinates": [ 235408.442747960332781, 900839.435478056315333 ] } },
{ "type": "Feature", "properties": { "category": "food_beverage" }, "geometry": { "type": "Point", "coordinates": [ 240979.010349161399063, 888333.422730983584188 ] } },
{ "type": "Feature", "properties": { "category": "food_beverage" }, "geometry": { "type": "Point", "coordinates": [ 237850.211760452482849, 904435.452218827442266 ] } },
{ "type": "Feature", "properties": { "category": "food_beverage" }, "geometry": { "type": "Point", "coordinates": [ 240398.793010987981688, 910957.16806652978994 ] } },
{ "type": "Feature", "properties": { "category": "food_beverage" }, "geometry": { "type": "Point", "coordinates": [ 237583.816594665171579, 899434.376670667435974 ] } },
{ "type": "Feature", "properties": { "category": "food_beverage" }, "geometry": { "type": "Point", "coordinates": [ 228901.874349092802731, 898509.915041375672445 ] } },
{ "type": "Feature", "properties": { "category": "food_beverage" }, "geometry": { "type": "Point", "coordinates": [ 237941.659142866148613, 899820.518325429526158 ] } },
{ "type": "Feature", "properties": { "category": "food_beverage" }, "geometry": { "type": "Point", "coordinates": [ 233073.730352382553974, 901353.679755558841862 ] } },
{ "type": "Feature", "properties": { "category": "food_beverage" }, "geometry": { "type": "Point", "coordinates": [ 236210.884282582323067, 896452.512431165901944 ] } },
{ "type": "Feature", "properties": { "category": "food_beverage" }, "geometry": { "type": "Point", "coordinates": [ 219851.066775464219972, 907487.925164690706879 ] } },
{ "type": "Feature", "properties": { "category": "food_beverage" }, "geometry": { "type": "Point", "coordinates": [ 236257.111794333322905, 900642.156325652496889 ] } },
{ "type": "Feature", "properties": { "category": "food_beverage" }, "geometry": { "type": "Point", "coordinates": [ 239449.08716283692047, 888664.352799153188244 ] } },
{ "type": "Feature", "properties": { "category": "food_beverage" }, "geometry": { "type": "Point", "coordinates": [ 236060.14748834312195, 901649.177774355513975 ] } },
{ "type": "Feature", "properties": { "category": "food_beverage" }, "geometry": { "type": "Point", "coordinates": [ 231406.014193353272276, 904443.667575242230669 ] } },
{ "type": "Feature", "properties": { "category": "food_beverage" }, "geometry": { "type": "Point", "coordinates": [ 234932.927579277864425, 898301.815863893600181 ] } },
{ "type": "Feature", "properties": { "category": "food_beverage" }, "geometry": { "type": "Point", "coordinates": [ 239232.611686857620953, 891595.998844829504378 ] } },
{ "type": "Feature", "properties": { "category": "food_beverage" }, "geometry": { "type": "Point", "coordinates": [ 240917.204023379279533, 911498.470700683072209 ] } },
{ "type": "Feature", "properties": { "category": "food_beverage" }, "geometry": { "type": "Point", "coordinates": [ 236249.29035931272665, 900193.915902054286562 ] } },
{ "type": "Feature", "properties": { "category": "food_beverage" }, "geometry": { "type": "Point", "coordinates": [ 236707.480977130064275, 901627.204062379430979 ] } },
{ "type": "Feature", "properties": { "category": "food_beverage" }, "geometry": { "type": "Point", "coordinates": [ 232211.166548440582119, 907544.531557198031805 ] } },
{ "type": "Feature", "properties": { "category": "food_beverage" }, "geometry": { "type": "Point", "coordinates": [ 228609.04408495943062, 899993.820327741210349 ] } },
{ "type": "Feature", "properties": { "category": "food_beverage" }, "geometry": { "type": "Point", "coordinates": [ 235204.436248483223608, 905445.39617054129485 ] } },
{ "type": "Feature", "properties": { "category": "food_beverage" }, "geometry": { "type": "Point", "coordinates": [ 228884.870993758930126, 893017.109578240080737 ] } },
{ "type": "Feature", "properties": { "category": "food_beverage" }, "geometry": { "type": "Point", "coordinates": [ 235719.925170298170997, 902867.081313277361915 ] } },
{ "type": "Feature", "properties": { "category": "food_beverage" }, "geometry": { "type": "Point", "coordinates": [ 233440.027381272404455, 898868.159390324028209 ] } },
{ "type": "Feature", "properties": { "category": "food_beverage" }, "geometry": { "type": "Point", "coordinates": [ 222578.844328360602958, 899895.88247838919051 ] } },
{ "type": "Feature", "properties": { "category": "food_beverage" }, "geometry": { "type": "Point", "coordinates": [ 238827.75909654609859, 912413.567863862495869 ] } },
{ "type": "Feature", "properties": { "category": "food_beverage" }, "geometry": { "type": "Point", "coordinates": [ 230640.710353819595184, 899576.069139586994424 ] } },
{ "type": "Feature", "properties": { "category": "food_beverage" }, "geometry": { "type": "Point", "coordinates": [ 228514.768664815870579, 892883.641422446118668 ] } },
{ "type": "Feature", "properties": { "category": "food_beverage" }, "geometry": { "type": "Point", "coordinates": [ 230358.642827145435149, 900114.237513955682516 ] } },
{ "type": "Feature", "properties": { "category": "food_beverage" }, "geometry": { "type": "Point", "coordinates": [ 235794.968523610004922, 911743.171713927411474 ] } },
{ "type": "Feature", "properties": { "category": "food_beverage" }, "geometry": { "type": "Point", "coordinates": [ 226775.344019101554295, 896541.987385128857568 ] } },
{ "type": "Feature", "properties": { "category": "food_beverage" }, "geometry": { "type": "Point", "coordinates": [ 228931.744000424107071, 893050.624995798338205 ] } },
{ "type": "Feature", "properties": { "category": "food_beverage" }, "geometry": { "type": "Point", "coordinates": [ 233176.932601113134297, 901514.340881246142089 ] } },
{ "type": "Feature", "properties": { "category": "food_beverage" }, "geometry": { "type": "Point", "coordinates": [ 231209.696964886999922, 893609.078923872439191 ] } },
{ "type": "Feature", "properties": { "category": "food_beverage" }, "geometry": { "type": "Point", "coordinates": [ 235503.99110563591239, 901250.462495545740239 ] } },
{ "type": "Feature", "properties": { "category": "food_beverage" }, "geometry": { "type": "Point", "coordinates": [ 234686.864472823333926, 900066.732626781915314 ] } },
{ "type": "Feature", "properties": { "category": "food_beverage" }, "geometry": { "type": "Point", "coordinates": [ 230733.246505309536587, 905863.388083123252727 ] } },
{ "type": "Feature", "properties": { "category": "food_beverage" }, "geometry": { "type": "Point", "coordinates": [ 238242.240292139642406, 904738.489453396759927 ] } },
{ "type": "Feature", "properties": { "category": "food_beverage" }, "geometry": { "type": "Point", "coordinates": [ 233600.452845419815276, 906346.165493231150322 ] } },
{ "type": "Feature", "properties": { "category": "food_beverage" }, "geometry": { "type": "Point", "coordinates": [ 235825.317277396272402, 901419.044091869029216 ] } },
{ "type": "Feature", "properties": { "category": "food_beverage" }, "geometry": { "type": "Point", "coordinates": [ 226970.731741774710827, 888124.081764828995802 ] } },
{ "type": "Feature", "properties": { "category": "food_beverage" }, "geometry": { "type": "Point", "coordinates": [ 237878.983798396599013, 904535.91180490097031 ] } },
{ "type": "Feature", "properties": { "category": "food_beverage" }, "geometry": { "type": "Point", "coordinates": [ 232948.599055865401169, 899315.147222164901905 ] } },
{ "type": "Feature", "properties": { "category": "food_beverage" }, "geometry": { "type": "Point", "coordinates": [ 245288.125630174821708, 912755.996727340389043 ] } },
{ "type": "Feature", "properties": { "category": "food_beverage" }, "geometry": { "type": "Point", "coordinates": [ 237859.27886331937043, 902156.94027580821421 ] } },
{ "type": "Feature", "properties": { "category": "food_beverage" }, "geometry": { "type": "Point", "coordinates": [ 233646.372309033555211, 908186.861083102179691 ] } },
{ "type": "Feature", "properties": { "category": "food_beverage" }, "geometry": { "type": "Point", "coordinates": [ 236194.152940058731474, 896804.207964526140131 ] } },
{ "type": "Feature", "properties": { "category": "food_beverage" }, "geometry": { "type": "Point", "coordinates": [ 231263.429370989470044, 902660.556008686544374 ] } },
{ "type": "Feature", "properties": { "category": "food_beverage" }, "geometry": { "type": "Point", "coordinates": [ 230817.723481261287816, 899026.232252984540537 ] } },
{ "type": "Feature", "properties": { "category": "food_beverage" }, "geometry": { "type": "Point", "coordinates": [ 231832.243795986665646, 900037.782834975980222 ] } },
{ "type": "Feature", "properties": { "category": "food_beverage" }, "geometry": { "type": "Point", "coordinates": [ 237822.320371504931245, 902810.105996196856722 ] } },
{ "type": "Feature", "properties": { "category": "food_beverage" }, "geometry": { "type": "Point", "coordinates": [ 243366.282260378706269, 888567.433651981060393 ] } },
{ "type": "Feature", "properties": { "category": "food_beverage" }, "geometry": { "type": "Point", "coordinates": [ 231045.154663308319869, 889574.742479278123938 ] } },
{ "type": "Feature", "properties": { "category": "food_beverage" }, "geometry": { "type": "Point", "coordinates": [ 242281.40207548829494, 902956.938673271914013 ] } },
{ "type": "Feature", "properties": { "category": "food_beverage" }, "geometry": { "type": "Point", "coordinates": [ 230363.193865815672325, 887558.52914500865154 ] } },
{ "type": "Feature", "properties": { "category": "food_beverage" }, "geometry": { "type": "Point", "coordinates": [ 238279.218998627446126, 904767.127196937333792 ] } },
{ "type": "Feature", "properties": { "category": "food_beverage" }, "geometry": { "type": "Point", "coordinates": [ 230748.360685894906055, 899510.892497561872005 ] } },
{ "type": "Feature", "properties": { "category": "food_beverage" }, "geometry": { "type": "Point", "coordinates": [ 231160.333367829938652, 892707.476986316032708 ] } },
{ "type": "Feature", "properties": { "category": "food_beverage" }, "geometry": { "type": "Point", "coordinates": [ 228397.348657178750727, 901468.294298976426944 ] } },
{ "type": "Feature", "properties": { "category": "food_beverage" }, "geometry": { "type": "Point", "coordinates": [ 231326.508956785051851, 889617.309232895262539 ] } },
{ "type": "Feature", "properties": { "category": "food_beverage" }, "geometry": { "type": "Point", "coordinates": [ 234002.162008121667895, 899559.093340372201055 ] } },
{ "type": "Feature", "properties": { "category": "food_beverage" }, "geometry": { "type": "Point", "coordinates": [ 242290.150456265371758, 902762.380644489778206 ] } },
{ "type": "Feature", "properties": { "category": "food_beverage" }, "geometry": { "type": "Point", "coordinates": [ 236885.461576170404442, 900817.264464148087427 ] } },
{ "type": "Feature", "properties": { "category": "food_beverage" }, "geometry": { "type": "Point", "coordinates": [ 235354.529414104763418, 898045.113048962783068 ] } },
{ "type": "Feature", "properties": { "category": "food_beverage" }, "geometry": { "type": "Point", "coordinates": [ 229740.929150586103788, 899846.454166695009917 ] } },
{ "type": "Feature", "properties": { "category": "food_beverage" }, "geometry": { "type": "Point", "coordinates": [ 231470.77667649713112, 898070.417632350581698 ] } },
{ "type": "Feature", "properties": { "category": "food_beverage" }, "geometry": { "type": "Point", "coordinates": [ 231864.006138382770587, 902662.699027083348483 ] } },
{ "type": "Feature", "properties": { "category": "food_beverage" }, "geometry": { "type": "Point", "coordinates": [ 231766.982447228598176, 895990.277830189559609 ] } },
{ "type": "Feature", "properties": { "category": "food_beverage" }, "geometry": { "type": "Point", "coordinates": [ 228728.325817991222721, 907228.057178106275387 ] } },
{ "type": "Feature", "properties": { "category": "food_beverage" }, "geometry": { "type": "Point", "coordinates": [ 232447.884422006667592, 898877.949313396355137 ] } },
{ "type": "Feature", "properties": { "category": "food_beverage" }, "geometry": { "type": "Point", "coordinates": [ 244715.704198814375559, 914457.322349677444436 ] } },
{ "type": "Feature", "properties": { "category": "food_beverage" }, "geometry": { "type": "Point", "coordinates": [ 227514.543835988064529, 894493.704128239187412 ] } },
{ "type": "Feature", "properties": { "category": "food_beverage" }, "geometry": { "type": "Point", "coordinates": [ 226690.974815861991374, 905271.139006443321705 ] } },
{ "type": "Feature", "properties": { "category": "food_beverage" }, "geometry": { "type": "Point", "coordinates": [ 234551.812664755212609, 906029.541374548571184 ] } },
{ "type": "Feature", "properties": { "category": "food_beverage" }, "geometry": { "type": "Point", "coordinates": [ 247210.765846059308387, 913101.585714117158204 ] } },
{ "type": "Feature", "properties": { "category": "food_beverage" }, "geometry": { "type": "Point", "coordinates": [ 239099.040776079025818, 891539.272795902565122 ] } },
{ "type": "Feature", "properties": { "category": "food_beverage" }, "geometry": { "type": "Point", "coordinates": [ 228272.657042663457105, 890184.303397095063701 ] } },
{ "type": "Feature", "properties": { "category": "food_beverage" }, "geometry": { "type": "Point", "coordinates": [ 236431.579710466845427, 894396.617025505402125 ] } },
{ "type": "Feature", "properties": { "category": "food_beverage" }, "geometry": { "type": "Point", "coordinates": [ 233558.829190467688022, 891098.687007502885535 ] } },
{ "type": "Feature", "properties": { "category": "food_beverage" }, "geometry": { "type": "Point", "coordinates": [ 234325.099156422482338, 904765.349296713946387 ] } },
{ "type": "Feature", "properties": { "category": "food_beverage" }, "geometry": { "type": "Point", "coordinates": [ 236159.283480071579106, 908916.8214900175808 ] } },
{ "type": "Feature", "properties": { "category": "food_beverage" }, "geometry": { "type": "Point", "coordinates": [ 240420.27295898727607, 907440.816525607835501 ] } },
{ "type": "Feature", "properties": { "category": "food_beverage" }, "geometry": { "type": "Point", "coordinates": [ 239118.482482724473812, 891558.930315514910035 ] } },
{ "type": "Feature", "properties": { "category": "food_beverage" }, "geometry": { "type": "Point", "coordinates": [ 245698.013803411158733, 912671.455643201479688 ] } },
{ "type": "Feature", "properties": { "category": "food_beverage" }, "geometry": { "type": "Point", "coordinates": [ 240485.00513769328245, 904049.927271459950134 ] } },
{ "type": "Feature", "properties": { "category": "food_beverage" }, "geometry": { "type": "Point", "coordinates": [ 231294.476490545814158, 902587.382627358427271 ] } },
{ "type": "Feature", "properties": { "category": "food_beverage" }, "geometry": { "type": "Point", "coordinates": [ 226710.954780585161643, 905299.762157541350462 ] } },
{ "type": "Feature", "properties": { "category": "food_beverage" }, "geometry": { "type": "Point", "coordinates": [ 238732.916436675761361, 902972.910748836584389 ] } },
{ "type": "Feature", "properties": { "category": "food_beverage" }, "geometry": { "type": "Point", "coordinates": [ 234138.120130590541521, 898541.17065244121477 ] } },
{ "type": "Feature", "properties": { "category": "food_beverage" }, "geometry": { "type": "Point", "coordinates": [ 230258.067302505834959, 900605.87765620124992 ] } },
{ "type": "Feature", "properties": { "category": "food_beverage" }, "geometry": { "type": "Point", "coordinates": [ 238369.172459020337556, 907305.89689607033506 ] } },
{ "type": "Feature", "properties": { "category": "food_beverage" }, "geometry": { "type": "Point", "coordinates": [ 236302.802428370167036, 901047.383280621492304 ] } },
{ "type": "Feature", "properties": { "category": "food_beverage" }, "geometry": { "type": "Point", "coordinates": [ 239459.137554322252981, 905410.586987934308127 ] } },
{ "type": "Feature", "properties": { "category": "food_beverage" }, "geometry": { "type": "Point", "coordinates": [ 231295.088940305955475, 903651.515691617387347 ] } },
{ "type": "Feature", "properties": { "category": "food_beverage" }, "geometry": { "type": "Point", "coordinates": [ 244833.698114663216984, 890943.448177943006158 ] } },
{ "type": "Feature", "properties": { "category": "food_beverage" }, "geometry": { "type": "Point", "coordinates": [ 235752.763031917827902, 901382.685172223602422 ] } },
{ "type": "Feature", "properties": { "category": "food_beverage" }, "geometry": { "type": "Point", "coordinates": [ 231199.709511252265656, 904971.482604895718396 ] } },
{ "type": "Feature", "properties": { "category": "food_beverage" }, "geometry": { "type": "Point", "coordinates": [ 240751.019015242345631, 891760.136462271679193 ] } },
{ "type": "Feature", "properties": { "category": "food_beverage" }, "geometry": { "type": "Point", "coordinates": [ 235884.984292314155027, 905427.958026083535515 ] } },
{ "type": "Feature", "properties": { "category": "food_beverage" }, "geometry": { "type": "Point", "coordinates": [ 245457.741853185114451, 912612.465244478313252 ] } },
{ "type": "Feature", "properties": { "category": "food_beverage" }, "geometry": { "type": "Point", "coordinates": [ 236655.057282971247332, 906524.95668850664515 ] } },
{ "type": "Feature", "properties": { "category": "food_beverage" }, "geometry": { "type": "Point", "coordinates": [ 226791.086773101735162, 905315.063014060491696 ] } },
{ "type": "Feature", "properties": { "category": "food_beverage" }, "geometry": { "type": "Point", "coordinates": [ 236502.616406859218841, 901293.79035432531964 ] } },
{ "type": "Feature", "properties": { "category": "food_beverage" }, "geometry": { "type": "Point", "coordinates": [ 234597.361852610774804, 899167.67220550426282 ] } },
{ "type": "Feature", "properties": { "category": "food_beverage" }, "geometry": { "type": "Point", "coordinates": [ 235723.843031542783137, 899163.310488589340821 ] } },
{ "type": "Feature", "properties": { "category": "food_beverage" }, "geometry": { "type": "Point", "coordinates": [ 236666.660882147785742, 900562.194627269404009 ] } },
{ "type": "Feature", "properties": { "category": "food_beverage" }, "geometry": { "type": "Point", "coordinates": [ 221060.89571734063793, 903497.519718157942407 ] } },
{ "type": "Feature", "properties": { "category": "food_beverage" }, "geometry": { "type": "Point", "coordinates": [ 235223.041334314795677, 900107.166028915555216 ] } },
{ "type": "Feature", "properties": { "category": "food_beverage" }, "geometry": { "type": "Point", "coordinates": [ 231652.862114967254456, 895006.179192167124711 ] } },
{ "type": "Feature", "properties": { "category": "food_beverage" }, "geometry": { "type": "Point", "coordinates": [ 225943.437114526459482, 901873.902237169677392 ] } },
{ "type": "Feature", "properties": { "category": "food_beverage" }, "geometry": { "type": "Point", "coordinates": [ 224129.700730835465947, 899957.463368847384118 ] } },
{ "type": "Feature", "properties": { "category": "food_beverage" }, "geometry": { "type": "Point", "coordinates": [ 239070.296319648361532, 901544.751473017851822 ] } },
{ "type": "Feature", "properties": { "category": "food_beverage" }, "geometry": { "type": "Point", "coordinates": [ 221747.409037226374494, 892752.16686529526487 ] } },
{ "type": "Feature", "properties": { "category": "food_beverage" }, "geometry": { "type": "Point", "coordinates": [ 221236.861804494488752, 902931.886189902201295 ] } },
{ "type": "Feature", "properties": { "category": "food_beverage" }, "geometry": { "type": "Point", "coordinates": [ 232718.773417397082085, 896997.111745417816564 ] } },
{ "type": "Feature", "properties": { "category": "food_beverage" }, "geometry": { "type": "Point", "coordinates": [ 232911.718469976563938, 901559.3020537244156 ] } },
{ "type": "Feature", "properties": { "category": "food_beverage" }, "geometry": { "type": "Point", "coordinates": [ 231081.310707982076565, 905120.469599742791615 ] } },
{ "type": "Feature", "properties": { "category": "food_beverage" }, "geometry": { "type": "Point", "coordinates": [ 222979.966624578170013, 895449.563820299925283 ] } },
{ "type": "Feature", "properties": { "category": "food_beverage" }, "geometry": { "type": "Point", "coordinates": [ 236637.208480940782465, 900538.270287227118388 ] } },
{ "type": "Feature", "properties": { "category": "food_beverage" }, "geometry": { "type": "Point", "coordinates": [ 236530.055337751749903, 901340.030452643986791 ] } },
{ "type": "Feature", "properties": { "category": "food_beverage" }, "geometry": { "type": "Point", "coordinates": [ 245215.581950638123089, 912781.96624353621155 ] } },
{ "type": "Feature", "properties": { "category": "food_beverage" }, "geometry": { "type": "Point", "coordinates": [ 235748.881352055817842, 895210.417277141939849 ] } },
{ "type": "Feature", "properties": { "category": "food_beverage" }, "geometry": { "type": "Point", "coordinates": [ 237832.172049375687493, 902448.931072616600432 ] } },
{ "type": "Feature", "properties": { "category": "food_beverage" }, "geometry": { "type": "Point", "coordinates": [ 237542.700467695627594, 899757.949318201979622 ] } },
{ "type": "Feature", "properties": { "category": "food_beverage" }, "geometry": { "type": "Point", "coordinates": [ 233452.320528531214222, 891550.592257810058072 ] } },
{ "type": "Feature", "properties": { "category": "food_beverage" }, "geometry": { "type": "Point", "coordinates": [ 237413.724501479358878, 898431.213686855509877 ] } },
{ "type": "Feature", "properties": { "category": "food_beverage" }, "geometry": { "type": "Point", "coordinates": [ 236597.513670143322088, 901658.176664423779584 ] } },
{ "type": "Feature", "properties": { "category": "food_beverage" }, "geometry": { "type": "Point", "coordinates": [ 219566.275912852666806, 905337.424754024716094 ] } },
{ "type": "Feature", "properties": { "category": "food_beverage" }, "geometry": { "type": "Point", "coordinates": [ 227037.972734873415902, 888753.13515656767413 ] } },
{ "type": "Feature", "properties": { "category": "food_beverage" }, "geometry": { "type": "Point", "coordinates": [ 234628.392172162770294, 895058.078179336152971 ] } },
{ "type": "Feature", "properties": { "category": "food_beverage" }, "geometry": { "type": "Point", "coordinates": [ 239424.846499931416474, 914425.139882279327139 ] } },
{ "type": "Feature", "properties": { "category": "food_beverage" }, "geometry": { "type": "Point", "coordinates": [ 233674.182706369814696, 908205.322590201860294 ] } },
{ "type": "Feature", "properties": { "category": "food_beverage" }, "geometry": { "type": "Point", "coordinates": [ 225922.666764416731894, 903975.309079860453494 ] } },
{ "type": "Feature", "properties": { "category": "food_beverage" }, "geometry": { "type": "Point", "coordinates": [ 225720.301049481262453, 901916.957520885393023 ] } },
{ "type": "Feature", "properties": { "category": "food_beverage" }, "geometry": { "type": "Point", "coordinates": [ 231417.495113616634626, 897931.999270027852617 ] } },
{ "type": "Feature", "properties": { "category": "food_beverage" }, "geometry": { "type": "Point", "coordinates": [ 227397.951948729110882, 890659.467510328744538 ] } },
{ "type": "Feature", "properties": { "category": "food_beverage" }, "geometry": { "type": "Point", "coordinates": [ 240272.830573196406476, 911045.419794323621318 ] } },
{ "type": "Feature", "properties": { "category": "food_beverage" }, "geometry": { "type": "Point", "coordinates": [ 228494.06509039181401, 907332.072236860636622 ] } },
{ "type": "Feature", "properties": { "category": "food_beverage" }, "geometry": { "type": "Point", "coordinates": [ 232696.036630271119066, 904289.268085936200805 ] } },
{ "type": "Feature", "properties": { "category": "food_beverage" }, "geometry": { "type": "Point", "coordinates": [ 228878.52028194788727, 898497.600570819457062 ] } },
{ "type": "Feature", "properties": { "category": "food_beverage" }, "geometry": { "type": "Point", "coordinates": [ 242367.697224268398713, 902905.362469626357779 ] } },
{ "type": "Feature", "properties": { "category": "food_beverage" }, "geometry": { "type": "Point", "coordinates": [ 235654.328849008015823, 891415.674020209815353 ] } },
{ "type": "Feature", "properties": { "category": "food_beverage" }, "geometry": { "type": "Point", "coordinates": [ 223199.36403392883949, 901689.358300267718732 ] } },
{ "type": "Feature", "properties": { "category": "food_beverage" }, "geometry": { "type": "Point", "coordinates": [ 234944.452633968030568, 902015.985757435439155 ] } },
{ "type": "Feature", "properties": { "category": "food_beverage" }, "geometry": { "type": "Point", "coordinates": [ 234320.201411098794779, 897706.755024203564972 ] } },
{ "type": "Feature", "properties": { "category": "food_beverage" }, "geometry": { "type": "Point", "coordinates": [ 235384.01646883552894, 911400.51379082351923 ] } },
{ "type": "Feature", "properties": { "category": "food_beverage" }, "geometry": { "type": "Point", "coordinates": [ 222408.803002971748356, 901646.360207608086057 ] } },
{ "type": "Feature", "properties": { "category": "food_beverage" }, "geometry": { "type": "Point", "coordinates": [ 236374.930193166481331, 900879.806031534681097 ] } },
{ "type": "Feature", "properties": { "category": "food_beverage" }, "geometry": { "type": "Point", "coordinates": [ 228266.016305775061483, 890214.822453889530152 ] } },
{ "type": "Feature", "properties": { "category": "food_beverage" }, "geometry": { "type": "Point", "coordinates": [ 237807.502212941471953, 904400.010094068013132 ] } },
{ "type": "Feature", "properties": { "category": "food_beverage" }, "geometry": { "type": "Point", "coordinates": [ 240441.490921539952978, 911042.502031689509749 ] } },
{ "type": "Feature", "properties": { "category": "food_beverage" }, "geometry": { "type": "Point", "coordinates": [ 238860.812040484539466, 891477.194213545531966 ] } },
{ "type": "Feature", "properties": { "category": "food_beverage" }, "geometry": { "type": "Point", "coordinates": [ 232878.097284575662343, 901579.471935770707205 ] } },
{ "type": "Feature", "properties": { "category": "food_beverage" }, "geometry": { "type": "Point", "coordinates": [ 234730.779490526678273, 894844.649170771706849 ] } },
{ "type": "Feature", "properties": { "category": "food_beverage" }, "geometry": { "type": "Point", "coordinates": [ 233979.327090501697967, 899049.913974141003564 ] } },
{ "type": "Feature", "properties": { "category": "food_beverage" }, "geometry": { "type": "Point", "coordinates": [ 236486.336069233017042, 901335.47123812395148 ] } },
{ "type": "Feature", "properties": { "category": "food_beverage" }, "geometry": { "type": "Point", "coordinates": [ 239437.398546721669845, 905323.267472251900472 ] } },
{ "type": "Feature", "properties": { "category": "food_beverage" }, "geometry": { "type": "Point", "coordinates": [ 221629.017107182648033, 902194.19429021445103 ] } },
{ "type": "Feature", "properties": { "category": "food_beverage" }, "geometry": { "type": "Point", "coordinates": [ 230362.271088996814797, 900208.891298058209941 ] } },
{ "type": "Feature", "properties": { "category": "food_beverage" }, "geometry": { "type": "Point", "coordinates": [ 237078.956276117620291, 900697.429707150673494 ] } },
{ "type": "Feature", "properties": { "category": "food_beverage" }, "geometry": { "type": "Point", "coordinates": [ 236558.367168312892318, 900315.814532820950262 ] } },
{ "type": "Feature", "properties": { "category": "food_beverage" }, "geometry": { "type": "Point", "coordinates": [ 237807.502212941471953, 904400.010094068013132 ] } },
{ "type": "Feature", "properties": { "category": "food_beverage" }, "geometry": { "type": "Point", "coordinates": [ 247030.034377611678792, 913476.384783933172002 ] } },
{ "type": "Feature", "properties": { "category": "food_beverage" }, "geometry": { "type": "Point", "coordinates": [ 235751.730189678783063, 911656.863687556586228 ] } },
{ "type": "Feature", "properties": { "category": "food_beverage" }, "geometry": { "type": "Point", "coordinates": [ 238732.916436675761361, 902972.910748836584389 ] } },
{ "type": "Feature", "properties": { "category": "food_beverage" }, "geometry": { "type": "Point", "coordinates": [ 231783.5454588328721, 894915.685793896205723 ] } },
{ "type": "Feature", "properties": { "category": "food_beverage" }, "geometry": { "type": "Point", "coordinates": [ 234944.452633968030568, 902015.985757435439155 ] } },
{ "type": "Feature", "properties": { "category": "food_beverage" }, "geometry": { "type": "Point", "coordinates": [ 237215.298861156596104, 900107.436804761295207 ] } },
{ "type": "Feature", "properties": { "category": "food_beverage" }, "geometry": { "type": "Point", "coordinates": [ 236178.431374046602286, 900978.428725413745269 ] } },
{ "type": "Feature", "properties": { "category": "food_beverage" }, "geometry": { "type": "Point", "coordinates": [ 222153.828806135774357, 903013.583358326810412 ] } },
{ "type": "Feature", "properties": { "category": "food_beverage" }, "geometry": { "type": "Point", "coordinates": [ 236085.364290389843518, 900973.507040208671242 ] } },
{ "type": "Feature", "properties": { "category": "food_beverage" }, "geometry": { "type": "Point", "coordinates": [ 231465.193796052888501, 902537.049213265068829 ] } },
{ "type": "Feature", "properties": { "category": "food_beverage" }, "geometry": { "type": "Point", "coordinates": [ 230158.545311312918784, 893188.069119201041758 ] } },
{ "type": "Feature", "properties": { "category": "food_beverage" }, "geometry": { "type": "Point", "coordinates": [ 223910.730212109861895, 896532.106514981482178 ] } },
{ "type": "Feature", "properties": { "category": "food_beverage" }, "geometry": { "type": "Point", "coordinates": [ 227975.887479187396821, 904617.999997353879735 ] } },
{ "type": "Feature", "properties": { "category": "food_beverage" }, "geometry": { "type": "Point", "coordinates": [ 235204.436248483223608, 905445.39617054129485 ] } },
{ "type": "Feature", "properties": { "category": "food_beverage" }, "geometry": { "type": "Point", "coordinates": [ 231856.491661994456081, 901649.743361889966764 ] } },
{ "type": "Feature", "properties": { "category": "food_beverage" }, "geometry": { "type": "Point", "coordinates": [ 236672.431548162334366, 901508.611486532608978 ] } },
{ "type": "Feature", "properties": { "category": "food_beverage" }, "geometry": { "type": "Point", "coordinates": [ 238807.028489425225416, 891910.428821298643015 ] } },
{ "type": "Feature", "properties": { "category": "food_beverage" }, "geometry": { "type": "Point", "coordinates": [ 236692.203427590080537, 902848.877004212467 ] } },
{ "type": "Feature", "properties": { "category": "food_beverage" }, "geometry": { "type": "Point", "coordinates": [ 233840.969417240004987, 900008.180256179650314 ] } },
{ "type": "Feature", "properties": { "category": "food_beverage" }, "geometry": { "type": "Point", "coordinates": [ 230525.963056174980011, 899795.947567997965962 ] } },
{ "type": "Feature", "properties": { "category": "food_beverage" }, "geometry": { "type": "Point", "coordinates": [ 235161.466613273369148, 898762.038973895134404 ] } },
{ "type": "Feature", "properties": { "category": "food_beverage" }, "geometry": { "type": "Point", "coordinates": [ 233445.428278755309293, 903894.912792279268615 ] } },
{ "type": "Feature", "properties": { "category": "food_beverage" }, "geometry": { "type": "Point", "coordinates": [ 239190.123060693586012, 908469.996516529470682 ] } },
{ "type": "Feature", "properties": { "category": "food_beverage" }, "geometry": { "type": "Point", "coordinates": [ 236533.134373057488119, 906384.583223727997392 ] } },
{ "type": "Feature", "properties": { "category": "food_beverage" }, "geometry": { "type": "Point", "coordinates": [ 239070.296319648361532, 901544.751473017851822 ] } },
{ "type": "Feature", "properties": { "category": "food_beverage" }, "geometry": { "type": "Point", "coordinates": [ 235271.358300602587406, 899968.894194580381736 ] } },
{ "type": "Feature", "properties": { "category": "food_beverage" }, "geometry": { "type": "Point", "coordinates": [ 234598.710443492338527, 895141.684008287847973 ] } },
{ "type": "Feature", "properties": { "category": "food_beverage" }, "geometry": { "type": "Point", "coordinates": [ 232651.298405592940981, 897025.233790807775222 ] } },
{ "type": "Feature", "properties": { "category": "food_beverage" }, "geometry": { "type": "Point", "coordinates": [ 231507.583712925843429, 889166.817975737387314 ] } },
{ "type": "Feature", "properties": { "category": "food_beverage" }, "geometry": { "type": "Point", "coordinates": [ 230310.144404419144848, 900240.878783178981394 ] } },
{ "type": "Feature", "properties": { "category": "food_beverage" }, "geometry": { "type": "Point", "coordinates": [ 236758.93610315368278, 901506.84195254649967 ] } },
{ "type": "Feature", "properties": { "category": "food_beverage" }, "geometry": { "type": "Point", "coordinates": [ 238827.75909654609859, 912413.567863862495869 ] } },
{ "type": "Feature", "properties": { "category": "food_beverage" }, "geometry": { "type": "Point", "coordinates": [ 225825.811610285309143, 900798.015826707938686 ] } },
{ "type": "Feature", "properties": { "category": "food_beverage" }, "geometry": { "type": "Point", "coordinates": [ 228678.494752756465459, 894822.918895923998207 ] } },
{ "type": "Feature", "properties": { "category": "food_beverage" }, "geometry": { "type": "Point", "coordinates": [ 232868.301862775493646, 902141.37045931594912 ] } },
{ "type": "Feature", "properties": { "category": "food_beverage" }, "geometry": { "type": "Point", "coordinates": [ 244033.297664978774264, 915337.108458448085003 ] } },
{ "type": "Feature", "properties": { "category": "food_beverage" }, "geometry": { "type": "Point", "coordinates": [ 238332.70065336098196, 907292.479156278539449 ] } },
{ "type": "Feature", "properties": { "category": "food_beverage" }, "geometry": { "type": "Point", "coordinates": [ 232428.97059419931611, 898708.580011029727757 ] } },
{ "type": "Feature", "properties": { "category": "food_beverage" }, "geometry": { "type": "Point", "coordinates": [ 223228.073312505992362, 902025.018427465343848 ] } },
{ "type": "Feature", "properties": { "category": "food_beverage" }, "geometry": { "type": "Point", "coordinates": [ 239099.932283094327431, 905187.862911050906405 ] } },
{ "type": "Feature", "properties": { "category": "food_beverage" }, "geometry": { "type": "Point", "coordinates": [ 242889.937074466666672, 903729.852111630840227 ] } },
{ "type": "Feature", "properties": { "category": "food_beverage" }, "geometry": { "type": "Point", "coordinates": [ 233226.280621991842054, 899492.068190474063158 ] } },
{ "type": "Feature", "properties": { "category": "food_beverage" }, "geometry": { "type": "Point", "coordinates": [ 230312.77221092992113, 900261.994863504078239 ] } },
{ "type": "Feature", "properties": { "category": "food_beverage" }, "geometry": { "type": "Point", "coordinates": [ 232899.727979977964424, 903521.333085141261108 ] } },
{ "type": "Feature", "properties": { "category": "food_beverage" }, "geometry": { "type": "Point", "coordinates": [ 227466.084571986866649, 900035.912904386757873 ] } },
{ "type": "Feature", "properties": { "category": "food_beverage" }, "geometry": { "type": "Point", "coordinates": [ 237318.072400216042297, 900489.757389680715278 ] } },
{ "type": "Feature", "properties": { "category": "food_beverage" }, "geometry": { "type": "Point", "coordinates": [ 237187.988997995678801, 906088.439675692119636 ] } },
{ "type": "Feature", "properties": { "category": "food_beverage" }, "geometry": { "type": "Point", "coordinates": [ 241215.007144348870497, 889017.36312027880922 ] } },
{ "type": "Feature", "properties": { "category": "food_beverage" }, "geometry": { "type": "Point", "coordinates": [ 225458.843838457018137, 904102.129989843582734 ] } },
{ "type": "Feature", "properties": { "category": "food_beverage" }, "geometry": { "type": "Point", "coordinates": [ 234689.558689133409644, 896046.742017070064321 ] } },
{ "type": "Feature", "properties": { "category": "food_beverage" }, "geometry": { "type": "Point", "coordinates": [ 223445.618559230031678, 895574.395455347024836 ] } },
{ "type": "Feature", "properties": { "category": "food_beverage" }, "geometry": { "type": "Point", "coordinates": [ 238538.608285612659529, 888550.56580912694335 ] } },
{ "type": "Feature", "properties": { "category": "food_beverage" }, "geometry": { "type": "Point", "coordinates": [ 236102.200138986809179, 901384.583017769502476 ] } },
{ "type": "Feature", "properties": { "category": "food_beverage" }, "geometry": { "type": "Point", "coordinates": [ 228572.161221172922524, 899925.801967659965158 ] } },
{ "type": "Feature", "properties": { "category": "food_beverage" }, "geometry": { "type": "Point", "coordinates": [ 239225.111391370766796, 911720.743878827197477 ] } },
{ "type": "Feature", "properties": { "category": "food_beverage" }, "geometry": { "type": "Point", "coordinates": [ 227037.972734873415902, 888753.13515656767413 ] } },
{ "type": "Feature", "properties": { "category": "food_beverage" }, "geometry": { "type": "Point", "coordinates": [ 236381.072582345397677, 900886.835757343331352 ] } },
{ "type": "Feature", "properties": { "category": "food_beverage" }, "geometry": { "type": "Point", "coordinates": [ 229469.017535260180011, 899258.708986542420462 ] } },
{ "type": "Feature", "properties": { "category": "food_beverage" }, "geometry": { "type": "Point", "coordinates": [ 235983.375427420425694, 901262.898175157955848 ] } },
{ "type": "Feature", "properties": { "category": "food_beverage" }, "geometry": { "type": "Point", "coordinates": [ 234745.108561091881711, 906362.066887153428979 ] } },
{ "type": "Feature", "properties": { "category": "food_beverage" }, "geometry": { "type": "Point", "coordinates": [ 236784.487535328924423, 901661.374636772554368 ] } },
{ "type": "Feature", "properties": { "category": "food_beverage" }, "geometry": { "type": "Point", "coordinates": [ 227954.246341074525844, 902069.114465258666314 ] } },
{ "type": "Feature", "properties": { "category": "food_beverage" }, "geometry": { "type": "Point", "coordinates": [ 237395.946693609585054, 898380.356559854699299 ] } },
{ "type": "Feature", "properties": { "category": "food_beverage" }, "geometry": { "type": "Point", "coordinates": [ 240911.049448322737589, 887587.152549977530725 ] } },
{ "type": "Feature", "properties": { "category": "food_beverage" }, "geometry": { "type": "Point", "coordinates": [ 232912.476838306, 899462.377954275114462 ] } },
{ "type": "Feature", "properties": { "category": "food_beverage" }, "geometry": { "type": "Point", "coordinates": [ 236230.399226449721027, 894408.462723437114619 ] } },
{ "type": "Feature", "properties": { "category": "food_beverage" }, "geometry": { "type": "Point", "coordinates": [ 236175.043625148071442, 900212.194424009532668 ] } },
{ "type": "Feature", "properties": { "category": "food_beverage" }, "geometry": { "type": "Point", "coordinates": [ 236209.17127452843124, 900128.839507904252969 ] } },
{ "type": "Feature", "properties": { "category": "food_beverage" }, "geometry": { "type": "Point", "coordinates": [ 233679.0292764447222, 901786.205289644887671 ] } },
{ "type": "Feature", "properties": { "category": "food_beverage" }, "geometry": { "type": "Point", "coordinates": [ 237300.99995488251443, 907284.92225893412251 ] } },
{ "type": "Feature", "properties": { "category": "food_beverage" }, "geometry": { "type": "Point", "coordinates": [ 230710.766700572974514, 893041.505206337431446 ] } },
{ "type": "Feature", "properties": { "category": "food_beverage" }, "geometry": { "type": "Point", "coordinates": [ 245491.222118667181348, 912801.854680301388726 ] } },
{ "type": "Feature", "properties": { "category": "food_beverage" }, "geometry": { "type": "Point", "coordinates": [ 233652.428013849275885, 896001.936441553989425 ] } },
{ "type": "Feature", "properties": { "category": "food_beverage" }, "geometry": { "type": "Point", "coordinates": [ 235215.798264455195749, 899332.806046166457236 ] } },
{ "type": "Feature", "properties": { "category": "food_beverage" }, "geometry": { "type": "Point", "coordinates": [ 238357.072831167053664, 904849.52847252774518 ] } },
{ "type": "Feature", "properties": { "category": "food_beverage" }, "geometry": { "type": "Point", "coordinates": [ 235802.343262381938985, 900042.780176311964169 ] } },
{ "type": "Feature", "properties": { "category": "food_beverage" }, "geometry": { "type": "Point", "coordinates": [ 237980.877093163842801, 902320.548956050188281 ] } },
{ "type": "Feature", "properties": { "category": "food_beverage" }, "geometry": { "type": "Point", "coordinates": [ 236625.739178068295587, 901616.336112593999133 ] } },
{ "type": "Feature", "properties": { "category": "food_beverage" }, "geometry": { "type": "Point", "coordinates": [ 229740.929150586103788, 899846.454166695009917 ] } },
{ "type": "Feature", "properties": { "category": "food_beverage" }, "geometry": { "type": "Point", "coordinates": [ 225329.24760301259812, 897744.587539015104994 ] } },
{ "type": "Feature", "properties": { "category": "food_beverage" }, "geometry": { "type": "Point", "coordinates": [ 241730.337801538873464, 903648.777171510620974 ] } },
{ "type": "Feature", "properties": { "category": "food_beverage" }, "geometry": { "type": "Point", "coordinates": [ 236291.207642123044934, 900421.175806953106076 ] } },
{ "type": "Feature", "properties": { "category": "food_beverage" }, "geometry": { "type": "Point", "coordinates": [ 242011.795970017788932, 887851.77578786725644 ] } },
{ "type": "Feature", "properties": { "category": "food_beverage" }, "geometry": { "type": "Point", "coordinates": [ 224164.633756326453295, 900005.901970650767908 ] } },
{ "type": "Feature", "properties": { "category": "food_beverage" }, "geometry": { "type": "Point", "coordinates": [ 223003.122809704596875, 902327.075865321443416 ] } },
{ "type": "Feature", "properties": { "category": "food_beverage" }, "geometry": { "type": "Point", "coordinates": [ 232868.362202598858858, 903554.287647003075108 ] } },
{ "type": "Feature", "properties": { "category": "food_beverage" }, "geometry": { "type": "Point", "coordinates": [ 234877.675607592740562, 900135.434542119503021 ] } },
{ "type": "Feature", "properties": { "category": "food_beverage" }, "geometry": { "type": "Point", "coordinates": [ 237755.807722189609194, 904320.310445299372077 ] } },
{ "type": "Feature", "properties": { "category": "food_beverage" }, "geometry": { "type": "Point", "coordinates": [ 218724.983753688575234, 904952.800268880091608 ] } },
{ "type": "Feature", "properties": { "category": "food_beverage" }, "geometry": { "type": "Point", "coordinates": [ 239437.636046830768464, 914885.090401539695449 ] } },
{ "type": "Feature", "properties": { "category": "food_beverage" }, "geometry": { "type": "Point", "coordinates": [ 243026.75723050662782, 890200.83900749462191 ] } },
{ "type": "Feature", "properties": { "category": "food_beverage" }, "geometry": { "type": "Point", "coordinates": [ 236216.184350345516577, 900686.487606751383282 ] } },
{ "type": "Feature", "properties": { "category": "food_beverage" }, "geometry": { "type": "Point", "coordinates": [ 234050.209249837003881, 897617.913194189313799 ] } },
{ "type": "Feature", "properties": { "category": "food_beverage" }, "geometry": { "type": "Point", "coordinates": [ 242899.020067755191121, 890256.930384462582879 ] } },
{ "type": "Feature", "properties": { "category": "food_beverage" }, "geometry": { "type": "Point", "coordinates": [ 225409.804623910633381, 897849.401493307901546 ] } },
{ "type": "Feature", "properties": { "category": "food_beverage" }, "geometry": { "type": "Point", "coordinates": [ 230737.925460344995372, 905885.291112138424069 ] } },
{ "type": "Feature", "properties": { "category": "food_beverage" }, "geometry": { "type": "Point", "coordinates": [ 236376.521774573047878, 900460.938562782481313 ] } },
{ "type": "Feature", "properties": { "category": "food_beverage" }, "geometry": { "type": "Point", "coordinates": [ 224690.117286428314401, 903363.049193574697711 ] } },
{ "type": "Feature", "properties": { "category": "food_beverage" }, "geometry": { "type": "Point", "coordinates": [ 232963.558610998879885, 898057.931679829955101 ] } },
{ "type": "Feature", "properties": { "category": "food_beverage" }, "geometry": { "type": "Point", "coordinates": [ 221595.826977206917945, 901978.60180184757337 ] } },
{ "type": "Feature", "properties": { "category": "food_beverage" }, "geometry": { "type": "Point", "coordinates": [ 235825.317277396272402, 901419.044091869029216 ] } },
{ "type": "Feature", "properties": { "category": "food_beverage" }, "geometry": { "type": "Point", "coordinates": [ 237970.466300002241042, 903103.708896003081463 ] } },
{ "type": "Feature", "properties": { "category": "food_beverage" }, "geometry": { "type": "Point", "coordinates": [ 235392.00105654305662, 901372.194628675933927 ] } },
{ "type": "Feature", "properties": { "category": "food_beverage" }, "geometry": { "type": "Point", "coordinates": [ 232447.884422006667592, 898877.949313396355137 ] } },
{ "type": "Feature", "properties": { "category": "food_beverage" }, "geometry": { "type": "Point", "coordinates": [ 236087.410204973188229, 900414.683459113584831 ] } },
{ "type": "Feature", "properties": { "category": "food_beverage" }, "geometry": { "type": "Point", "coordinates": [ 223506.695317688514479, 895603.479167247889563 ] } },
{ "type": "Feature", "properties": { "category": "food_beverage" }, "geometry": { "type": "Point", "coordinates": [ 233263.19085252500372, 899858.688084091292694 ] } },
{ "type": "Feature", "properties": { "category": "food_beverage" }, "geometry": { "type": "Point", "coordinates": [ 233645.00961421453394, 901510.901699883397669 ] } },
{ "type": "Feature", "properties": { "category": "food_beverage" }, "geometry": { "type": "Point", "coordinates": [ 236977.779379461338976, 901090.113565892330371 ] } },
{ "type": "Feature", "properties": { "category": "food_beverage" }, "geometry": { "type": "Point", "coordinates": [ 226005.600835497461958, 896580.640889394795522 ] } },
{ "type": "Feature", "properties": { "category": "food_beverage" }, "geometry": { "type": "Point", "coordinates": [ 238981.902556448621908, 913048.363414370454848 ] } },
{ "type": "Feature", "properties": { "category": "food_beverage" }, "geometry": { "type": "Point", "coordinates": [ 234554.046163784892997, 895740.835263560293242 ] } },
{ "type": "Feature", "properties": { "category": "food_beverage" }, "geometry": { "type": "Point", "coordinates": [ 236764.887275940127438, 899188.0064345987048 ] } },
{ "type": "Feature", "properties": { "category": "food_beverage" }, "geometry": { "type": "Point", "coordinates": [ 226842.894453137647361, 908581.759098967420869 ] } },
{ "type": "Feature", "properties": { "category": "food_beverage" }, "geometry": { "type": "Point", "coordinates": [ 240354.466069762187544, 912599.24753352731932 ] } },
{ "type": "Feature", "properties": { "category": "food_beverage" }, "geometry": { "type": "Point", "coordinates": [ 233007.726098453858867, 898059.582934889360331 ] } },
{ "type": "Feature", "properties": { "category": "food_beverage" }, "geometry": { "type": "Point", "coordinates": [ 226802.216503029601881, 892062.94517670001369 ] } },
{ "type": "Feature", "properties": { "category": "food_beverage" }, "geometry": { "type": "Point", "coordinates": [ 237986.378760354302358, 909445.661336433608085 ] } },
{ "type": "Feature", "properties": { "category": "food_beverage" }, "geometry": { "type": "Point", "coordinates": [ 238032.766172335366718, 899931.422421754687093 ] } },
{ "type": "Feature", "properties": { "category": "food_beverage" }, "geometry": { "type": "Point", "coordinates": [ 232513.392905032000272, 898255.441084321588278 ] } },
{ "type": "Feature", "properties": { "category": "food_beverage" }, "geometry": { "type": "Point", "coordinates": [ 236602.63940487234504, 900848.109325961209834 ] } },
{ "type": "Feature", "properties": { "category": "food_beverage" }, "geometry": { "type": "Point", "coordinates": [ 236481.552191443770425, 894332.673657288076356 ] } },
{ "type": "Feature", "properties": { "category": "food_beverage" }, "geometry": { "type": "Point", "coordinates": [ 228561.447640754573513, 907743.339021190069616 ] } },
{ "type": "Feature", "properties": { "category": "food_beverage" }, "geometry": { "type": "Point", "coordinates": [ 234018.271048253984191, 901882.033987342962064 ] } },
{ "type": "Feature", "properties": { "category": "food_beverage" }, "geometry": { "type": "Point", "coordinates": [ 233023.001537632459076, 898035.99520849622786 ] } },
{ "type": "Feature", "properties": { "category": "food_beverage" }, "geometry": { "type": "Point", "coordinates": [ 243583.459742658596952, 902528.354848155751824 ] } },
{ "type": "Feature", "properties": { "category": "food_beverage" }, "geometry": { "type": "Point", "coordinates": [ 221198.743202234036289, 902872.899882161291316 ] } },
{ "type": "Feature", "properties": { "category": "food_beverage" }, "geometry": { "type": "Point", "coordinates": [ 232428.97059419931611, 898708.580011029727757 ] } },
{ "type": "Feature", "properties": { "category": "food_beverage" }, "geometry": { "type": "Point", "coordinates": [ 236652.205804435157916, 892583.437357617192902 ] } },
{ "type": "Feature", "properties": { "category": "food_beverage" }, "geometry": { "type": "Point", "coordinates": [ 234348.604166877863463, 898118.213313279906288 ] } },
{ "type": "Feature", "properties": { "category": "food_beverage" }, "geometry": { "type": "Point", "coordinates": [ 236399.31382785103051, 900943.802266658865847 ] } },
{ "type": "Feature", "properties": { "category": "food_beverage" }, "geometry": { "type": "Point", "coordinates": [ 232673.446677547472063, 898236.522516875411384 ] } },
{ "type": "Feature", "properties": { "category": "food_beverage" }, "geometry": { "type": "Point", "coordinates": [ 234399.384147562552243, 899715.424424112192355 ] } },
{ "type": "Feature", "properties": { "category": "food_beverage" }, "geometry": { "type": "Point", "coordinates": [ 236554.431919961964013, 900898.065731403999962 ] } },
{ "type": "Feature", "properties": { "category": "food_beverage" }, "geometry": { "type": "Point", "coordinates": [ 236053.878302868222818, 900912.363492167321965 ] } },
{ "type": "Feature", "properties": { "category": "food_beverage" }, "geometry": { "type": "Point", "coordinates": [ 236205.114701209531631, 900116.600026072002947 ] } },
{ "type": "Feature", "properties": { "category": "food_beverage" }, "geometry": { "type": "Point", "coordinates": [ 244430.124625905096764, 912134.784214146668091 ] } },
{ "type": "Feature", "properties": { "category": "food_beverage" }, "geometry": { "type": "Point", "coordinates": [ 222301.444080108602066, 899837.56988664122764 ] } },
{ "type": "Feature", "properties": { "category": "food_beverage" }, "geometry": { "type": "Point", "coordinates": [ 236757.249870627885684, 900569.332581767579541 ] } },
{ "type": "Feature", "properties": { "category": "food_beverage" }, "geometry": { "type": "Point", "coordinates": [ 236671.310217952268431, 901186.811722412821837 ] } },
{ "type": "Feature", "properties": { "category": "food_beverage" }, "geometry": { "type": "Point", "coordinates": [ 231022.244089539366541, 899252.174803400528617 ] } },
{ "type": "Feature", "properties": { "category": "food_beverage" }, "geometry": { "type": "Point", "coordinates": [ 231776.689302626182325, 891687.001767413574271 ] } },
{ "type": "Feature", "properties": { "category": "food_beverage" }, "geometry": { "type": "Point", "coordinates": [ 235547.156222454359522, 901250.791815586853772 ] } },
{ "type": "Feature", "properties": { "category": "food_beverage" }, "geometry": { "type": "Point", "coordinates": [ 240354.848139764420921, 912732.991686118999496 ] } },
{ "type": "Feature", "properties": { "category": "food_beverage" }, "geometry": { "type": "Point", "coordinates": [ 227481.120638870779658, 891756.329527412541211 ] } },
{ "type": "Feature", "properties": { "category": "food_beverage" }, "geometry": { "type": "Point", "coordinates": [ 236255.79224274950684, 901744.045839138212614 ] } },
{ "type": "Feature", "properties": { "category": "food_beverage" }, "geometry": { "type": "Point", "coordinates": [ 233077.80501995285158, 901415.569414195604622 ] } },
{ "type": "Feature", "properties": { "category": "food_beverage" }, "geometry": { "type": "Point", "coordinates": [ 238032.766172335366718, 899931.422421754687093 ] } },
{ "type": "Feature", "properties": { "category": "food_beverage" }, "geometry": { "type": "Point", "coordinates": [ 239061.266668648866471, 913136.781337936758064 ] } },
{ "type": "Feature", "properties": { "category": "food_beverage" }, "geometry": { "type": "Point", "coordinates": [ 228245.970572959980927, 901358.605782089754939 ] } },
{ "type": "Feature", "properties": { "category": "food_beverage" }, "geometry": { "type": "Point", "coordinates": [ 235642.617638095631264, 908538.173040411667898 ] } },
{ "type": "Feature", "properties": { "category": "food_beverage" }, "geometry": { "type": "Point", "coordinates": [ 240091.061295200343011, 908792.218830998637713 ] } },
{ "type": "Feature", "properties": { "category": "food_beverage" }, "geometry": { "type": "Point", "coordinates": [ 242850.180433095956687, 909095.22004513500724 ] } },
{ "type": "Feature", "properties": { "category": "food_beverage" }, "geometry": { "type": "Point", "coordinates": [ 234247.402079977968242, 899757.780349399428815 ] } },
{ "type": "Feature", "properties": { "category": "food_beverage" }, "geometry": { "type": "Point", "coordinates": [ 233404.040481724310666, 903351.097216490539722 ] } },
{ "type": "Feature", "properties": { "category": "food_beverage" }, "geometry": { "type": "Point", "coordinates": [ 229973.475776620500255, 898757.995193099603057 ] } },
{ "type": "Feature", "properties": { "category": "food_beverage" }, "geometry": { "type": "Point", "coordinates": [ 234717.041904363984941, 900129.085261018830352 ] } },
{ "type": "Feature", "properties": { "category": "food_beverage" }, "geometry": { "type": "Point", "coordinates": [ 234213.462899765843758, 902412.381039656815119 ] } },
{ "type": "Feature", "properties": { "category": "food_beverage" }, "geometry": { "type": "Point", "coordinates": [ 228815.84442601056071, 898488.123953603673726 ] } },
{ "type": "Feature", "properties": { "category": "food_beverage" }, "geometry": { "type": "Point", "coordinates": [ 225283.144857567880535, 897730.09267897112295 ] } },
{ "type": "Feature", "properties": { "category": "food_beverage" }, "geometry": { "type": "Point", "coordinates": [ 246869.406523131503491, 912962.110178845003247 ] } },
{ "type": "Feature", "properties": { "category": "food_beverage" }, "geometry": { "type": "Point", "coordinates": [ 235130.463737986458, 899935.975884847226553 ] } },
{ "type": "Feature", "properties": { "category": "food_beverage" }, "geometry": { "type": "Point", "coordinates": [ 238236.216405065613799, 898459.076991046662442 ] } },
{ "type": "Feature", "properties": { "category": "food_beverage" }, "geometry": { "type": "Point", "coordinates": [ 236498.971104801865295, 901757.634617379051633 ] } },
{ "type": "Feature", "properties": { "category": "food_beverage" }, "geometry": { "type": "Point", "coordinates": [ 225996.166399312845897, 901737.138353489339352 ] } },
{ "type": "Feature", "properties": { "category": "food_beverage" }, "geometry": { "type": "Point", "coordinates": [ 235392.00105654305662, 901372.194628675933927 ] } },
{ "type": "Feature", "properties": { "category": "food_beverage" }, "geometry": { "type": "Point", "coordinates": [ 231191.650271687976783, 899087.974585423595272 ] } },
{ "type": "Feature", "properties": { "category": "food_beverage" }, "geometry": { "type": "Point", "coordinates": [ 235800.022986610536464, 900190.946384300943464 ] } },
{ "type": "Feature", "properties": { "category": "food_beverage" }, "geometry": { "type": "Point", "coordinates": [ 232109.002877522085328, 896772.146493133739568 ] } },
{ "type": "Feature", "properties": { "category": "food_beverage" }, "geometry": { "type": "Point", "coordinates": [ 230267.914232328708749, 900328.114849292673171 ] } },
{ "type": "Feature", "properties": { "category": "food_beverage" }, "geometry": { "type": "Point", "coordinates": [ 231997.660321052302606, 901473.437562654260546 ] } },
{ "type": "Feature", "properties": { "category": "food_beverage" }, "geometry": { "type": "Point", "coordinates": [ 237154.159286312293261, 907331.907891844632104 ] } },
{ "type": "Feature", "properties": { "category": "food_beverage" }, "geometry": { "type": "Point", "coordinates": [ 236441.409287438786123, 900944.242607907857746 ] } },
{ "type": "Feature", "properties": { "category": "food_beverage" }, "geometry": { "type": "Point", "coordinates": [ 235391.765080678771483, 900961.093082748935558 ] } },
{ "type": "Feature", "properties": { "category": "food_beverage" }, "geometry": { "type": "Point", "coordinates": [ 236191.445984708028845, 900210.945940315374173 ] } },
{ "type": "Feature", "properties": { "category": "food_beverage" }, "geometry": { "type": "Point", "coordinates": [ 230256.930316248326562, 900334.176817859406583 ] } },
{ "type": "Feature", "properties": { "category": "food_beverage" }, "geometry": { "type": "Point", "coordinates": [ 234346.675821095675929, 906262.578929639421403 ] } },
{ "type": "Feature", "properties": { "category": "food_beverage" }, "geometry": { "type": "Point", "coordinates": [ 237218.47485490818508, 888317.756187721854076 ] } },
{ "type": "Feature", "properties": { "category": "food_beverage" }, "geometry": { "type": "Point", "coordinates": [ 228117.045272000192199, 889916.099437231430784 ] } },
{ "type": "Feature", "properties": { "category": "food_beverage" }, "geometry": { "type": "Point", "coordinates": [ 236290.223612611996941, 906015.65064909576904 ] } },
{ "type": "Feature", "properties": { "category": "food_beverage" }, "geometry": { "type": "Point", "coordinates": [ 221502.221337134717032, 901532.116624095593579 ] } },
{ "type": "Feature", "properties": { "category": "food_beverage" }, "geometry": { "type": "Point", "coordinates": [ 240024.368250928644557, 890800.374298135167919 ] } },
{ "type": "Feature", "properties": { "category": "food_beverage" }, "geometry": { "type": "Point", "coordinates": [ 231908.708402198040858, 905549.16812942980323 ] } },
{ "type": "Feature", "properties": { "category": "food_beverage" }, "geometry": { "type": "Point", "coordinates": [ 244666.3739538101363, 913371.847099108854309 ] } },
{ "type": "Feature", "properties": { "category": "food_beverage" }, "geometry": { "type": "Point", "coordinates": [ 236350.728604441042989, 900637.19714952330105 ] } },
{ "type": "Feature", "properties": { "category": "food_beverage" }, "geometry": { "type": "Point", "coordinates": [ 236216.184350345516577, 900686.487606751383282 ] } },
{ "type": "Feature", "properties": { "category": "food_beverage" }, "geometry": { "type": "Point", "coordinates": [ 240091.061295200343011, 908792.218830998637713 ] } },
{ "type": "Feature", "properties": { "category": "food_beverage" }, "geometry": { "type": "Point", "coordinates": [ 227478.298088219191413, 899651.633059166022576 ] } },
{ "type": "Feature", "properties": { "category": "food_beverage" }, "geometry": { "type": "Point", "coordinates": [ 235516.768296695052413, 908591.297801922308281 ] } },
{ "type": "Feature", "properties": { "category": "food_beverage" }, "geometry": { "type": "Point", "coordinates": [ 235855.515608139219694, 897420.06283895089291 ] } },
{ "type": "Feature", "properties": { "category": "food_beverage" }, "geometry": { "type": "Point", "coordinates": [ 231247.812637896626256, 904874.613659412250854 ] } },
{ "type": "Feature", "properties": { "category": "food_beverage" }, "geometry": { "type": "Point", "coordinates": [ 235929.171730740519706, 908183.178557236213237 ] } },
{ "type": "Feature", "properties": { "category": "food_beverage" }, "geometry": { "type": "Point", "coordinates": [ 245451.577497228892753, 914084.039884789497592 ] } },
{ "type": "Feature", "properties": { "category": "food_beverage" }, "geometry": { "type": "Point", "coordinates": [ 235606.395723700028611, 913209.702049633371644 ] } },
{ "type": "Feature", "properties": { "category": "food_beverage" }, "geometry": { "type": "Point", "coordinates": [ 234399.384147562552243, 899715.424424112192355 ] } },
{ "type": "Feature", "properties": { "category": "food_beverage" }, "geometry": { "type": "Point", "coordinates": [ 234380.657442256488139, 900006.356664703926072 ] } },
{ "type": "Feature", "properties": { "category": "food_beverage" }, "geometry": { "type": "Point", "coordinates": [ 241526.883247334888438, 906510.759285759180784 ] } },
{ "type": "Feature", "properties": { "category": "food_beverage" }, "geometry": { "type": "Point", "coordinates": [ 235706.009486252907664, 895209.977319653145969 ] } },
{ "type": "Feature", "properties": { "category": "food_beverage" }, "geometry": { "type": "Point", "coordinates": [ 227997.131978325982345, 900318.923306365148164 ] } },
{ "type": "Feature", "properties": { "category": "food_beverage" }, "geometry": { "type": "Point", "coordinates": [ 236557.369252044678433, 901156.893324220902286 ] } },
{ "type": "Feature", "properties": { "category": "food_beverage" }, "geometry": { "type": "Point", "coordinates": [ 236911.946297562040854, 901562.516845647827722 ] } },
{ "type": "Feature", "properties": { "category": "food_beverage" }, "geometry": { "type": "Point", "coordinates": [ 235340.591095603827853, 901144.114473818801343 ] } },
{ "type": "Feature", "properties": { "category": "food_beverage" }, "geometry": { "type": "Point", "coordinates": [ 227333.967705012735678, 889587.564016520278528 ] } },
{ "type": "Feature", "properties": { "category": "food_beverage" }, "geometry": { "type": "Point", "coordinates": [ 235449.812457009335048, 913209.68652967386879 ] } },
{ "type": "Feature", "properties": { "category": "food_beverage" }, "geometry": { "type": "Point", "coordinates": [ 241207.589022042026045, 888635.217826776672155 ] } },
{ "type": "Feature", "properties": { "category": "food_beverage" }, "geometry": { "type": "Point", "coordinates": [ 240099.263426226272713, 904891.250862737651914 ] } },
{ "type": "Feature", "properties": { "category": "food_beverage" }, "geometry": { "type": "Point", "coordinates": [ 232950.862023144494742, 901538.491760287433863 ] } },
{ "type": "Feature", "properties": { "category": "food_beverage" }, "geometry": { "type": "Point", "coordinates": [ 234415.630655772838509, 902739.939088097424246 ] } },
{ "type": "Feature", "properties": { "category": "food_beverage" }, "geometry": { "type": "Point", "coordinates": [ 231236.770048954349477, 906782.90090642310679 ] } },
{ "type": "Feature", "properties": { "category": "food_beverage" }, "geometry": { "type": "Point", "coordinates": [ 236788.064232267235639, 901670.501792713766918 ] } },
{ "type": "Feature", "properties": { "category": "food_beverage" }, "geometry": { "type": "Point", "coordinates": [ 236289.115921974123921, 900762.397009804844856 ] } },
{ "type": "Feature", "properties": { "category": "food_beverage" }, "geometry": { "type": "Point", "coordinates": [ 227995.173276035377057, 889854.522173099219799 ] } },
{ "type": "Feature", "properties": { "category": "food_beverage" }, "geometry": { "type": "Point", "coordinates": [ 229490.675555052643176, 888168.287510429043323 ] } },
{ "type": "Feature", "properties": { "category": "food_beverage" }, "geometry": { "type": "Point", "coordinates": [ 233168.722345050307922, 903514.71156982309185 ] } },
{ "type": "Feature", "properties": { "category": "food_beverage" }, "geometry": { "type": "Point", "coordinates": [ 243969.900376605190104, 912544.663947088411078 ] } },
{ "type": "Feature", "properties": { "category": "food_beverage" }, "geometry": { "type": "Point", "coordinates": [ 232557.997542858211091, 898251.426597761339508 ] } },
{ "type": "Feature", "properties": { "category": "food_beverage" }, "geometry": { "type": "Point", "coordinates": [ 237059.331959157309029, 900700.547452322789468 ] } },
{ "type": "Feature", "properties": { "category": "food_beverage" }, "geometry": { "type": "Point", "coordinates": [ 232476.327667768026004, 901656.357727091293782 ] } },
{ "type": "Feature", "properties": { "category": "food_beverage" }, "geometry": { "type": "Point", "coordinates": [ 235316.325488902104553, 893605.505639828159474 ] } },
{ "type": "Feature", "properties": { "category": "food_beverage" }, "geometry": { "type": "Point", "coordinates": [ 230614.813550660095643, 904760.63593323668465 ] } },
{ "type": "Feature", "properties": { "category": "food_beverage" }, "geometry": { "type": "Point", "coordinates": [ 246009.135866653610719, 913125.592861486366019 ] } },
{ "type": "Feature", "properties": { "category": "food_beverage" }, "geometry": { "type": "Point", "coordinates": [ 234019.755728560267016, 899499.196514774230309 ] } },
{ "type": "Feature", "properties": { "category": "food_beverage" }, "geometry": { "type": "Point", "coordinates": [ 236704.313788898667553, 901555.430880279745907 ] } },
{ "type": "Feature", "properties": { "category": "food_beverage" }, "geometry": { "type": "Point", "coordinates": [ 234636.510338372871047, 899935.412388691911474 ] } },
{ "type": "Feature", "properties": { "category": "food_beverage" }, "geometry": { "type": "Point", "coordinates": [ 228757.740872628230136, 907220.513149270555004 ] } },
{ "type": "Feature", "properties": { "category": "food_beverage" }, "geometry": { "type": "Point", "coordinates": [ 235420.47530532424571, 899857.788724495330825 ] } },
{ "type": "Feature", "properties": { "category": "food_beverage" }, "geometry": { "type": "Point", "coordinates": [ 239831.771608426468447, 901910.143857455230318 ] } },
{ "type": "Feature", "properties": { "category": "food_beverage" }, "geometry": { "type": "Point", "coordinates": [ 233314.390810644457815, 897956.727955450885929 ] } },
{ "type": "Feature", "properties": { "category": "food_beverage" }, "geometry": { "type": "Point", "coordinates": [ 237369.504057741287397, 893569.128306776168756 ] } },
{ "type": "Feature", "properties": { "category": "food_beverage" }, "geometry": { "type": "Point", "coordinates": [ 243167.083424419688527, 904099.445158120244741 ] } },
{ "type": "Feature", "properties": { "category": "food_beverage" }, "geometry": { "type": "Point", "coordinates": [ 231104.586484436644241, 889588.778240517131053 ] } },
{ "type": "Feature", "properties": { "category": "food_beverage" }, "geometry": { "type": "Point", "coordinates": [ 236330.847056168451672, 901630.133894567727111 ] } },
{ "type": "Feature", "properties": { "category": "food_beverage" }, "geometry": { "type": "Point", "coordinates": [ 235309.387527433718788, 908624.353052039048634 ] } },
{ "type": "Feature", "properties": { "category": "food_beverage" }, "geometry": { "type": "Point", "coordinates": [ 232660.671543061616831, 896089.78704686020501 ] } },
{ "type": "Feature", "properties": { "category": "food_beverage" }, "geometry": { "type": "Point", "coordinates": [ 235875.945435124333017, 900199.331180127803236 ] } },
{ "type": "Feature", "properties": { "category": "food_beverage" }, "geometry": { "type": "Point", "coordinates": [ 234944.452633968030568, 902015.985757435439155 ] } },
{ "type": "Feature", "properties": { "category": "food_beverage" }, "geometry": { "type": "Point", "coordinates": [ 236737.962006482935976, 901106.85029218532145 ] } },
{ "type": "Feature", "properties": { "category": "food_beverage" }, "geometry": { "type": "Point", "coordinates": [ 231022.244089539366541, 899252.174803400528617 ] } },
{ "type": "Feature", "properties": { "category": "food_beverage" }, "geometry": { "type": "Point", "coordinates": [ 233704.157956696872134, 892861.937374060507864 ] } },
{ "type": "Feature", "properties": { "category": "food_beverage" }, "geometry": { "type": "Point", "coordinates": [ 230136.415682016551727, 903747.308050707681105 ] } },
{ "type": "Feature", "properties": { "category": "food_beverage" }, "geometry": { "type": "Point", "coordinates": [ 234473.150608606694732, 906055.147281170589849 ] } },
{ "type": "Feature", "properties": { "category": "food_beverage" }, "geometry": { "type": "Point", "coordinates": [ 234515.96065206109779, 900003.798635213053785 ] } },
{ "type": "Feature", "properties": { "category": "food_beverage" }, "geometry": { "type": "Point", "coordinates": [ 228575.740670459577814, 888632.140061327838339 ] } },
{ "type": "Feature", "properties": { "category": "food_beverage" }, "geometry": { "type": "Point", "coordinates": [ 238236.216405065613799, 898459.076991046662442 ] } },
{ "type": "Feature", "properties": { "category": "food_beverage" }, "geometry": { "type": "Point", "coordinates": [ 231859.11233581250417, 902797.414777330355719 ] } },
{ "type": "Feature", "properties": { "category": "food_beverage" }, "geometry": { "type": "Point", "coordinates": [ 234820.661173770320602, 900168.475185837130994 ] } },
{ "type": "Feature", "properties": { "category": "food_beverage" }, "geometry": { "type": "Point", "coordinates": [ 238390.581620515615214, 892311.018679791130126 ] } },
{ "type": "Feature", "properties": { "category": "food_beverage" }, "geometry": { "type": "Point", "coordinates": [ 233034.009773815399967, 899709.318367424537428 ] } },
{ "type": "Feature", "properties": { "category": "food_beverage" }, "geometry": { "type": "Point", "coordinates": [ 235215.798264455195749, 899332.806046166457236 ] } },
{ "type": "Feature", "properties": { "category": "food_beverage" }, "geometry": { "type": "Point", "coordinates": [ 233872.288677418022417, 899339.421015802072361 ] } },
{ "type": "Feature", "properties": { "category": "food_beverage" }, "geometry": { "type": "Point", "coordinates": [ 238372.647079230984673, 899704.893371089361608 ] } },
{ "type": "Feature", "properties": { "category": "food_beverage" }, "geometry": { "type": "Point", "coordinates": [ 232047.230874834320275, 902182.11949108412955 ] } },
{ "type": "Feature", "properties": { "category": "food_beverage" }, "geometry": { "type": "Point", "coordinates": [ 241444.509953577304259, 888988.497995047247969 ] } },
{ "type": "Feature", "properties": { "category": "food_beverage" }, "geometry": { "type": "Point", "coordinates": [ 234814.050506638042862, 901868.381763683166355 ] } },
{ "type": "Feature", "properties": { "category": "food_beverage" }, "geometry": { "type": "Point", "coordinates": [ 237400.687030264904024, 909367.98084319406189 ] } },
{ "type": "Feature", "properties": { "category": "food_beverage" }, "geometry": { "type": "Point", "coordinates": [ 236657.108814198843902, 892592.237944160704501 ] } },
{ "type": "Feature", "properties": { "category": "food_beverage" }, "geometry": { "type": "Point", "coordinates": [ 235228.650174687674735, 899941.576969373854809 ] } },
{ "type": "Feature", "properties": { "category": "food_beverage" }, "geometry": { "type": "Point", "coordinates": [ 232303.652613249432761, 904490.059910673182458 ] } },
{ "type": "Feature", "properties": { "category": "food_beverage" }, "geometry": { "type": "Point", "coordinates": [ 236503.811543114832602, 900191.456728545366786 ] } },
{ "type": "Feature", "properties": { "category": "food_beverage" }, "geometry": { "type": "Point", "coordinates": [ 232527.82669793322566, 905263.203450893633999 ] } },
{ "type": "Feature", "properties": { "category": "food_beverage" }, "geometry": { "type": "Point", "coordinates": [ 232056.839599539642222, 902170.277965012122877 ] } },
{ "type": "Feature", "properties": { "category": "food_beverage" }, "geometry": { "type": "Point", "coordinates": [ 237587.426583101012511, 900300.027395932818763 ] } },
{ "type": "Feature", "properties": { "category": "food_beverage" }, "geometry": { "type": "Point", "coordinates": [ 236630.988404941628687, 900324.8567947645206 ] } },
{ "type": "Feature", "properties": { "category": "food_beverage" }, "geometry": { "type": "Point", "coordinates": [ 236098.879031985416077, 903088.843090189038776 ] } },
{ "type": "Feature", "properties": { "category": "food_beverage" }, "geometry": { "type": "Point", "coordinates": [ 235237.405072527937591, 896895.985037641599774 ] } },
{ "type": "Feature", "properties": { "category": "food_beverage" }, "geometry": { "type": "Point", "coordinates": [ 239990.620661628927337, 890859.16399809718132 ] } },
{ "type": "Feature", "properties": { "category": "food_beverage" }, "geometry": { "type": "Point", "coordinates": [ 241114.943107744766166, 888841.499768255744129 ] } },
{ "type": "Feature", "properties": { "category": "food_beverage" }, "geometry": { "type": "Point", "coordinates": [ 235130.463737986458, 899935.975884847226553 ] } },
{ "type": "Feature", "properties": { "category": "food_beverage" }, "geometry": { "type": "Point", "coordinates": [ 230434.295523389650043, 900300.619728742400184 ] } },
{ "type": "Feature", "properties": { "category": "food_beverage" }, "geometry": { "type": "Point", "coordinates": [ 230316.055335032113362, 900245.791694859508425 ] } },
{ "type": "Feature", "properties": { "category": "food_beverage" }, "geometry": { "type": "Point", "coordinates": [ 245993.242731966427527, 912250.60755889758002 ] } },
{ "type": "Feature", "properties": { "category": "food_beverage" }, "geometry": { "type": "Point", "coordinates": [ 224509.393127357878257, 901131.753819128498435 ] } },
{ "type": "Feature", "properties": { "category": "food_beverage" }, "geometry": { "type": "Point", "coordinates": [ 231357.327642707037739, 902696.297386270598508 ] } },
{ "type": "Feature", "properties": { "category": "food_beverage" }, "geometry": { "type": "Point", "coordinates": [ 234995.205206754966639, 904162.609945108182728 ] } },
{ "type": "Feature", "properties": { "category": "food_beverage" }, "geometry": { "type": "Point", "coordinates": [ 237874.365789869101718, 902185.013402600539848 ] } },
{ "type": "Feature", "properties": { "category": "food_beverage" }, "geometry": { "type": "Point", "coordinates": [ 237466.268364170246059, 908658.750358803430572 ] } },
{ "type": "Feature", "properties": { "category": "food_beverage" }, "geometry": { "type": "Point", "coordinates": [ 236175.043625148071442, 900212.194424009532668 ] } },
{ "type": "Feature", "properties": { "category": "food_beverage" }, "geometry": { "type": "Point", "coordinates": [ 234024.744119233306265, 895402.691051672678441 ] } },
{ "type": "Feature", "properties": { "category": "food_beverage" }, "geometry": { "type": "Point", "coordinates": [ 228639.788348331319867, 907261.90780177724082 ] } },
{ "type": "Feature", "properties": { "category": "food_beverage" }, "geometry": { "type": "Point", "coordinates": [ 238856.525588809367036, 903243.181903839344159 ] } },
{ "type": "Feature", "properties": { "category": "food_beverage" }, "geometry": { "type": "Point", "coordinates": [ 238798.767433021974284, 903262.856854707468301 ] } },
{ "type": "Feature", "properties": { "category": "food_beverage" }, "geometry": { "type": "Point", "coordinates": [ 237992.375254022481386, 899949.865075555979274 ] } },
{ "type": "Feature", "properties": { "category": "food_beverage" }, "geometry": { "type": "Point", "coordinates": [ 234376.041342100827023, 899467.717891207314096 ] } },
{ "type": "Feature", "properties": { "category": "food_beverage" }, "geometry": { "type": "Point", "coordinates": [ 236808.19514953752514, 901695.933104528812692 ] } },
{ "type": "Feature", "properties": { "category": "food_beverage" }, "geometry": { "type": "Point", "coordinates": [ 234852.960339938930701, 894814.707491268753074 ] } },
{ "type": "Feature", "properties": { "category": "food_beverage" }, "geometry": { "type": "Point", "coordinates": [ 235049.610898547165561, 899511.143768830108456 ] } },
{ "type": "Feature", "properties": { "category": "food_beverage" }, "geometry": { "type": "Point", "coordinates": [ 225909.353087999857962, 901824.457966429414228 ] } },
{ "type": "Feature", "properties": { "category": "food_beverage" }, "geometry": { "type": "Point", "coordinates": [ 226540.133552020532079, 887277.388032418559305 ] } },
{ "type": "Feature", "properties": { "category": "food_beverage" }, "geometry": { "type": "Point", "coordinates": [ 239048.368384171044454, 891290.402344392146915 ] } },
{ "type": "Feature", "properties": { "category": "food_beverage" }, "geometry": { "type": "Point", "coordinates": [ 238277.133524223521817, 902565.752440964104608 ] } },
{ "type": "Feature", "properties": { "category": "food_beverage" }, "geometry": { "type": "Point", "coordinates": [ 226632.43394063677988, 886770.680623666499741 ] } },
{ "type": "Feature", "properties": { "category": "food_beverage" }, "geometry": { "type": "Point", "coordinates": [ 231755.958634096779861, 900108.30526376189664 ] } },
{ "type": "Feature", "properties": { "category": "food_beverage" }, "geometry": { "type": "Point", "coordinates": [ 236461.065285033342661, 895516.647437733132392 ] } },
{ "type": "Feature", "properties": { "category": "food_beverage" }, "geometry": { "type": "Point", "coordinates": [ 234750.22366061800858, 904596.267347248154692 ] } },
{ "type": "Feature", "properties": { "category": "food_beverage" }, "geometry": { "type": "Point", "coordinates": [ 228836.838243121484993, 894694.495662346016616 ] } },
{ "type": "Feature", "properties": { "category": "food_beverage" }, "geometry": { "type": "Point", "coordinates": [ 235701.582511126674945, 901257.684065216220915 ] } },
{ "type": "Feature", "properties": { "category": "food_beverage" }, "geometry": { "type": "Point", "coordinates": [ 236401.092959060741123, 901936.074162927572615 ] } },
{ "type": "Feature", "properties": { "category": "food_beverage" }, "geometry": { "type": "Point", "coordinates": [ 231367.298056023893878, 898173.145867318497039 ] } },
{ "type": "Feature", "properties": { "category": "food_beverage" }, "geometry": { "type": "Point", "coordinates": [ 238953.052100884029642, 903361.126976125640795 ] } },
{ "type": "Feature", "properties": { "category": "food_beverage" }, "geometry": { "type": "Point", "coordinates": [ 231406.014193353272276, 904443.667575242230669 ] } },
{ "type": "Feature", "properties": { "category": "food_beverage" }, "geometry": { "type": "Point", "coordinates": [ 231136.432801275601378, 900205.391890109051019 ] } },
{ "type": "Feature", "properties": { "category": "food_beverage" }, "geometry": { "type": "Point", "coordinates": [ 233181.514327122626128, 899200.277965323184617 ] } },
{ "type": "Feature", "properties": { "category": "food_beverage" }, "geometry": { "type": "Point", "coordinates": [ 220824.89770855079405, 899682.641282507451251 ] } },
{ "type": "Feature", "properties": { "category": "food_beverage" }, "geometry": { "type": "Point", "coordinates": [ 232501.671506029728334, 898580.288159312331118 ] } },
{ "type": "Feature", "properties": { "category": "food_beverage" }, "geometry": { "type": "Point", "coordinates": [ 239099.932283094327431, 905187.862911050906405 ] } },
{ "type": "Feature", "properties": { "category": "food_beverage" }, "geometry": { "type": "Point", "coordinates": [ 232478.303069815447088, 899767.265640606638044 ] } },
{ "type": "Feature", "properties": { "category": "food_beverage" }, "geometry": { "type": "Point", "coordinates": [ 233888.731694335321663, 899671.844758181367069 ] } },
{ "type": "Feature", "properties": { "category": "food_beverage" }, "geometry": { "type": "Point", "coordinates": [ 233592.332875492342282, 908128.95191285177134 ] } },
{ "type": "Feature", "properties": { "category": "food_beverage" }, "geometry": { "type": "Point", "coordinates": [ 231182.570613313291688, 902470.252927079447545 ] } },
{ "type": "Feature", "properties": { "category": "food_beverage" }, "geometry": { "type": "Point", "coordinates": [ 235033.059824295836734, 908803.362224105163477 ] } },
{ "type": "Feature", "properties": { "category": "food_beverage" }, "geometry": { "type": "Point", "coordinates": [ 221829.480558501702035, 906041.556427725357935 ] } },
{ "type": "Feature", "properties": { "category": "food_beverage" }, "geometry": { "type": "Point", "coordinates": [ 235779.926751943479758, 900286.593279936467297 ] } },
{ "type": "Feature", "properties": { "category": "food_beverage" }, "geometry": { "type": "Point", "coordinates": [ 235130.463737986458, 899935.975884847226553 ] } },
{ "type": "Feature", "properties": { "category": "food_beverage" }, "geometry": { "type": "Point", "coordinates": [ 231405.319229383690981, 898093.117874926305376 ] } },
{ "type": "Feature", "properties": { "category": "food_beverage" }, "geometry": { "type": "Point", "coordinates": [ 232958.629349546798039, 902621.985002431087196 ] } },
{ "type": "Feature", "properties": { "category": "food_beverage" }, "geometry": { "type": "Point", "coordinates": [ 231300.872101662214845, 903739.737754470203072 ] } },
{ "type": "Feature", "properties": { "category": "food_beverage" }, "geometry": { "type": "Point", "coordinates": [ 247030.034377611678792, 913476.384783933172002 ] } },
{ "type": "Feature", "properties": { "category": "food_beverage" }, "geometry": { "type": "Point", "coordinates": [ 237448.539231807866599, 908434.162910552462563 ] } },
{ "type": "Feature", "properties": { "category": "food_beverage" }, "geometry": { "type": "Point", "coordinates": [ 234408.347948620008538, 901536.14759046328254 ] } },
{ "type": "Feature", "properties": { "category": "food_beverage" }, "geometry": { "type": "Point", "coordinates": [ 238798.767433021974284, 903262.856854707468301 ] } },
{ "type": "Feature", "properties": { "category": "food_beverage" }, "geometry": { "type": "Point", "coordinates": [ 232507.941822563501773, 901606.74095187918283 ] } },
{ "type": "Feature", "properties": { "category": "food_beverage" }, "geometry": { "type": "Point", "coordinates": [ 233128.331397285830462, 899382.083270713104866 ] } },
{ "type": "Feature", "properties": { "category": "food_beverage" }, "geometry": { "type": "Point", "coordinates": [ 234154.84442557557486, 901475.150660910294391 ] } },
{ "type": "Feature", "properties": { "category": "food_beverage" }, "geometry": { "type": "Point", "coordinates": [ 236407.38725536383572, 901706.952013799571432 ] } },
{ "type": "Feature", "properties": { "category": "food_beverage" }, "geometry": { "type": "Point", "coordinates": [ 236270.7722319153836, 901044.218759360839613 ] } },
{ "type": "Feature", "properties": { "category": "food_beverage" }, "geometry": { "type": "Point", "coordinates": [ 236575.483320238941815, 901775.916130633442663 ] } },
{ "type": "Feature", "properties": { "category": "food_beverage" }, "geometry": { "type": "Point", "coordinates": [ 238337.365625831385842, 904492.745469251065515 ] } },
{ "type": "Feature", "properties": { "category": "food_beverage" }, "geometry": { "type": "Point", "coordinates": [ 239931.205249362596078, 906253.5729245825205 ] } },
{ "type": "Feature", "properties": { "category": "food_beverage" }, "geometry": { "type": "Point", "coordinates": [ 236087.410204973188229, 900414.683459113584831 ] } },
{ "type": "Feature", "properties": { "category": "food_beverage" }, "geometry": { "type": "Point", "coordinates": [ 235020.376929978636326, 907947.65092247154098 ] } },
{ "type": "Feature", "properties": { "category": "food_beverage" }, "geometry": { "type": "Point", "coordinates": [ 247081.242047976527829, 913063.724823443917558 ] } },
{ "type": "Feature", "properties": { "category": "food_beverage" }, "geometry": { "type": "Point", "coordinates": [ 236543.477527766488492, 899233.83769503084477 ] } },
{ "type": "Feature", "properties": { "category": "food_beverage" }, "geometry": { "type": "Point", "coordinates": [ 238730.284604761458468, 910373.694939998327754 ] } },
{ "type": "Feature", "properties": { "category": "food_beverage" }, "geometry": { "type": "Point", "coordinates": [ 234140.277511105494341, 899233.749865617719479 ] } },
{ "type": "Feature", "properties": { "category": "food_beverage" }, "geometry": { "type": "Point", "coordinates": [ 235374.496333779563429, 901200.268488975358196 ] } },
{ "type": "Feature", "properties": { "category": "food_beverage" }, "geometry": { "type": "Point", "coordinates": [ 227985.198997957253596, 902239.075777553254738 ] } },
{ "type": "Feature", "properties": { "category": "food_beverage" }, "geometry": { "type": "Point", "coordinates": [ 234465.384846483357251, 900034.541140286484733 ] } },
{ "type": "Feature", "properties": { "category": "food_beverage" }, "geometry": { "type": "Point", "coordinates": [ 234886.091086026193807, 900099.931381580652669 ] } },
{ "type": "Feature", "properties": { "category": "food_beverage" }, "geometry": { "type": "Point", "coordinates": [ 231038.825886070640991, 905195.148790864273906 ] } },
{ "type": "Feature", "properties": { "category": "food_beverage" }, "geometry": { "type": "Point", "coordinates": [ 235130.463737986458, 899935.975884847226553 ] } },
{ "type": "Feature", "properties": { "category": "food_beverage" }, "geometry": { "type": "Point", "coordinates": [ 228836.838243121484993, 894694.495662346016616 ] } },
{ "type": "Feature", "properties": { "category": "food_beverage" }, "geometry": { "type": "Point", "coordinates": [ 230269.45343595452141, 907900.564231612719595 ] } },
{ "type": "Feature", "properties": { "category": "food_beverage" }, "geometry": { "type": "Point", "coordinates": [ 233982.78407608467387, 901453.10044851351995 ] } },
{ "type": "Feature", "properties": { "category": "food_beverage" }, "geometry": { "type": "Point", "coordinates": [ 236210.884282582323067, 896452.512431165901944 ] } },
{ "type": "Feature", "properties": { "category": "food_beverage" }, "geometry": { "type": "Point", "coordinates": [ 241133.188148660061415, 888797.953450782224536 ] } },
{ "type": "Feature", "properties": { "category": "food_beverage" }, "geometry": { "type": "Point", "coordinates": [ 225383.759418617206393, 897781.217337102163583 ] } },
{ "type": "Feature", "properties": { "category": "food_beverage" }, "geometry": { "type": "Point", "coordinates": [ 221595.826977206917945, 901978.60180184757337 ] } },
{ "type": "Feature", "properties": { "category": "food_beverage" }, "geometry": { "type": "Point", "coordinates": [ 235126.074729958869284, 895932.27815706236288 ] } },
{ "type": "Feature", "properties": { "category": "food_beverage" }, "geometry": { "type": "Point", "coordinates": [ 241526.527116854238557, 906473.545399980503134 ] } },
{ "type": "Feature", "properties": { "category": "food_beverage" }, "geometry": { "type": "Point", "coordinates": [ 232507.941822563501773, 901606.74095187918283 ] } },
{ "type": "Feature", "properties": { "category": "food_beverage" }, "geometry": { "type": "Point", "coordinates": [ 239985.686131372611271, 890885.461065215291455 ] } },
{ "type": "Feature", "properties": { "category": "food_beverage" }, "geometry": { "type": "Point", "coordinates": [ 236655.798820594325662, 901491.418626217753626 ] } },
{ "type": "Feature", "properties": { "category": "food_beverage" }, "geometry": { "type": "Point", "coordinates": [ 231778.835697274684208, 895775.397840083227493 ] } },
{ "type": "Feature", "properties": { "category": "food_beverage" }, "geometry": { "type": "Point", "coordinates": [ 227479.355800866760546, 898917.416800795122981 ] } },
{ "type": "Feature", "properties": { "category": "food_beverage" }, "geometry": { "type": "Point", "coordinates": [ 234637.814417566987686, 897630.558624294004403 ] } },
{ "type": "Feature", "properties": { "category": "food_beverage" }, "geometry": { "type": "Point", "coordinates": [ 230974.546306056930916, 899024.811132937436923 ] } },
{ "type": "Feature", "properties": { "category": "food_beverage" }, "geometry": { "type": "Point", "coordinates": [ 239782.736983925336972, 915692.495107324793935 ] } },
{ "type": "Feature", "properties": { "category": "food_beverage" }, "geometry": { "type": "Point", "coordinates": [ 230388.002176636480726, 900355.513899146113545 ] } },
{ "type": "Feature", "properties": { "category": "food_beverage" }, "geometry": { "type": "Point", "coordinates": [ 231896.343733483779943, 905552.555402031866834 ] } },
{ "type": "Feature", "properties": { "category": "food_beverage" }, "geometry": { "type": "Point", "coordinates": [ 238405.15466680645477, 905015.743712051887996 ] } },
{ "type": "Feature", "properties": { "category": "food_beverage" }, "geometry": { "type": "Point", "coordinates": [ 239161.572579890489578, 914231.604614369687624 ] } },
{ "type": "Feature", "properties": { "category": "food_beverage" }, "geometry": { "type": "Point", "coordinates": [ 233697.833514388330514, 902536.962456235894933 ] } },
{ "type": "Feature", "properties": { "category": "food_beverage" }, "geometry": { "type": "Point", "coordinates": [ 227418.136585160158575, 890560.911155071458779 ] } },
{ "type": "Feature", "properties": { "category": "food_beverage" }, "geometry": { "type": "Point", "coordinates": [ 236101.033704927220242, 900970.25518118403852 ] } },
{ "type": "Feature", "properties": { "category": "food_beverage" }, "geometry": { "type": "Point", "coordinates": [ 240580.724156432435848, 906808.363999239751138 ] } },
{ "type": "Feature", "properties": { "category": "food_beverage" }, "geometry": { "type": "Point", "coordinates": [ 236381.086667677795049, 894449.783607302233577 ] } },
{ "type": "Feature", "properties": { "category": "food_beverage" }, "geometry": { "type": "Point", "coordinates": [ 238032.766172335366718, 899931.422421754687093 ] } },
{ "type": "Feature", "properties": { "category": "food_beverage" }, "geometry": { "type": "Point", "coordinates": [ 238032.766172335366718, 899931.422421754687093 ] } },
{ "type": "Feature", "properties": { "category": "food_beverage" }, "geometry": { "type": "Point", "coordinates": [ 230995.983511605241802, 897863.370722251711413 ] } },
{ "type": "Feature", "properties": { "category": "food_beverage" }, "geometry": { "type": "Point", "coordinates": [ 237881.061767278850311, 902730.44580907584168 ] } },
{ "type": "Feature", "properties": { "category": "food_beverage" }, "geometry": { "type": "Point", "coordinates": [ 235437.097181560413446, 900858.796440605423413 ] } },
{ "type": "Feature", "properties": { "category": "food_beverage" }, "geometry": { "type": "Point", "coordinates": [ 237542.700467695627594, 899757.949318201979622 ] } },
{ "type": "Feature", "properties": { "category": "food_beverage" }, "geometry": { "type": "Point", "coordinates": [ 233226.908965957030887, 907993.806046943878755 ] } },
{ "type": "Feature", "properties": { "category": "food_beverage" }, "geometry": { "type": "Point", "coordinates": [ 236692.203427590080537, 902848.877004212467 ] } },
{ "type": "Feature", "properties": { "category": "food_beverage" }, "geometry": { "type": "Point", "coordinates": [ 236659.974337395484326, 901480.554732227348723 ] } },
{ "type": "Feature", "properties": { "category": "food_beverage" }, "geometry": { "type": "Point", "coordinates": [ 235382.885164989973418, 899697.64723079057876 ] } },
{ "type": "Feature", "properties": { "category": "food_beverage" }, "geometry": { "type": "Point", "coordinates": [ 234380.621599761943799, 897688.722491273423657 ] } },
{ "type": "Feature", "properties": { "category": "food_beverage" }, "geometry": { "type": "Point", "coordinates": [ 235289.063810805237154, 900249.677033745800145 ] } },
{ "type": "Feature", "properties": { "category": "food_beverage" }, "geometry": { "type": "Point", "coordinates": [ 245507.873878916492686, 912795.964264091686346 ] } },
{ "type": "Feature", "properties": { "category": "food_beverage" }, "geometry": { "type": "Point", "coordinates": [ 226599.102945624326821, 887508.646066989982501 ] } },
{ "type": "Feature", "properties": { "category": "food_beverage" }, "geometry": { "type": "Point", "coordinates": [ 233756.674124431912787, 892866.521152290399186 ] } },
{ "type": "Feature", "properties": { "category": "food_beverage" }, "geometry": { "type": "Point", "coordinates": [ 236323.582857141154818, 900294.380835402407683 ] } },
{ "type": "Feature", "properties": { "category": "food_beverage" }, "geometry": { "type": "Point", "coordinates": [ 233876.92417732643662, 906763.819248521700501 ] } },
{ "type": "Feature", "properties": { "category": "food_beverage" }, "geometry": { "type": "Point", "coordinates": [ 236214.011669046827592, 900148.858493048581295 ] } },
{ "type": "Feature", "properties": { "category": "food_beverage" }, "geometry": { "type": "Point", "coordinates": [ 232722.470978801487945, 901707.484925300814211 ] } },
{ "type": "Feature", "properties": { "category": "food_beverage" }, "geometry": { "type": "Point", "coordinates": [ 231783.5454588328721, 894915.685793896205723 ] } },
{ "type": "Feature", "properties": { "category": "food_beverage" }, "geometry": { "type": "Point", "coordinates": [ 232555.53926112697809, 901770.023966037551872 ] } },
{ "type": "Feature", "properties": { "category": "food_beverage" }, "geometry": { "type": "Point", "coordinates": [ 237448.363891320128459, 898410.848759643384255 ] } },
{ "type": "Feature", "properties": { "category": "food_beverage" }, "geometry": { "type": "Point", "coordinates": [ 231105.308200531610055, 902545.665722912177444 ] } },
{ "type": "Feature", "properties": { "category": "food_beverage" }, "geometry": { "type": "Point", "coordinates": [ 236116.561129473440815, 901635.693820144049823 ] } },
{ "type": "Feature", "properties": { "category": "food_beverage" }, "geometry": { "type": "Point", "coordinates": [ 237382.945325833483366, 906827.598641951568425 ] } },
{ "type": "Feature", "properties": { "category": "food_beverage" }, "geometry": { "type": "Point", "coordinates": [ 240859.372258225950645, 905900.902660549152642 ] } },
{ "type": "Feature", "properties": { "category": "food_beverage" }, "geometry": { "type": "Point", "coordinates": [ 234826.7474324091163, 899871.372004032251425 ] } },
{ "type": "Feature", "properties": { "category": "food_beverage" }, "geometry": { "type": "Point", "coordinates": [ 236780.39217223614105, 901656.910060684429482 ] } },
{ "type": "Feature", "properties": { "category": "food_beverage" }, "geometry": { "type": "Point", "coordinates": [ 236098.879031985416077, 903088.843090189038776 ] } },
{ "type": "Feature", "properties": { "category": "food_beverage" }, "geometry": { "type": "Point", "coordinates": [ 232509.450981288333423, 898252.423764994367957 ] } },
{ "type": "Feature", "properties": { "category": "food_beverage" }, "geometry": { "type": "Point", "coordinates": [ 235126.074729958869284, 895932.27815706236288 ] } },
{ "type": "Feature", "properties": { "category": "food_beverage" }, "geometry": { "type": "Point", "coordinates": [ 228183.757373215485131, 892212.297984011936933 ] } },
{ "type": "Feature", "properties": { "category": "food_beverage" }, "geometry": { "type": "Point", "coordinates": [ 227703.64345019654138, 899947.09483949537389 ] } },
{ "type": "Feature", "properties": { "category": "food_beverage" }, "geometry": { "type": "Point", "coordinates": [ 235063.673755611700471, 899879.992314856965095 ] } },
{ "type": "Feature", "properties": { "category": "food_beverage" }, "geometry": { "type": "Point", "coordinates": [ 233227.435719791508745, 899857.74139982345514 ] } },
{ "type": "Feature", "properties": { "category": "food_beverage" }, "geometry": { "type": "Point", "coordinates": [ 236194.4270034727233, 900591.959096248261631 ] } },
{ "type": "Feature", "properties": { "category": "food_beverage" }, "geometry": { "type": "Point", "coordinates": [ 234154.84442557557486, 901475.150660910294391 ] } },
{ "type": "Feature", "properties": { "category": "food_beverage" }, "geometry": { "type": "Point", "coordinates": [ 237191.422427840792807, 900477.755981235299259 ] } },
{ "type": "Feature", "properties": { "category": "food_beverage" }, "geometry": { "type": "Point", "coordinates": [ 240751.768838885589503, 904057.023953943629749 ] } },
{ "type": "Feature", "properties": { "category": "food_beverage" }, "geometry": { "type": "Point", "coordinates": [ 240241.966058604215505, 910804.197144455974922 ] } },
{ "type": "Feature", "properties": { "category": "food_beverage" }, "geometry": { "type": "Point", "coordinates": [ 241027.06831752078142, 907436.560863343533128 ] } },
{ "type": "Feature", "properties": { "category": "food_beverage" }, "geometry": { "type": "Point", "coordinates": [ 221664.193981981166871, 891598.725170126883313 ] } },
{ "type": "Feature", "properties": { "category": "food_beverage" }, "geometry": { "type": "Point", "coordinates": [ 236502.483292015996994, 900605.771145584643818 ] } },
{ "type": "Feature", "properties": { "category": "food_beverage" }, "geometry": { "type": "Point", "coordinates": [ 227515.794646330672549, 901543.762949911528267 ] } },
{ "type": "Feature", "properties": { "category": "food_beverage" }, "geometry": { "type": "Point", "coordinates": [ 236107.183610987791326, 901777.381611859076656 ] } },
{ "type": "Feature", "properties": { "category": "food_beverage" }, "geometry": { "type": "Point", "coordinates": [ 232328.515643257735064, 898797.867825986235403 ] } },
{ "type": "Feature", "properties": { "category": "food_beverage" }, "geometry": { "type": "Point", "coordinates": [ 231136.014101013890468, 899239.79289990873076 ] } },
{ "type": "Feature", "properties": { "category": "food_beverage" }, "geometry": { "type": "Point", "coordinates": [ 233044.670180618035374, 890595.745937982341275 ] } },
{ "type": "Feature", "properties": { "category": "food_beverage" }, "geometry": { "type": "Point", "coordinates": [ 235611.122312750783749, 898803.957438137033023 ] } },
{ "type": "Feature", "properties": { "category": "food_beverage" }, "geometry": { "type": "Point", "coordinates": [ 233970.378656953544123, 899656.68804540054407 ] } },
{ "type": "Feature", "properties": { "category": "food_beverage" }, "geometry": { "type": "Point", "coordinates": [ 239214.53482275310671, 891568.351106466958299 ] } },
{ "type": "Feature", "properties": { "category": "food_beverage" }, "geometry": { "type": "Point", "coordinates": [ 235972.040134608687367, 912807.010362318833359 ] } },
{ "type": "Feature", "properties": { "category": "food_beverage" }, "geometry": { "type": "Point", "coordinates": [ 235145.045747100957669, 908477.013878309633583 ] } },
{ "type": "Feature", "properties": { "category": "food_beverage" }, "geometry": { "type": "Point", "coordinates": [ 225849.902747533400543, 901572.203783781151287 ] } },
{ "type": "Feature", "properties": { "category": "food_beverage" }, "geometry": { "type": "Point", "coordinates": [ 234702.063569811201887, 897655.312498183222488 ] } },
{ "type": "Feature", "properties": { "category": "food_beverage" }, "geometry": { "type": "Point", "coordinates": [ 236671.310217952268431, 901186.811722412821837 ] } },
{ "type": "Feature", "properties": { "category": "food_beverage" }, "geometry": { "type": "Point", "coordinates": [ 238286.451271889352938, 897981.604929796769284 ] } },
{ "type": "Feature", "properties": { "category": "food_beverage" }, "geometry": { "type": "Point", "coordinates": [ 234426.653201937384438, 896535.74402610945981 ] } },
{ "type": "Feature", "properties": { "category": "food_beverage" }, "geometry": { "type": "Point", "coordinates": [ 225829.15866124042077, 900604.642322454368696 ] } },
{ "type": "Feature", "properties": { "category": "food_beverage" }, "geometry": { "type": "Point", "coordinates": [ 234891.820310833165422, 898597.1890501040034 ] } },
{ "type": "Feature", "properties": { "category": "food_beverage" }, "geometry": { "type": "Point", "coordinates": [ 233574.534574287332362, 904656.084976679179817 ] } },
{ "type": "Feature", "properties": { "category": "food_beverage" }, "geometry": { "type": "Point", "coordinates": [ 230391.517757808003807, 906205.467881671502255 ] } },
{ "type": "Feature", "properties": { "category": "food_beverage" }, "geometry": { "type": "Point", "coordinates": [ 233592.332875492342282, 908128.95191285177134 ] } },
{ "type": "Feature", "properties": { "category": "food_beverage" }, "geometry": { "type": "Point", "coordinates": [ 237726.837682005832903, 898702.473045692546293 ] } },
{ "type": "Feature", "properties": { "category": "food_beverage" }, "geometry": { "type": "Point", "coordinates": [ 240676.68465052076499, 889663.693937632255256 ] } },
{ "type": "Feature", "properties": { "category": "food_beverage" }, "geometry": { "type": "Point", "coordinates": [ 236718.259266179724364, 901566.611582563607953 ] } },
{ "type": "Feature", "properties": { "category": "food_beverage" }, "geometry": { "type": "Point", "coordinates": [ 231361.456588739500148, 903855.973935468122363 ] } },
{ "type": "Feature", "properties": { "category": "food_beverage" }, "geometry": { "type": "Point", "coordinates": [ 237807.842697106301785, 905437.936340694199316 ] } },
{ "type": "Feature", "properties": { "category": "food_beverage" }, "geometry": { "type": "Point", "coordinates": [ 221571.532590574148344, 901816.131899074767716 ] } },
{ "type": "Feature", "properties": { "category": "food_beverage" }, "geometry": { "type": "Point", "coordinates": [ 233828.012132502626628, 902784.515380214666948 ] } },
{ "type": "Feature", "properties": { "category": "food_beverage" }, "geometry": { "type": "Point", "coordinates": [ 233320.477581828279654, 902598.810405901866034 ] } },
{ "type": "Feature", "properties": { "category": "food_beverage" }, "geometry": { "type": "Point", "coordinates": [ 232391.15065576339839, 903228.83249714889098 ] } },
{ "type": "Feature", "properties": { "category": "food_beverage" }, "geometry": { "type": "Point", "coordinates": [ 232916.486610600113636, 897409.242158881155774 ] } },
{ "type": "Feature", "properties": { "category": "food_beverage" }, "geometry": { "type": "Point", "coordinates": [ 234399.384147562552243, 899715.424424112192355 ] } },
{ "type": "Feature", "properties": { "category": "food_beverage" }, "geometry": { "type": "Point", "coordinates": [ 229852.757798977778293, 900482.180864689522423 ] } },
{ "type": "Feature", "properties": { "category": "food_beverage" }, "geometry": { "type": "Point", "coordinates": [ 244846.129794395412318, 914699.20368246815633 ] } },
{ "type": "Feature", "properties": { "category": "food_beverage" }, "geometry": { "type": "Point", "coordinates": [ 236038.9763771557773, 900621.373384380247444 ] } },
{ "type": "Feature", "properties": { "category": "food_beverage" }, "geometry": { "type": "Point", "coordinates": [ 236394.239926378591917, 900444.146431330475025 ] } },
{ "type": "Feature", "properties": { "category": "food_beverage" }, "geometry": { "type": "Point", "coordinates": [ 225727.895525779022137, 900765.110949628753588 ] } },
{ "type": "Feature", "properties": { "category": "food_beverage" }, "geometry": { "type": "Point", "coordinates": [ 238788.693841391243041, 891959.312459405977279 ] } },
{ "type": "Feature", "properties": { "category": "food_beverage" }, "geometry": { "type": "Point", "coordinates": [ 240335.054405189439422, 908305.529769945656881 ] } },
{ "type": "Feature", "properties": { "category": "food_beverage" }, "geometry": { "type": "Point", "coordinates": [ 232971.83923922968097, 899384.790785224642605 ] } },
{ "type": "Feature", "properties": { "category": "food_beverage" }, "geometry": { "type": "Point", "coordinates": [ 230581.946409246389521, 900279.822743068216369 ] } },
{ "type": "Feature", "properties": { "category": "food_beverage" }, "geometry": { "type": "Point", "coordinates": [ 228744.342851432273164, 902730.217533432994969 ] } },
{ "type": "Feature", "properties": { "category": "food_beverage" }, "geometry": { "type": "Point", "coordinates": [ 244431.992093665932771, 915383.945240348344669 ] } },
{ "type": "Feature", "properties": { "category": "food_beverage" }, "geometry": { "type": "Point", "coordinates": [ 227489.802070960431593, 898922.34504273510538 ] } },
{ "type": "Feature", "properties": { "category": "food_beverage" }, "geometry": { "type": "Point", "coordinates": [ 231329.371508143056417, 902519.558303343364969 ] } },
{ "type": "Feature", "properties": { "category": "food_beverage" }, "geometry": { "type": "Point", "coordinates": [ 239743.23100787657313, 915294.264142752625048 ] } },
{ "type": "Feature", "properties": { "category": "food_beverage" }, "geometry": { "type": "Point", "coordinates": [ 236541.255405546689872, 901071.390321751357988 ] } },
{ "type": "Feature", "properties": { "category": "food_beverage" }, "geometry": { "type": "Point", "coordinates": [ 240890.758269995625596, 888749.888985100900754 ] } },
{ "type": "Feature", "properties": { "category": "food_beverage" }, "geometry": { "type": "Point", "coordinates": [ 235538.770683595736045, 899308.661681056837551 ] } },
{ "type": "Feature", "properties": { "category": "food_beverage" }, "geometry": { "type": "Point", "coordinates": [ 229059.440904233371839, 900862.073297076160088 ] } },
{ "type": "Feature", "properties": { "category": "food_beverage" }, "geometry": { "type": "Point", "coordinates": [ 236047.804448606766528, 901662.665994558483362 ] } },
{ "type": "Feature", "properties": { "category": "food_beverage" }, "geometry": { "type": "Point", "coordinates": [ 236353.549111275322502, 900888.248404268291779 ] } },
{ "type": "Feature", "properties": { "category": "food_beverage" }, "geometry": { "type": "Point", "coordinates": [ 239070.296319648361532, 901544.751473017851822 ] } },
{ "type": "Feature", "properties": { "category": "food_beverage" }, "geometry": { "type": "Point", "coordinates": [ 231217.152492759632878, 902528.389317065360956 ] } },
{ "type": "Feature", "properties": { "category": "food_beverage" }, "geometry": { "type": "Point", "coordinates": [ 235010.310317075171042, 902337.774465806200169 ] } },
{ "type": "Feature", "properties": { "category": "food_beverage" }, "geometry": { "type": "Point", "coordinates": [ 236276.905644477228634, 900893.406213304493576 ] } },
{ "type": "Feature", "properties": { "category": "food_beverage" }, "geometry": { "type": "Point", "coordinates": [ 243137.953661801642738, 888643.450835516909137 ] } },
{ "type": "Feature", "properties": { "category": "food_beverage" }, "geometry": { "type": "Point", "coordinates": [ 232215.853728285583202, 907581.320357923861593 ] } },
{ "type": "Feature", "properties": { "category": "food_beverage" }, "geometry": { "type": "Point", "coordinates": [ 235983.842954563151579, 901268.121247313334607 ] } },
{ "type": "Feature", "properties": { "category": "food_beverage" }, "geometry": { "type": "Point", "coordinates": [ 236052.824730660009664, 901069.533734648488462 ] } },
{ "type": "Feature", "properties": { "category": "food_beverage" }, "geometry": { "type": "Point", "coordinates": [ 237434.594525897322455, 900516.036211887025274 ] } },
{ "type": "Feature", "properties": { "category": "food_beverage" }, "geometry": { "type": "Point", "coordinates": [ 225283.144857567880535, 897730.09267897112295 ] } },
{ "type": "Feature", "properties": { "category": "food_beverage" }, "geometry": { "type": "Point", "coordinates": [ 236230.007162298687035, 900562.151356493355706 ] } },
{ "type": "Feature", "properties": { "category": "food_beverage" }, "geometry": { "type": "Point", "coordinates": [ 242248.640123888966627, 889191.883082662359811 ] } },
{ "type": "Feature", "properties": { "category": "food_beverage" }, "geometry": { "type": "Point", "coordinates": [ 238209.530555977398762, 889150.136558133759536 ] } },
{ "type": "Feature", "properties": { "category": "food_beverage" }, "geometry": { "type": "Point", "coordinates": [ 230868.653450738464016, 900282.29813813813962 ] } },
{ "type": "Feature", "properties": { "category": "food_beverage" }, "geometry": { "type": "Point", "coordinates": [ 221644.605575707595563, 903390.215697262203321 ] } },
{ "type": "Feature", "properties": { "category": "food_beverage" }, "geometry": { "type": "Point", "coordinates": [ 230103.094733118836302, 903759.383788200910203 ] } },
{ "type": "Feature", "properties": { "category": "food_beverage" }, "geometry": { "type": "Point", "coordinates": [ 237452.659417237620801, 900403.721338045201264 ] } },
{ "type": "Feature", "properties": { "category": "food_beverage" }, "geometry": { "type": "Point", "coordinates": [ 235550.929828123073094, 908296.886851897579618 ] } },
{ "type": "Feature", "properties": { "category": "food_beverage" }, "geometry": { "type": "Point", "coordinates": [ 235169.806449300027452, 903334.390259232488461 ] } },
{ "type": "Feature", "properties": { "category": "food_beverage" }, "geometry": { "type": "Point", "coordinates": [ 234465.914522684004623, 899019.18203973735217 ] } },
{ "type": "Feature", "properties": { "category": "food_beverage" }, "geometry": { "type": "Point", "coordinates": [ 234399.384147562552243, 899715.424424112192355 ] } },
{ "type": "Feature", "properties": { "category": "food_beverage" }, "geometry": { "type": "Point", "coordinates": [ 229670.632587742351461, 899810.612241229042411 ] } },
{ "type": "Feature", "properties": { "category": "food_beverage" }, "geometry": { "type": "Point", "coordinates": [ 229463.648739335563732, 900716.023216252564453 ] } },
{ "type": "Feature", "properties": { "category": "food_beverage" }, "geometry": { "type": "Point", "coordinates": [ 237999.807455799542367, 900038.212375713512301 ] } },
{ "type": "Feature", "properties": { "category": "food_beverage" }, "geometry": { "type": "Point", "coordinates": [ 235761.069633069331758, 899296.793139228015207 ] } },
{ "type": "Feature", "properties": { "category": "food_beverage" }, "geometry": { "type": "Point", "coordinates": [ 239070.296319648361532, 901544.751473017851822 ] } },
{ "type": "Feature", "properties": { "category": "food_beverage" }, "geometry": { "type": "Point", "coordinates": [ 236202.111468917690217, 900059.823692427482456 ] } },
{ "type": "Feature", "properties": { "category": "food_beverage" }, "geometry": { "type": "Point", "coordinates": [ 236502.616406859218841, 901293.79035432531964 ] } },
{ "type": "Feature", "properties": { "category": "food_beverage" }, "geometry": { "type": "Point", "coordinates": [ 237059.331959157309029, 900700.547452322789468 ] } },
{ "type": "Feature", "properties": { "category": "food_beverage" }, "geometry": { "type": "Point", "coordinates": [ 235818.561759240517858, 902889.354960253229365 ] } },
{ "type": "Feature", "properties": { "category": "food_beverage" }, "geometry": { "type": "Point", "coordinates": [ 231830.673188626242336, 894340.522602070705034 ] } },
{ "type": "Feature", "properties": { "category": "food_beverage" }, "geometry": { "type": "Point", "coordinates": [ 238192.130417642067187, 898473.388513544807211 ] } },
{ "type": "Feature", "properties": { "category": "food_beverage" }, "geometry": { "type": "Point", "coordinates": [ 233600.452845419815276, 906346.165493231150322 ] } },
{ "type": "Feature", "properties": { "category": "food_beverage" }, "geometry": { "type": "Point", "coordinates": [ 231130.724602465925273, 897289.364363525761291 ] } },
{ "type": "Feature", "properties": { "category": "food_beverage" }, "geometry": { "type": "Point", "coordinates": [ 235287.101357674808241, 899327.720862920628861 ] } },
{ "type": "Feature", "properties": { "category": "food_beverage" }, "geometry": { "type": "Point", "coordinates": [ 231353.597725192521466, 902590.867508945404552 ] } },
{ "type": "Feature", "properties": { "category": "food_beverage" }, "geometry": { "type": "Point", "coordinates": [ 237973.548460079910001, 896066.820106044993736 ] } },
{ "type": "Feature", "properties": { "category": "food_beverage" }, "geometry": { "type": "Point", "coordinates": [ 236956.139848345628707, 901915.089960518991575 ] } },
{ "type": "Feature", "properties": { "category": "food_beverage" }, "geometry": { "type": "Point", "coordinates": [ 221689.639194759802194, 892442.643252397072501 ] } },
{ "type": "Feature", "properties": { "category": "food_beverage" }, "geometry": { "type": "Point", "coordinates": [ 236726.088608607533388, 900541.400115288794041 ] } },
{ "type": "Feature", "properties": { "category": "food_beverage" }, "geometry": { "type": "Point", "coordinates": [ 228398.905123908392852, 892900.056279388256371 ] } },
{ "type": "Feature", "properties": { "category": "food_beverage" }, "geometry": { "type": "Point", "coordinates": [ 236270.7722319153836, 901044.218759360839613 ] } },
{ "type": "Feature", "properties": { "category": "food_beverage" }, "geometry": { "type": "Point", "coordinates": [ 227103.628156513907015, 888376.288013638579287 ] } },
{ "type": "Feature", "properties": { "category": "food_beverage" }, "geometry": { "type": "Point", "coordinates": [ 235311.748747401783476, 899342.284762713126838 ] } },
{ "type": "Feature", "properties": { "category": "food_beverage" }, "geometry": { "type": "Point", "coordinates": [ 237673.465645164251328, 906161.674219174077734 ] } },
{ "type": "Feature", "properties": { "category": "food_beverage" }, "geometry": { "type": "Point", "coordinates": [ 236725.57999044956523, 901584.422385266399942 ] } },
{ "type": "Feature", "properties": { "category": "food_beverage" }, "geometry": { "type": "Point", "coordinates": [ 231248.433901352866087, 898845.411632095230743 ] } },
{ "type": "Feature", "properties": { "category": "food_beverage" }, "geometry": { "type": "Point", "coordinates": [ 234443.133042537578149, 904118.448522388120182 ] } },
{ "type": "Feature", "properties": { "category": "food_beverage" }, "geometry": { "type": "Point", "coordinates": [ 235033.059824295836734, 908803.362224105163477 ] } },
{ "type": "Feature", "properties": { "category": "food_beverage" }, "geometry": { "type": "Point", "coordinates": [ 220859.838528849650174, 902650.17438440641854 ] } },
{ "type": "Feature", "properties": { "category": "food_beverage" }, "geometry": { "type": "Point", "coordinates": [ 234004.663478660455439, 899552.996168351965025 ] } },
{ "type": "Feature", "properties": { "category": "food_beverage" }, "geometry": { "type": "Point", "coordinates": [ 235566.789325358928181, 899715.348271791473962 ] } },
{ "type": "Feature", "properties": { "category": "food_beverage" }, "geometry": { "type": "Point", "coordinates": [ 242342.145470419724006, 902813.012701721978374 ] } },
{ "type": "Feature", "properties": { "category": "food_beverage" }, "geometry": { "type": "Point", "coordinates": [ 231405.319229383690981, 898093.117874926305376 ] } },
{ "type": "Feature", "properties": { "category": "food_beverage" }, "geometry": { "type": "Point", "coordinates": [ 236393.163853054866195, 895143.521282854722813 ] } },
{ "type": "Feature", "properties": { "category": "food_beverage" }, "geometry": { "type": "Point", "coordinates": [ 236893.697831783501897, 900676.460532167926431 ] } },
{ "type": "Feature", "properties": { "category": "food_beverage" }, "geometry": { "type": "Point", "coordinates": [ 236694.225913860194851, 901594.255621607531793 ] } },
{ "type": "Feature", "properties": { "category": "food_beverage" }, "geometry": { "type": "Point", "coordinates": [ 239345.117157913802657, 899379.257419091300108 ] } },
{ "type": "Feature", "properties": { "category": "food_beverage" }, "geometry": { "type": "Point", "coordinates": [ 242294.490055821428541, 887631.316464355913922 ] } },
{ "type": "Feature", "properties": { "category": "food_beverage" }, "geometry": { "type": "Point", "coordinates": [ 236161.395385123323649, 899966.419634031597525 ] } },
{ "type": "Feature", "properties": { "category": "food_beverage" }, "geometry": { "type": "Point", "coordinates": [ 233023.328898302017478, 899194.201229690923356 ] } },
{ "type": "Feature", "properties": { "category": "food_beverage" }, "geometry": { "type": "Point", "coordinates": [ 234276.165566214360297, 902188.308411096921191 ] } },
{ "type": "Feature", "properties": { "category": "food_beverage" }, "geometry": { "type": "Point", "coordinates": [ 234188.744267259578919, 901432.439363662619144 ] } },
{ "type": "Feature", "properties": { "category": "food_beverage" }, "geometry": { "type": "Point", "coordinates": [ 236214.011669046827592, 900148.858493048581295 ] } },
{ "type": "Feature", "properties": { "category": "food_beverage" }, "geometry": { "type": "Point", "coordinates": [ 234102.154190563509474, 903538.842241291422397 ] } },
{ "type": "Feature", "properties": { "category": "food_beverage" }, "geometry": { "type": "Point", "coordinates": [ 234301.553763897274621, 901222.718272592988797 ] } },
{ "type": "Feature", "properties": { "category": "food_beverage" }, "geometry": { "type": "Point", "coordinates": [ 224172.187201979279052, 899917.843747573322617 ] } },
{ "type": "Feature", "properties": { "category": "food_beverage" }, "geometry": { "type": "Point", "coordinates": [ 236511.325991516874637, 901282.283463344210759 ] } },
{ "type": "Feature", "properties": { "category": "food_beverage" }, "geometry": { "type": "Point", "coordinates": [ 236208.77638197876513, 900205.481311153620481 ] } },
{ "type": "Feature", "properties": { "category": "food_beverage" }, "geometry": { "type": "Point", "coordinates": [ 229926.875329686765326, 898748.021831155172549 ] } },
{ "type": "Feature", "properties": { "category": "food_beverage" }, "geometry": { "type": "Point", "coordinates": [ 233756.674124431912787, 892866.521152290399186 ] } },
{ "type": "Feature", "properties": { "category": "food_beverage" }, "geometry": { "type": "Point", "coordinates": [ 235109.824182246054988, 898805.989727262407541 ] } },
{ "type": "Feature", "properties": { "category": "food_beverage" }, "geometry": { "type": "Point", "coordinates": [ 239808.1896169980173, 904196.015606962377205 ] } },
{ "type": "Feature", "properties": { "category": "food_beverage" }, "geometry": { "type": "Point", "coordinates": [ 245306.780915981013095, 914247.837953871465288 ] } },
{ "type": "Feature", "properties": { "category": "food_beverage" }, "geometry": { "type": "Point", "coordinates": [ 236035.290705420571612, 899331.628172159427777 ] } },
{ "type": "Feature", "properties": { "category": "food_beverage" }, "geometry": { "type": "Point", "coordinates": [ 235825.317277396272402, 901419.044091869029216 ] } },
{ "type": "Feature", "properties": { "category": "food_beverage" }, "geometry": { "type": "Point", "coordinates": [ 230501.587426898098784, 892970.617178944172338 ] } },
{ "type": "Feature", "properties": { "category": "food_beverage" }, "geometry": { "type": "Point", "coordinates": [ 240746.276967730373144, 888418.044563265633769 ] } },
{ "type": "Feature", "properties": { "category": "food_beverage" }, "geometry": { "type": "Point", "coordinates": [ 231345.728767300228355, 905018.119446322089061 ] } },
{ "type": "Feature", "properties": { "category": "food_beverage" }, "geometry": { "type": "Point", "coordinates": [ 235719.925170298170997, 902867.081313277361915 ] } },
{ "type": "Feature", "properties": { "category": "food_beverage" }, "geometry": { "type": "Point", "coordinates": [ 240296.193324000312714, 894173.66055496246554 ] } },
{ "type": "Feature", "properties": { "category": "food_beverage" }, "geometry": { "type": "Point", "coordinates": [ 228678.494752756465459, 894822.918895923998207 ] } },
{ "type": "Feature", "properties": { "category": "food_beverage" }, "geometry": { "type": "Point", "coordinates": [ 225870.754037415113999, 901591.719114142935723 ] } },
{ "type": "Feature", "properties": { "category": "food_beverage" }, "geometry": { "type": "Point", "coordinates": [ 235046.909589544142364, 898416.793091856408864 ] } },
{ "type": "Feature", "properties": { "category": "food_beverage" }, "geometry": { "type": "Point", "coordinates": [ 221888.880283710575895, 892214.889197281678207 ] } },
{ "type": "Feature", "properties": { "category": "food_beverage" }, "geometry": { "type": "Point", "coordinates": [ 245179.399494989484083, 912538.463944496470504 ] } },
{ "type": "Feature", "properties": { "category": "food_beverage" }, "geometry": { "type": "Point", "coordinates": [ 231917.302683068730403, 894511.9729671664536 ] } },
{ "type": "Feature", "properties": { "category": "food_beverage" }, "geometry": { "type": "Point", "coordinates": [ 233564.349884944705991, 901513.737188190920278 ] } },
{ "type": "Feature", "properties": { "category": "food_beverage" }, "geometry": { "type": "Point", "coordinates": [ 236042.716874944017036, 900229.398060272214934 ] } },
{ "type": "Feature", "properties": { "category": "food_beverage" }, "geometry": { "type": "Point", "coordinates": [ 227273.747880915558198, 896964.439248895738274 ] } },
{ "type": "Feature", "properties": { "category": "food_beverage" }, "geometry": { "type": "Point", "coordinates": [ 236707.318583220156142, 901610.985768972197548 ] } },
{ "type": "Feature", "properties": { "category": "food_beverage" }, "geometry": { "type": "Point", "coordinates": [ 232428.97059419931611, 898708.580011029727757 ] } },
{ "type": "Feature", "properties": { "category": "food_beverage" }, "geometry": { "type": "Point", "coordinates": [ 228575.630143071495695, 907190.888971219654195 ] } },
{ "type": "Feature", "properties": { "category": "food_beverage" }, "geometry": { "type": "Point", "coordinates": [ 233545.699482330615865, 890945.561795125599019 ] } },
{ "type": "Feature", "properties": { "category": "food_beverage" }, "geometry": { "type": "Point", "coordinates": [ 229261.548803090554429, 906905.353012710344046 ] } },
{ "type": "Feature", "properties": { "category": "food_beverage" }, "geometry": { "type": "Point", "coordinates": [ 219566.275912852666806, 905337.424754024716094 ] } },
{ "type": "Feature", "properties": { "category": "food_beverage" }, "geometry": { "type": "Point", "coordinates": [ 234642.610674012656091, 902491.239300883724354 ] } },
{ "type": "Feature", "properties": { "category": "food_beverage" }, "geometry": { "type": "Point", "coordinates": [ 246701.646426182065625, 913762.44899683224503 ] } },
{ "type": "Feature", "properties": { "category": "food_beverage" }, "geometry": { "type": "Point", "coordinates": [ 235771.939367733837571, 896317.972655336023308 ] } },
{ "type": "Feature", "properties": { "category": "food_beverage" }, "geometry": { "type": "Point", "coordinates": [ 237172.459589262667578, 898704.295732295839116 ] } },
{ "type": "Feature", "properties": { "category": "food_beverage" }, "geometry": { "type": "Point", "coordinates": [ 239225.111391370766796, 911720.743878827197477 ] } },
{ "type": "Feature", "properties": { "category": "food_beverage" }, "geometry": { "type": "Point", "coordinates": [ 234626.326774201763328, 899644.338321943185292 ] } },
{ "type": "Feature", "properties": { "category": "food_beverage" }, "geometry": { "type": "Point", "coordinates": [ 221664.193981981166871, 891598.725170126883313 ] } },
{ "type": "Feature", "properties": { "category": "food_beverage" }, "geometry": { "type": "Point", "coordinates": [ 245703.224184214195702, 912944.751073829829693 ] } },
{ "type": "Feature", "properties": { "category": "food_beverage" }, "geometry": { "type": "Point", "coordinates": [ 235317.54462852634606, 899336.75999599986244 ] } },
{ "type": "Feature", "properties": { "category": "food_beverage" }, "geometry": { "type": "Point", "coordinates": [ 232991.005741378641687, 901532.793000006000511 ] } },
{ "type": "Feature", "properties": { "category": "food_beverage" }, "geometry": { "type": "Point", "coordinates": [ 226032.741893336293288, 901758.822847792762332 ] } },
{ "type": "Feature", "properties": { "category": "food_beverage" }, "geometry": { "type": "Point", "coordinates": [ 231340.512959100393346, 889418.768653195467778 ] } },
{ "type": "Feature", "properties": { "category": "food_beverage" }, "geometry": { "type": "Point", "coordinates": [ 235877.939556239754893, 899582.747723571374081 ] } },
{ "type": "Feature", "properties": { "category": "food_beverage" }, "geometry": { "type": "Point", "coordinates": [ 237519.57906547919265, 899335.174067476880737 ] } },
{ "type": "Feature", "properties": { "category": "food_beverage" }, "geometry": { "type": "Point", "coordinates": [ 235686.067131638235878, 911596.434736584546044 ] } },
{ "type": "Feature", "properties": { "category": "food_beverage" }, "geometry": { "type": "Point", "coordinates": [ 219566.275912852666806, 905337.424754024716094 ] } },
{ "type": "Feature", "properties": { "category": "food_beverage" }, "geometry": { "type": "Point", "coordinates": [ 231206.732598200731445, 902445.145471677649766 ] } },
{ "type": "Feature", "properties": { "category": "food_beverage" }, "geometry": { "type": "Point", "coordinates": [ 233211.741364216228249, 899430.129224963486195 ] } },
{ "type": "Feature", "properties": { "category": "food_beverage" }, "geometry": { "type": "Point", "coordinates": [ 233226.908965957030887, 907993.806046943878755 ] } },
{ "type": "Feature", "properties": { "category": "food_beverage" }, "geometry": { "type": "Point", "coordinates": [ 232612.392965154023841, 898801.622918820125051 ] } },
{ "type": "Feature", "properties": { "category": "food_beverage" }, "geometry": { "type": "Point", "coordinates": [ 227489.802070960431593, 898922.34504273510538 ] } },
{ "type": "Feature", "properties": { "category": "food_beverage" }, "geometry": { "type": "Point", "coordinates": [ 236652.889391793287359, 892610.543576734140515 ] } },
{ "type": "Feature", "properties": { "category": "food_beverage" }, "geometry": { "type": "Point", "coordinates": [ 237946.040564422757598, 902716.134103517979383 ] } },
{ "type": "Feature", "properties": { "category": "food_beverage" }, "geometry": { "type": "Point", "coordinates": [ 239540.130643590702675, 890703.110752598498948 ] } },
{ "type": "Feature", "properties": { "category": "food_beverage" }, "geometry": { "type": "Point", "coordinates": [ 234944.452633968030568, 902015.985757435439155 ] } },
{ "type": "Feature", "properties": { "category": "food_beverage" }, "geometry": { "type": "Point", "coordinates": [ 232856.257212095661089, 901599.363826667773537 ] } },
{ "type": "Feature", "properties": { "category": "food_beverage" }, "geometry": { "type": "Point", "coordinates": [ 227487.424645167338895, 891831.885597630636767 ] } },
{ "type": "Feature", "properties": { "category": "food_beverage" }, "geometry": { "type": "Point", "coordinates": [ 234332.126567110652104, 899989.679890564759262 ] } },
{ "type": "Feature", "properties": { "category": "food_beverage" }, "geometry": { "type": "Point", "coordinates": [ 238132.65558916318696, 898559.595242855953984 ] } },
{ "type": "Feature", "properties": { "category": "food_beverage" }, "geometry": { "type": "Point", "coordinates": [ 231955.328211118583567, 905526.275707085849717 ] } },
{ "type": "Feature", "properties": { "category": "food_beverage" }, "geometry": { "type": "Point", "coordinates": [ 231897.431762152904412, 887213.316300338949077 ] } },
{ "type": "Feature", "properties": { "category": "food_beverage" }, "geometry": { "type": "Point", "coordinates": [ 236671.310217952268431, 901186.811722412821837 ] } },
{ "type": "Feature", "properties": { "category": "food_beverage" }, "geometry": { "type": "Point", "coordinates": [ 229129.295005029533058, 899034.916068649850786 ] } },
{ "type": "Feature", "properties": { "category": "food_beverage" }, "geometry": { "type": "Point", "coordinates": [ 235694.001991747412831, 911524.272656076354906 ] } },
{ "type": "Feature", "properties": { "category": "food_beverage" }, "geometry": { "type": "Point", "coordinates": [ 240547.639561045652954, 904183.805888812756166 ] } },
{ "type": "Feature", "properties": { "category": "food_beverage" }, "geometry": { "type": "Point", "coordinates": [ 234575.208318497287109, 898813.225522000575438 ] } },
{ "type": "Feature", "properties": { "category": "food_beverage" }, "geometry": { "type": "Point", "coordinates": [ 236054.131779051909689, 900284.88455335854087 ] } },
{ "type": "Feature", "properties": { "category": "food_beverage" }, "geometry": { "type": "Point", "coordinates": [ 234082.442892873485107, 899146.273224470438436 ] } },
{ "type": "Feature", "properties": { "category": "food_beverage" }, "geometry": { "type": "Point", "coordinates": [ 235640.56347888536402, 891527.457975725759752 ] } },
{ "type": "Feature", "properties": { "category": "food_beverage" }, "geometry": { "type": "Point", "coordinates": [ 236621.030031215341296, 901508.343390071066096 ] } },
{ "type": "Feature", "properties": { "category": "food_beverage" }, "geometry": { "type": "Point", "coordinates": [ 233236.529731872054981, 898021.450708818621933 ] } },
{ "type": "Feature", "properties": { "category": "food_beverage" }, "geometry": { "type": "Point", "coordinates": [ 235082.246117367059924, 898453.513879603589885 ] } },
{ "type": "Feature", "properties": { "category": "food_beverage" }, "geometry": { "type": "Point", "coordinates": [ 234062.952345238009002, 904371.298084097797982 ] } },
{ "type": "Feature", "properties": { "category": "food_beverage" }, "geometry": { "type": "Point", "coordinates": [ 233872.288677418022417, 899339.421015802072361 ] } },
{ "type": "Feature", "properties": { "category": "food_beverage" }, "geometry": { "type": "Point", "coordinates": [ 221651.017095766816055, 901977.771965786349028 ] } },
{ "type": "Feature", "properties": { "category": "food_beverage" }, "geometry": { "type": "Point", "coordinates": [ 235557.500451408763183, 905048.734199460828677 ] } },
{ "type": "Feature", "properties": { "category": "food_beverage" }, "geometry": { "type": "Point", "coordinates": [ 230419.248203746450599, 900617.236994666745886 ] } },
{ "type": "Feature", "properties": { "category": "food_beverage" }, "geometry": { "type": "Point", "coordinates": [ 221644.846731101395562, 902376.410250247456133 ] } },
{ "type": "Feature", "properties": { "category": "food_beverage" }, "geometry": { "type": "Point", "coordinates": [ 235894.259055171656655, 900178.764187393011525 ] } },
{ "type": "Feature", "properties": { "category": "food_beverage" }, "geometry": { "type": "Point", "coordinates": [ 234445.139321402122732, 897204.519148229621351 ] } },
{ "type": "Feature", "properties": { "category": "food_beverage" }, "geometry": { "type": "Point", "coordinates": [ 237985.700294823909644, 902494.857473647920415 ] } },
{ "type": "Feature", "properties": { "category": "food_beverage" }, "geometry": { "type": "Point", "coordinates": [ 219566.275912852666806, 905337.424754024716094 ] } },
{ "type": "Feature", "properties": { "category": "food_beverage" }, "geometry": { "type": "Point", "coordinates": [ 229623.897908910701517, 900264.055667948094197 ] } },
{ "type": "Feature", "properties": { "category": "food_beverage" }, "geometry": { "type": "Point", "coordinates": [ 231281.817373487487203, 906741.113542663049884 ] } },
{ "type": "Feature", "properties": { "category": "food_beverage" }, "geometry": { "type": "Point", "coordinates": [ 244378.827904603094794, 915119.56569871888496 ] } },
{ "type": "Feature", "properties": { "category": "food_beverage" }, "geometry": { "type": "Point", "coordinates": [ 234696.03331500972854, 907297.446347255958244 ] } },
{ "type": "Feature", "properties": { "category": "food_beverage" }, "geometry": { "type": "Point", "coordinates": [ 221975.445927394204773, 906854.107016594032757 ] } },
{ "type": "Feature", "properties": { "category": "food_beverage" }, "geometry": { "type": "Point", "coordinates": [ 241082.207440667378251, 888879.296662998152897 ] } },
{ "type": "Feature", "properties": { "category": "food_beverage" }, "geometry": { "type": "Point", "coordinates": [ 236851.749385103757959, 897787.327089199330658 ] } },
{ "type": "Feature", "properties": { "category": "food_beverage" }, "geometry": { "type": "Point", "coordinates": [ 239118.482482724473812, 891558.930315514910035 ] } },
{ "type": "Feature", "properties": { "category": "food_beverage" }, "geometry": { "type": "Point", "coordinates": [ 236007.928611252456903, 900635.098985891556367 ] } },
{ "type": "Feature", "properties": { "category": "food_beverage" }, "geometry": { "type": "Point", "coordinates": [ 233075.483366989588831, 902643.528008781722747 ] } },
{ "type": "Feature", "properties": { "category": "food_beverage" }, "geometry": { "type": "Point", "coordinates": [ 236485.67614510274143, 900399.522864813916385 ] } },
{ "type": "Feature", "properties": { "category": "food_beverage" }, "geometry": { "type": "Point", "coordinates": [ 235813.139301750838058, 897422.068388949031942 ] } },
{ "type": "Feature", "properties": { "category": "food_beverage" }, "geometry": { "type": "Point", "coordinates": [ 234470.887613126891665, 899886.945674473419785 ] } },
{ "type": "Feature", "properties": { "category": "food_beverage" }, "geometry": { "type": "Point", "coordinates": [ 236671.310217952268431, 901186.811722412821837 ] } },
{ "type": "Feature", "properties": { "category": "food_beverage" }, "geometry": { "type": "Point", "coordinates": [ 226791.086773101735162, 905315.063014060491696 ] } },
{ "type": "Feature", "properties": { "category": "food_beverage" }, "geometry": { "type": "Point", "coordinates": [ 233022.484623676224146, 901355.104894303018227 ] } },
{ "type": "Feature", "properties": { "category": "food_beverage" }, "geometry": { "type": "Point", "coordinates": [ 231894.307600228581578, 903752.737651034258306 ] } },
{ "type": "Feature", "properties": { "category": "food_beverage" }, "geometry": { "type": "Point", "coordinates": [ 233094.632614204252604, 899276.400788491824642 ] } },
{ "type": "Feature", "properties": { "category": "food_beverage" }, "geometry": { "type": "Point", "coordinates": [ 226970.731741774710827, 888124.081764828995802 ] } },
{ "type": "Feature", "properties": { "category": "food_beverage" }, "geometry": { "type": "Point", "coordinates": [ 231541.944148762791883, 893631.554342532879673 ] } },
{ "type": "Feature", "properties": { "category": "food_beverage" }, "geometry": { "type": "Point", "coordinates": [ 229543.84278970194282, 906131.759217647369951 ] } },
{ "type": "Feature", "properties": { "category": "food_beverage" }, "geometry": { "type": "Point", "coordinates": [ 227419.924949505308177, 889763.064022474805824 ] } },
{ "type": "Feature", "properties": { "category": "food_beverage" }, "geometry": { "type": "Point", "coordinates": [ 238760.505188715847908, 904182.046852079918608 ] } },
{ "type": "Feature", "properties": { "category": "food_beverage" }, "geometry": { "type": "Point", "coordinates": [ 221571.532590574148344, 901816.131899074767716 ] } },
{ "type": "Feature", "properties": { "category": "food_beverage" }, "geometry": { "type": "Point", "coordinates": [ 236122.589685711369384, 900943.707195078022778 ] } },
{ "type": "Feature", "properties": { "category": "food_beverage" }, "geometry": { "type": "Point", "coordinates": [ 220914.233652539289324, 899648.805941225495189 ] } },
{ "type": "Feature", "properties": { "category": "food_beverage" }, "geometry": { "type": "Point", "coordinates": [ 231175.743000225047581, 899218.753219067002647 ] } },
{ "type": "Feature", "properties": { "category": "food_beverage" }, "geometry": { "type": "Point", "coordinates": [ 244605.10109108054894, 913941.641162941697985 ] } },
{ "type": "Feature", "properties": { "category": "food_beverage" }, "geometry": { "type": "Point", "coordinates": [ 235825.317277396272402, 901419.044091869029216 ] } },
{ "type": "Feature", "properties": { "category": "food_beverage" }, "geometry": { "type": "Point", "coordinates": [ 231100.292337591934483, 904533.946994526661001 ] } },
{ "type": "Feature", "properties": { "category": "food_beverage" }, "geometry": { "type": "Point", "coordinates": [ 224247.3640840696753, 896778.294037296436727 ] } },
{ "type": "Feature", "properties": { "category": "food_beverage" }, "geometry": { "type": "Point", "coordinates": [ 230048.902903535083169, 898790.973957993555814 ] } },
{ "type": "Feature", "properties": { "category": "food_beverage" }, "geometry": { "type": "Point", "coordinates": [ 232095.342560418881476, 896875.385723121115007 ] } },
{ "type": "Feature", "properties": { "category": "food_beverage" }, "geometry": { "type": "Point", "coordinates": [ 232414.000974868104095, 903131.411052102572285 ] } },
{ "type": "Feature", "properties": { "category": "food_beverage" }, "geometry": { "type": "Point", "coordinates": [ 245262.945953993592411, 914236.22453031106852 ] } },
{ "type": "Feature", "properties": { "category": "food_beverage" }, "geometry": { "type": "Point", "coordinates": [ 235504.832410670642275, 913209.298318556626327 ] } },
{ "type": "Feature", "properties": { "category": "food_beverage" }, "geometry": { "type": "Point", "coordinates": [ 232021.516307468933519, 896615.128991894540377 ] } },
{ "type": "Feature", "properties": { "category": "food_beverage" }, "geometry": { "type": "Point", "coordinates": [ 239078.773049024137435, 898227.003719080705196 ] } },
{ "type": "Feature", "properties": { "category": "food_beverage" }, "geometry": { "type": "Point", "coordinates": [ 236206.210986577410949, 900079.727774584433064 ] } },
{ "type": "Feature", "properties": { "category": "food_beverage" }, "geometry": { "type": "Point", "coordinates": [ 230129.55497895705048, 899815.563814827241004 ] } },
{ "type": "Feature", "properties": { "category": "food_beverage" }, "geometry": { "type": "Point", "coordinates": [ 228267.762198305485072, 894050.609090234036557 ] } },
{ "type": "Feature", "properties": { "category": "food_beverage" }, "geometry": { "type": "Point", "coordinates": [ 231160.333367829938652, 892707.476986316032708 ] } },
{ "type": "Feature", "properties": { "category": "food_beverage" }, "geometry": { "type": "Point", "coordinates": [ 237800.967435399536043, 904405.528875316027552 ] } },
{ "type": "Feature", "properties": { "category": "food_beverage" }, "geometry": { "type": "Point", "coordinates": [ 246204.045819477760233, 913250.841570869786665 ] } },
{ "type": "Feature", "properties": { "category": "food_beverage" }, "geometry": { "type": "Point", "coordinates": [ 239143.755736371065723, 914108.982104836846702 ] } },
{ "type": "Feature", "properties": { "category": "food_beverage" }, "geometry": { "type": "Point", "coordinates": [ 234803.41429632549989, 900157.281959172454663 ] } },
{ "type": "Feature", "properties": { "category": "food_beverage" }, "geometry": { "type": "Point", "coordinates": [ 234180.069424068497028, 902758.227739995112643 ] } },
{ "type": "Feature", "properties": { "category": "food_beverage" }, "geometry": { "type": "Point", "coordinates": [ 230754.638667092600372, 899450.827055379166268 ] } },
{ "type": "Feature", "properties": { "category": "food_beverage" }, "geometry": { "type": "Point", "coordinates": [ 236582.306288890482392, 906410.942925545619801 ] } },
{ "type": "Feature", "properties": { "category": "food_beverage" }, "geometry": { "type": "Point", "coordinates": [ 241149.042583120171912, 906777.459246376762167 ] } },
{ "type": "Feature", "properties": { "category": "food_beverage" }, "geometry": { "type": "Point", "coordinates": [ 227069.090113265585387, 891583.231542517896742 ] } },
{ "type": "Feature", "properties": { "category": "food_beverage" }, "geometry": { "type": "Point", "coordinates": [ 222175.864559358655242, 897385.374799735611305 ] } },
{ "type": "Feature", "properties": { "category": "food_beverage" }, "geometry": { "type": "Point", "coordinates": [ 236401.092959060741123, 901936.074162927572615 ] } },
{ "type": "Feature", "properties": { "category": "food_beverage" }, "geometry": { "type": "Point", "coordinates": [ 228484.316310558642726, 899054.710240437067114 ] } },
{ "type": "Feature", "properties": { "category": "food_beverage" }, "geometry": { "type": "Point", "coordinates": [ 227772.670318116288399, 892082.926100229145959 ] } },
{ "type": "Feature", "properties": { "category": "food_beverage" }, "geometry": { "type": "Point", "coordinates": [ 227203.623746062192367, 888939.268762371968478 ] } },
{ "type": "Feature", "properties": { "category": "food_beverage" }, "geometry": { "type": "Point", "coordinates": [ 235761.069633069331758, 899296.793139228015207 ] } },
{ "type": "Feature", "properties": { "category": "food_beverage" }, "geometry": { "type": "Point", "coordinates": [ 236172.633387645590119, 900120.209414465585724 ] } },
{ "type": "Feature", "properties": { "category": "food_beverage" }, "geometry": { "type": "Point", "coordinates": [ 233159.072463337855879, 903413.140227611991577 ] } },
{ "type": "Feature", "properties": { "category": "food_beverage" }, "geometry": { "type": "Point", "coordinates": [ 234180.069424068497028, 902758.227739995112643 ] } },
{ "type": "Feature", "properties": { "category": "food_beverage" }, "geometry": { "type": "Point", "coordinates": [ 243746.542874551494606, 913014.920445964322425 ] } },
{ "type": "Feature", "properties": { "category": "food_beverage" }, "geometry": { "type": "Point", "coordinates": [ 235953.772221687424462, 899158.929017894552089 ] } },
{ "type": "Feature", "properties": { "category": "food_beverage" }, "geometry": { "type": "Point", "coordinates": [ 243240.17370775656309, 888259.087767690536566 ] } },
{ "type": "Feature", "properties": { "category": "food_beverage" }, "geometry": { "type": "Point", "coordinates": [ 236085.445884527638555, 900733.023224483360536 ] } },
{ "type": "Feature", "properties": { "category": "food_beverage" }, "geometry": { "type": "Point", "coordinates": [ 240463.59992613614304, 904191.985405738698319 ] } },
{ "type": "Feature", "properties": { "category": "food_beverage" }, "geometry": { "type": "Point", "coordinates": [ 235794.968523610004922, 911743.171713927411474 ] } },
{ "type": "Feature", "properties": { "category": "food_beverage" }, "geometry": { "type": "Point", "coordinates": [ 221688.617639818461612, 902338.334554543951526 ] } },
{ "type": "Feature", "properties": { "category": "food_beverage" }, "geometry": { "type": "Point", "coordinates": [ 234262.180662348371698, 904193.985675529227592 ] } },
{ "type": "Feature", "properties": { "category": "food_beverage" }, "geometry": { "type": "Point", "coordinates": [ 230249.597784834681079, 900334.145250845467672 ] } },
{ "type": "Feature", "properties": { "category": "food_beverage" }, "geometry": { "type": "Point", "coordinates": [ 235538.770683595736045, 899308.661681056837551 ] } },
{ "type": "Feature", "properties": { "category": "food_beverage" }, "geometry": { "type": "Point", "coordinates": [ 237128.837626011489192, 901064.473502563778311 ] } },
{ "type": "Feature", "properties": { "category": "food_beverage" }, "geometry": { "type": "Point", "coordinates": [ 235678.300818503659684, 903100.468117544660345 ] } },
{ "type": "Feature", "properties": { "category": "food_beverage" }, "geometry": { "type": "Point", "coordinates": [ 245636.524626417609397, 914221.316619188408367 ] } },
{ "type": "Feature", "properties": { "category": "food_beverage" }, "geometry": { "type": "Point", "coordinates": [ 236122.589685711369384, 900943.707195078022778 ] } },
{ "type": "Feature", "properties": { "category": "food_beverage" }, "geometry": { "type": "Point", "coordinates": [ 240896.021170944877667, 889179.228765213629231 ] } },
{ "type": "Feature", "properties": { "category": "food_beverage" }, "geometry": { "type": "Point", "coordinates": [ 232228.442285374621861, 902038.102513150312006 ] } },
{ "type": "Feature", "properties": { "category": "food_beverage" }, "geometry": { "type": "Point", "coordinates": [ 235882.013339282217203, 900205.02713825495448 ] } },
{ "type": "Feature", "properties": { "category": "food_beverage" }, "geometry": { "type": "Point", "coordinates": [ 226710.86573325181962, 886811.297828265232965 ] } },
{ "type": "Feature", "properties": { "category": "food_beverage" }, "geometry": { "type": "Point", "coordinates": [ 231071.000129987340188, 905236.390225590323098 ] } },
{ "type": "Feature", "properties": { "category": "food_beverage" }, "geometry": { "type": "Point", "coordinates": [ 236671.310217952268431, 901186.811722412821837 ] } },
{ "type": "Feature", "properties": { "category": "food_beverage" }, "geometry": { "type": "Point", "coordinates": [ 235326.892397902702214, 893701.862090574577451 ] } },
{ "type": "Feature", "properties": { "category": "food_beverage" }, "geometry": { "type": "Point", "coordinates": [ 236052.824730660009664, 901069.533734648488462 ] } },
{ "type": "Feature", "properties": { "category": "food_beverage" }, "geometry": { "type": "Point", "coordinates": [ 230267.914232328708749, 900328.114849292673171 ] } },
{ "type": "Feature", "properties": { "category": "food_beverage" }, "geometry": { "type": "Point", "coordinates": [ 237987.763488358788891, 902478.873297986923717 ] } },
{ "type": "Feature", "properties": { "category": "food_beverage" }, "geometry": { "type": "Point", "coordinates": [ 233699.705748170119477, 908220.218676747288555 ] } },
{ "type": "Feature", "properties": { "category": "food_beverage" }, "geometry": { "type": "Point", "coordinates": [ 225645.305302341555944, 897253.219231397146359 ] } },
{ "type": "Feature", "properties": { "category": "food_beverage" }, "geometry": { "type": "Point", "coordinates": [ 235993.528639821946854, 900165.165017445222475 ] } },
{ "type": "Feature", "properties": { "category": "food_beverage" }, "geometry": { "type": "Point", "coordinates": [ 247255.226986333553214, 913081.890309531474486 ] } },
{ "type": "Feature", "properties": { "category": "food_beverage" }, "geometry": { "type": "Point", "coordinates": [ 234422.436503858771175, 905770.313564720796421 ] } },
{ "type": "Feature", "properties": { "category": "food_beverage" }, "geometry": { "type": "Point", "coordinates": [ 222259.424219152482692, 899811.111411214573309 ] } },
{ "type": "Feature", "properties": { "category": "food_beverage" }, "geometry": { "type": "Point", "coordinates": [ 241610.745712645322783, 911178.081589825451374 ] } },
{ "type": "Feature", "properties": { "category": "food_beverage" }, "geometry": { "type": "Point", "coordinates": [ 240952.048643086483935, 888073.570183793548495 ] } },
{ "type": "Feature", "properties": { "category": "food_beverage" }, "geometry": { "type": "Point", "coordinates": [ 234399.384147562552243, 899715.424424112192355 ] } },
{ "type": "Feature", "properties": { "category": "food_beverage" }, "geometry": { "type": "Point", "coordinates": [ 233592.332875492342282, 908128.95191285177134 ] } },
{ "type": "Feature", "properties": { "category": "food_beverage" }, "geometry": { "type": "Point", "coordinates": [ 243581.727811210410437, 902595.102712456253357 ] } },
{ "type": "Feature", "properties": { "category": "food_beverage" }, "geometry": { "type": "Point", "coordinates": [ 232771.291640139039373, 906178.51584633870516 ] } },
{ "type": "Feature", "properties": { "category": "food_beverage" }, "geometry": { "type": "Point", "coordinates": [ 232535.826906857226277, 898233.884805873269215 ] } },
{ "type": "Feature", "properties": { "category": "food_beverage" }, "geometry": { "type": "Point", "coordinates": [ 238801.647427041549236, 891988.708087216131389 ] } },
{ "type": "Feature", "properties": { "category": "food_beverage" }, "geometry": { "type": "Point", "coordinates": [ 235050.354932306014234, 899213.236934415530413 ] } },
{ "type": "Feature", "properties": { "category": "food_beverage" }, "geometry": { "type": "Point", "coordinates": [ 236116.458492559089791, 900565.787816113210283 ] } },
{ "type": "Feature", "properties": { "category": "food_beverage" }, "geometry": { "type": "Point", "coordinates": [ 236244.713751526986016, 894478.95917209633626 ] } },
{ "type": "Feature", "properties": { "category": "food_beverage" }, "geometry": { "type": "Point", "coordinates": [ 242011.795970017788932, 887851.77578786725644 ] } },
{ "type": "Feature", "properties": { "category": "food_beverage" }, "geometry": { "type": "Point", "coordinates": [ 235863.540691262605833, 900176.052561292890459 ] } },
{ "type": "Feature", "properties": { "category": "food_beverage" }, "geometry": { "type": "Point", "coordinates": [ 236098.879031985416077, 903088.843090189038776 ] } },
{ "type": "Feature", "properties": { "category": "food_beverage" }, "geometry": { "type": "Point", "coordinates": [ 232978.837312941759592, 901317.244440795038827 ] } },
{ "type": "Feature", "properties": { "category": "food_beverage" }, "geometry": { "type": "Point", "coordinates": [ 231322.890045041713165, 904009.86773846601136 ] } },
{ "type": "Feature", "properties": { "category": "food_beverage" }, "geometry": { "type": "Point", "coordinates": [ 240896.021170944877667, 889179.228765213629231 ] } },
{ "type": "Feature", "properties": { "category": "food_beverage" }, "geometry": { "type": "Point", "coordinates": [ 233236.529731872054981, 898021.450708818621933 ] } },
{ "type": "Feature", "properties": { "category": "food_beverage" }, "geometry": { "type": "Point", "coordinates": [ 232446.099707214627415, 893047.295709667028859 ] } },
{ "type": "Feature", "properties": { "category": "food_beverage" }, "geometry": { "type": "Point", "coordinates": [ 235610.810933399072383, 908238.095899393083528 ] } },
{ "type": "Feature", "properties": { "category": "food_beverage" }, "geometry": { "type": "Point", "coordinates": [ 236286.233223858871497, 901049.408182657090947 ] } },
{ "type": "Feature", "properties": { "category": "food_beverage" }, "geometry": { "type": "Point", "coordinates": [ 236536.425914188323077, 900780.22919094550889 ] } },
{ "type": "Feature", "properties": { "category": "food_beverage" }, "geometry": { "type": "Point", "coordinates": [ 222322.665319573599845, 894761.107758502243087 ] } },
{ "type": "Feature", "properties": { "category": "food_beverage" }, "geometry": { "type": "Point", "coordinates": [ 232208.117010900663445, 896909.224540736875497 ] } },
{ "type": "Feature", "properties": { "category": "food_beverage" }, "geometry": { "type": "Point", "coordinates": [ 233985.173558306210907, 898982.629215068765916 ] } },
{ "type": "Feature", "properties": { "category": "food_beverage" }, "geometry": { "type": "Point", "coordinates": [ 228611.40897773069446, 888262.516020669718273 ] } },
{ "type": "Feature", "properties": { "category": "food_beverage" }, "geometry": { "type": "Point", "coordinates": [ 234750.22366061800858, 904596.267347248154692 ] } },
{ "type": "Feature", "properties": { "category": "food_beverage" }, "geometry": { "type": "Point", "coordinates": [ 234604.010402487416286, 899993.01277179166209 ] } },
{ "type": "Feature", "properties": { "category": "food_beverage" }, "geometry": { "type": "Point", "coordinates": [ 233505.31063994471333, 891769.55310308560729 ] } },
{ "type": "Feature", "properties": { "category": "food_beverage" }, "geometry": { "type": "Point", "coordinates": [ 241841.999364489136497, 889284.757399564376101 ] } },
{ "type": "Feature", "properties": { "category": "food_beverage" }, "geometry": { "type": "Point", "coordinates": [ 227621.741397387377219, 901414.884201382054016 ] } },
{ "type": "Feature", "properties": { "category": "food_beverage" }, "geometry": { "type": "Point", "coordinates": [ 222176.946617920330027, 903438.751069603138603 ] } },
{ "type": "Feature", "properties": { "category": "food_beverage" }, "geometry": { "type": "Point", "coordinates": [ 236087.410204973188229, 900414.683459113584831 ] } },
{ "type": "Feature", "properties": { "category": "food_beverage" }, "geometry": { "type": "Point", "coordinates": [ 229940.842303008364979, 892949.325290148146451 ] } },
{ "type": "Feature", "properties": { "category": "food_beverage" }, "geometry": { "type": "Point", "coordinates": [ 233559.663835212180857, 908059.370862567098811 ] } },
{ "type": "Feature", "properties": { "category": "food_beverage" }, "geometry": { "type": "Point", "coordinates": [ 225119.908975552476477, 902329.771555429790169 ] } },
{ "type": "Feature", "properties": { "category": "food_beverage" }, "geometry": { "type": "Point", "coordinates": [ 232146.009393739164807, 892750.455350749893114 ] } },
{ "type": "Feature", "properties": { "category": "food_beverage" }, "geometry": { "type": "Point", "coordinates": [ 234542.167059338651597, 895792.649836295982823 ] } },
{ "type": "Feature", "properties": { "category": "food_beverage" }, "geometry": { "type": "Point", "coordinates": [ 237996.939889294590103, 902289.867027002619579 ] } },
{ "type": "Feature", "properties": { "category": "food_beverage" }, "geometry": { "type": "Point", "coordinates": [ 221068.098756123567, 906037.231253640027717 ] } },
{ "type": "Feature", "properties": { "category": "food_beverage" }, "geometry": { "type": "Point", "coordinates": [ 238314.331708840531064, 898279.778449265402742 ] } },
{ "type": "Feature", "properties": { "category": "food_beverage" }, "geometry": { "type": "Point", "coordinates": [ 240024.177841742755845, 906522.359942032955587 ] } },
{ "type": "Feature", "properties": { "category": "food_beverage" }, "geometry": { "type": "Point", "coordinates": [ 241850.742056540184421, 906272.971699098008685 ] } },
{ "type": "Feature", "properties": { "category": "food_beverage" }, "geometry": { "type": "Point", "coordinates": [ 233294.016486769018229, 902534.037355405278504 ] } },
{ "type": "Feature", "properties": { "category": "food_beverage" }, "geometry": { "type": "Point", "coordinates": [ 234987.889180533238687, 898353.184875545091927 ] } },
{ "type": "Feature", "properties": { "category": "food_beverage" }, "geometry": { "type": "Point", "coordinates": [ 245982.386746160598705, 913103.645388602395542 ] } },
{ "type": "Feature", "properties": { "category": "food_beverage" }, "geometry": { "type": "Point", "coordinates": [ 240291.35216095863143, 907101.39246724860277 ] } },
{ "type": "Feature", "properties": { "category": "food_beverage" }, "geometry": { "type": "Point", "coordinates": [ 239109.645799893129151, 891501.343586060102098 ] } },
{ "type": "Feature", "properties": { "category": "food_beverage" }, "geometry": { "type": "Point", "coordinates": [ 236480.557750055828365, 895891.300471376744099 ] } },
{ "type": "Feature", "properties": { "category": "food_beverage" }, "geometry": { "type": "Point", "coordinates": [ 233440.027381272404455, 898868.159390324028209 ] } },
{ "type": "Feature", "properties": { "category": "food_beverage" }, "geometry": { "type": "Point", "coordinates": [ 246073.863864592392929, 912661.695102638332173 ] } },
{ "type": "Feature", "properties": { "category": "food_beverage" }, "geometry": { "type": "Point", "coordinates": [ 238512.912885876634391, 889581.431959778652526 ] } },
{ "type": "Feature", "properties": { "category": "food_beverage" }, "geometry": { "type": "Point", "coordinates": [ 228755.616819038434187, 899874.232750594383106 ] } },
{ "type": "Feature", "properties": { "category": "food_beverage" }, "geometry": { "type": "Point", "coordinates": [ 232669.557569936907385, 904263.930005983565934 ] } },
{ "type": "Feature", "properties": { "category": "food_beverage" }, "geometry": { "type": "Point", "coordinates": [ 223295.015616262156982, 895069.498219096451066 ] } },
{ "type": "Feature", "properties": { "category": "food_beverage" }, "geometry": { "type": "Point", "coordinates": [ 233121.349594425351825, 902593.203462318051606 ] } },
{ "type": "Feature", "properties": { "category": "food_beverage" }, "geometry": { "type": "Point", "coordinates": [ 231541.944148762791883, 893631.554342532879673 ] } },
{ "type": "Feature", "properties": { "category": "food_beverage" }, "geometry": { "type": "Point", "coordinates": [ 231897.533896990935318, 905598.658566871541552 ] } },
{ "type": "Feature", "properties": { "category": "food_beverage" }, "geometry": { "type": "Point", "coordinates": [ 232582.106903783569578, 900037.220595546532422 ] } },
{ "type": "Feature", "properties": { "category": "food_beverage" }, "geometry": { "type": "Point", "coordinates": [ 234514.350414437794825, 899962.580843604169786 ] } },
{ "type": "Feature", "properties": { "category": "food_beverage" }, "geometry": { "type": "Point", "coordinates": [ 238277.133524223521817, 902565.752440964104608 ] } },
{ "type": "Feature", "properties": { "category": "food_beverage" }, "geometry": { "type": "Point", "coordinates": [ 233057.84322110429639, 898776.378754797857255 ] } },
{ "type": "Feature", "properties": { "category": "food_beverage" }, "geometry": { "type": "Point", "coordinates": [ 236887.865275896008825, 906616.372553541208617 ] } },
{ "type": "Feature", "properties": { "category": "food_beverage" }, "geometry": { "type": "Point", "coordinates": [ 229777.0367322525708, 901144.77130421937909 ] } },
{ "type": "Feature", "properties": { "category": "food_beverage" }, "geometry": { "type": "Point", "coordinates": [ 237648.309185363468714, 904957.549924334511161 ] } },
{ "type": "Feature", "properties": { "category": "food_beverage" }, "geometry": { "type": "Point", "coordinates": [ 236626.280341399979079, 901670.545187541632913 ] } },
{ "type": "Feature", "properties": { "category": "food_beverage" }, "geometry": { "type": "Point", "coordinates": [ 236064.860121505073039, 897358.374908062629402 ] } },
{ "type": "Feature", "properties": { "category": "food_beverage" }, "geometry": { "type": "Point", "coordinates": [ 233131.304167513677385, 902054.187544792424887 ] } },
{ "type": "Feature", "properties": { "category": "food_beverage" }, "geometry": { "type": "Point", "coordinates": [ 234399.384147562552243, 899715.424424112192355 ] } },
{ "type": "Feature", "properties": { "category": "food_beverage" }, "geometry": { "type": "Point", "coordinates": [ 234055.637746432825224, 899389.292292225989513 ] } },
{ "type": "Feature", "properties": { "category": "food_beverage" }, "geometry": { "type": "Point", "coordinates": [ 245592.446032812586054, 912779.628972664708272 ] } },
{ "type": "Feature", "properties": { "category": "food_beverage" }, "geometry": { "type": "Point", "coordinates": [ 241922.065765377687057, 907191.029331952915527 ] } },
{ "type": "Feature", "properties": { "category": "food_beverage" }, "geometry": { "type": "Point", "coordinates": [ 234018.271048253984191, 901882.033987342962064 ] } },
{ "type": "Feature", "properties": { "category": "food_beverage" }, "geometry": { "type": "Point", "coordinates": [ 236110.982059077970916, 900557.317735711927526 ] } },
{ "type": "Feature", "properties": { "category": "food_beverage" }, "geometry": { "type": "Point", "coordinates": [ 233820.151450938195921, 906434.084279794129543 ] } },
{ "type": "Feature", "properties": { "category": "food_beverage" }, "geometry": { "type": "Point", "coordinates": [ 227513.126793187984731, 897089.33355805859901 ] } },
{ "type": "Feature", "properties": { "category": "food_beverage" }, "geometry": { "type": "Point", "coordinates": [ 241073.854477551940363, 906727.032996198395267 ] } },
{ "type": "Feature", "properties": { "category": "food_beverage" }, "geometry": { "type": "Point", "coordinates": [ 238759.409285697503947, 903231.537473226431757 ] } },
{ "type": "Feature", "properties": { "category": "food_beverage" }, "geometry": { "type": "Point", "coordinates": [ 235874.217191305710003, 896339.376242397120222 ] } },
{ "type": "Feature", "properties": { "category": "food_beverage" }, "geometry": { "type": "Point", "coordinates": [ 232755.43184990802547, 898346.31525939470157 ] } },
{ "type": "Feature", "properties": { "category": "food_beverage" }, "geometry": { "type": "Point", "coordinates": [ 236135.611785348504782, 902400.122479356592521 ] } },
{ "type": "Feature", "properties": { "category": "food_beverage" }, "geometry": { "type": "Point", "coordinates": [ 235583.960288266127463, 901254.643686725758016 ] } },
{ "type": "Feature", "properties": { "category": "food_beverage" }, "geometry": { "type": "Point", "coordinates": [ 237452.659417237620801, 900403.721338045201264 ] } },
{ "type": "Feature", "properties": { "category": "food_beverage" }, "geometry": { "type": "Point", "coordinates": [ 228100.393174469470978, 899858.808431349229068 ] } },
{ "type": "Feature", "properties": { "category": "food_beverage" }, "geometry": { "type": "Point", "coordinates": [ 235131.534295347577427, 898040.107356144348159 ] } },
{ "type": "Feature", "properties": { "category": "food_beverage" }, "geometry": { "type": "Point", "coordinates": [ 228886.267869386036182, 893058.546658497885801 ] } },
{ "type": "Feature", "properties": { "category": "food_beverage" }, "geometry": { "type": "Point", "coordinates": [ 226751.933859463635599, 903446.35421480354853 ] } },
{ "type": "Feature", "properties": { "category": "food_beverage" }, "geometry": { "type": "Point", "coordinates": [ 231199.709511252265656, 904971.482604895718396 ] } },
{ "type": "Feature", "properties": { "category": "food_beverage" }, "geometry": { "type": "Point", "coordinates": [ 231116.412260319833877, 905262.916975915199146 ] } },
{ "type": "Feature", "properties": { "category": "food_beverage" }, "geometry": { "type": "Point", "coordinates": [ 235355.148229640908539, 900215.575022544711828 ] } },
{ "type": "Feature", "properties": { "category": "food_beverage" }, "geometry": { "type": "Point", "coordinates": [ 238798.767433021974284, 903262.856854707468301 ] } },
{ "type": "Feature", "properties": { "category": "food_beverage" }, "geometry": { "type": "Point", "coordinates": [ 234650.550766190339345, 907157.150420306483284 ] } },
{ "type": "Feature", "properties": { "category": "food_beverage" }, "geometry": { "type": "Point", "coordinates": [ 245179.399494989484083, 912538.463944496470504 ] } },
{ "type": "Feature", "properties": { "category": "food_beverage" }, "geometry": { "type": "Point", "coordinates": [ 236127.702073952532373, 901711.839771265746094 ] } },
{ "type": "Feature", "properties": { "category": "food_beverage" }, "geometry": { "type": "Point", "coordinates": [ 230501.745775378542021, 905162.915302250767127 ] } },
{ "type": "Feature", "properties": { "category": "food_beverage" }, "geometry": { "type": "Point", "coordinates": [ 229743.948106044990709, 901391.112793968990445 ] } },
{ "type": "Feature", "properties": { "category": "food_beverage" }, "geometry": { "type": "Point", "coordinates": [ 233845.977119764138479, 899994.875035224249586 ] } },
{ "type": "Feature", "properties": { "category": "food_beverage" }, "geometry": { "type": "Point", "coordinates": [ 221796.580957454803865, 892374.551278530154377 ] } },
{ "type": "Feature", "properties": { "category": "food_beverage" }, "geometry": { "type": "Point", "coordinates": [ 231271.287893260567216, 902597.387484660837799 ] } },
{ "type": "Feature", "properties": { "category": "food_beverage" }, "geometry": { "type": "Point", "coordinates": [ 232501.671506029728334, 898580.288159312331118 ] } },
{ "type": "Feature", "properties": { "category": "food_beverage" }, "geometry": { "type": "Point", "coordinates": [ 230581.946409246389521, 900279.822743068216369 ] } },
{ "type": "Feature", "properties": { "category": "food_beverage" }, "geometry": { "type": "Point", "coordinates": [ 237127.123256677761674, 900110.302758218836971 ] } },
{ "type": "Feature", "properties": { "category": "food_beverage" }, "geometry": { "type": "Point", "coordinates": [ 231027.259784269379452, 895893.115077337366529 ] } },
{ "type": "Feature", "properties": { "category": "food_beverage" }, "geometry": { "type": "Point", "coordinates": [ 238046.118298114510253, 906924.80126355343964 ] } },
{ "type": "Feature", "properties": { "category": "food_beverage" }, "geometry": { "type": "Point", "coordinates": [ 237542.700467695627594, 899757.949318201979622 ] } },
{ "type": "Feature", "properties": { "category": "food_beverage" }, "geometry": { "type": "Point", "coordinates": [ 227394.433686221833341, 889846.493349845521152 ] } },
{ "type": "Feature", "properties": { "category": "food_beverage" }, "geometry": { "type": "Point", "coordinates": [ 226710.86573325181962, 886811.297828265232965 ] } },
{ "type": "Feature", "properties": { "category": "food_beverage" }, "geometry": { "type": "Point", "coordinates": [ 241082.207440667378251, 888879.296662998152897 ] } },
{ "type": "Feature", "properties": { "category": "food_beverage" }, "geometry": { "type": "Point", "coordinates": [ 228449.396297292405507, 907346.442444156738929 ] } },
{ "type": "Feature", "properties": { "category": "food_beverage" }, "geometry": { "type": "Point", "coordinates": [ 245181.685056975955376, 914315.790854687686078 ] } },
{ "type": "Feature", "properties": { "category": "food_beverage" }, "geometry": { "type": "Point", "coordinates": [ 234607.594422079535434, 906670.965920910006389 ] } },
{ "type": "Feature", "properties": { "category": "food_beverage" }, "geometry": { "type": "Point", "coordinates": [ 232509.681444852933055, 901871.670257862540893 ] } },
{ "type": "Feature", "properties": { "category": "food_beverage" }, "geometry": { "type": "Point", "coordinates": [ 240298.03221736807609, 911040.454763741814531 ] } },
{ "type": "Feature", "properties": { "category": "food_beverage" }, "geometry": { "type": "Point", "coordinates": [ 238003.188531300023897, 902840.073685978655703 ] } },
{ "type": "Feature", "properties": { "category": "food_beverage" }, "geometry": { "type": "Point", "coordinates": [ 226727.851716363540618, 903455.593099887599237 ] } },
{ "type": "Feature", "properties": { "category": "food_beverage" }, "geometry": { "type": "Point", "coordinates": [ 229161.670083132805303, 905030.370865539996885 ] } },
{ "type": "Feature", "properties": { "category": "food_beverage" }, "geometry": { "type": "Point", "coordinates": [ 230463.569838455412537, 905213.7347369043855 ] } },
{ "type": "Feature", "properties": { "category": "food_beverage" }, "geometry": { "type": "Point", "coordinates": [ 231990.773137235635659, 907666.599773700465448 ] } },
{ "type": "Feature", "properties": { "category": "food_beverage" }, "geometry": { "type": "Point", "coordinates": [ 228079.311150160065154, 907416.265250812517479 ] } },
{ "type": "Feature", "properties": { "category": "food_beverage" }, "geometry": { "type": "Point", "coordinates": [ 234645.514261271047872, 894076.133336750091985 ] } },
{ "type": "Feature", "properties": { "category": "food_beverage" }, "geometry": { "type": "Point", "coordinates": [ 236275.574992166424636, 894650.620912245707586 ] } },
{ "type": "Feature", "properties": { "category": "food_beverage" }, "geometry": { "type": "Point", "coordinates": [ 234399.384147562552243, 899715.424424112192355 ] } },
{ "type": "Feature", "properties": { "category": "food_beverage" }, "geometry": { "type": "Point", "coordinates": [ 241922.690195429808227, 887887.566448638914153 ] } },
{ "type": "Feature", "properties": { "category": "food_beverage" }, "geometry": { "type": "Point", "coordinates": [ 228256.783988758106716, 902008.565445225336589 ] } },
{ "type": "Feature", "properties": { "category": "food_beverage" }, "geometry": { "type": "Point", "coordinates": [ 233265.319297612266382, 902576.111178262392059 ] } },
{ "type": "Feature", "properties": { "category": "food_beverage" }, "geometry": { "type": "Point", "coordinates": [ 229446.775736386800418, 904229.573437709361315 ] } },
{ "type": "Feature", "properties": { "category": "food_beverage" }, "geometry": { "type": "Point", "coordinates": [ 238339.916284781473223, 889392.21362797904294 ] } },
{ "type": "Feature", "properties": { "category": "food_beverage" }, "geometry": { "type": "Point", "coordinates": [ 231401.048528591782087, 904154.618847490288317 ] } },
{ "type": "Feature", "properties": { "category": "food_beverage" }, "geometry": { "type": "Point", "coordinates": [ 237947.47114302762202, 902146.308218876831234 ] } },
{ "type": "Feature", "properties": { "category": "food_beverage" }, "geometry": { "type": "Point", "coordinates": [ 230336.172305367013905, 900318.967579873627983 ] } },
{ "type": "Feature", "properties": { "category": "food_beverage" }, "geometry": { "type": "Point", "coordinates": [ 239298.923937240877422, 891081.196386049035937 ] } },
{ "type": "Feature", "properties": { "category": "food_beverage" }, "geometry": { "type": "Point", "coordinates": [ 239275.033965384878684, 905971.950644025113434 ] } },
{ "type": "Feature", "properties": { "category": "food_beverage" }, "geometry": { "type": "Point", "coordinates": [ 231902.542682117898948, 894493.800532136345282 ] } },
{ "type": "Feature", "properties": { "category": "food_beverage" }, "geometry": { "type": "Point", "coordinates": [ 236206.210986577410949, 900079.727774584433064 ] } },
{ "type": "Feature", "properties": { "category": "food_beverage" }, "geometry": { "type": "Point", "coordinates": [ 232998.812769497424597, 898044.656727347290143 ] } },
{ "type": "Feature", "properties": { "category": "food_beverage" }, "geometry": { "type": "Point", "coordinates": [ 230978.391598786169197, 905382.271880903397687 ] } },
{ "type": "Feature", "properties": { "category": "food_beverage" }, "geometry": { "type": "Point", "coordinates": [ 236060.782285422727, 900193.0571461066138 ] } },
{ "type": "Feature", "properties": { "category": "food_beverage" }, "geometry": { "type": "Point", "coordinates": [ 221747.409037226374494, 892752.16686529526487 ] } },
{ "type": "Feature", "properties": { "category": "food_beverage" }, "geometry": { "type": "Point", "coordinates": [ 232245.570413540350273, 899579.583568049361929 ] } },
{ "type": "Feature", "properties": { "category": "food_beverage" }, "geometry": { "type": "Point", "coordinates": [ 236198.271705642633606, 900101.458165604504757 ] } },
{ "type": "Feature", "properties": { "category": "food_beverage" }, "geometry": { "type": "Point", "coordinates": [ 235140.372934137587436, 897063.226043717120774 ] } },
{ "type": "Feature", "properties": { "category": "food_beverage" }, "geometry": { "type": "Point", "coordinates": [ 231713.404184876912041, 900920.424790473189205 ] } },
{ "type": "Feature", "properties": { "category": "food_beverage" }, "geometry": { "type": "Point", "coordinates": [ 224279.825312951084925, 903817.705287974793464 ] } },
{ "type": "Feature", "properties": { "category": "food_beverage" }, "geometry": { "type": "Point", "coordinates": [ 235800.92112256764085, 905154.163132918765768 ] } },
{ "type": "Feature", "properties": { "category": "food_beverage" }, "geometry": { "type": "Point", "coordinates": [ 219238.947721761884168, 905091.259836366749369 ] } },
{ "type": "Feature", "properties": { "category": "food_beverage" }, "geometry": { "type": "Point", "coordinates": [ 234585.664296601898968, 902397.43069795682095 ] } },
{ "type": "Feature", "properties": { "category": "food_beverage" }, "geometry": { "type": "Point", "coordinates": [ 240096.89705507675535, 906718.4975317659555 ] } },
{ "type": "Feature", "properties": { "category": "food_beverage" }, "geometry": { "type": "Point", "coordinates": [ 235077.639074128121138, 908791.366077500628307 ] } },
{ "type": "Feature", "properties": { "category": "food_beverage" }, "geometry": { "type": "Point", "coordinates": [ 234723.096176117251161, 899237.160418860963546 ] } },
{ "type": "Feature", "properties": { "category": "food_beverage" }, "geometry": { "type": "Point", "coordinates": [ 236406.714558611303801, 900485.309948550770059 ] } },
{ "type": "Feature", "properties": { "category": "food_beverage" }, "geometry": { "type": "Point", "coordinates": [ 237142.52629183488898, 899939.657155795954168 ] } },
{ "type": "Feature", "properties": { "category": "food_beverage" }, "geometry": { "type": "Point", "coordinates": [ 228256.783988758106716, 902008.565445225336589 ] } },
{ "type": "Feature", "properties": { "category": "food_beverage" }, "geometry": { "type": "Point", "coordinates": [ 236948.005501113773789, 901582.256174152251333 ] } },
{ "type": "Feature", "properties": { "category": "food_beverage" }, "geometry": { "type": "Point", "coordinates": [ 228488.472491497523151, 899066.168039608048275 ] } },
{ "type": "Feature", "properties": { "category": "food_beverage" }, "geometry": { "type": "Point", "coordinates": [ 236002.142612972558709, 900606.633343629189767 ] } },
{ "type": "Feature", "properties": { "category": "food_beverage" }, "geometry": { "type": "Point", "coordinates": [ 232316.96104385110084, 896363.225323595339432 ] } },
{ "type": "Feature", "properties": { "category": "food_beverage" }, "geometry": { "type": "Point", "coordinates": [ 236626.506162815290736, 901627.225792457466014 ] } },
{ "type": "Feature", "properties": { "category": "food_beverage" }, "geometry": { "type": "Point", "coordinates": [ 236757.249870627885684, 900569.332581767579541 ] } },
{ "type": "Feature", "properties": { "category": "food_beverage" }, "geometry": { "type": "Point", "coordinates": [ 232015.786557696788805, 896606.216744202654809 ] } },
{ "type": "Feature", "properties": { "category": "food_beverage" }, "geometry": { "type": "Point", "coordinates": [ 238732.916436675761361, 902972.910748836584389 ] } },
{ "type": "Feature", "properties": { "category": "food_beverage" }, "geometry": { "type": "Point", "coordinates": [ 224925.712890586786671, 903576.928864960907958 ] } },
{ "type": "Feature", "properties": { "category": "food_beverage" }, "geometry": { "type": "Point", "coordinates": [ 241135.925721327774227, 888908.490189088275656 ] } },
{ "type": "Feature", "properties": { "category": "food_beverage" }, "geometry": { "type": "Point", "coordinates": [ 231077.912067681289045, 906874.058408124139532 ] } },
{ "type": "Feature", "properties": { "category": "food_beverage" }, "geometry": { "type": "Point", "coordinates": [ 242254.46861486393027, 902806.597586523275822 ] } },
{ "type": "Feature", "properties": { "category": "food_beverage" }, "geometry": { "type": "Point", "coordinates": [ 223774.62108529402758, 895925.945635945536196 ] } },
{ "type": "Feature", "properties": { "category": "food_beverage" }, "geometry": { "type": "Point", "coordinates": [ 240420.367370259016752, 904120.645724462810904 ] } },
{ "type": "Feature", "properties": { "category": "food_beverage" }, "geometry": { "type": "Point", "coordinates": [ 235229.115718635934172, 893284.168247453519143 ] } },
{ "type": "Feature", "properties": { "category": "food_beverage" }, "geometry": { "type": "Point", "coordinates": [ 225383.759418617206393, 897781.217337102163583 ] } },
{ "type": "Feature", "properties": { "category": "food_beverage" }, "geometry": { "type": "Point", "coordinates": [ 236659.974337395484326, 901480.554732227348723 ] } },
{ "type": "Feature", "properties": { "category": "food_beverage" }, "geometry": { "type": "Point", "coordinates": [ 224102.131202996679349, 903813.87202803301625 ] } },
{ "type": "Feature", "properties": { "category": "food_beverage" }, "geometry": { "type": "Point", "coordinates": [ 236073.708825930923922, 900515.80524336383678 ] } },
{ "type": "Feature", "properties": { "category": "food_beverage" }, "geometry": { "type": "Point", "coordinates": [ 239180.619824570952915, 891599.818965312559158 ] } },
{ "type": "Feature", "properties": { "category": "food_beverage" }, "geometry": { "type": "Point", "coordinates": [ 234668.727797912433743, 901688.493929884629324 ] } },
{ "type": "Feature", "properties": { "category": "food_beverage" }, "geometry": { "type": "Point", "coordinates": [ 244899.573967531701783, 912451.134436661726795 ] } },
{ "type": "Feature", "properties": { "category": "food_beverage" }, "geometry": { "type": "Point", "coordinates": [ 237975.433551678288495, 902916.123635355383158 ] } },
{ "type": "Feature", "properties": { "category": "food_beverage" }, "geometry": { "type": "Point", "coordinates": [ 242911.543067368678749, 888703.492116258013994 ] } },
{ "type": "Feature", "properties": { "category": "food_beverage" }, "geometry": { "type": "Point", "coordinates": [ 238871.43219892893103, 903317.576194446417503 ] } },
{ "type": "Feature", "properties": { "category": "food_beverage" }, "geometry": { "type": "Point", "coordinates": [ 226842.894453137647361, 908581.759098967420869 ] } },
{ "type": "Feature", "properties": { "category": "food_beverage" }, "geometry": { "type": "Point", "coordinates": [ 236210.884282582323067, 896452.512431165901944 ] } },
{ "type": "Feature", "properties": { "category": "food_beverage" }, "geometry": { "type": "Point", "coordinates": [ 245369.879532885563094, 912781.185175931779668 ] } },
{ "type": "Feature", "properties": { "category": "food_beverage" }, "geometry": { "type": "Point", "coordinates": [ 232557.446676085091894, 900807.208723162650131 ] } },
{ "type": "Feature", "properties": { "category": "food_beverage" }, "geometry": { "type": "Point", "coordinates": [ 220362.745983353466727, 902834.659849365823902 ] } },
{ "type": "Feature", "properties": { "category": "food_beverage" }, "geometry": { "type": "Point", "coordinates": [ 237614.692216053197626, 898915.474712722119875 ] } },
{ "type": "Feature", "properties": { "category": "food_beverage" }, "geometry": { "type": "Point", "coordinates": [ 230404.790463593060849, 900093.332278934540227 ] } },
{ "type": "Feature", "properties": { "category": "food_beverage" }, "geometry": { "type": "Point", "coordinates": [ 227418.136585160158575, 890560.911155071458779 ] } },
{ "type": "Feature", "properties": { "category": "food_beverage" }, "geometry": { "type": "Point", "coordinates": [ 236181.203052675700746, 902311.827556231175549 ] } },
{ "type": "Feature", "properties": { "category": "food_beverage" }, "geometry": { "type": "Point", "coordinates": [ 228029.830560437025269, 901374.735111189773306 ] } },
{ "type": "Feature", "properties": { "category": "food_beverage" }, "geometry": { "type": "Point", "coordinates": [ 233147.416217460355256, 899843.14557734853588 ] } },
{ "type": "Feature", "properties": { "category": "food_beverage" }, "geometry": { "type": "Point", "coordinates": [ 236021.900043934467249, 899500.508932556025684 ] } },
{ "type": "Feature", "properties": { "category": "food_beverage" }, "geometry": { "type": "Point", "coordinates": [ 235394.475422734481981, 900095.808791470830329 ] } },
{ "type": "Feature", "properties": { "category": "food_beverage" }, "geometry": { "type": "Point", "coordinates": [ 244407.572155828209361, 913384.422342247096822 ] } },
{ "type": "Feature", "properties": { "category": "food_beverage" }, "geometry": { "type": "Point", "coordinates": [ 233679.0292764447222, 901786.205289644887671 ] } },
{ "type": "Feature", "properties": { "category": "food_beverage" }, "geometry": { "type": "Point", "coordinates": [ 220231.174211333942367, 902878.488595776259899 ] } },
{ "type": "Feature", "properties": { "category": "food_beverage" }, "geometry": { "type": "Point", "coordinates": [ 238455.036638851859607, 910066.709600287023932 ] } },
{ "type": "Feature", "properties": { "category": "food_beverage" }, "geometry": { "type": "Point", "coordinates": [ 233087.098034998169169, 896149.429575762129389 ] } },
{ "type": "Feature", "properties": { "category": "food_beverage" }, "geometry": { "type": "Point", "coordinates": [ 231092.38760827871738, 905036.09877367131412 ] } },
{ "type": "Feature", "properties": { "category": "food_beverage" }, "geometry": { "type": "Point", "coordinates": [ 232332.593109545268817, 895114.794191453722306 ] } },
{ "type": "Feature", "properties": { "category": "food_beverage" }, "geometry": { "type": "Point", "coordinates": [ 227005.761209598713322, 888695.585708990460262 ] } },
{ "type": "Feature", "properties": { "category": "food_beverage" }, "geometry": { "type": "Point", "coordinates": [ 236162.428358631266747, 908162.604692413471639 ] } },
{ "type": "Feature", "properties": { "category": "food_beverage" }, "geometry": { "type": "Point", "coordinates": [ 236003.897991645120783, 901630.672460052417591 ] } },
{ "type": "Feature", "properties": { "category": "food_beverage" }, "geometry": { "type": "Point", "coordinates": [ 237891.969455779180862, 903273.457821794203483 ] } },
{ "type": "Feature", "properties": { "category": "food_beverage" }, "geometry": { "type": "Point", "coordinates": [ 234722.440834446868394, 900036.917285386822186 ] } },
{ "type": "Feature", "properties": { "category": "food_beverage" }, "geometry": { "type": "Point", "coordinates": [ 231139.26143500697799, 905104.619901211699471 ] } },
{ "type": "Feature", "properties": { "category": "food_beverage" }, "geometry": { "type": "Point", "coordinates": [ 230445.614882040244993, 900007.979291264666244 ] } },
{ "type": "Feature", "properties": { "category": "food_beverage" }, "geometry": { "type": "Point", "coordinates": [ 232581.280849171569571, 902293.987923365086317 ] } },
{ "type": "Feature", "properties": { "category": "food_beverage" }, "geometry": { "type": "Point", "coordinates": [ 238611.882317633135244, 905453.086024042451754 ] } },
{ "type": "Feature", "properties": { "category": "food_beverage" }, "geometry": { "type": "Point", "coordinates": [ 236045.934058594051749, 900630.184241939452477 ] } },
{ "type": "Feature", "properties": { "category": "food_beverage" }, "geometry": { "type": "Point", "coordinates": [ 233226.908965957030887, 907993.806046943878755 ] } },
{ "type": "Feature", "properties": { "category": "food_beverage" }, "geometry": { "type": "Point", "coordinates": [ 238505.454733877384569, 901632.606586294597946 ] } },
{ "type": "Feature", "properties": { "category": "food_beverage" }, "geometry": { "type": "Point", "coordinates": [ 228792.428200476657366, 907151.675195326562971 ] } },
{ "type": "Feature", "properties": { "category": "food_beverage" }, "geometry": { "type": "Point", "coordinates": [ 232727.374819199903868, 896069.992273843381554 ] } },
{ "type": "Feature", "properties": { "category": "food_beverage" }, "geometry": { "type": "Point", "coordinates": [ 236580.577175904036267, 901113.915738302981481 ] } },
{ "type": "Feature", "properties": { "category": "food_beverage" }, "geometry": { "type": "Point", "coordinates": [ 235319.780635482195066, 900695.254221284412779 ] } },
{ "type": "Feature", "properties": { "category": "food_beverage" }, "geometry": { "type": "Point", "coordinates": [ 239822.476845262630377, 890860.098738529253751 ] } },
{ "type": "Feature", "properties": { "category": "food_beverage" }, "geometry": { "type": "Point", "coordinates": [ 246257.334731025272049, 913463.248520421329886 ] } },
{ "type": "Feature", "properties": { "category": "food_beverage" }, "geometry": { "type": "Point", "coordinates": [ 240979.010349161399063, 888333.422730983584188 ] } },
{ "type": "Feature", "properties": { "category": "food_beverage" }, "geometry": { "type": "Point", "coordinates": [ 245233.237160769524053, 911957.075938914553262 ] } },
{ "type": "Feature", "properties": { "category": "food_beverage" }, "geometry": { "type": "Point", "coordinates": [ 235161.466613273369148, 898762.038973895134404 ] } },
{ "type": "Feature", "properties": { "category": "food_beverage" }, "geometry": { "type": "Point", "coordinates": [ 233509.191905857034726, 891976.506318517494947 ] } },
{ "type": "Feature", "properties": { "category": "food_beverage" }, "geometry": { "type": "Point", "coordinates": [ 226953.57383648265386, 888660.619200358516537 ] } },
{ "type": "Feature", "properties": { "category": "food_beverage" }, "geometry": { "type": "Point", "coordinates": [ 236874.252533813298214, 900880.964539477135986 ] } },
{ "type": "Feature", "properties": { "category": "food_beverage" }, "geometry": { "type": "Point", "coordinates": [ 231864.006138382770587, 902662.699027083348483 ] } },
{ "type": "Feature", "properties": { "category": "food_beverage" }, "geometry": { "type": "Point", "coordinates": [ 230614.813550660095643, 904760.63593323668465 ] } },
{ "type": "Feature", "properties": { "category": "food_beverage" }, "geometry": { "type": "Point", "coordinates": [ 236536.425914188323077, 900780.22919094550889 ] } },
{ "type": "Feature", "properties": { "category": "food_beverage" }, "geometry": { "type": "Point", "coordinates": [ 234484.7267747639562, 901985.944632877828553 ] } },
{ "type": "Feature", "properties": { "category": "food_beverage" }, "geometry": { "type": "Point", "coordinates": [ 228193.421400354854995, 892229.553450529812835 ] } },
{ "type": "Feature", "properties": { "category": "food_beverage" }, "geometry": { "type": "Point", "coordinates": [ 230258.067302505834959, 900605.87765620124992 ] } },
{ "type": "Feature", "properties": { "category": "food_beverage" }, "geometry": { "type": "Point", "coordinates": [ 231191.650271687976783, 899087.974585423595272 ] } },
{ "type": "Feature", "properties": { "category": "food_beverage" }, "geometry": { "type": "Point", "coordinates": [ 221607.445641455968143, 891623.764763342216611 ] } },
{ "type": "Feature", "properties": { "category": "food_beverage" }, "geometry": { "type": "Point", "coordinates": [ 234102.935583982907701, 899168.588154222816229 ] } },
{ "type": "Feature", "properties": { "category": "food_beverage" }, "geometry": { "type": "Point", "coordinates": [ 236238.954044383746805, 900904.096047925879247 ] } },
{ "type": "Feature", "properties": { "category": "food_beverage" }, "geometry": { "type": "Point", "coordinates": [ 236007.925919205707032, 912096.609736516606063 ] } },
{ "type": "Feature", "properties": { "category": "food_beverage" }, "geometry": { "type": "Point", "coordinates": [ 237439.695462420175318, 898367.260111078503542 ] } },
{ "type": "Feature", "properties": { "category": "food_beverage" }, "geometry": { "type": "Point", "coordinates": [ 223787.224128290952649, 902551.509184220223688 ] } },
{ "type": "Feature", "properties": { "category": "food_beverage" }, "geometry": { "type": "Point", "coordinates": [ 223937.326494403474499, 897848.121036269469187 ] } },
{ "type": "Feature", "properties": { "category": "food_beverage" }, "geometry": { "type": "Point", "coordinates": [ 236036.941547960159369, 899331.081247277325019 ] } },
{ "type": "Feature", "properties": { "category": "food_beverage" }, "geometry": { "type": "Point", "coordinates": [ 236413.643452090356732, 901882.599395097466186 ] } },
{ "type": "Feature", "properties": { "category": "food_beverage" }, "geometry": { "type": "Point", "coordinates": [ 237464.235783644369803, 892784.209229206549935 ] } },
{ "type": "Feature", "properties": { "category": "food_beverage" }, "geometry": { "type": "Point", "coordinates": [ 235818.300034288055031, 899401.497710834257305 ] } },
{ "type": "Feature", "properties": { "category": "food_beverage" }, "geometry": { "type": "Point", "coordinates": [ 232165.692930022865767, 892846.95943218737375 ] } },
{ "type": "Feature", "properties": { "category": "food_beverage" }, "geometry": { "type": "Point", "coordinates": [ 236294.84555975094554, 901774.349716369528323 ] } },
{ "type": "Feature", "properties": { "category": "food_beverage" }, "geometry": { "type": "Point", "coordinates": [ 234052.518463158397935, 899556.89343544235453 ] } },
{ "type": "Feature", "properties": { "category": "food_beverage" }, "geometry": { "type": "Point", "coordinates": [ 226789.052369328885106, 907444.768994208192453 ] } },
{ "type": "Feature", "properties": { "category": "food_beverage" }, "geometry": { "type": "Point", "coordinates": [ 236021.390115218062419, 900162.641900906106457 ] } },
{ "type": "Feature", "properties": { "category": "food_beverage" }, "geometry": { "type": "Point", "coordinates": [ 234445.97812767905998, 902412.961854768334888 ] } },
{ "type": "Feature", "properties": { "category": "food_beverage" }, "geometry": { "type": "Point", "coordinates": [ 245087.627310539071914, 912075.10708421363961 ] } },
{ "type": "Feature", "properties": { "category": "food_beverage" }, "geometry": { "type": "Point", "coordinates": [ 243082.129192420426989, 904081.48405837547034 ] } },
{ "type": "Feature", "properties": { "category": "food_beverage" }, "geometry": { "type": "Point", "coordinates": [ 236011.076692939328495, 906815.762762078433298 ] } },
{ "type": "Feature", "properties": { "category": "food_beverage" }, "geometry": { "type": "Point", "coordinates": [ 235380.099737602344248, 899678.083505566231906 ] } },
{ "type": "Feature", "properties": { "category": "food_beverage" }, "geometry": { "type": "Point", "coordinates": [ 236732.763912906957557, 907799.446762057254091 ] } },
{ "type": "Feature", "properties": { "category": "food_beverage" }, "geometry": { "type": "Point", "coordinates": [ 236573.648987248772755, 906397.79044499527663 ] } },
{ "type": "Feature", "properties": { "category": "food_beverage" }, "geometry": { "type": "Point", "coordinates": [ 246366.958594033902045, 912044.56704395415727 ] } },
{ "type": "Feature", "properties": { "category": "food_beverage" }, "geometry": { "type": "Point", "coordinates": [ 228135.112714517890709, 902299.323386249830946 ] } },
{ "type": "Feature", "properties": { "category": "food_beverage" }, "geometry": { "type": "Point", "coordinates": [ 239070.296319648361532, 901544.751473017851822 ] } },
{ "type": "Feature", "properties": { "category": "food_beverage" }, "geometry": { "type": "Point", "coordinates": [ 236977.812612049689051, 898139.549687884747982 ] } },
{ "type": "Feature", "properties": { "category": "food_beverage" }, "geometry": { "type": "Point", "coordinates": [ 240759.659127234102925, 886961.80633815843612 ] } },
{ "type": "Feature", "properties": { "category": "food_beverage" }, "geometry": { "type": "Point", "coordinates": [ 219311.934613599441946, 904897.073519930010661 ] } },
{ "type": "Feature", "properties": { "category": "food_beverage" }, "geometry": { "type": "Point", "coordinates": [ 237978.515776333282702, 899998.775619046064094 ] } },
{ "type": "Feature", "properties": { "category": "food_beverage" }, "geometry": { "type": "Point", "coordinates": [ 233905.512564047734486, 899677.701736939256079 ] } },
{ "type": "Feature", "properties": { "category": "food_beverage" }, "geometry": { "type": "Point", "coordinates": [ 244269.106279243947938, 911360.416974130552262 ] } },
{ "type": "Feature", "properties": { "category": "food_beverage" }, "geometry": { "type": "Point", "coordinates": [ 228267.762198305485072, 894050.609090234036557 ] } },
{ "type": "Feature", "properties": { "category": "food_beverage" }, "geometry": { "type": "Point", "coordinates": [ 235687.29789322448778, 898749.249256940791383 ] } },
{ "type": "Feature", "properties": { "category": "food_beverage" }, "geometry": { "type": "Point", "coordinates": [ 231173.462287953181658, 902629.609699018881656 ] } },
{ "type": "Feature", "properties": { "category": "food_beverage" }, "geometry": { "type": "Point", "coordinates": [ 234914.870990355440881, 899945.676038465695456 ] } },
{ "type": "Feature", "properties": { "category": "food_beverage" }, "geometry": { "type": "Point", "coordinates": [ 235788.336222730111331, 901061.961274331202731 ] } },
{ "type": "Feature", "properties": { "category": "food_beverage" }, "geometry": { "type": "Point", "coordinates": [ 236357.613931329426123, 900516.60192255768925 ] } },
{ "type": "Feature", "properties": { "category": "food_beverage" }, "geometry": { "type": "Point", "coordinates": [ 228123.16893231193535, 901291.133334094192833 ] } },
{ "type": "Feature", "properties": { "category": "food_beverage" }, "geometry": { "type": "Point", "coordinates": [ 236751.099567983910674, 899051.197506578988396 ] } },
{ "type": "Feature", "properties": { "category": "food_beverage" }, "geometry": { "type": "Point", "coordinates": [ 236382.628497765777865, 900681.793498502811417 ] } },
{ "type": "Feature", "properties": { "category": "food_beverage" }, "geometry": { "type": "Point", "coordinates": [ 236580.577175904036267, 901113.915738302981481 ] } },
{ "type": "Feature", "properties": { "category": "food_beverage" }, "geometry": { "type": "Point", "coordinates": [ 233281.146444985788548, 902242.951230948907323 ] } },
{ "type": "Feature", "properties": { "category": "food_beverage" }, "geometry": { "type": "Point", "coordinates": [ 239680.162915754772257, 903667.665078374440782 ] } },
{ "type": "Feature", "properties": { "category": "food_beverage" }, "geometry": { "type": "Point", "coordinates": [ 236654.491733140166616, 900999.779242010088637 ] } },
{ "type": "Feature", "properties": { "category": "food_beverage" }, "geometry": { "type": "Point", "coordinates": [ 227047.700743039662484, 888820.150782240787521 ] } },
{ "type": "Feature", "properties": { "category": "food_beverage" }, "geometry": { "type": "Point", "coordinates": [ 238205.871440714137862, 902947.475502308923751 ] } },
{ "type": "Feature", "properties": { "category": "food_beverage" }, "geometry": { "type": "Point", "coordinates": [ 235881.484376561886165, 899534.002637456636876 ] } },
{ "type": "Feature", "properties": { "category": "food_beverage" }, "geometry": { "type": "Point", "coordinates": [ 234764.337126416008687, 899895.500130824511871 ] } },
{ "type": "Feature", "properties": { "category": "food_beverage" }, "geometry": { "type": "Point", "coordinates": [ 233679.0292764447222, 901786.205289644887671 ] } },
{ "type": "Feature", "properties": { "category": "food_beverage" }, "geometry": { "type": "Point", "coordinates": [ 235520.266930361627601, 900181.751342227915302 ] } },
{ "type": "Feature", "properties": { "category": "food_beverage" }, "geometry": { "type": "Point", "coordinates": [ 236632.202697154309135, 901766.992119917762466 ] } },
{ "type": "Feature", "properties": { "category": "food_beverage" }, "geometry": { "type": "Point", "coordinates": [ 229554.812058715266176, 904855.399374605854973 ] } },
{ "type": "Feature", "properties": { "category": "food_beverage" }, "geometry": { "type": "Point", "coordinates": [ 236719.902764447848313, 900779.186165204970166 ] } },
{ "type": "Feature", "properties": { "category": "food_beverage" }, "geometry": { "type": "Point", "coordinates": [ 231224.64721902256133, 902472.883536319248378 ] } },
{ "type": "Feature", "properties": { "category": "food_beverage" }, "geometry": { "type": "Point", "coordinates": [ 241492.814456911582965, 906898.893500636564568 ] } },
{ "type": "Feature", "properties": { "category": "food_beverage" }, "geometry": { "type": "Point", "coordinates": [ 237670.373774900421267, 905172.717696804902516 ] } },
{ "type": "Feature", "properties": { "category": "food_beverage" }, "geometry": { "type": "Point", "coordinates": [ 238732.916436675761361, 902972.910748836584389 ] } },
{ "type": "Feature", "properties": { "category": "food_beverage" }, "geometry": { "type": "Point", "coordinates": [ 235273.956443479401059, 899401.965910666389391 ] } },
{ "type": "Feature", "properties": { "category": "food_beverage" }, "geometry": { "type": "Point", "coordinates": [ 237303.601707011315739, 900391.043137793196365 ] } },
{ "type": "Feature", "properties": { "category": "food_beverage" }, "geometry": { "type": "Point", "coordinates": [ 231497.048270965053234, 905644.836895580519922 ] } },
{ "type": "Feature", "properties": { "category": "food_beverage" }, "geometry": { "type": "Point", "coordinates": [ 245998.83980320347473, 915096.458081521326676 ] } },
{ "type": "Feature", "properties": { "category": "food_beverage" }, "geometry": { "type": "Point", "coordinates": [ 221884.861567293934058, 906154.140223258640617 ] } },
{ "type": "Feature", "properties": { "category": "food_beverage" }, "geometry": { "type": "Point", "coordinates": [ 231702.506188080355059, 901199.514339280547574 ] } },
{ "type": "Feature", "properties": { "category": "food_beverage" }, "geometry": { "type": "Point", "coordinates": [ 220872.800686036818661, 902916.799229033524171 ] } },
{ "type": "Feature", "properties": { "category": "food_beverage" }, "geometry": { "type": "Point", "coordinates": [ 232942.716936700802762, 899796.530145013472065 ] } },
{ "type": "Feature", "properties": { "category": "food_beverage" }, "geometry": { "type": "Point", "coordinates": [ 231557.31136779661756, 902400.947306043002754 ] } },
{ "type": "Feature", "properties": { "category": "food_beverage" }, "geometry": { "type": "Point", "coordinates": [ 238088.091239452303853, 905044.119423560681753 ] } },
{ "type": "Feature", "properties": { "category": "food_beverage" }, "geometry": { "type": "Point", "coordinates": [ 232930.690019536239561, 902696.165384397143498 ] } },
{ "type": "Feature", "properties": { "category": "food_beverage" }, "geometry": { "type": "Point", "coordinates": [ 231081.310707982076565, 905120.469599742791615 ] } },
{ "type": "Feature", "properties": { "category": "food_beverage" }, "geometry": { "type": "Point", "coordinates": [ 226127.403783704998204, 901798.828964682528749 ] } },
{ "type": "Feature", "properties": { "category": "food_beverage" }, "geometry": { "type": "Point", "coordinates": [ 226970.731741774710827, 888124.081764828995802 ] } },
{ "type": "Feature", "properties": { "category": "food_beverage" }, "geometry": { "type": "Point", "coordinates": [ 236990.921669069561176, 906929.603858786867931 ] } },
{ "type": "Feature", "properties": { "category": "food_beverage" }, "geometry": { "type": "Point", "coordinates": [ 220290.796537039015675, 905132.208955060574226 ] } },
{ "type": "Feature", "properties": { "category": "food_beverage" }, "geometry": { "type": "Point", "coordinates": [ 229926.429294762405334, 898465.661629931651987 ] } },
{ "type": "Feature", "properties": { "category": "food_beverage" }, "geometry": { "type": "Point", "coordinates": [ 245205.664454921847209, 912751.132655166089535 ] } },
{ "type": "Feature", "properties": { "category": "food_beverage" }, "geometry": { "type": "Point", "coordinates": [ 232377.420274770236574, 903170.230871026404202 ] } },
{ "type": "Feature", "properties": { "category": "food_beverage" }, "geometry": { "type": "Point", "coordinates": [ 237250.899349893123144, 900075.079539173399098 ] } },
{ "type": "Feature", "properties": { "category": "food_beverage" }, "geometry": { "type": "Point", "coordinates": [ 237670.373774900421267, 905172.717696804902516 ] } },
{ "type": "Feature", "properties": { "category": "food_beverage" }, "geometry": { "type": "Point", "coordinates": [ 236553.027102033840492, 906927.64358276873827 ] } },
{ "type": "Feature", "properties": { "category": "food_beverage" }, "geometry": { "type": "Point", "coordinates": [ 230073.309013003890868, 900347.606554200057872 ] } },
{ "type": "Feature", "properties": { "category": "food_beverage" }, "geometry": { "type": "Point", "coordinates": [ 238596.286146883387119, 905384.686440169927664 ] } },
{ "type": "Feature", "properties": { "category": "food_beverage" }, "geometry": { "type": "Point", "coordinates": [ 225086.132969622965902, 901639.414185950765386 ] } },
{ "type": "Feature", "properties": { "category": "food_beverage" }, "geometry": { "type": "Point", "coordinates": [ 232207.033232021669392, 896947.874379143468104 ] } },
{ "type": "Feature", "properties": { "category": "food_beverage" }, "geometry": { "type": "Point", "coordinates": [ 238732.916436675761361, 902972.910748836584389 ] } },
{ "type": "Feature", "properties": { "category": "food_beverage" }, "geometry": { "type": "Point", "coordinates": [ 238903.757922012533527, 894480.946369589306414 ] } },
{ "type": "Feature", "properties": { "category": "food_beverage" }, "geometry": { "type": "Point", "coordinates": [ 232796.656143703119596, 898324.847391433198936 ] } },
{ "type": "Feature", "properties": { "category": "food_beverage" }, "geometry": { "type": "Point", "coordinates": [ 236607.078462811157806, 900913.22428521187976 ] } },
{ "type": "Feature", "properties": { "category": "food_beverage" }, "geometry": { "type": "Point", "coordinates": [ 228779.751689279888524, 904500.505814350792207 ] } },
{ "type": "Feature", "properties": { "category": "food_beverage" }, "geometry": { "type": "Point", "coordinates": [ 239267.745307436038274, 908908.086582239251584 ] } },
{ "type": "Feature", "properties": { "category": "food_beverage" }, "geometry": { "type": "Point", "coordinates": [ 232211.166548440582119, 907544.531557198031805 ] } },
{ "type": "Feature", "properties": { "category": "food_beverage" }, "geometry": { "type": "Point", "coordinates": [ 219657.09603948701988, 901154.825578946620226 ] } },
{ "type": "Feature", "properties": { "category": "food_beverage" }, "geometry": { "type": "Point", "coordinates": [ 233558.369385580997914, 891195.098728286684491 ] } },
{ "type": "Feature", "properties": { "category": "food_beverage" }, "geometry": { "type": "Point", "coordinates": [ 232507.941822563501773, 901606.74095187918283 ] } },
{ "type": "Feature", "properties": { "category": "food_beverage" }, "geometry": { "type": "Point", "coordinates": [ 237097.461427579371957, 908123.829541153972968 ] } },
{ "type": "Feature", "properties": { "category": "food_beverage" }, "geometry": { "type": "Point", "coordinates": [ 234944.455944045213982, 898801.055774537147954 ] } },
{ "type": "Feature", "properties": { "category": "food_beverage" }, "geometry": { "type": "Point", "coordinates": [ 236843.396407160442322, 905129.230421194806695 ] } },
{ "type": "Feature", "properties": { "category": "food_beverage" }, "geometry": { "type": "Point", "coordinates": [ 238032.766172335366718, 899931.422421754687093 ] } },
{ "type": "Feature", "properties": { "category": "food_beverage" }, "geometry": { "type": "Point", "coordinates": [ 238830.39427019492723, 912769.597710315836594 ] } },
{ "type": "Feature", "properties": { "category": "food_beverage" }, "geometry": { "type": "Point", "coordinates": [ 226095.305294923076872, 901636.425191729795188 ] } },
{ "type": "Feature", "properties": { "category": "food_beverage" }, "geometry": { "type": "Point", "coordinates": [ 236920.077282061858568, 905985.166031779721379 ] } },
{ "type": "Feature", "properties": { "category": "food_beverage" }, "geometry": { "type": "Point", "coordinates": [ 236052.824730660009664, 901069.533734648488462 ] } },
{ "type": "Feature", "properties": { "category": "food_beverage" }, "geometry": { "type": "Point", "coordinates": [ 233423.082531769090565, 903329.971797493984923 ] } },
{ "type": "Feature", "properties": { "category": "food_beverage" }, "geometry": { "type": "Point", "coordinates": [ 234980.864447542902781, 899731.401794233941473 ] } },
{ "type": "Feature", "properties": { "category": "food_beverage" }, "geometry": { "type": "Point", "coordinates": [ 225896.273953404626809, 901037.313890975085087 ] } },
{ "type": "Feature", "properties": { "category": "food_beverage" }, "geometry": { "type": "Point", "coordinates": [ 223897.572495555068599, 902726.275775270769373 ] } },
{ "type": "Feature", "properties": { "category": "food_beverage" }, "geometry": { "type": "Point", "coordinates": [ 236748.173852833337151, 900886.968748307554051 ] } },
{ "type": "Feature", "properties": { "category": "food_beverage" }, "geometry": { "type": "Point", "coordinates": [ 235746.638997852482134, 900189.786010773852468 ] } },
{ "type": "Feature", "properties": { "category": "food_beverage" }, "geometry": { "type": "Point", "coordinates": [ 227112.711310531158233, 888824.954970201011747 ] } },
{ "type": "Feature", "properties": { "category": "food_beverage" }, "geometry": { "type": "Point", "coordinates": [ 232597.915869465097785, 906428.303379842080176 ] } },
{ "type": "Feature", "properties": { "category": "food_beverage" }, "geometry": { "type": "Point", "coordinates": [ 236107.183610987791326, 901777.381611859076656 ] } },
{ "type": "Feature", "properties": { "category": "food_beverage" }, "geometry": { "type": "Point", "coordinates": [ 235375.387218003859743, 901186.943591541028582 ] } },
{ "type": "Feature", "properties": { "category": "food_beverage" }, "geometry": { "type": "Point", "coordinates": [ 234927.747352947684703, 899675.820855443831533 ] } },
{ "type": "Feature", "properties": { "category": "food_beverage" }, "geometry": { "type": "Point", "coordinates": [ 236090.596670087892562, 900740.714068956323899 ] } },
{ "type": "Feature", "properties": { "category": "food_beverage" }, "geometry": { "type": "Point", "coordinates": [ 233006.412666362739401, 898040.915778341819532 ] } },
{ "type": "Feature", "properties": { "category": "food_beverage" }, "geometry": { "type": "Point", "coordinates": [ 234962.848327700456139, 901878.117997785797343 ] } },
{ "type": "Feature", "properties": { "category": "food_beverage" }, "geometry": { "type": "Point", "coordinates": [ 247239.647740351501852, 913661.079091459629126 ] } },
{ "type": "Feature", "properties": { "category": "food_beverage" }, "geometry": { "type": "Point", "coordinates": [ 230331.31236207933398, 900318.724446645588614 ] } },
{ "type": "Feature", "properties": { "category": "food_beverage" }, "geometry": { "type": "Point", "coordinates": [ 231825.267807084164815, 895862.803086650790647 ] } },
{ "type": "Feature", "properties": { "category": "food_beverage" }, "geometry": { "type": "Point", "coordinates": [ 232823.776773005491123, 901534.120258706156164 ] } },
{ "type": "Feature", "properties": { "category": "food_beverage" }, "geometry": { "type": "Point", "coordinates": [ 244955.692580868606456, 914423.310275966417976 ] } },
{ "type": "Feature", "properties": { "category": "food_beverage" }, "geometry": { "type": "Point", "coordinates": [ 231628.292832460574573, 902478.021539977518842 ] } },
{ "type": "Feature", "properties": { "category": "food_beverage" }, "geometry": { "type": "Point", "coordinates": [ 228663.644635762961116, 907184.471943579264916 ] } },
{ "type": "Feature", "properties": { "category": "food_beverage" }, "geometry": { "type": "Point", "coordinates": [ 230856.226296676468337, 898514.890110081294551 ] } },
{ "type": "Feature", "properties": { "category": "food_beverage" }, "geometry": { "type": "Point", "coordinates": [ 233165.924932403548155, 899849.564329546527006 ] } },
{ "type": "Feature", "properties": { "category": "food_beverage" }, "geometry": { "type": "Point", "coordinates": [ 225917.886415054410463, 900940.200763238593936 ] } },
{ "type": "Feature", "properties": { "category": "food_beverage" }, "geometry": { "type": "Point", "coordinates": [ 234018.271048253984191, 901882.033987342962064 ] } },
{ "type": "Feature", "properties": { "category": "food_beverage" }, "geometry": { "type": "Point", "coordinates": [ 231791.590855498798192, 895853.542454655747861 ] } },
{ "type": "Feature", "properties": { "category": "food_beverage" }, "geometry": { "type": "Point", "coordinates": [ 235130.463737986458, 899935.975884847226553 ] } },
{ "type": "Feature", "properties": { "category": "food_beverage" }, "geometry": { "type": "Point", "coordinates": [ 236746.152043515467085, 900974.265671059023589 ] } },
{ "type": "Feature", "properties": { "category": "food_beverage" }, "geometry": { "type": "Point", "coordinates": [ 234061.811516631743871, 899832.633454585447907 ] } },
{ "type": "Feature", "properties": { "category": "food_beverage" }, "geometry": { "type": "Point", "coordinates": [ 236046.411098831915297, 901581.016267827479169 ] } },
{ "type": "Feature", "properties": { "category": "food_beverage" }, "geometry": { "type": "Point", "coordinates": [ 238732.916436675761361, 902972.910748836584389 ] } },
{ "type": "Feature", "properties": { "category": "food_beverage" }, "geometry": { "type": "Point", "coordinates": [ 233013.27948888175888, 899246.027246211771853 ] } },
{ "type": "Feature", "properties": { "category": "food_beverage" }, "geometry": { "type": "Point", "coordinates": [ 237431.155768476979574, 905782.374918878776953 ] } },
{ "type": "Feature", "properties": { "category": "food_beverage" }, "geometry": { "type": "Point", "coordinates": [ 232686.752790987200569, 901806.844652561354451 ] } },
{ "type": "Feature", "properties": { "category": "food_beverage" }, "geometry": { "type": "Point", "coordinates": [ 230562.925163458654424, 901432.727152559673414 ] } },
{ "type": "Feature", "properties": { "category": "food_beverage" }, "geometry": { "type": "Point", "coordinates": [ 236555.673437656194437, 899233.790038587991148 ] } },
{ "type": "Feature", "properties": { "category": "food_beverage" }, "geometry": { "type": "Point", "coordinates": [ 230399.622719786711968, 899992.78472234448418 ] } },
{ "type": "Feature", "properties": { "category": "food_beverage" }, "geometry": { "type": "Point", "coordinates": [ 228646.664091624057619, 893021.689316954929382 ] } },
{ "type": "Feature", "properties": { "category": "food_beverage" }, "geometry": { "type": "Point", "coordinates": [ 244093.332691454794258, 912652.854682737146504 ] } },
{ "type": "Feature", "properties": { "category": "food_beverage" }, "geometry": { "type": "Point", "coordinates": [ 233104.486047601676546, 903445.095529189100489 ] } },
{ "type": "Feature", "properties": { "category": "food_beverage" }, "geometry": { "type": "Point", "coordinates": [ 239152.295375978486845, 891575.446625779266469 ] } },
{ "type": "Feature", "properties": { "category": "food_beverage" }, "geometry": { "type": "Point", "coordinates": [ 231998.991083928034641, 892614.494365956401452 ] } },
{ "type": "Feature", "properties": { "category": "food_beverage" }, "geometry": { "type": "Point", "coordinates": [ 235704.322017884551315, 897490.382887605577707 ] } },
{ "type": "Feature", "properties": { "category": "food_beverage" }, "geometry": { "type": "Point", "coordinates": [ 221670.317717329890002, 902156.221964327734895 ] } },
{ "type": "Feature", "properties": { "category": "food_beverage" }, "geometry": { "type": "Point", "coordinates": [ 239056.328894020523876, 906040.377665273263119 ] } },
{ "type": "Feature", "properties": { "category": "food_beverage" }, "geometry": { "type": "Point", "coordinates": [ 230739.850982922391267, 899459.537481699488126 ] } },
{ "type": "Feature", "properties": { "category": "food_beverage" }, "geometry": { "type": "Point", "coordinates": [ 236564.353368719981518, 901461.173152744537219 ] } },
{ "type": "Feature", "properties": { "category": "food_beverage" }, "geometry": { "type": "Point", "coordinates": [ 232248.394488820980769, 906158.988637072849087 ] } },
{ "type": "Feature", "properties": { "category": "food_beverage" }, "geometry": { "type": "Point", "coordinates": [ 222170.781344889110187, 902965.540175477974117 ] } },
{ "type": "Feature", "properties": { "category": "food_beverage" }, "geometry": { "type": "Point", "coordinates": [ 235846.484304052835796, 898900.014177037286572 ] } },
{ "type": "Feature", "properties": { "category": "food_beverage" }, "geometry": { "type": "Point", "coordinates": [ 235738.817388952506008, 900123.876983387861401 ] } },
{ "type": "Feature", "properties": { "category": "food_beverage" }, "geometry": { "type": "Point", "coordinates": [ 239070.296319648361532, 901544.751473017851822 ] } },
{ "type": "Feature", "properties": { "category": "food_beverage" }, "geometry": { "type": "Point", "coordinates": [ 234819.282701070711482, 893122.844080246286467 ] } },
{ "type": "Feature", "properties": { "category": "food_beverage" }, "geometry": { "type": "Point", "coordinates": [ 227164.017533071251819, 896947.686163416597992 ] } },
{ "type": "Feature", "properties": { "category": "food_beverage" }, "geometry": { "type": "Point", "coordinates": [ 236135.611785348504782, 902400.122479356592521 ] } },
{ "type": "Feature", "properties": { "category": "food_beverage" }, "geometry": { "type": "Point", "coordinates": [ 221651.017095766816055, 901977.771965786349028 ] } },
{ "type": "Feature", "properties": { "category": "food_beverage" }, "geometry": { "type": "Point", "coordinates": [ 235226.331491036515217, 899286.31724981951993 ] } },
{ "type": "Feature", "properties": { "category": "food_beverage" }, "geometry": { "type": "Point", "coordinates": [ 235992.656579010072164, 901139.648866226896644 ] } },
{ "type": "Feature", "properties": { "category": "food_beverage" }, "geometry": { "type": "Point", "coordinates": [ 225623.207636429608101, 898498.9760587165365 ] } },
{ "type": "Feature", "properties": { "category": "food_beverage" }, "geometry": { "type": "Point", "coordinates": [ 231221.767156783462269, 904954.807743945624679 ] } },
{ "type": "Feature", "properties": { "category": "food_beverage" }, "geometry": { "type": "Point", "coordinates": [ 234062.952345238009002, 904371.298084097797982 ] } },
{ "type": "Feature", "properties": { "category": "food_beverage" }, "geometry": { "type": "Point", "coordinates": [ 236716.063055413309485, 900568.006482527707703 ] } },
{ "type": "Feature", "properties": { "category": "food_beverage" }, "geometry": { "type": "Point", "coordinates": [ 236020.527256386878435, 906786.708402508636937 ] } },
{ "type": "Feature", "properties": { "category": "food_beverage" }, "geometry": { "type": "Point", "coordinates": [ 239574.278268710506381, 915265.204891256988049 ] } },
{ "type": "Feature", "properties": { "category": "food_beverage" }, "geometry": { "type": "Point", "coordinates": [ 235687.21210297360085, 898749.91528740990907 ] } },
{ "type": "Feature", "properties": { "category": "food_beverage" }, "geometry": { "type": "Point", "coordinates": [ 235666.376720381347695, 900289.681634208420292 ] } },
{ "type": "Feature", "properties": { "category": "food_beverage" }, "geometry": { "type": "Point", "coordinates": [ 226842.894453137647361, 908581.759098967420869 ] } },
{ "type": "Feature", "properties": { "category": "food_beverage" }, "geometry": { "type": "Point", "coordinates": [ 229758.749060016416479, 898770.745316674467176 ] } },
{ "type": "Feature", "properties": { "category": "food_beverage" }, "geometry": { "type": "Point", "coordinates": [ 228836.838243121484993, 894694.495662346016616 ] } },
{ "type": "Feature", "properties": { "category": "food_beverage" }, "geometry": { "type": "Point", "coordinates": [ 227621.741397387377219, 901414.884201382054016 ] } },
{ "type": "Feature", "properties": { "category": "food_beverage" }, "geometry": { "type": "Point", "coordinates": [ 236209.17127452843124, 900128.839507904252969 ] } },
{ "type": "Feature", "properties": { "category": "food_beverage" }, "geometry": { "type": "Point", "coordinates": [ 231192.339550182921812, 899192.612579044187441 ] } },
{ "type": "Feature", "properties": { "category": "food_beverage" }, "geometry": { "type": "Point", "coordinates": [ 241663.643160485022236, 906602.98829791881144 ] } },
{ "type": "Feature", "properties": { "category": "food_beverage" }, "geometry": { "type": "Point", "coordinates": [ 230118.170430743077304, 901875.451503549003974 ] } },
{ "type": "Feature", "properties": { "category": "food_beverage" }, "geometry": { "type": "Point", "coordinates": [ 234057.792027945426526, 906131.209030883270316 ] } },
{ "type": "Feature", "properties": { "category": "food_beverage" }, "geometry": { "type": "Point", "coordinates": [ 219566.275912852666806, 905337.424754024716094 ] } },
{ "type": "Feature", "properties": { "category": "food_beverage" }, "geometry": { "type": "Point", "coordinates": [ 234399.384147562552243, 899715.424424112192355 ] } },
{ "type": "Feature", "properties": { "category": "food_beverage" }, "geometry": { "type": "Point", "coordinates": [ 233897.779155498719774, 899675.220722434576601 ] } },
{ "type": "Feature", "properties": { "category": "food_beverage" }, "geometry": { "type": "Point", "coordinates": [ 239070.296319648361532, 901544.751473017851822 ] } },
{ "type": "Feature", "properties": { "category": "food_beverage" }, "geometry": { "type": "Point", "coordinates": [ 234715.551880391984014, 899947.021255002124235 ] } },
{ "type": "Feature", "properties": { "category": "food_beverage" }, "geometry": { "type": "Point", "coordinates": [ 240652.241976635996252, 908089.975480204331689 ] } },
{ "type": "Feature", "properties": { "category": "food_beverage" }, "geometry": { "type": "Point", "coordinates": [ 231329.371508143056417, 902519.558303343364969 ] } },
{ "type": "Feature", "properties": { "category": "food_beverage" }, "geometry": { "type": "Point", "coordinates": [ 231025.58306137874024, 899111.787679143017158 ] } },
{ "type": "Feature", "properties": { "category": "food_beverage" }, "geometry": { "type": "Point", "coordinates": [ 237405.430274715705309, 898441.166542251245119 ] } },
{ "type": "Feature", "properties": { "category": "food_beverage" }, "geometry": { "type": "Point", "coordinates": [ 237047.814099276933121, 898743.625656747957692 ] } },
{ "type": "Feature", "properties": { "category": "food_beverage" }, "geometry": { "type": "Point", "coordinates": [ 236097.767526008246932, 900579.687618916388601 ] } },
{ "type": "Feature", "properties": { "category": "food_beverage" }, "geometry": { "type": "Point", "coordinates": [ 230974.546306056930916, 899024.811132937436923 ] } },
{ "type": "Feature", "properties": { "category": "food_beverage" }, "geometry": { "type": "Point", "coordinates": [ 236049.488240033359034, 900949.107847022474743 ] } },
{ "type": "Feature", "properties": { "category": "food_beverage" }, "geometry": { "type": "Point", "coordinates": [ 237648.309185363468714, 904957.549924334511161 ] } },
{ "type": "Feature", "properties": { "category": "food_beverage" }, "geometry": { "type": "Point", "coordinates": [ 227324.80598735876265, 900135.442889426485635 ] } },
{ "type": "Feature", "properties": { "category": "food_beverage" }, "geometry": { "type": "Point", "coordinates": [ 233829.646736794587923, 899450.515464327530935 ] } },
{ "type": "Feature", "properties": { "category": "food_beverage" }, "geometry": { "type": "Point", "coordinates": [ 229900.623441215604544, 900443.840431354823522 ] } },
{ "type": "Feature", "properties": { "category": "food_beverage" }, "geometry": { "type": "Point", "coordinates": [ 230330.834319329325808, 900047.693049574503675 ] } },
{ "type": "Feature", "properties": { "category": "food_beverage" }, "geometry": { "type": "Point", "coordinates": [ 237853.49216354143573, 907110.485094841802493 ] } },
{ "type": "Feature", "properties": { "category": "food_beverage" }, "geometry": { "type": "Point", "coordinates": [ 232389.908208948880201, 899549.145554485032335 ] } },
{ "type": "Feature", "properties": { "category": "food_beverage" }, "geometry": { "type": "Point", "coordinates": [ 236669.0825092405139, 901045.397453206242062 ] } },
{ "type": "Feature", "properties": { "category": "food_beverage" }, "geometry": { "type": "Point", "coordinates": [ 230434.295523389650043, 900300.619728742400184 ] } },
{ "type": "Feature", "properties": { "category": "food_beverage" }, "geometry": { "type": "Point", "coordinates": [ 232208.841914954246022, 907602.726515673333779 ] } },
{ "type": "Feature", "properties": { "category": "food_beverage" }, "geometry": { "type": "Point", "coordinates": [ 235317.239811454317532, 899446.614393195603043 ] } },
{ "type": "Feature", "properties": { "category": "food_beverage" }, "geometry": { "type": "Point", "coordinates": [ 232942.716936700802762, 899796.530145013472065 ] } },
{ "type": "Feature", "properties": { "category": "food_beverage" }, "geometry": { "type": "Point", "coordinates": [ 239061.266668648866471, 913136.781337936758064 ] } },
{ "type": "Feature", "properties": { "category": "food_beverage" }, "geometry": { "type": "Point", "coordinates": [ 230420.512391133961501, 901409.893551995279267 ] } },
{ "type": "Feature", "properties": { "category": "food_beverage" }, "geometry": { "type": "Point", "coordinates": [ 230295.042653013719246, 900514.0646496306872 ] } },
{ "type": "Feature", "properties": { "category": "food_beverage" }, "geometry": { "type": "Point", "coordinates": [ 231345.234815493837232, 903578.982912955223583 ] } },
{ "type": "Feature", "properties": { "category": "food_beverage" }, "geometry": { "type": "Point", "coordinates": [ 231206.732598200731445, 902445.145471677649766 ] } },
{ "type": "Feature", "properties": { "category": "food_beverage" }, "geometry": { "type": "Point", "coordinates": [ 236632.202697154309135, 901766.992119917762466 ] } },
{ "type": "Feature", "properties": { "category": "food_beverage" }, "geometry": { "type": "Point", "coordinates": [ 233625.895173489494482, 896878.318280755192973 ] } },
{ "type": "Feature", "properties": { "category": "food_beverage" }, "geometry": { "type": "Point", "coordinates": [ 229437.485103830462322, 906170.634446866693906 ] } },
{ "type": "Feature", "properties": { "category": "food_beverage" }, "geometry": { "type": "Point", "coordinates": [ 240751.768838885589503, 904057.023953943629749 ] } },
{ "type": "Feature", "properties": { "category": "food_beverage" }, "geometry": { "type": "Point", "coordinates": [ 221848.789297651848756, 893703.177342425333336 ] } },
{ "type": "Feature", "properties": { "category": "food_beverage" }, "geometry": { "type": "Point", "coordinates": [ 235406.900702592160087, 900164.406479933531955 ] } },
{ "type": "Feature", "properties": { "category": "food_beverage" }, "geometry": { "type": "Point", "coordinates": [ 239962.239219718263485, 890844.784983274643309 ] } },
{ "type": "Feature", "properties": { "category": "food_beverage" }, "geometry": { "type": "Point", "coordinates": [ 233433.80625629905262, 899864.051875324221328 ] } },
{ "type": "Feature", "properties": { "category": "food_beverage" }, "geometry": { "type": "Point", "coordinates": [ 236072.673699700069847, 901214.925932917743921 ] } },
{ "type": "Feature", "properties": { "category": "food_beverage" }, "geometry": { "type": "Point", "coordinates": [ 219639.743674544093665, 904944.191091360989958 ] } },
{ "type": "Feature", "properties": { "category": "food_beverage" }, "geometry": { "type": "Point", "coordinates": [ 232703.127764981909422, 896993.706640581600368 ] } },
{ "type": "Feature", "properties": { "category": "food_beverage" }, "geometry": { "type": "Point", "coordinates": [ 236392.238043794874102, 900910.219997654552571 ] } },
{ "type": "Feature", "properties": { "category": "food_beverage" }, "geometry": { "type": "Point", "coordinates": [ 225884.826680237223627, 901215.217912771040574 ] } },
{ "type": "Feature", "properties": { "category": "food_beverage" }, "geometry": { "type": "Point", "coordinates": [ 236210.884282582323067, 896452.512431165901944 ] } },
{ "type": "Feature", "properties": { "category": "food_beverage" }, "geometry": { "type": "Point", "coordinates": [ 237303.601707011315739, 900391.043137793196365 ] } },
{ "type": "Feature", "properties": { "category": "food_beverage" }, "geometry": { "type": "Point", "coordinates": [ 229003.933476269448875, 899959.227721767267212 ] } },
{ "type": "Feature", "properties": { "category": "food_beverage" }, "geometry": { "type": "Point", "coordinates": [ 236427.967561856901739, 900199.838338579749689 ] } },
{ "type": "Feature", "properties": { "category": "food_beverage" }, "geometry": { "type": "Point", "coordinates": [ 229682.276646084792446, 905924.84768313053064 ] } },
{ "type": "Feature", "properties": { "category": "food_beverage" }, "geometry": { "type": "Point", "coordinates": [ 238890.538080641010311, 899418.270551662077196 ] } },
{ "type": "Feature", "properties": { "category": "food_beverage" }, "geometry": { "type": "Point", "coordinates": [ 236630.433133296784945, 906385.090160283725709 ] } },
{ "type": "Feature", "properties": { "category": "food_beverage" }, "geometry": { "type": "Point", "coordinates": [ 228099.65241170162335, 901342.023914694669656 ] } },
{ "type": "Feature", "properties": { "category": "food_beverage" }, "geometry": { "type": "Point", "coordinates": [ 232523.045582526945509, 895437.683725406066515 ] } },
{ "type": "Feature", "properties": { "category": "food_beverage" }, "geometry": { "type": "Point", "coordinates": [ 235982.472690802213037, 902725.796301798662171 ] } },
{ "type": "Feature", "properties": { "category": "food_beverage" }, "geometry": { "type": "Point", "coordinates": [ 235225.828001640096772, 909598.10512287192978 ] } },
{ "type": "Feature", "properties": { "category": "food_beverage" }, "geometry": { "type": "Point", "coordinates": [ 228449.396297292405507, 907346.442444156738929 ] } },
{ "type": "Feature", "properties": { "category": "food_beverage" }, "geometry": { "type": "Point", "coordinates": [ 227578.179321825824445, 907513.139141583815217 ] } },
{ "type": "Feature", "properties": { "category": "food_beverage" }, "geometry": { "type": "Point", "coordinates": [ 221022.537976490828441, 902913.580177098629065 ] } },
{ "type": "Feature", "properties": { "category": "food_beverage" }, "geometry": { "type": "Point", "coordinates": [ 232784.631929172726814, 898605.817101510241628 ] } },
{ "type": "Feature", "properties": { "category": "food_beverage" }, "geometry": { "type": "Point", "coordinates": [ 234509.627932486124337, 900001.43490045517683 ] } },
{ "type": "Feature", "properties": { "category": "food_beverage" }, "geometry": { "type": "Point", "coordinates": [ 233869.076037018559873, 893349.24385160044767 ] } },
{ "type": "Feature", "properties": { "category": "food_beverage" }, "geometry": { "type": "Point", "coordinates": [ 234301.294253649422899, 892303.888411940541118 ] } },
{ "type": "Feature", "properties": { "category": "food_beverage" }, "geometry": { "type": "Point", "coordinates": [ 237204.295625765778823, 900115.931557981297374 ] } },
{ "type": "Feature", "properties": { "category": "food_beverage" }, "geometry": { "type": "Point", "coordinates": [ 236106.982675859733718, 903515.093805535812862 ] } },
{ "type": "Feature", "properties": { "category": "food_beverage" }, "geometry": { "type": "Point", "coordinates": [ 231286.011618333955994, 903563.278977131703869 ] } },
{ "type": "Feature", "properties": { "category": "food_beverage" }, "geometry": { "type": "Point", "coordinates": [ 227005.761209598713322, 888695.585708990460262 ] } },
{ "type": "Feature", "properties": { "category": "food_beverage" }, "geometry": { "type": "Point", "coordinates": [ 234640.539285414677579, 900104.270609292783774 ] } },
{ "type": "Feature", "properties": { "category": "food_beverage" }, "geometry": { "type": "Point", "coordinates": [ 234102.935583982907701, 899168.588154222816229 ] } },
{ "type": "Feature", "properties": { "category": "food_beverage" }, "geometry": { "type": "Point", "coordinates": [ 221795.150454477319727, 892410.313145773601718 ] } },
{ "type": "Feature", "properties": { "category": "food_beverage" }, "geometry": { "type": "Point", "coordinates": [ 226970.731741774710827, 888124.081764828995802 ] } },
{ "type": "Feature", "properties": { "category": "food_beverage" }, "geometry": { "type": "Point", "coordinates": [ 230971.996961715776706, 905096.104703935561702 ] } },
{ "type": "Feature", "properties": { "category": "food_beverage" }, "geometry": { "type": "Point", "coordinates": [ 236243.197870861855336, 894165.048372719902545 ] } },
{ "type": "Feature", "properties": { "category": "food_beverage" }, "geometry": { "type": "Point", "coordinates": [ 236035.071387935924577, 900965.140235953847878 ] } },
{ "type": "Feature", "properties": { "category": "food_beverage" }, "geometry": { "type": "Point", "coordinates": [ 237333.045248513633851, 909368.731508932425641 ] } },
{ "type": "Feature", "properties": { "category": "food_beverage" }, "geometry": { "type": "Point", "coordinates": [ 235402.26017543792841, 900840.181873498018831 ] } },
{ "type": "Feature", "properties": { "category": "food_beverage" }, "geometry": { "type": "Point", "coordinates": [ 241948.12913269927958, 905942.090462976833805 ] } },
{ "type": "Feature", "properties": { "category": "food_beverage" }, "geometry": { "type": "Point", "coordinates": [ 231484.021808087301906, 894043.499094709288329 ] } },
{ "type": "Feature", "properties": { "category": "food_beverage" }, "geometry": { "type": "Point", "coordinates": [ 241215.007144348870497, 889017.36312027880922 ] } },
{ "type": "Feature", "properties": { "category": "food_beverage" }, "geometry": { "type": "Point", "coordinates": [ 234652.232953076134436, 905081.420417530927807 ] } },
{ "type": "Feature", "properties": { "category": "food_beverage" }, "geometry": { "type": "Point", "coordinates": [ 235240.601718199264724, 899874.990154809784144 ] } },
{ "type": "Feature", "properties": { "category": "food_beverage" }, "geometry": { "type": "Point", "coordinates": [ 221848.789297651848756, 893703.177342425333336 ] } },
{ "type": "Feature", "properties": { "category": "food_beverage" }, "geometry": { "type": "Point", "coordinates": [ 236067.200366475415649, 900146.548394256969914 ] } },
{ "type": "Feature", "properties": { "category": "food_beverage" }, "geometry": { "type": "Point", "coordinates": [ 230314.044573799095815, 907923.305766090750694 ] } },
{ "type": "Feature", "properties": { "category": "food_beverage" }, "geometry": { "type": "Point", "coordinates": [ 234750.22366061800858, 904596.267347248154692 ] } },
{ "type": "Feature", "properties": { "category": "food_beverage" }, "geometry": { "type": "Point", "coordinates": [ 236101.033704927220242, 900970.25518118403852 ] } },
{ "type": "Feature", "properties": { "category": "food_beverage" }, "geometry": { "type": "Point", "coordinates": [ 232942.716936700802762, 899796.530145013472065 ] } },
{ "type": "Feature", "properties": { "category": "food_beverage" }, "geometry": { "type": "Point", "coordinates": [ 236085.445884527638555, 900733.023224483360536 ] } },
{ "type": "Feature", "properties": { "category": "food_beverage" }, "geometry": { "type": "Point", "coordinates": [ 236770.53031504835235, 900550.518774202326313 ] } },
{ "type": "Feature", "properties": { "category": "food_beverage" }, "geometry": { "type": "Point", "coordinates": [ 230476.427520750527037, 905191.574775230372325 ] } },
{ "type": "Feature", "properties": { "category": "food_beverage" }, "geometry": { "type": "Point", "coordinates": [ 233153.849545585981105, 896329.355410616495647 ] } },
{ "type": "Feature", "properties": { "category": "food_beverage" }, "geometry": { "type": "Point", "coordinates": [ 241048.943156331370119, 889021.946499086101539 ] } },
{ "type": "Feature", "properties": { "category": "food_beverage" }, "geometry": { "type": "Point", "coordinates": [ 223256.665373114927206, 902071.76560477016028 ] } },
{ "type": "Feature", "properties": { "category": "food_beverage" }, "geometry": { "type": "Point", "coordinates": [ 230335.623871077405056, 907519.514500732766464 ] } },
{ "type": "Feature", "properties": { "category": "food_beverage" }, "geometry": { "type": "Point", "coordinates": [ 231930.660854796762578, 894530.139069665572606 ] } },
{ "type": "Feature", "properties": { "category": "food_beverage" }, "geometry": { "type": "Point", "coordinates": [ 233872.288677418022417, 899339.421015802072361 ] } },
{ "type": "Feature", "properties": { "category": "food_beverage" }, "geometry": { "type": "Point", "coordinates": [ 232991.005741378641687, 901532.793000006000511 ] } },
{ "type": "Feature", "properties": { "category": "food_beverage" }, "geometry": { "type": "Point", "coordinates": [ 240394.753106025978923, 911001.577181657426991 ] } },
{ "type": "Feature", "properties": { "category": "food_beverage" }, "geometry": { "type": "Point", "coordinates": [ 236552.854772073711501, 901217.074266102048568 ] } },
{ "type": "Feature", "properties": { "category": "food_beverage" }, "geometry": { "type": "Point", "coordinates": [ 237486.071183782711159, 907801.318464919924736 ] } },
{ "type": "Feature", "properties": { "category": "food_beverage" }, "geometry": { "type": "Point", "coordinates": [ 226775.344019101554295, 896541.987385128857568 ] } },
{ "type": "Feature", "properties": { "category": "food_beverage" }, "geometry": { "type": "Point", "coordinates": [ 241215.007144348870497, 889017.36312027880922 ] } },
{ "type": "Feature", "properties": { "category": "food_beverage" }, "geometry": { "type": "Point", "coordinates": [ 223602.822576841834234, 895456.958427038043737 ] } },
{ "type": "Feature", "properties": { "category": "food_beverage" }, "geometry": { "type": "Point", "coordinates": [ 232670.672255001496524, 901651.260512764682062 ] } },
{ "type": "Feature", "properties": { "category": "food_beverage" }, "geometry": { "type": "Point", "coordinates": [ 233877.345064838125836, 898922.904322092421353 ] } },
{ "type": "Feature", "properties": { "category": "food_beverage" }, "geometry": { "type": "Point", "coordinates": [ 229375.79767121389159, 906216.918159752385691 ] } },
{ "type": "Feature", "properties": { "category": "food_beverage" }, "geometry": { "type": "Point", "coordinates": [ 222976.958477988548111, 894856.185553369577974 ] } },
{ "type": "Feature", "properties": { "category": "food_beverage" }, "geometry": { "type": "Point", "coordinates": [ 235687.21210297360085, 898749.91528740990907 ] } },
{ "type": "Feature", "properties": { "category": "food_beverage" }, "geometry": { "type": "Point", "coordinates": [ 231857.217557702824706, 903741.794715544092469 ] } },
{ "type": "Feature", "properties": { "category": "food_beverage" }, "geometry": { "type": "Point", "coordinates": [ 240175.841144378850004, 892057.62414608837571 ] } },
{ "type": "Feature", "properties": { "category": "food_beverage" }, "geometry": { "type": "Point", "coordinates": [ 230238.062987742159748, 900334.206685919198208 ] } },
{ "type": "Feature", "properties": { "category": "food_beverage" }, "geometry": { "type": "Point", "coordinates": [ 236276.905644477228634, 900893.406213304493576 ] } },
{ "type": "Feature", "properties": { "category": "food_beverage" }, "geometry": { "type": "Point", "coordinates": [ 235402.22805741900811, 908246.260452211368829 ] } },
{ "type": "Feature", "properties": { "category": "food_beverage" }, "geometry": { "type": "Point", "coordinates": [ 235601.60964995768154, 897118.530393146327697 ] } },
{ "type": "Feature", "properties": { "category": "food_beverage" }, "geometry": { "type": "Point", "coordinates": [ 238871.318337089178385, 894412.343558564782143 ] } },
{ "type": "Feature", "properties": { "category": "food_beverage" }, "geometry": { "type": "Point", "coordinates": [ 236210.884282582323067, 896452.512431165901944 ] } },
{ "type": "Feature", "properties": { "category": "food_beverage" }, "geometry": { "type": "Point", "coordinates": [ 229590.66080547706224, 906019.988835543044843 ] } },
{ "type": "Feature", "properties": { "category": "food_beverage" }, "geometry": { "type": "Point", "coordinates": [ 228311.829835643118713, 902513.858399166725576 ] } },
{ "type": "Feature", "properties": { "category": "food_beverage" }, "geometry": { "type": "Point", "coordinates": [ 239099.932283094327431, 905187.862911050906405 ] } },
{ "type": "Feature", "properties": { "category": "food_beverage" }, "geometry": { "type": "Point", "coordinates": [ 239919.5485358130245, 890894.971358776674606 ] } },
{ "type": "Feature", "properties": { "category": "food_beverage" }, "geometry": { "type": "Point", "coordinates": [ 244520.356482273433357, 913197.408856430556625 ] } },
{ "type": "Feature", "properties": { "category": "food_beverage" }, "geometry": { "type": "Point", "coordinates": [ 231001.531104796566069, 889568.552116883336566 ] } },
{ "type": "Feature", "properties": { "category": "food_beverage" }, "geometry": { "type": "Point", "coordinates": [ 233286.923210130422376, 899458.032150207553059 ] } },
{ "type": "Feature", "properties": { "category": "food_beverage" }, "geometry": { "type": "Point", "coordinates": [ 229406.13071223688894, 900817.640500649577007 ] } },
{ "type": "Feature", "properties": { "category": "food_beverage" }, "geometry": { "type": "Point", "coordinates": [ 226706.421591011603596, 896826.192456371034496 ] } },
{ "type": "Feature", "properties": { "category": "food_beverage" }, "geometry": { "type": "Point", "coordinates": [ 236413.643452090356732, 901882.599395097466186 ] } },
{ "type": "Feature", "properties": { "category": "food_beverage" }, "geometry": { "type": "Point", "coordinates": [ 235668.584761221136432, 895110.928953301743604 ] } },
{ "type": "Feature", "properties": { "category": "food_beverage" }, "geometry": { "type": "Point", "coordinates": [ 225119.908975552476477, 902329.771555429790169 ] } },
{ "type": "Feature", "properties": { "category": "food_beverage" }, "geometry": { "type": "Point", "coordinates": [ 238732.916436675761361, 902972.910748836584389 ] } },
{ "type": "Feature", "properties": { "category": "food_beverage" }, "geometry": { "type": "Point", "coordinates": [ 224187.255623434000881, 900207.91815537319053 ] } },
{ "type": "Feature", "properties": { "category": "food_beverage" }, "geometry": { "type": "Point", "coordinates": [ 237458.906463750230614, 900174.600401132018305 ] } },
{ "type": "Feature", "properties": { "category": "food_beverage" }, "geometry": { "type": "Point", "coordinates": [ 231998.991083928034641, 892614.494365956401452 ] } },
{ "type": "Feature", "properties": { "category": "food_beverage" }, "geometry": { "type": "Point", "coordinates": [ 232596.038871735101566, 905201.093394865747541 ] } },
{ "type": "Feature", "properties": { "category": "food_beverage" }, "geometry": { "type": "Point", "coordinates": [ 237936.844792232528562, 902893.810455571161583 ] } },
{ "type": "Feature", "properties": { "category": "food_beverage" }, "geometry": { "type": "Point", "coordinates": [ 236694.65781760495156, 892525.121361309895292 ] } },
{ "type": "Feature", "properties": { "category": "food_beverage" }, "geometry": { "type": "Point", "coordinates": [ 232898.882914936868474, 899514.742946546059102 ] } },
{ "type": "Feature", "properties": { "category": "food_beverage" }, "geometry": { "type": "Point", "coordinates": [ 232612.392965154023841, 898801.622918820125051 ] } },
{ "type": "Feature", "properties": { "category": "food_beverage" }, "geometry": { "type": "Point", "coordinates": [ 239552.204928860039217, 905799.333590997965075 ] } },
{ "type": "Feature", "properties": { "category": "food_beverage" }, "geometry": { "type": "Point", "coordinates": [ 229413.325690236408263, 899373.996139200637117 ] } },
{ "type": "Feature", "properties": { "category": "food_beverage" }, "geometry": { "type": "Point", "coordinates": [ 230340.323461178457364, 900292.549026615568437 ] } },
{ "type": "Feature", "properties": { "category": "food_beverage" }, "geometry": { "type": "Point", "coordinates": [ 237078.956276117620291, 900697.429707150673494 ] } },
{ "type": "Feature", "properties": { "category": "food_beverage" }, "geometry": { "type": "Point", "coordinates": [ 221705.348958877380937, 902361.379287021001801 ] } },
{ "type": "Feature", "properties": { "category": "food_beverage" }, "geometry": { "type": "Point", "coordinates": [ 235544.596500427724095, 908507.462245761416852 ] } },
{ "type": "Feature", "properties": { "category": "food_beverage" }, "geometry": { "type": "Point", "coordinates": [ 240280.171331676363479, 904013.204217705060728 ] } },
{ "type": "Feature", "properties": { "category": "food_beverage" }, "geometry": { "type": "Point", "coordinates": [ 233034.009773815399967, 899709.318367424537428 ] } },
{ "type": "Feature", "properties": { "category": "food_beverage" }, "geometry": { "type": "Point", "coordinates": [ 236794.1222949566436, 898136.697496683569625 ] } },
{ "type": "Feature", "properties": { "category": "food_beverage" }, "geometry": { "type": "Point", "coordinates": [ 235047.765034020325402, 898691.492214825120755 ] } },
{ "type": "Feature", "properties": { "category": "food_beverage" }, "geometry": { "type": "Point", "coordinates": [ 240129.76859466265887, 906670.476678931270726 ] } },
{ "type": "Feature", "properties": { "category": "food_beverage" }, "geometry": { "type": "Point", "coordinates": [ 236413.330781119409949, 900480.456792150624096 ] } },
{ "type": "Feature", "properties": { "category": "food_beverage" }, "geometry": { "type": "Point", "coordinates": [ 236380.70430160529213, 900098.623567746020854 ] } },
{ "type": "Feature", "properties": { "category": "food_beverage" }, "geometry": { "type": "Point", "coordinates": [ 239274.699882578512188, 893144.41987670911476 ] } },
{ "type": "Feature", "properties": { "category": "food_beverage" }, "geometry": { "type": "Point", "coordinates": [ 235855.515608139219694, 897420.06283895089291 ] } },
{ "type": "Feature", "properties": { "category": "food_beverage" }, "geometry": { "type": "Point", "coordinates": [ 234320.062166849849746, 902391.796099363011308 ] } },
{ "type": "Feature", "properties": { "category": "food_beverage" }, "geometry": { "type": "Point", "coordinates": [ 232747.79873412734014, 901610.742832741118036 ] } },
{ "type": "Feature", "properties": { "category": "food_beverage" }, "geometry": { "type": "Point", "coordinates": [ 238981.902556448621908, 913048.363414370454848 ] } },
{ "type": "Feature", "properties": { "category": "food_beverage" }, "geometry": { "type": "Point", "coordinates": [ 235694.781553343549604, 911645.909977145376615 ] } },
{ "type": "Feature", "properties": { "category": "food_beverage" }, "geometry": { "type": "Point", "coordinates": [ 226920.633831960847601, 888534.311944034649059 ] } },
{ "type": "Feature", "properties": { "category": "food_beverage" }, "geometry": { "type": "Point", "coordinates": [ 232625.926847439841367, 899951.338664404582232 ] } },
{ "type": "Feature", "properties": { "category": "food_beverage" }, "geometry": { "type": "Point", "coordinates": [ 239437.015571809664834, 888196.988890711567365 ] } },
{ "type": "Feature", "properties": { "category": "food_beverage" }, "geometry": { "type": "Point", "coordinates": [ 232593.882549808942713, 898688.23807221930474 ] } },
{ "type": "Feature", "properties": { "category": "food_beverage" }, "geometry": { "type": "Point", "coordinates": [ 234358.533883580414113, 895478.624389935401268 ] } },
{ "type": "Feature", "properties": { "category": "food_beverage" }, "geometry": { "type": "Point", "coordinates": [ 236978.228943526686635, 891929.015018148347735 ] } },
{ "type": "Feature", "properties": { "category": "food_beverage" }, "geometry": { "type": "Point", "coordinates": [ 233868.401577051903587, 892632.798291615210474 ] } },
{ "type": "Feature", "properties": { "category": "food_beverage" }, "geometry": { "type": "Point", "coordinates": [ 230403.95598326579784, 900095.772375408327207 ] } },
{ "type": "Feature", "properties": { "category": "food_beverage" }, "geometry": { "type": "Point", "coordinates": [ 234715.551880391984014, 899947.021255002124235 ] } },
{ "type": "Feature", "properties": { "category": "food_beverage" }, "geometry": { "type": "Point", "coordinates": [ 228421.384680596034741, 892868.268271467182785 ] } },
{ "type": "Feature", "properties": { "category": "food_beverage" }, "geometry": { "type": "Point", "coordinates": [ 225311.560851114132674, 897735.304464534972794 ] } },
{ "type": "Feature", "properties": { "category": "food_beverage" }, "geometry": { "type": "Point", "coordinates": [ 234007.448178517719498, 902484.248167974525131 ] } },
{ "type": "Feature", "properties": { "category": "food_beverage" }, "geometry": { "type": "Point", "coordinates": [ 236070.137644456932321, 893500.142412712564692 ] } },
{ "type": "Feature", "properties": { "category": "food_beverage" }, "geometry": { "type": "Point", "coordinates": [ 235943.738004327198723, 900476.261919449432753 ] } },
{ "type": "Feature", "properties": { "category": "food_beverage" }, "geometry": { "type": "Point", "coordinates": [ 234108.684378707461292, 899851.74401290609967 ] } },
{ "type": "Feature", "properties": { "category": "food_beverage" }, "geometry": { "type": "Point", "coordinates": [ 236578.248207618598826, 900928.291865523438901 ] } },
{ "type": "Feature", "properties": { "category": "food_beverage" }, "geometry": { "type": "Point", "coordinates": [ 225383.759418617206393, 897781.217337102163583 ] } },
{ "type": "Feature", "properties": { "category": "food_beverage" }, "geometry": { "type": "Point", "coordinates": [ 230395.222107810492162, 904816.998692883062176 ] } },
{ "type": "Feature", "properties": { "category": "food_beverage" }, "geometry": { "type": "Point", "coordinates": [ 234944.452633968030568, 902015.985757435439155 ] } },
{ "type": "Feature", "properties": { "category": "food_beverage" }, "geometry": { "type": "Point", "coordinates": [ 236182.888323033286724, 901552.726322593865916 ] } },
{ "type": "Feature", "properties": { "category": "food_beverage" }, "geometry": { "type": "Point", "coordinates": [ 234399.384147562552243, 899715.424424112192355 ] } },
{ "type": "Feature", "properties": { "category": "food_beverage" }, "geometry": { "type": "Point", "coordinates": [ 236098.879031985416077, 903088.843090189038776 ] } },
{ "type": "Feature", "properties": { "category": "food_beverage" }, "geometry": { "type": "Point", "coordinates": [ 225157.558386042772327, 897977.565481693018228 ] } },
{ "type": "Feature", "properties": { "category": "food_beverage" }, "geometry": { "type": "Point", "coordinates": [ 236707.318583220156142, 901610.985768972197548 ] } },
{ "type": "Feature", "properties": { "category": "food_beverage" }, "geometry": { "type": "Point", "coordinates": [ 237682.813677904836368, 905846.369724367745221 ] } },
{ "type": "Feature", "properties": { "category": "food_beverage" }, "geometry": { "type": "Point", "coordinates": [ 231269.355653322680155, 902457.864682143903337 ] } },
{ "type": "Feature", "properties": { "category": "food_beverage" }, "geometry": { "type": "Point", "coordinates": [ 236392.582370434596669, 901925.255465790978633 ] } },
{ "type": "Feature", "properties": { "category": "food_beverage" }, "geometry": { "type": "Point", "coordinates": [ 245428.748314431315521, 912669.817816766211763 ] } },
{ "type": "Feature", "properties": { "category": "food_beverage" }, "geometry": { "type": "Point", "coordinates": [ 237647.136353357956978, 899627.658051996142603 ] } },
{ "type": "Feature", "properties": { "category": "food_beverage" }, "geometry": { "type": "Point", "coordinates": [ 224172.187201979279052, 899917.843747573322617 ] } },
{ "type": "Feature", "properties": { "category": "food_beverage" }, "geometry": { "type": "Point", "coordinates": [ 228873.234893876157003, 897316.385998964309692 ] } },
{ "type": "Feature", "properties": { "category": "food_beverage" }, "geometry": { "type": "Point", "coordinates": [ 228376.790165931801312, 907369.586285033961758 ] } },
{ "type": "Feature", "properties": { "category": "food_beverage" }, "geometry": { "type": "Point", "coordinates": [ 237213.393011840118561, 898599.877060845028609 ] } },
{ "type": "Feature", "properties": { "category": "food_beverage" }, "geometry": { "type": "Point", "coordinates": [ 236268.758609103708295, 901577.939528010436334 ] } },
{ "type": "Feature", "properties": { "category": "food_beverage" }, "geometry": { "type": "Point", "coordinates": [ 234969.752556691440986, 898337.765926581458189 ] } },
{ "type": "Feature", "properties": { "category": "food_beverage" }, "geometry": { "type": "Point", "coordinates": [ 225899.162901661911746, 902398.914524333318695 ] } },
{ "type": "Feature", "properties": { "category": "food_beverage" }, "geometry": { "type": "Point", "coordinates": [ 234434.091507703531533, 901729.216566088027321 ] } },
{ "type": "Feature", "properties": { "category": "food_beverage" }, "geometry": { "type": "Point", "coordinates": [ 237169.238330276042689, 907328.766398399486206 ] } },
{ "type": "Feature", "properties": { "category": "food_beverage" }, "geometry": { "type": "Point", "coordinates": [ 226461.511161658039782, 901972.02769268816337 ] } },
{ "type": "Feature", "properties": { "category": "food_beverage" }, "geometry": { "type": "Point", "coordinates": [ 230727.844461169472197, 905875.027728590765037 ] } },
{ "type": "Feature", "properties": { "category": "food_beverage" }, "geometry": { "type": "Point", "coordinates": [ 236637.208480940782465, 900538.270287227118388 ] } },
{ "type": "Feature", "properties": { "category": "food_beverage" }, "geometry": { "type": "Point", "coordinates": [ 237314.337589236733038, 906339.483184054028243 ] } },
{ "type": "Feature", "properties": { "category": "food_beverage" }, "geometry": { "type": "Point", "coordinates": [ 226937.880024322541431, 901600.727900770958513 ] } },
{ "type": "Feature", "properties": { "category": "food_beverage" }, "geometry": { "type": "Point", "coordinates": [ 235988.433914676279528, 901722.788260688772425 ] } },
{ "type": "Feature", "properties": { "category": "food_beverage" }, "geometry": { "type": "Point", "coordinates": [ 239168.578152853471693, 891495.673270585248247 ] } },
{ "type": "Feature", "properties": { "category": "food_beverage" }, "geometry": { "type": "Point", "coordinates": [ 224387.41734171481221, 901693.159454944077879 ] } },
{ "type": "Feature", "properties": { "category": "food_beverage" }, "geometry": { "type": "Point", "coordinates": [ 232501.671506029728334, 898580.288159312331118 ] } },
{ "type": "Feature", "properties": { "category": "food_beverage" }, "geometry": { "type": "Point", "coordinates": [ 225666.897169240488438, 903006.657764851115644 ] } },
{ "type": "Feature", "properties": { "category": "food_beverage" }, "geometry": { "type": "Point", "coordinates": [ 236671.310217952268431, 901186.811722412821837 ] } },
{ "type": "Feature", "properties": { "category": "food_beverage" }, "geometry": { "type": "Point", "coordinates": [ 236089.494133138563484, 900169.322761827730574 ] } },
{ "type": "Feature", "properties": { "category": "food_beverage" }, "geometry": { "type": "Point", "coordinates": [ 228098.704915725626051, 902320.393559969030321 ] } },
{ "type": "Feature", "properties": { "category": "food_beverage" }, "geometry": { "type": "Point", "coordinates": [ 232899.727979977964424, 903521.333085141261108 ] } },
{ "type": "Feature", "properties": { "category": "food_beverage" }, "geometry": { "type": "Point", "coordinates": [ 244221.826415509305662, 911278.807254944462329 ] } },
{ "type": "Feature", "properties": { "category": "food_beverage" }, "geometry": { "type": "Point", "coordinates": [ 246244.891164971195394, 913916.159628548193723 ] } },
{ "type": "Feature", "properties": { "category": "food_beverage" }, "geometry": { "type": "Point", "coordinates": [ 232946.884139064524788, 899505.192972251796164 ] } },
{ "type": "Feature", "properties": { "category": "food_beverage" }, "geometry": { "type": "Point", "coordinates": [ 233815.143702194327489, 900084.25532312062569 ] } },
{ "type": "Feature", "properties": { "category": "food_beverage" }, "geometry": { "type": "Point", "coordinates": [ 240091.061295200343011, 908792.218830998637713 ] } },
{ "type": "Feature", "properties": { "category": "food_beverage" }, "geometry": { "type": "Point", "coordinates": [ 227342.952324215410044, 890757.999649558099918 ] } },
{ "type": "Feature", "properties": { "category": "food_beverage" }, "geometry": { "type": "Point", "coordinates": [ 223073.742234705743613, 895439.096498695202172 ] } },
{ "type": "Feature", "properties": { "category": "food_beverage" }, "geometry": { "type": "Point", "coordinates": [ 231416.456151500344276, 902918.940242286305875 ] } },
{ "type": "Feature", "properties": { "category": "food_beverage" }, "geometry": { "type": "Point", "coordinates": [ 219656.65599930222379, 901282.674244968569838 ] } },
{ "type": "Feature", "properties": { "category": "food_beverage" }, "geometry": { "type": "Point", "coordinates": [ 238682.359810070454841, 892110.457564017502591 ] } },
{ "type": "Feature", "properties": { "category": "food_beverage" }, "geometry": { "type": "Point", "coordinates": [ 232656.952486619906267, 900118.876900046365336 ] } },
{ "type": "Feature", "properties": { "category": "food_beverage" }, "geometry": { "type": "Point", "coordinates": [ 220362.745983353466727, 902834.659849365823902 ] } },
{ "type": "Feature", "properties": { "category": "food_beverage" }, "geometry": { "type": "Point", "coordinates": [ 232303.652613249432761, 904490.059910673182458 ] } },
{ "type": "Feature", "properties": { "category": "food_beverage" }, "geometry": { "type": "Point", "coordinates": [ 238830.39427019492723, 912769.597710315836594 ] } },
{ "type": "Feature", "properties": { "category": "food_beverage" }, "geometry": { "type": "Point", "coordinates": [ 235661.348557987075765, 901247.927023165510036 ] } },
{ "type": "Feature", "properties": { "category": "food_beverage" }, "geometry": { "type": "Point", "coordinates": [ 234332.126567110652104, 899989.679890564759262 ] } },
{ "type": "Feature", "properties": { "category": "food_beverage" }, "geometry": { "type": "Point", "coordinates": [ 234944.452633968030568, 902015.985757435439155 ] } },
{ "type": "Feature", "properties": { "category": "food_beverage" }, "geometry": { "type": "Point", "coordinates": [ 231785.190097989543574, 895664.571977377869189 ] } },
{ "type": "Feature", "properties": { "category": "food_beverage" }, "geometry": { "type": "Point", "coordinates": [ 235798.662629885337083, 900134.511834366479889 ] } },
{ "type": "Feature", "properties": { "category": "food_beverage" }, "geometry": { "type": "Point", "coordinates": [ 231337.918467704148497, 903557.623209065524861 ] } },
{ "type": "Feature", "properties": { "category": "food_beverage" }, "geometry": { "type": "Point", "coordinates": [ 239266.457722112128977, 906092.312994484906085 ] } },
{ "type": "Feature", "properties": { "category": "food_beverage" }, "geometry": { "type": "Point", "coordinates": [ 242022.345621880434919, 912174.934043651912361 ] } },
{ "type": "Feature", "properties": { "category": "food_beverage" }, "geometry": { "type": "Point", "coordinates": [ 235375.23965784185566, 899956.086980833671987 ] } },
{ "type": "Feature", "properties": { "category": "food_beverage" }, "geometry": { "type": "Point", "coordinates": [ 239112.896743116900325, 914702.87486006738618 ] } },
{ "type": "Feature", "properties": { "category": "food_beverage" }, "geometry": { "type": "Point", "coordinates": [ 221499.399767553026322, 901512.002982791396789 ] } },
{ "type": "Feature", "properties": { "category": "food_beverage" }, "geometry": { "type": "Point", "coordinates": [ 232604.993530391686363, 905187.583339530741796 ] } },
{ "type": "Feature", "properties": { "category": "food_beverage" }, "geometry": { "type": "Point", "coordinates": [ 228884.870993758930126, 893017.109578240080737 ] } },
{ "type": "Feature", "properties": { "category": "food_beverage" }, "geometry": { "type": "Point", "coordinates": [ 236757.10675710614305, 905098.453618139727041 ] } },
{ "type": "Feature", "properties": { "category": "food_beverage" }, "geometry": { "type": "Point", "coordinates": [ 219656.834706007997738, 901248.24079893133603 ] } },
{ "type": "Feature", "properties": { "category": "food_beverage" }, "geometry": { "type": "Point", "coordinates": [ 238218.549065679893829, 901949.280153793049976 ] } },
{ "type": "Feature", "properties": { "category": "food_beverage" }, "geometry": { "type": "Point", "coordinates": [ 234226.053131900378503, 894832.511086504440755 ] } },
{ "type": "Feature", "properties": { "category": "food_beverage" }, "geometry": { "type": "Point", "coordinates": [ 241217.1492078602314, 888454.219806190696545 ] } },
{ "type": "Feature", "properties": { "category": "food_beverage" }, "geometry": { "type": "Point", "coordinates": [ 236396.594608037121361, 900848.483083139639348 ] } },
{ "type": "Feature", "properties": { "category": "food_beverage" }, "geometry": { "type": "Point", "coordinates": [ 235971.464881022402551, 906980.068524813046679 ] } },
{ "type": "Feature", "properties": { "category": "food_beverage" }, "geometry": { "type": "Point", "coordinates": [ 232348.91070684051374, 896944.304806932690553 ] } },
{ "type": "Feature", "properties": { "category": "food_beverage" }, "geometry": { "type": "Point", "coordinates": [ 240952.048643086483935, 888073.570183793548495 ] } },
{ "type": "Feature", "properties": { "category": "food_beverage" }, "geometry": { "type": "Point", "coordinates": [ 234399.384147562552243, 899715.424424112192355 ] } },
{ "type": "Feature", "properties": { "category": "food_beverage" }, "geometry": { "type": "Point", "coordinates": [ 233596.765844998823013, 892206.962613015202805 ] } },
{ "type": "Feature", "properties": { "category": "food_beverage" }, "geometry": { "type": "Point", "coordinates": [ 232905.586647306685336, 899420.469431541045196 ] } },
{ "type": "Feature", "properties": { "category": "food_beverage" }, "geometry": { "type": "Point", "coordinates": [ 234550.933281404955778, 906074.413062389241531 ] } },
{ "type": "Feature", "properties": { "category": "food_beverage" }, "geometry": { "type": "Point", "coordinates": [ 231304.443423473276198, 890793.501571856439114 ] } },
{ "type": "Feature", "properties": { "category": "food_beverage" }, "geometry": { "type": "Point", "coordinates": [ 230741.177881544979755, 907454.964346353663132 ] } },
{ "type": "Feature", "properties": { "category": "food_beverage" }, "geometry": { "type": "Point", "coordinates": [ 237138.33295595558593, 907305.165010532015003 ] } },
{ "type": "Feature", "properties": { "category": "food_beverage" }, "geometry": { "type": "Point", "coordinates": [ 235425.607700593827758, 900784.649408583412878 ] } },
{ "type": "Feature", "properties": { "category": "food_beverage" }, "geometry": { "type": "Point", "coordinates": [ 233176.932601113134297, 901514.340881246142089 ] } },
{ "type": "Feature", "properties": { "category": "food_beverage" }, "geometry": { "type": "Point", "coordinates": [ 236751.099567983910674, 899051.197506578988396 ] } },
{ "type": "Feature", "properties": { "category": "food_beverage" }, "geometry": { "type": "Point", "coordinates": [ 235557.500451408763183, 905048.734199460828677 ] } },
{ "type": "Feature", "properties": { "category": "food_beverage" }, "geometry": { "type": "Point", "coordinates": [ 237289.570776193257188, 900147.263238657731563 ] } },
{ "type": "Feature", "properties": { "category": "food_beverage" }, "geometry": { "type": "Point", "coordinates": [ 231320.45749866598635, 902634.595572334132157 ] } },
{ "type": "Feature", "properties": { "category": "food_beverage" }, "geometry": { "type": "Point", "coordinates": [ 232238.115657969348831, 906192.376246208325028 ] } },
{ "type": "Feature", "properties": { "category": "food_beverage" }, "geometry": { "type": "Point", "coordinates": [ 233045.785888441372663, 902653.49637841177173 ] } },
{ "type": "Feature", "properties": { "category": "food_beverage" }, "geometry": { "type": "Point", "coordinates": [ 231442.415468066756148, 901130.032760929549113 ] } },
{ "type": "Feature", "properties": { "category": "food_beverage" }, "geometry": { "type": "Point", "coordinates": [ 233999.657855163211934, 899565.745888966484927 ] } },
{ "type": "Feature", "properties": { "category": "food_beverage" }, "geometry": { "type": "Point", "coordinates": [ 241073.854477551940363, 906727.032996198395267 ] } },
{ "type": "Feature", "properties": { "category": "food_beverage" }, "geometry": { "type": "Point", "coordinates": [ 232442.75208515257691, 899650.580995758296922 ] } },
{ "type": "Feature", "properties": { "category": "food_beverage" }, "geometry": { "type": "Point", "coordinates": [ 238732.916436675761361, 902972.910748836584389 ] } },
{ "type": "Feature", "properties": { "category": "food_beverage" }, "geometry": { "type": "Point", "coordinates": [ 239545.242659044510219, 915384.232049830025062 ] } },
{ "type": "Feature", "properties": { "category": "food_beverage" }, "geometry": { "type": "Point", "coordinates": [ 234628.392172162770294, 895058.078179336152971 ] } },
{ "type": "Feature", "properties": { "category": "food_beverage" }, "geometry": { "type": "Point", "coordinates": [ 239536.490711455087876, 908253.110904544475488 ] } },
{ "type": "Feature", "properties": { "category": "food_beverage" }, "geometry": { "type": "Point", "coordinates": [ 236675.852606538130203, 901010.998527573421597 ] } },
{ "type": "Feature", "properties": { "category": "food_beverage" }, "geometry": { "type": "Point", "coordinates": [ 233073.450006917177234, 899662.740158055443317 ] } },
{ "type": "Feature", "properties": { "category": "food_beverage" }, "geometry": { "type": "Point", "coordinates": [ 231414.40797390777152, 900226.622982769389637 ] } },
{ "type": "Feature", "properties": { "category": "food_beverage" }, "geometry": { "type": "Point", "coordinates": [ 236519.854981779964874, 900433.690304613206536 ] } },
{ "type": "Feature", "properties": { "category": "food_beverage" }, "geometry": { "type": "Point", "coordinates": [ 236530.14375759777613, 900514.830809206236154 ] } },
{ "type": "Feature", "properties": { "category": "food_beverage" }, "geometry": { "type": "Point", "coordinates": [ 238083.205697872443125, 899898.483211243757978 ] } },
{ "type": "Feature", "properties": { "category": "food_beverage" }, "geometry": { "type": "Point", "coordinates": [ 240114.116367841255851, 906715.818895916454494 ] } },
{ "type": "Feature", "properties": { "category": "food_beverage" }, "geometry": { "type": "Point", "coordinates": [ 229813.060961772484006, 906532.559283272363245 ] } },
{ "type": "Feature", "properties": { "category": "food_beverage" }, "geometry": { "type": "Point", "coordinates": [ 237542.700467695627594, 899757.949318201979622 ] } },
{ "type": "Feature", "properties": { "category": "food_beverage" }, "geometry": { "type": "Point", "coordinates": [ 245300.458197508938611, 912692.981869734125212 ] } },
{ "type": "Feature", "properties": { "category": "food_beverage" }, "geometry": { "type": "Point", "coordinates": [ 228567.480200623336714, 899881.46304789185524 ] } },
{ "type": "Feature", "properties": { "category": "food_beverage" }, "geometry": { "type": "Point", "coordinates": [ 222176.946617920330027, 903438.751069603138603 ] } },
{ "type": "Feature", "properties": { "category": "food_beverage" }, "geometry": { "type": "Point", "coordinates": [ 237251.516018941125367, 900331.784340743208304 ] } },
{ "type": "Feature", "properties": { "category": "food_beverage" }, "geometry": { "type": "Point", "coordinates": [ 236153.291116698557744, 899956.158764188876376 ] } },
{ "type": "Feature", "properties": { "category": "food_beverage" }, "geometry": { "type": "Point", "coordinates": [ 230906.49390908863279, 899077.828708934248425 ] } },
{ "type": "Feature", "properties": { "category": "food_beverage" }, "geometry": { "type": "Point", "coordinates": [ 230391.517757808003807, 906205.467881671502255 ] } },
{ "type": "Feature", "properties": { "category": "food_beverage" }, "geometry": { "type": "Point", "coordinates": [ 236266.545202641340438, 901496.063369025476277 ] } },
{ "type": "Feature", "properties": { "category": "food_beverage" }, "geometry": { "type": "Point", "coordinates": [ 237473.718911751755513, 898477.963768207351677 ] } },
{ "type": "Feature", "properties": { "category": "food_beverage" }, "geometry": { "type": "Point", "coordinates": [ 231405.319229383690981, 898093.117874926305376 ] } },
{ "type": "Feature", "properties": { "category": "food_beverage" }, "geometry": { "type": "Point", "coordinates": [ 242254.46861486393027, 902806.597586523275822 ] } },
{ "type": "Feature", "properties": { "category": "food_beverage" }, "geometry": { "type": "Point", "coordinates": [ 234544.908663700334728, 899109.653816814301535 ] } },
{ "type": "Feature", "properties": { "category": "food_beverage" }, "geometry": { "type": "Point", "coordinates": [ 232391.170586443360662, 900008.235299260704778 ] } },
{ "type": "Feature", "properties": { "category": "food_beverage" }, "geometry": { "type": "Point", "coordinates": [ 236595.823687780561158, 901603.072983392630704 ] } },
{ "type": "Feature", "properties": { "category": "food_beverage" }, "geometry": { "type": "Point", "coordinates": [ 232632.559899892221438, 898203.009392953594215 ] } },
{ "type": "Feature", "properties": { "category": "food_beverage" }, "geometry": { "type": "Point", "coordinates": [ 238732.916436675761361, 902972.910748836584389 ] } },
{ "type": "Feature", "properties": { "category": "food_beverage" }, "geometry": { "type": "Point", "coordinates": [ 221591.057386979431612, 902431.672450236976147 ] } },
{ "type": "Feature", "properties": { "category": "food_beverage" }, "geometry": { "type": "Point", "coordinates": [ 231082.397278234391706, 905079.597422343678772 ] } },
{ "type": "Feature", "properties": { "category": "food_beverage" }, "geometry": { "type": "Point", "coordinates": [ 236146.400642839667853, 900126.405883893487044 ] } },
{ "type": "Feature", "properties": { "category": "food_beverage" }, "geometry": { "type": "Point", "coordinates": [ 233757.104907826113049, 897740.684068179922178 ] } },
{ "type": "Feature", "properties": { "category": "food_beverage" }, "geometry": { "type": "Point", "coordinates": [ 228469.969819885329343, 892642.536332388059236 ] } },
{ "type": "Feature", "properties": { "category": "food_beverage" }, "geometry": { "type": "Point", "coordinates": [ 234399.384147562552243, 899715.424424112192355 ] } },
{ "type": "Feature", "properties": { "category": "food_beverage" }, "geometry": { "type": "Point", "coordinates": [ 236163.063354710146086, 903179.480196659220383 ] } },
{ "type": "Feature", "properties": { "category": "food_beverage" }, "geometry": { "type": "Point", "coordinates": [ 233324.097687497473089, 903346.16328703565523 ] } },
{ "type": "Feature", "properties": { "category": "food_beverage" }, "geometry": { "type": "Point", "coordinates": [ 236732.518274882109836, 901517.811628922238015 ] } },
{ "type": "Feature", "properties": { "category": "food_beverage" }, "geometry": { "type": "Point", "coordinates": [ 236247.204383977979887, 894331.684170814580284 ] } },
{ "type": "Feature", "properties": { "category": "food_beverage" }, "geometry": { "type": "Point", "coordinates": [ 235828.354735848319251, 891196.294005718547851 ] } },
{ "type": "Feature", "properties": { "category": "food_beverage" }, "geometry": { "type": "Point", "coordinates": [ 235375.23965784185566, 899956.086980833671987 ] } },
{ "type": "Feature", "properties": { "category": "food_beverage" }, "geometry": { "type": "Point", "coordinates": [ 239340.694548655446852, 905331.500330155249685 ] } },
{ "type": "Feature", "properties": { "category": "food_beverage" }, "geometry": { "type": "Point", "coordinates": [ 233266.580343271489255, 898010.707274873740971 ] } },
{ "type": "Feature", "properties": { "category": "food_beverage" }, "geometry": { "type": "Point", "coordinates": [ 239919.5485358130245, 890894.971358776674606 ] } },
{ "type": "Feature", "properties": { "category": "food_beverage" }, "geometry": { "type": "Point", "coordinates": [ 219566.275912852666806, 905337.424754024716094 ] } },
{ "type": "Feature", "properties": { "category": "food_beverage" }, "geometry": { "type": "Point", "coordinates": [ 220392.728411248186603, 898688.791556577547453 ] } },
{ "type": "Feature", "properties": { "category": "food_beverage" }, "geometry": { "type": "Point", "coordinates": [ 238732.916436675761361, 902972.910748836584389 ] } },
{ "type": "Feature", "properties": { "category": "food_beverage" }, "geometry": { "type": "Point", "coordinates": [ 235171.444257156603271, 898151.384415577165782 ] } },
{ "type": "Feature", "properties": { "category": "food_beverage" }, "geometry": { "type": "Point", "coordinates": [ 235289.652829078782815, 902510.677240895456634 ] } },
{ "type": "Feature", "properties": { "category": "food_beverage" }, "geometry": { "type": "Point", "coordinates": [ 230037.456726444739616, 898866.124352306709625 ] } },
{ "type": "Feature", "properties": { "category": "food_beverage" }, "geometry": { "type": "Point", "coordinates": [ 233602.11212946975138, 892227.426157340756617 ] } },
{ "type": "Feature", "properties": { "category": "food_beverage" }, "geometry": { "type": "Point", "coordinates": [ 239070.296319648361532, 901544.751473017851822 ] } },
{ "type": "Feature", "properties": { "category": "food_beverage" }, "geometry": { "type": "Point", "coordinates": [ 234519.690459633449791, 904910.705715097137727 ] } },
{ "type": "Feature", "properties": { "category": "food_beverage" }, "geometry": { "type": "Point", "coordinates": [ 230140.03363065602025, 900350.113968974095769 ] } },
{ "type": "Feature", "properties": { "category": "food_beverage" }, "geometry": { "type": "Point", "coordinates": [ 232711.474839772970881, 896280.297932490007952 ] } },
{ "type": "Feature", "properties": { "category": "food_beverage" }, "geometry": { "type": "Point", "coordinates": [ 236732.518274882109836, 901517.811628922238015 ] } },
{ "type": "Feature", "properties": { "category": "food_beverage" }, "geometry": { "type": "Point", "coordinates": [ 230463.569838455412537, 905213.7347369043855 ] } },
{ "type": "Feature", "properties": { "category": "food_beverage" }, "geometry": { "type": "Point", "coordinates": [ 227164.017533071251819, 896947.686163416597992 ] } },
{ "type": "Feature", "properties": { "category": "food_beverage" }, "geometry": { "type": "Point", "coordinates": [ 238060.27155110455351, 902261.107235206989571 ] } },
{ "type": "Feature", "properties": { "category": "food_beverage" }, "geometry": { "type": "Point", "coordinates": [ 225645.305302341555944, 897253.219231397146359 ] } },
{ "type": "Feature", "properties": { "category": "food_beverage" }, "geometry": { "type": "Point", "coordinates": [ 230096.710196271364111, 898769.185198910068721 ] } },
{ "type": "Feature", "properties": { "category": "food_beverage" }, "geometry": { "type": "Point", "coordinates": [ 236210.884282582323067, 896452.512431165901944 ] } },
{ "type": "Feature", "properties": { "category": "food_beverage" }, "geometry": { "type": "Point", "coordinates": [ 239070.296319648361532, 901544.751473017851822 ] } },
{ "type": "Feature", "properties": { "category": "food_beverage" }, "geometry": { "type": "Point", "coordinates": [ 236669.682062407489866, 901561.914753264165483 ] } },
{ "type": "Feature", "properties": { "category": "food_beverage" }, "geometry": { "type": "Point", "coordinates": [ 231250.070470660633873, 899033.361844405531883 ] } },
{ "type": "Feature", "properties": { "category": "food_beverage" }, "geometry": { "type": "Point", "coordinates": [ 230554.689264641463524, 893011.501470637158491 ] } },
{ "type": "Feature", "properties": { "category": "food_beverage" }, "geometry": { "type": "Point", "coordinates": [ 237771.148623960762052, 899550.568821324268356 ] } },
{ "type": "Feature", "properties": { "category": "food_beverage" }, "geometry": { "type": "Point", "coordinates": [ 233305.072381972480798, 903276.982221306767315 ] } },
{ "type": "Feature", "properties": { "category": "food_beverage" }, "geometry": { "type": "Point", "coordinates": [ 236631.856629768008133, 900853.704410614445806 ] } },
{ "type": "Feature", "properties": { "category": "food_beverage" }, "geometry": { "type": "Point", "coordinates": [ 234304.366923660767497, 897826.974513003253378 ] } },
{ "type": "Feature", "properties": { "category": "food_beverage" }, "geometry": { "type": "Point", "coordinates": [ 234721.793810795876198, 901818.384309281245805 ] } },
{ "type": "Feature", "properties": { "category": "food_beverage" }, "geometry": { "type": "Point", "coordinates": [ 232060.102402669028379, 907588.049653011374176 ] } },
{ "type": "Feature", "properties": { "category": "food_beverage" }, "geometry": { "type": "Point", "coordinates": [ 232950.862023144494742, 901538.491760287433863 ] } },
{ "type": "Feature", "properties": { "category": "food_beverage" }, "geometry": { "type": "Point", "coordinates": [ 231217.152492759632878, 902528.389317065360956 ] } },
{ "type": "Feature", "properties": { "category": "food_beverage" }, "geometry": { "type": "Point", "coordinates": [ 237647.136353357956978, 899627.658051996142603 ] } },
{ "type": "Feature", "properties": { "category": "food_beverage" }, "geometry": { "type": "Point", "coordinates": [ 237200.76253068447113, 900051.820797602063976 ] } },
{ "type": "Feature", "properties": { "category": "food_beverage" }, "geometry": { "type": "Point", "coordinates": [ 219851.066775464219972, 907487.925164690706879 ] } },
{ "type": "Feature", "properties": { "category": "food_beverage" }, "geometry": { "type": "Point", "coordinates": [ 230370.640603844833095, 900178.714356090524234 ] } },
{ "type": "Feature", "properties": { "category": "food_beverage" }, "geometry": { "type": "Point", "coordinates": [ 231172.563063099776627, 905021.680728142848238 ] } },
{ "type": "Feature", "properties": { "category": "food_beverage" }, "geometry": { "type": "Point", "coordinates": [ 234061.722125234955456, 899290.01833383331541 ] } },
{ "type": "Feature", "properties": { "category": "food_beverage" }, "geometry": { "type": "Point", "coordinates": [ 228869.036047770496225, 898479.233886274974793 ] } },
{ "type": "Feature", "properties": { "category": "food_beverage" }, "geometry": { "type": "Point", "coordinates": [ 236557.369252044678433, 901156.893324220902286 ] } },
{ "type": "Feature", "properties": { "category": "food_beverage" }, "geometry": { "type": "Point", "coordinates": [ 241646.959927956660977, 907666.814552938914858 ] } },
{ "type": "Feature", "properties": { "category": "food_beverage" }, "geometry": { "type": "Point", "coordinates": [ 227005.761209598713322, 888695.585708990460262 ] } },
{ "type": "Feature", "properties": { "category": "food_beverage" }, "geometry": { "type": "Point", "coordinates": [ 233204.956456236483064, 903340.711627545766532 ] } },
{ "type": "Feature", "properties": { "category": "food_beverage" }, "geometry": { "type": "Point", "coordinates": [ 229527.530470177065581, 907798.321507848217152 ] } },
{ "type": "Feature", "properties": { "category": "food_beverage" }, "geometry": { "type": "Point", "coordinates": [ 236452.267914456198923, 901391.944351686863229 ] } },
{ "type": "Feature", "properties": { "category": "food_beverage" }, "geometry": { "type": "Point", "coordinates": [ 234536.379342291824287, 898833.028596920659766 ] } },
{ "type": "Feature", "properties": { "category": "food_beverage" }, "geometry": { "type": "Point", "coordinates": [ 229455.251516162563348, 904211.281033810344525 ] } },
{ "type": "Feature", "properties": { "category": "food_beverage" }, "geometry": { "type": "Point", "coordinates": [ 231224.64721902256133, 902472.883536319248378 ] } },
{ "type": "Feature", "properties": { "category": "food_beverage" }, "geometry": { "type": "Point", "coordinates": [ 235322.021946032415144, 901216.332999333855696 ] } },
{ "type": "Feature", "properties": { "category": "food_beverage" }, "geometry": { "type": "Point", "coordinates": [ 241674.415792962972773, 889268.21246832923498 ] } },
{ "type": "Feature", "properties": { "category": "food_beverage" }, "geometry": { "type": "Point", "coordinates": [ 236438.626300552336033, 895423.781805172096938 ] } },
{ "type": "Feature", "properties": { "category": "food_beverage" }, "geometry": { "type": "Point", "coordinates": [ 228469.969819885329343, 892642.536332388059236 ] } },
{ "type": "Feature", "properties": { "category": "food_beverage" }, "geometry": { "type": "Point", "coordinates": [ 238863.558946183242369, 891577.289255716837943 ] } },
{ "type": "Feature", "properties": { "category": "food_beverage" }, "geometry": { "type": "Point", "coordinates": [ 231416.456151500344276, 902918.940242286305875 ] } },
{ "type": "Feature", "properties": { "category": "food_beverage" }, "geometry": { "type": "Point", "coordinates": [ 241730.337801538873464, 903648.777171510620974 ] } },
{ "type": "Feature", "properties": { "category": "food_beverage" }, "geometry": { "type": "Point", "coordinates": [ 234377.838024006516207, 895560.582397694000974 ] } },
{ "type": "Feature", "properties": { "category": "food_beverage" }, "geometry": { "type": "Point", "coordinates": [ 225296.45077656081412, 897880.316335150040686 ] } },
{ "type": "Feature", "properties": { "category": "food_beverage" }, "geometry": { "type": "Point", "coordinates": [ 235415.920561235514469, 899077.444161932682618 ] } },
{ "type": "Feature", "properties": { "category": "food_beverage" }, "geometry": { "type": "Point", "coordinates": [ 236769.284022539213765, 895778.3948384715477 ] } },
{ "type": "Feature", "properties": { "category": "food_beverage" }, "geometry": { "type": "Point", "coordinates": [ 237138.33295595558593, 907305.165010532015003 ] } },
{ "type": "Feature", "properties": { "category": "food_beverage" }, "geometry": { "type": "Point", "coordinates": [ 235273.733269891090458, 900185.174848095979542 ] } },
{ "type": "Feature", "properties": { "category": "food_beverage" }, "geometry": { "type": "Point", "coordinates": [ 229858.834707786503714, 900428.667267935932614 ] } },
{ "type": "Feature", "properties": { "category": "food_beverage" }, "geometry": { "type": "Point", "coordinates": [ 232547.875031034694985, 899013.592913292581216 ] } },
{ "type": "Feature", "properties": { "category": "food_beverage" }, "geometry": { "type": "Point", "coordinates": [ 238045.098338354902808, 904894.706917718518525 ] } },
{ "type": "Feature", "properties": { "category": "food_beverage" }, "geometry": { "type": "Point", "coordinates": [ 231454.213163842272479, 892244.709081310080364 ] } },
{ "type": "Feature", "properties": { "category": "food_beverage" }, "geometry": { "type": "Point", "coordinates": [ 238270.774066770536592, 889117.479742587776855 ] } },
{ "type": "Feature", "properties": { "category": "food_beverage" }, "geometry": { "type": "Point", "coordinates": [ 236098.879031985416077, 903088.843090189038776 ] } },
{ "type": "Feature", "properties": { "category": "food_beverage" }, "geometry": { "type": "Point", "coordinates": [ 234399.384147562552243, 899715.424424112192355 ] } },
{ "type": "Feature", "properties": { "category": "food_beverage" }, "geometry": { "type": "Point", "coordinates": [ 232747.79873412734014, 901610.742832741118036 ] } },
{ "type": "Feature", "properties": { "category": "food_beverage" }, "geometry": { "type": "Point", "coordinates": [ 234141.291075488377828, 899703.613505957531743 ] } },
{ "type": "Feature", "properties": { "category": "food_beverage" }, "geometry": { "type": "Point", "coordinates": [ 235117.003265632753028, 899909.027763095567934 ] } },
{ "type": "Feature", "properties": { "category": "food_beverage" }, "geometry": { "type": "Point", "coordinates": [ 233875.575142407178646, 899666.227443665498868 ] } },
{ "type": "Feature", "properties": { "category": "food_beverage" }, "geometry": { "type": "Point", "coordinates": [ 236849.375656244432321, 901838.551517831278034 ] } },
{ "type": "Feature", "properties": { "category": "food_beverage" }, "geometry": { "type": "Point", "coordinates": [ 235962.810120438865852, 901096.175540052121505 ] } },
{ "type": "Feature", "properties": { "category": "food_beverage" }, "geometry": { "type": "Point", "coordinates": [ 234456.663454081717646, 905975.866865557152778 ] } },
{ "type": "Feature", "properties": { "category": "food_beverage" }, "geometry": { "type": "Point", "coordinates": [ 238285.206711118953535, 904544.779241394950077 ] } },
{ "type": "Feature", "properties": { "category": "food_beverage" }, "geometry": { "type": "Point", "coordinates": [ 233777.090955487685278, 903970.811552515253425 ] } },
{ "type": "Feature", "properties": { "category": "food_beverage" }, "geometry": { "type": "Point", "coordinates": [ 239841.287913381587714, 916094.6116823120974 ] } },
{ "type": "Feature", "properties": { "category": "food_beverage" }, "geometry": { "type": "Point", "coordinates": [ 234364.301446625002427, 897621.440908274264075 ] } },
{ "type": "Feature", "properties": { "category": "food_beverage" }, "geometry": { "type": "Point", "coordinates": [ 236632.202697154309135, 901766.992119917762466 ] } },
{ "type": "Feature", "properties": { "category": "food_beverage" }, "geometry": { "type": "Point", "coordinates": [ 231305.112790387123823, 898146.099047983181663 ] } },
{ "type": "Feature", "properties": { "category": "food_beverage" }, "geometry": { "type": "Point", "coordinates": [ 228698.833616005285876, 898969.386935592629015 ] } },
{ "type": "Feature", "properties": { "category": "food_beverage" }, "geometry": { "type": "Point", "coordinates": [ 237250.445138718932867, 906279.716380723519251 ] } },
{ "type": "Feature", "properties": { "category": "food_beverage" }, "geometry": { "type": "Point", "coordinates": [ 234528.460842024534941, 896585.894713404355571 ] } },
{ "type": "Feature", "properties": { "category": "food_beverage" }, "geometry": { "type": "Point", "coordinates": [ 231322.34918626624858, 904223.469387606717646 ] } },
{ "type": "Feature", "properties": { "category": "food_beverage" }, "geometry": { "type": "Point", "coordinates": [ 237704.534993538138224, 908607.374246482155286 ] } },
{ "type": "Feature", "properties": { "category": "food_beverage" }, "geometry": { "type": "Point", "coordinates": [ 244640.075791791605297, 914234.6761679276824 ] } },
{ "type": "Feature", "properties": { "category": "food_beverage" }, "geometry": { "type": "Point", "coordinates": [ 239285.531221328710672, 902004.03994766366668 ] } },
{ "type": "Feature", "properties": { "category": "food_beverage" }, "geometry": { "type": "Point", "coordinates": [ 231897.533896990935318, 905598.658566871541552 ] } },
{ "type": "Feature", "properties": { "category": "food_beverage" }, "geometry": { "type": "Point", "coordinates": [ 232376.769246693642344, 900701.849649295560084 ] } },
{ "type": "Feature", "properties": { "category": "food_beverage" }, "geometry": { "type": "Point", "coordinates": [ 231575.158203698927537, 906454.509473315207288 ] } },
{ "type": "Feature", "properties": { "category": "food_beverage" }, "geometry": { "type": "Point", "coordinates": [ 226710.86573325181962, 886811.297828265232965 ] } },
{ "type": "Feature", "properties": { "category": "food_beverage" }, "geometry": { "type": "Point", "coordinates": [ 230352.966579320578603, 900245.728869638289325 ] } },
{ "type": "Feature", "properties": { "category": "food_beverage" }, "geometry": { "type": "Point", "coordinates": [ 225432.457644217880443, 904271.206494969548658 ] } },
{ "type": "Feature", "properties": { "category": "food_beverage" }, "geometry": { "type": "Point", "coordinates": [ 233055.889418060134631, 899261.889457190874964 ] } },
{ "type": "Feature", "properties": { "category": "food_beverage" }, "geometry": { "type": "Point", "coordinates": [ 236479.186058784660418, 897792.04858690162655 ] } },
{ "type": "Feature", "properties": { "category": "food_beverage" }, "geometry": { "type": "Point", "coordinates": [ 238066.096192654251354, 910191.776267927954905 ] } },
{ "type": "Feature", "properties": { "category": "food_beverage" }, "geometry": { "type": "Point", "coordinates": [ 225326.869384459103458, 897855.655738306348212 ] } },
{ "type": "Feature", "properties": { "category": "food_beverage" }, "geometry": { "type": "Point", "coordinates": [ 232015.465677301370306, 902193.86002774105873 ] } },
{ "type": "Feature", "properties": { "category": "food_beverage" }, "geometry": { "type": "Point", "coordinates": [ 232867.668526629684493, 902716.86405143304728 ] } },
{ "type": "Feature", "properties": { "category": "food_beverage" }, "geometry": { "type": "Point", "coordinates": [ 231913.210110490850639, 894505.289806226501241 ] } },
{ "type": "Feature", "properties": { "category": "food_beverage" }, "geometry": { "type": "Point", "coordinates": [ 236955.337312058720272, 901597.845710080582649 ] } },
{ "type": "Feature", "properties": { "category": "food_beverage" }, "geometry": { "type": "Point", "coordinates": [ 232653.758202953235013, 901763.481841368367895 ] } },
{ "type": "Feature", "properties": { "category": "food_beverage" }, "geometry": { "type": "Point", "coordinates": [ 236167.563531051244354, 896204.254089560126886 ] } },
{ "type": "Feature", "properties": { "category": "food_beverage" }, "geometry": { "type": "Point", "coordinates": [ 227770.600734898267547, 899912.702965338714421 ] } },
{ "type": "Feature", "properties": { "category": "food_beverage" }, "geometry": { "type": "Point", "coordinates": [ 228597.23548152190051, 899878.807128131855279 ] } },
{ "type": "Feature", "properties": { "category": "food_beverage" }, "geometry": { "type": "Point", "coordinates": [ 236120.424654421018204, 906152.957872562576085 ] } },
{ "type": "Feature", "properties": { "category": "food_beverage" }, "geometry": { "type": "Point", "coordinates": [ 234613.794407076871721, 906682.326582864159718 ] } },
{ "type": "Feature", "properties": { "category": "food_beverage" }, "geometry": { "type": "Point", "coordinates": [ 231923.448278745141579, 903791.414278828306124 ] } },
{ "type": "Feature", "properties": { "category": "food_beverage" }, "geometry": { "type": "Point", "coordinates": [ 236279.838295735738939, 894735.283471835893579 ] } },
{ "type": "Feature", "properties": { "category": "food_beverage" }, "geometry": { "type": "Point", "coordinates": [ 226615.122079066815786, 896817.404428512440063 ] } },
{ "type": "Feature", "properties": { "category": "food_beverage" }, "geometry": { "type": "Point", "coordinates": [ 235345.392943369108252, 899370.223322510370053 ] } },
{ "type": "Feature", "properties": { "category": "food_beverage" }, "geometry": { "type": "Point", "coordinates": [ 234165.913178692338988, 899876.125880391919054 ] } },
{ "type": "Feature", "properties": { "category": "food_beverage" }, "geometry": { "type": "Point", "coordinates": [ 231333.857288078084821, 889430.957318310975097 ] } },
{ "type": "Feature", "properties": { "category": "food_beverage" }, "geometry": { "type": "Point", "coordinates": [ 239909.106832663499517, 888138.224528783001006 ] } },
{ "type": "Feature", "properties": { "category": "food_beverage" }, "geometry": { "type": "Point", "coordinates": [ 238744.806116875814041, 903191.468499232782051 ] } },
{ "type": "Feature", "properties": { "category": "food_beverage" }, "geometry": { "type": "Point", "coordinates": [ 234377.838024006516207, 895560.582397694000974 ] } },
{ "type": "Feature", "properties": { "category": "food_beverage" }, "geometry": { "type": "Point", "coordinates": [ 236965.023635700636078, 901479.042783347074874 ] } },
{ "type": "Feature", "properties": { "category": "food_beverage" }, "geometry": { "type": "Point", "coordinates": [ 219852.551096435840009, 905216.04223991476465 ] } },
{ "type": "Feature", "properties": { "category": "food_beverage" }, "geometry": { "type": "Point", "coordinates": [ 236660.206246504792944, 892646.792631551390514 ] } },
{ "type": "Feature", "properties": { "category": "food_beverage" }, "geometry": { "type": "Point", "coordinates": [ 231408.303884662920609, 902531.796119032660499 ] } },
{ "type": "Feature", "properties": { "category": "food_beverage" }, "geometry": { "type": "Point", "coordinates": [ 245457.741853185114451, 912612.465244478313252 ] } },
{ "type": "Feature", "properties": { "category": "food_beverage" }, "geometry": { "type": "Point", "coordinates": [ 227538.879874339938397, 901769.785528533277102 ] } },
{ "type": "Feature", "properties": { "category": "food_beverage" }, "geometry": { "type": "Point", "coordinates": [ 231507.032612434268231, 899211.899694966501556 ] } },
{ "type": "Feature", "properties": { "category": "food_beverage" }, "geometry": { "type": "Point", "coordinates": [ 235721.62039428440039, 908360.180312482407317 ] } },
{ "type": "Feature", "properties": { "category": "food_beverage" }, "geometry": { "type": "Point", "coordinates": [ 241178.869483515940374, 905439.011265165056102 ] } },
{ "type": "Feature", "properties": { "category": "food_beverage" }, "geometry": { "type": "Point", "coordinates": [ 231401.048528591782087, 904154.618847490288317 ] } },
{ "type": "Feature", "properties": { "category": "food_beverage" }, "geometry": { "type": "Point", "coordinates": [ 227103.628156513907015, 888376.288013638579287 ] } },
{ "type": "Feature", "properties": { "category": "food_beverage" }, "geometry": { "type": "Point", "coordinates": [ 227273.747880915558198, 896964.439248895738274 ] } },
{ "type": "Feature", "properties": { "category": "food_beverage" }, "geometry": { "type": "Point", "coordinates": [ 228582.374866323021706, 899886.077783237444237 ] } },
{ "type": "Feature", "properties": { "category": "food_beverage" }, "geometry": { "type": "Point", "coordinates": [ 221648.138750737678492, 902029.747367419186048 ] } },
{ "type": "Feature", "properties": { "category": "food_beverage" }, "geometry": { "type": "Point", "coordinates": [ 241128.07079354225425, 906732.12681811559014 ] } },
{ "type": "Feature", "properties": { "category": "food_beverage" }, "geometry": { "type": "Point", "coordinates": [ 231199.709511252265656, 904971.482604895718396 ] } },
{ "type": "Feature", "properties": { "category": "food_beverage" }, "geometry": { "type": "Point", "coordinates": [ 238707.932888280745829, 894418.218161226715893 ] } },
{ "type": "Feature", "properties": { "category": "food_beverage" }, "geometry": { "type": "Point", "coordinates": [ 230581.946409246389521, 900279.822743068216369 ] } },
{ "type": "Feature", "properties": { "category": "food_beverage" }, "geometry": { "type": "Point", "coordinates": [ 228464.798494200746063, 892880.995381481130607 ] } },
{ "type": "Feature", "properties": { "category": "food_beverage" }, "geometry": { "type": "Point", "coordinates": [ 243655.855743896245258, 902462.601150564150885 ] } },
{ "type": "Feature", "properties": { "category": "food_beverage" }, "geometry": { "type": "Point", "coordinates": [ 234094.647563441947568, 898481.866426867549308 ] } },
{ "type": "Feature", "properties": { "category": "food_beverage" }, "geometry": { "type": "Point", "coordinates": [ 238955.582274284068262, 898178.778638019924983 ] } },
{ "type": "Feature", "properties": { "category": "food_beverage" }, "geometry": { "type": "Point", "coordinates": [ 231068.430956600932404, 898329.215036098379642 ] } },
{ "type": "Feature", "properties": { "category": "food_beverage" }, "geometry": { "type": "Point", "coordinates": [ 238887.007847893197322, 894453.08447957620956 ] } },
{ "type": "Feature", "properties": { "category": "food_beverage" }, "geometry": { "type": "Point", "coordinates": [ 232942.716936700802762, 899796.530145013472065 ] } },
{ "type": "Feature", "properties": { "category": "food_beverage" }, "geometry": { "type": "Point", "coordinates": [ 236353.196876240457641, 901752.435713651939295 ] } },
{ "type": "Feature", "properties": { "category": "food_beverage" }, "geometry": { "type": "Point", "coordinates": [ 234102.935583982907701, 899168.588154222816229 ] } },
{ "type": "Feature", "properties": { "category": "food_beverage" }, "geometry": { "type": "Point", "coordinates": [ 238830.39427019492723, 912769.597710315836594 ] } },
{ "type": "Feature", "properties": { "category": "food_beverage" }, "geometry": { "type": "Point", "coordinates": [ 225813.635885103576584, 900703.666341069620103 ] } },
{ "type": "Feature", "properties": { "category": "food_beverage" }, "geometry": { "type": "Point", "coordinates": [ 227164.017533071251819, 896947.686163416597992 ] } },
{ "type": "Feature", "properties": { "category": "food_beverage" }, "geometry": { "type": "Point", "coordinates": [ 239070.296319648361532, 901544.751473017851822 ] } },
{ "type": "Feature", "properties": { "category": "food_beverage" }, "geometry": { "type": "Point", "coordinates": [ 241119.055801084963605, 905671.039457904873416 ] } },
{ "type": "Feature", "properties": { "category": "food_beverage" }, "geometry": { "type": "Point", "coordinates": [ 236109.817656681261724, 900222.744613230694085 ] } },
{ "type": "Feature", "properties": { "category": "food_beverage" }, "geometry": { "type": "Point", "coordinates": [ 233174.897705181327183, 902625.557770740590058 ] } },
{ "type": "Feature", "properties": { "category": "food_beverage" }, "geometry": { "type": "Point", "coordinates": [ 239831.771608426468447, 901910.143857455230318 ] } },
{ "type": "Feature", "properties": { "category": "food_beverage" }, "geometry": { "type": "Point", "coordinates": [ 237973.548460079910001, 896066.820106044993736 ] } },
{ "type": "Feature", "properties": { "category": "food_beverage" }, "geometry": { "type": "Point", "coordinates": [ 243710.186570863937959, 912355.757305619074032 ] } },
{ "type": "Feature", "properties": { "category": "food_beverage" }, "geometry": { "type": "Point", "coordinates": [ 234595.609762160456739, 902384.927807679167017 ] } },
{ "type": "Feature", "properties": { "category": "food_beverage" }, "geometry": { "type": "Point", "coordinates": [ 235504.832410670642275, 913209.298318556626327 ] } },
{ "type": "Feature", "properties": { "category": "food_beverage" }, "geometry": { "type": "Point", "coordinates": [ 230583.6778829729883, 892869.561130564776249 ] } },
{ "type": "Feature", "properties": { "category": "food_beverage" }, "geometry": { "type": "Point", "coordinates": [ 233793.325222635583486, 902478.993934053694829 ] } },
{ "type": "Feature", "properties": { "category": "food_beverage" }, "geometry": { "type": "Point", "coordinates": [ 235279.373887614434352, 893886.121828328585252 ] } },
{ "type": "Feature", "properties": { "category": "food_beverage" }, "geometry": { "type": "Point", "coordinates": [ 236735.509302563528763, 901087.509848925750703 ] } },
{ "type": "Feature", "properties": { "category": "food_beverage" }, "geometry": { "type": "Point", "coordinates": [ 236843.73849548510043, 901012.765440727351233 ] } },
{ "type": "Feature", "properties": { "category": "food_beverage" }, "geometry": { "type": "Point", "coordinates": [ 232721.068350964807905, 899407.833735854830593 ] } },
{ "type": "Feature", "properties": { "category": "food_beverage" }, "geometry": { "type": "Point", "coordinates": [ 241841.999364489136497, 889284.757399564376101 ] } },
{ "type": "Feature", "properties": { "category": "food_beverage" }, "geometry": { "type": "Point", "coordinates": [ 235674.312954688502941, 900251.955395493889228 ] } },
{ "type": "Feature", "properties": { "category": "food_beverage" }, "geometry": { "type": "Point", "coordinates": [ 230403.95598326579784, 900095.772375408327207 ] } },
{ "type": "Feature", "properties": { "category": "food_beverage" }, "geometry": { "type": "Point", "coordinates": [ 236186.740008416789351, 900180.819559929426759 ] } },
{ "type": "Feature", "properties": { "category": "food_beverage" }, "geometry": { "type": "Point", "coordinates": [ 235972.040134608687367, 912807.010362318833359 ] } },
{ "type": "Feature", "properties": { "category": "food_beverage" }, "geometry": { "type": "Point", "coordinates": [ 231300.872101662214845, 903739.737754470203072 ] } },
{ "type": "Feature", "properties": { "category": "food_beverage" }, "geometry": { "type": "Point", "coordinates": [ 225230.660565618250985, 897909.070940583012998 ] } },
{ "type": "Feature", "properties": { "category": "food_beverage" }, "geometry": { "type": "Point", "coordinates": [ 234626.326774201763328, 899644.338321943185292 ] } },
{ "type": "Feature", "properties": { "category": "food_beverage" }, "geometry": { "type": "Point", "coordinates": [ 232366.991719769430347, 895164.9369200123474 ] } },
{ "type": "Feature", "properties": { "category": "food_beverage" }, "geometry": { "type": "Point", "coordinates": [ 229626.340997978637461, 899879.959887734963559 ] } },
{ "type": "Feature", "properties": { "category": "food_beverage" }, "geometry": { "type": "Point", "coordinates": [ 236752.222392492112704, 901672.202550362562761 ] } },
{ "type": "Feature", "properties": { "category": "food_beverage" }, "geometry": { "type": "Point", "coordinates": [ 235440.707234459230676, 900763.731786983436905 ] } },
{ "type": "Feature", "properties": { "category": "food_beverage" }, "geometry": { "type": "Point", "coordinates": [ 238628.655066809878917, 910213.400844773976132 ] } },
{ "type": "Feature", "properties": { "category": "food_beverage" }, "geometry": { "type": "Point", "coordinates": [ 234486.621975862421095, 899047.941643137368374 ] } },
{ "type": "Feature", "properties": { "category": "food_beverage" }, "geometry": { "type": "Point", "coordinates": [ 232015.465677301370306, 902193.86002774105873 ] } },
{ "type": "Feature", "properties": { "category": "food_beverage" }, "geometry": { "type": "Point", "coordinates": [ 233404.040481724310666, 903351.097216490539722 ] } },
{ "type": "Feature", "properties": { "category": "food_beverage" }, "geometry": { "type": "Point", "coordinates": [ 236705.543930999730946, 906582.981800962006673 ] } },
{ "type": "Feature", "properties": { "category": "food_beverage" }, "geometry": { "type": "Point", "coordinates": [ 236218.857760060258443, 900167.76673155487515 ] } },
{ "type": "Feature", "properties": { "category": "food_beverage" }, "geometry": { "type": "Point", "coordinates": [ 230614.813550660095643, 904760.63593323668465 ] } },
{ "type": "Feature", "properties": { "category": "food_beverage" }, "geometry": { "type": "Point", "coordinates": [ 240826.264126241963822, 888372.744701922405511 ] } },
{ "type": "Feature", "properties": { "category": "food_beverage" }, "geometry": { "type": "Point", "coordinates": [ 226920.633831960847601, 888534.311944034649059 ] } },
{ "type": "Feature", "properties": { "category": "food_beverage" }, "geometry": { "type": "Point", "coordinates": [ 236255.080337284540292, 894387.485313989804126 ] } },
{ "type": "Feature", "properties": { "category": "food_beverage" }, "geometry": { "type": "Point", "coordinates": [ 238950.053426747530466, 898700.591864016838372 ] } },
{ "type": "Feature", "properties": { "category": "food_beverage" }, "geometry": { "type": "Point", "coordinates": [ 242356.860473964043194, 888843.309729545610026 ] } },
{ "type": "Feature", "properties": { "category": "food_beverage" }, "geometry": { "type": "Point", "coordinates": [ 239097.57191617396893, 913307.160289530176669 ] } },
{ "type": "Feature", "properties": { "category": "food_beverage" }, "geometry": { "type": "Point", "coordinates": [ 229463.053488681878662, 904294.733682578196749 ] } },
{ "type": "Feature", "properties": { "category": "food_beverage" }, "geometry": { "type": "Point", "coordinates": [ 235544.596500427724095, 908507.462245761416852 ] } },
{ "type": "Feature", "properties": { "category": "food_beverage" }, "geometry": { "type": "Point", "coordinates": [ 235613.410257389215985, 895911.514344706316479 ] } },
{ "type": "Feature", "properties": { "category": "food_beverage" }, "geometry": { "type": "Point", "coordinates": [ 235993.159823848487576, 897742.890786407631822 ] } },
{ "type": "Feature", "properties": { "category": "food_beverage" }, "geometry": { "type": "Point", "coordinates": [ 233897.779155498719774, 899675.220722434576601 ] } },
{ "type": "Feature", "properties": { "category": "food_beverage" }, "geometry": { "type": "Point", "coordinates": [ 234491.695612561365124, 900045.778010243084282 ] } },
{ "type": "Feature", "properties": { "category": "food_beverage" }, "geometry": { "type": "Point", "coordinates": [ 234715.551880391984014, 899947.021255002124235 ] } },
{ "type": "Feature", "properties": { "category": "food_beverage" }, "geometry": { "type": "Point", "coordinates": [ 222643.298968033370329, 892183.065557736204937 ] } },
{ "type": "Feature", "properties": { "category": "food_beverage" }, "geometry": { "type": "Point", "coordinates": [ 231157.065701791871106, 907252.078643035143614 ] } },
{ "type": "Feature", "properties": { "category": "food_beverage" }, "geometry": { "type": "Point", "coordinates": [ 236601.641757518344093, 901672.194045574986376 ] } },
{ "type": "Feature", "properties": { "category": "food_beverage" }, "geometry": { "type": "Point", "coordinates": [ 234707.182787425379502, 904824.877132262918167 ] } },
{ "type": "Feature", "properties": { "category": "food_beverage" }, "geometry": { "type": "Point", "coordinates": [ 236816.189684048178606, 900956.193290837225504 ] } },
{ "type": "Feature", "properties": { "category": "food_beverage" }, "geometry": { "type": "Point", "coordinates": [ 236605.04671223484911, 901477.158163034822792 ] } },
{ "type": "Feature", "properties": { "category": "food_beverage" }, "geometry": { "type": "Point", "coordinates": [ 228309.943603727180744, 892626.006697375909425 ] } },
{ "type": "Feature", "properties": { "category": "food_beverage" }, "geometry": { "type": "Point", "coordinates": [ 224185.136350863467669, 896824.065377188962884 ] } },
{ "type": "Feature", "properties": { "category": "food_beverage" }, "geometry": { "type": "Point", "coordinates": [ 237984.395444150926778, 902781.877849165466614 ] } },
{ "type": "Feature", "properties": { "category": "food_beverage" }, "geometry": { "type": "Point", "coordinates": [ 231343.840852942783386, 899238.050784007995389 ] } },
{ "type": "Feature", "properties": { "category": "food_beverage" }, "geometry": { "type": "Point", "coordinates": [ 245303.399509511276847, 914160.283317710855044 ] } },
{ "type": "Feature", "properties": { "category": "food_beverage" }, "geometry": { "type": "Point", "coordinates": [ 236719.902764447848313, 900779.186165204970166 ] } },
{ "type": "Feature", "properties": { "category": "food_beverage" }, "geometry": { "type": "Point", "coordinates": [ 234662.298202982259681, 894970.716693428577855 ] } },
{ "type": "Feature", "properties": { "category": "food_beverage" }, "geometry": { "type": "Point", "coordinates": [ 237298.49144695897121, 898590.331103835022077 ] } },
{ "type": "Feature", "properties": { "category": "food_beverage" }, "geometry": { "type": "Point", "coordinates": [ 238827.75909654609859, 912413.567863862495869 ] } },
{ "type": "Feature", "properties": { "category": "food_beverage" }, "geometry": { "type": "Point", "coordinates": [ 244630.734932760184165, 913971.01882275484968 ] } },
{ "type": "Feature", "properties": { "category": "food_beverage" }, "geometry": { "type": "Point", "coordinates": [ 232409.52903111896012, 900458.184832329279743 ] } },
{ "type": "Feature", "properties": { "category": "food_beverage" }, "geometry": { "type": "Point", "coordinates": [ 237740.028559327125549, 899514.856679003918543 ] } },
{ "type": "Feature", "properties": { "category": "food_beverage" }, "geometry": { "type": "Point", "coordinates": [ 234428.720459942298476, 901631.774641999043524 ] } },
{ "type": "Feature", "properties": { "category": "food_beverage" }, "geometry": { "type": "Point", "coordinates": [ 231959.26920120450086, 892643.415745945996605 ] } },
{ "type": "Feature", "properties": { "category": "food_beverage" }, "geometry": { "type": "Point", "coordinates": [ 226722.487236530461814, 905211.609684112365358 ] } },
{ "type": "Feature", "properties": { "category": "food_beverage" }, "geometry": { "type": "Point", "coordinates": [ 232950.010344104986871, 903528.788881461834535 ] } },
{ "type": "Feature", "properties": { "category": "food_beverage" }, "geometry": { "type": "Point", "coordinates": [ 232830.377356508921366, 901620.014454696443863 ] } },
{ "type": "Feature", "properties": { "category": "food_beverage" }, "geometry": { "type": "Point", "coordinates": [ 222808.067718793055974, 895169.536704827100039 ] } },
{ "type": "Feature", "properties": { "category": "food_beverage" }, "geometry": { "type": "Point", "coordinates": [ 232313.069195838732412, 898734.038358418503776 ] } },
{ "type": "Feature", "properties": { "category": "food_beverage" }, "geometry": { "type": "Point", "coordinates": [ 236774.672839118662523, 900546.097325497772545 ] } },
{ "type": "Feature", "properties": { "category": "food_beverage" }, "geometry": { "type": "Point", "coordinates": [ 238123.518756901088636, 902915.814945090678521 ] } },
{ "type": "Feature", "properties": { "category": "food_beverage" }, "geometry": { "type": "Point", "coordinates": [ 231322.890045041713165, 904009.86773846601136 ] } },
{ "type": "Feature", "properties": { "category": "food_beverage" }, "geometry": { "type": "Point", "coordinates": [ 233072.432349993003299, 902609.301516734762117 ] } },
{ "type": "Feature", "properties": { "category": "food_beverage" }, "geometry": { "type": "Point", "coordinates": [ 232408.039281009550905, 898458.226113984943368 ] } },
{ "type": "Feature", "properties": { "category": "food_beverage" }, "geometry": { "type": "Point", "coordinates": [ 221674.421484419843182, 903682.442389773088507 ] } },
{ "type": "Feature", "properties": { "category": "food_beverage" }, "geometry": { "type": "Point", "coordinates": [ 233058.170764995040372, 898706.734720694017597 ] } },
{ "type": "Feature", "properties": { "category": "food_beverage" }, "geometry": { "type": "Point", "coordinates": [ 221676.036712069209898, 902918.78750261652749 ] } },
{ "type": "Feature", "properties": { "category": "food_beverage" }, "geometry": { "type": "Point", "coordinates": [ 237845.137710291222902, 902870.655729045509361 ] } },
{ "type": "Feature", "properties": { "category": "food_beverage" }, "geometry": { "type": "Point", "coordinates": [ 236527.017268505529501, 899198.207222043769434 ] } },
{ "type": "Feature", "properties": { "category": "food_beverage" }, "geometry": { "type": "Point", "coordinates": [ 219520.185463821486337, 903288.019656815449707 ] } },
{ "type": "Feature", "properties": { "category": "food_beverage" }, "geometry": { "type": "Point", "coordinates": [ 230654.384675756504294, 903334.338535629445687 ] } },
{ "type": "Feature", "properties": { "category": "food_beverage" }, "geometry": { "type": "Point", "coordinates": [ 241804.757278748555109, 905340.960384769015945 ] } },
{ "type": "Feature", "properties": { "category": "food_beverage" }, "geometry": { "type": "Point", "coordinates": [ 237731.241847616387531, 896591.800082614296116 ] } },
{ "type": "Feature", "properties": { "category": "food_beverage" }, "geometry": { "type": "Point", "coordinates": [ 245231.033902235270943, 912809.058748711249791 ] } },
{ "type": "Feature", "properties": { "category": "food_beverage" }, "geometry": { "type": "Point", "coordinates": [ 225122.674752161285141, 897799.051427762024105 ] } },
{ "type": "Feature", "properties": { "category": "food_beverage" }, "geometry": { "type": "Point", "coordinates": [ 235917.084164774540113, 900371.712261653272435 ] } },
{ "type": "Feature", "properties": { "category": "food_beverage" }, "geometry": { "type": "Point", "coordinates": [ 234821.616945835325168, 900108.608927968540229 ] } },
{ "type": "Feature", "properties": { "category": "food_beverage" }, "geometry": { "type": "Point", "coordinates": [ 236554.431919961964013, 900898.065731403999962 ] } },
{ "type": "Feature", "properties": { "category": "food_beverage" }, "geometry": { "type": "Point", "coordinates": [ 236040.9581306524924, 900154.633534078253433 ] } },
{ "type": "Feature", "properties": { "category": "food_beverage" }, "geometry": { "type": "Point", "coordinates": [ 233378.840494655247312, 903247.007935228175484 ] } },
{ "type": "Feature", "properties": { "category": "food_beverage" }, "geometry": { "type": "Point", "coordinates": [ 236573.648987248772755, 906397.79044499527663 ] } },
{ "type": "Feature", "properties": { "category": "food_beverage" }, "geometry": { "type": "Point", "coordinates": [ 232044.83376584853977, 907597.310611414490268 ] } },
{ "type": "Feature", "properties": { "category": "food_beverage" }, "geometry": { "type": "Point", "coordinates": [ 226865.062295972427819, 891157.807808641111478 ] } },
{ "type": "Feature", "properties": { "category": "food_beverage" }, "geometry": { "type": "Point", "coordinates": [ 234533.028176479419926, 899682.756495339563116 ] } },
{ "type": "Feature", "properties": { "category": "food_beverage" }, "geometry": { "type": "Point", "coordinates": [ 239270.555547676718561, 891419.154626203002408 ] } },
{ "type": "Feature", "properties": { "category": "food_beverage" }, "geometry": { "type": "Point", "coordinates": [ 236631.534561567008495, 901452.747893450665288 ] } },
{ "type": "Feature", "properties": { "category": "food_beverage" }, "geometry": { "type": "Point", "coordinates": [ 227419.924949505308177, 889763.064022474805824 ] } },
{ "type": "Feature", "properties": { "category": "food_beverage" }, "geometry": { "type": "Point", "coordinates": [ 231079.237245983880712, 899277.419016549363732 ] } },
{ "type": "Feature", "properties": { "category": "food_beverage" }, "geometry": { "type": "Point", "coordinates": [ 236580.577175904036267, 901113.915738302981481 ] } },
{ "type": "Feature", "properties": { "category": "food_beverage" }, "geometry": { "type": "Point", "coordinates": [ 233809.990671760751866, 900110.667052091099322 ] } },
{ "type": "Feature", "properties": { "category": "food_beverage" }, "geometry": { "type": "Point", "coordinates": [ 235972.040134608687367, 912807.010362318833359 ] } },
{ "type": "Feature", "properties": { "category": "food_beverage" }, "geometry": { "type": "Point", "coordinates": [ 239210.362739135627635, 914388.169141300604679 ] } },
{ "type": "Feature", "properties": { "category": "food_beverage" }, "geometry": { "type": "Point", "coordinates": [ 231000.060199114697753, 889321.736045518657193 ] } },
{ "type": "Feature", "properties": { "category": "food_beverage" }, "geometry": { "type": "Point", "coordinates": [ 231163.06283519777935, 900201.400055828387849 ] } },
{ "type": "Feature", "properties": { "category": "food_beverage" }, "geometry": { "type": "Point", "coordinates": [ 226632.43394063677988, 886770.680623666499741 ] } },
{ "type": "Feature", "properties": { "category": "food_beverage" }, "geometry": { "type": "Point", "coordinates": [ 241698.140910636226181, 888188.470665315398946 ] } },
{ "type": "Feature", "properties": { "category": "food_beverage" }, "geometry": { "type": "Point", "coordinates": [ 234745.184811057086335, 901852.267744352575392 ] } },
{ "type": "Feature", "properties": { "category": "food_beverage" }, "geometry": { "type": "Point", "coordinates": [ 232936.259116463654209, 902667.755437501007691 ] } },
{ "type": "Feature", "properties": { "category": "food_beverage" }, "geometry": { "type": "Point", "coordinates": [ 224160.043773320736364, 897937.188933359459043 ] } },
{ "type": "Feature", "properties": { "category": "food_beverage" }, "geometry": { "type": "Point", "coordinates": [ 239210.362739135627635, 914388.169141300604679 ] } },
{ "type": "Feature", "properties": { "category": "food_beverage" }, "geometry": { "type": "Point", "coordinates": [ 232838.845853979437379, 897408.656911992933601 ] } },
{ "type": "Feature", "properties": { "category": "food_beverage" }, "geometry": { "type": "Point", "coordinates": [ 237376.369809959316626, 909314.310610617976636 ] } },
{ "type": "Feature", "properties": { "category": "food_beverage" }, "geometry": { "type": "Point", "coordinates": [ 235614.536364797095302, 908460.829960342962295 ] } },
{ "type": "Feature", "properties": { "category": "food_beverage" }, "geometry": { "type": "Point", "coordinates": [ 236752.222392492112704, 901672.202550362562761 ] } },
{ "type": "Feature", "properties": { "category": "food_beverage" }, "geometry": { "type": "Point", "coordinates": [ 236530.357558555580908, 896191.911653617396951 ] } },
{ "type": "Feature", "properties": { "category": "food_beverage" }, "geometry": { "type": "Point", "coordinates": [ 236887.865275896008825, 906616.372553541208617 ] } },
{ "type": "Feature", "properties": { "category": "food_beverage" }, "geometry": { "type": "Point", "coordinates": [ 223226.722213426313829, 895101.817626503994688 ] } },
{ "type": "Feature", "properties": { "category": "food_beverage" }, "geometry": { "type": "Point", "coordinates": [ 233681.131271808495512, 904645.709657060680911 ] } },
{ "type": "Feature", "properties": { "category": "food_beverage" }, "geometry": { "type": "Point", "coordinates": [ 228561.447640754573513, 907743.339021190069616 ] } },
{ "type": "Feature", "properties": { "category": "food_beverage" }, "geometry": { "type": "Point", "coordinates": [ 234198.354003982909489, 897712.82586522703059 ] } },
{ "type": "Feature", "properties": { "category": "food_beverage" }, "geometry": { "type": "Point", "coordinates": [ 235922.590208512876416, 901260.80989653733559 ] } },
{ "type": "Feature", "properties": { "category": "food_beverage" }, "geometry": { "type": "Point", "coordinates": [ 237553.722656718629878, 905862.562218193314038 ] } },
{ "type": "Feature", "properties": { "category": "food_beverage" }, "geometry": { "type": "Point", "coordinates": [ 238471.066134887281805, 899412.296374181867577 ] } },
{ "type": "Feature", "properties": { "category": "food_beverage" }, "geometry": { "type": "Point", "coordinates": [ 233353.105738277779892, 902110.442892669467255 ] } },
{ "type": "Feature", "properties": { "category": "food_beverage" }, "geometry": { "type": "Point", "coordinates": [ 234234.346553277631756, 899968.320258994121104 ] } },
{ "type": "Feature", "properties": { "category": "food_beverage" }, "geometry": { "type": "Point", "coordinates": [ 236440.656980073777959, 900024.84514804801438 ] } },
{ "type": "Feature", "properties": { "category": "food_beverage" }, "geometry": { "type": "Point", "coordinates": [ 235126.074729958869284, 895932.27815706236288 ] } },
{ "type": "Feature", "properties": { "category": "food_beverage" }, "geometry": { "type": "Point", "coordinates": [ 236216.184350345516577, 900686.487606751383282 ] } },
{ "type": "Feature", "properties": { "category": "food_beverage" }, "geometry": { "type": "Point", "coordinates": [ 221463.441732795443386, 903143.511434308602475 ] } },
{ "type": "Feature", "properties": { "category": "food_beverage" }, "geometry": { "type": "Point", "coordinates": [ 222364.268178922124207, 899876.979728081612848 ] } },
{ "type": "Feature", "properties": { "category": "food_beverage" }, "geometry": { "type": "Point", "coordinates": [ 238260.145378879096825, 898393.115896111936308 ] } },
{ "type": "Feature", "properties": { "category": "food_beverage" }, "geometry": { "type": "Point", "coordinates": [ 245179.399494989484083, 912538.463944496470504 ] } },
{ "type": "Feature", "properties": { "category": "food_beverage" }, "geometry": { "type": "Point", "coordinates": [ 233094.447053218551446, 903495.811112991068512 ] } },
{ "type": "Feature", "properties": { "category": "food_beverage" }, "geometry": { "type": "Point", "coordinates": [ 231116.412260319833877, 905262.916975915199146 ] } },
{ "type": "Feature", "properties": { "category": "food_beverage" }, "geometry": { "type": "Point", "coordinates": [ 233696.123345024039736, 893092.937613193178549 ] } },
{ "type": "Feature", "properties": { "category": "food_beverage" }, "geometry": { "type": "Point", "coordinates": [ 237030.935701939335559, 908846.720338283455931 ] } },
{ "type": "Feature", "properties": { "category": "food_beverage" }, "geometry": { "type": "Point", "coordinates": [ 235460.936113011470297, 911448.111395106650889 ] } },
{ "type": "Feature", "properties": { "category": "food_beverage" }, "geometry": { "type": "Point", "coordinates": [ 236133.950802290230058, 901618.010695651639253 ] } },
{ "type": "Feature", "properties": { "category": "food_beverage" }, "geometry": { "type": "Point", "coordinates": [ 233781.524304967868375, 909602.001302705379203 ] } },
{ "type": "Feature", "properties": { "category": "food_beverage" }, "geometry": { "type": "Point", "coordinates": [ 231390.69466317439219, 898212.12733875750564 ] } },
{ "type": "Feature", "properties": { "category": "food_beverage" }, "geometry": { "type": "Point", "coordinates": [ 233597.580511213542195, 908081.434930424205959 ] } },
{ "type": "Feature", "properties": { "category": "food_beverage" }, "geometry": { "type": "Point", "coordinates": [ 235861.645304024685174, 901257.721624765312299 ] } },
{ "type": "Feature", "properties": { "category": "food_beverage" }, "geometry": { "type": "Point", "coordinates": [ 235588.087024509732146, 901253.109491864335723 ] } },
{ "type": "Feature", "properties": { "category": "food_beverage" }, "geometry": { "type": "Point", "coordinates": [ 234023.769015582627617, 904470.856937074451707 ] } },
{ "type": "Feature", "properties": { "category": "food_beverage" }, "geometry": { "type": "Point", "coordinates": [ 231798.031150473223533, 896106.604505428578705 ] } },
{ "type": "Feature", "properties": { "category": "food_beverage" }, "geometry": { "type": "Point", "coordinates": [ 243604.260436892625876, 902375.194637781241909 ] } },
{ "type": "Feature", "properties": { "category": "food_beverage" }, "geometry": { "type": "Point", "coordinates": [ 228274.55799678718904, 907698.301355655072257 ] } },
{ "type": "Feature", "properties": { "category": "food_beverage" }, "geometry": { "type": "Point", "coordinates": [ 236073.835372467408888, 906184.042749951127917 ] } },
{ "type": "Feature", "properties": { "category": "food_beverage" }, "geometry": { "type": "Point", "coordinates": [ 231169.900187349267071, 899254.161009844276123 ] } },
{ "type": "Feature", "properties": { "category": "food_beverage" }, "geometry": { "type": "Point", "coordinates": [ 226710.86573325181962, 886811.297828265232965 ] } },
{ "type": "Feature", "properties": { "category": "food_beverage" }, "geometry": { "type": "Point", "coordinates": [ 236577.171472344489302, 900929.397042852127925 ] } },
{ "type": "Feature", "properties": { "category": "food_beverage" }, "geometry": { "type": "Point", "coordinates": [ 238934.805726321297698, 909203.704913967405446 ] } },
{ "type": "Feature", "properties": { "category": "food_beverage" }, "geometry": { "type": "Point", "coordinates": [ 226689.884332008921774, 904084.817682167049497 ] } },
{ "type": "Feature", "properties": { "category": "food_beverage" }, "geometry": { "type": "Point", "coordinates": [ 239418.614650346746203, 914831.664173636236228 ] } },
{ "type": "Feature", "properties": { "category": "food_beverage" }, "geometry": { "type": "Point", "coordinates": [ 229159.767041793937096, 900111.604430240462534 ] } },
{ "type": "Feature", "properties": { "category": "food_beverage" }, "geometry": { "type": "Point", "coordinates": [ 234234.346553277631756, 899968.320258994121104 ] } },
{ "type": "Feature", "properties": { "category": "food_beverage" }, "geometry": { "type": "Point", "coordinates": [ 235438.794119974743808, 908550.803833597456105 ] } },
{ "type": "Feature", "properties": { "category": "food_beverage" }, "geometry": { "type": "Point", "coordinates": [ 225623.207636429608101, 898498.9760587165365 ] } },
{ "type": "Feature", "properties": { "category": "food_beverage" }, "geometry": { "type": "Point", "coordinates": [ 233644.19784548014286, 903331.471693874220364 ] } },
{ "type": "Feature", "properties": { "category": "food_beverage" }, "geometry": { "type": "Point", "coordinates": [ 235617.220131462905556, 891412.931329056853428 ] } },
{ "type": "Feature", "properties": { "category": "food_beverage" }, "geometry": { "type": "Point", "coordinates": [ 236115.261042869067751, 900927.007796027231961 ] } },
{ "type": "Feature", "properties": { "category": "food_beverage" }, "geometry": { "type": "Point", "coordinates": [ 234841.42878891993314, 898588.386118767550215 ] } },
{ "type": "Feature", "properties": { "category": "food_beverage" }, "geometry": { "type": "Point", "coordinates": [ 231336.441524223017041, 902559.466907649184577 ] } },
{ "type": "Feature", "properties": { "category": "food_beverage" }, "geometry": { "type": "Point", "coordinates": [ 235161.466613273369148, 898762.038973895134404 ] } },
{ "type": "Feature", "properties": { "category": "food_beverage" }, "geometry": { "type": "Point", "coordinates": [ 230306.850880335463444, 907892.950032640830614 ] } },
{ "type": "Feature", "properties": { "category": "food_beverage" }, "geometry": { "type": "Point", "coordinates": [ 233433.550822788500227, 901839.683330751955509 ] } },
{ "type": "Feature", "properties": { "category": "food_beverage" }, "geometry": { "type": "Point", "coordinates": [ 225157.558386042772327, 897977.565481693018228 ] } },
{ "type": "Feature", "properties": { "category": "food_beverage" }, "geometry": { "type": "Point", "coordinates": [ 234995.413616621575784, 899639.168554361443967 ] } },
{ "type": "Feature", "properties": { "category": "food_beverage" }, "geometry": { "type": "Point", "coordinates": [ 234004.907686151796952, 899059.701439643045887 ] } },
{ "type": "Feature", "properties": { "category": "food_beverage" }, "geometry": { "type": "Point", "coordinates": [ 235442.952001362107694, 912142.163961486541666 ] } },
{ "type": "Feature", "properties": { "category": "food_beverage" }, "geometry": { "type": "Point", "coordinates": [ 237577.18633254794986, 908076.950620395014994 ] } },
{ "type": "Feature", "properties": { "category": "food_beverage" }, "geometry": { "type": "Point", "coordinates": [ 235916.981931473157601, 907171.624049450503662 ] } },
{ "type": "Feature", "properties": { "category": "food_beverage" }, "geometry": { "type": "Point", "coordinates": [ 236459.187609310960397, 900852.139917293097824 ] } },
{ "type": "Feature", "properties": { "category": "food_beverage" }, "geometry": { "type": "Point", "coordinates": [ 234116.967093448532978, 899808.908190427697264 ] } },
{ "type": "Feature", "properties": { "category": "food_beverage" }, "geometry": { "type": "Point", "coordinates": [ 220889.577713972423226, 899599.85876077238936 ] } },
{ "type": "Feature", "properties": { "category": "food_beverage" }, "geometry": { "type": "Point", "coordinates": [ 234436.757951728854096, 898982.494587177177891 ] } },
{ "type": "Feature", "properties": { "category": "food_beverage" }, "geometry": { "type": "Point", "coordinates": [ 226557.480690537864575, 896561.488128390279599 ] } },
{ "type": "Feature", "properties": { "category": "food_beverage" }, "geometry": { "type": "Point", "coordinates": [ 231591.769687662628712, 902925.502544211922213 ] } },
{ "type": "Feature", "properties": { "category": "food_beverage" }, "geometry": { "type": "Point", "coordinates": [ 234703.87589615865727, 900125.687894745962694 ] } },
{ "type": "Feature", "properties": { "category": "food_beverage" }, "geometry": { "type": "Point", "coordinates": [ 228602.513409111532383, 899918.15001345006749 ] } },
{ "type": "Feature", "properties": { "category": "food_beverage" }, "geometry": { "type": "Point", "coordinates": [ 236464.926855978963431, 901174.963048377074301 ] } },
{ "type": "Feature", "properties": { "category": "food_beverage" }, "geometry": { "type": "Point", "coordinates": [ 229982.270860154822003, 898840.563114282791503 ] } },
{ "type": "Feature", "properties": { "category": "food_beverage" }, "geometry": { "type": "Point", "coordinates": [ 227252.342384465708164, 889613.461231160326861 ] } },
{ "type": "Feature", "properties": { "category": "food_beverage" }, "geometry": { "type": "Point", "coordinates": [ 231262.3744197281776, 904377.823578511248343 ] } },
{ "type": "Feature", "properties": { "category": "food_beverage" }, "geometry": { "type": "Point", "coordinates": [ 236129.493598010216374, 897291.838171521783806 ] } },
{ "type": "Feature", "properties": { "category": "food_beverage" }, "geometry": { "type": "Point", "coordinates": [ 237708.025943649641704, 908401.783755655167624 ] } },
{ "type": "Feature", "properties": { "category": "food_beverage" }, "geometry": { "type": "Point", "coordinates": [ 221443.339541530469432, 901229.917353345546871 ] } },
{ "type": "Feature", "properties": { "category": "food_beverage" }, "geometry": { "type": "Point", "coordinates": [ 234187.172250165021978, 904293.924318663775921 ] } },
{ "type": "Feature", "properties": { "category": "food_beverage" }, "geometry": { "type": "Point", "coordinates": [ 235426.600853891402949, 913213.679261437267996 ] } },
{ "type": "Feature", "properties": { "category": "food_beverage" }, "geometry": { "type": "Point", "coordinates": [ 235573.999957495980198, 901253.149234962300397 ] } },
{ "type": "Feature", "properties": { "category": "food_beverage" }, "geometry": { "type": "Point", "coordinates": [ 227005.364030048513087, 891916.657819050131366 ] } },
{ "type": "Feature", "properties": { "category": "food_beverage" }, "geometry": { "type": "Point", "coordinates": [ 234956.295199647749541, 899071.699816184584051 ] } },
{ "type": "Feature", "properties": { "category": "food_beverage" }, "geometry": { "type": "Point", "coordinates": [ 238080.375176477798959, 913638.585152485407889 ] } },
{ "type": "Feature", "properties": { "category": "food_beverage" }, "geometry": { "type": "Point", "coordinates": [ 233912.669197546230862, 899680.179976823274046 ] } },
{ "type": "Feature", "properties": { "category": "food_beverage" }, "geometry": { "type": "Point", "coordinates": [ 225089.202456360129872, 897801.930960300611332 ] } },
{ "type": "Feature", "properties": { "category": "food_beverage" }, "geometry": { "type": "Point", "coordinates": [ 236377.984471651026979, 900624.008818826405331 ] } },
{ "type": "Feature", "properties": { "category": "food_beverage" }, "geometry": { "type": "Point", "coordinates": [ 234575.789166550792288, 905089.041320741875097 ] } },
{ "type": "Feature", "properties": { "category": "food_beverage" }, "geometry": { "type": "Point", "coordinates": [ 236632.351940180349629, 901453.974016740219668 ] } },
{ "type": "Feature", "properties": { "category": "food_beverage" }, "geometry": { "type": "Point", "coordinates": [ 241698.140910636226181, 888188.470665315398946 ] } },
{ "type": "Feature", "properties": { "category": "food_beverage" }, "geometry": { "type": "Point", "coordinates": [ 231416.456151500344276, 902918.940242286305875 ] } },
{ "type": "Feature", "properties": { "category": "food_beverage" }, "geometry": { "type": "Point", "coordinates": [ 235889.645337677065982, 900259.383260215399787 ] } },
{ "type": "Feature", "properties": { "category": "food_beverage" }, "geometry": { "type": "Point", "coordinates": [ 235316.325488902104553, 893605.505639828159474 ] } },
{ "type": "Feature", "properties": { "category": "food_beverage" }, "geometry": { "type": "Point", "coordinates": [ 219803.201879310625372, 904964.866332195000723 ] } },
{ "type": "Feature", "properties": { "category": "food_beverage" }, "geometry": { "type": "Point", "coordinates": [ 233676.812084021104965, 895575.406856162124313 ] } },
{ "type": "Feature", "properties": { "category": "food_beverage" }, "geometry": { "type": "Point", "coordinates": [ 242324.880075753841083, 902766.921889286953956 ] } },
{ "type": "Feature", "properties": { "category": "food_beverage" }, "geometry": { "type": "Point", "coordinates": [ 230498.25393441496999, 905246.54243723617401 ] } },
{ "type": "Feature", "properties": { "category": "food_beverage" }, "geometry": { "type": "Point", "coordinates": [ 232588.123433957574889, 902949.603792368201539 ] } },
{ "type": "Feature", "properties": { "category": "food_beverage" }, "geometry": { "type": "Point", "coordinates": [ 232130.846269876230508, 902143.512968650087714 ] } },
{ "type": "Feature", "properties": { "category": "food_beverage" }, "geometry": { "type": "Point", "coordinates": [ 235316.325488902104553, 893605.505639828159474 ] } },
{ "type": "Feature", "properties": { "category": "food_beverage" }, "geometry": { "type": "Point", "coordinates": [ 237973.548460079910001, 896066.820106044993736 ] } },
{ "type": "Feature", "properties": { "category": "food_beverage" }, "geometry": { "type": "Point", "coordinates": [ 234825.155269788781879, 896599.576468663290143 ] } },
{ "type": "Feature", "properties": { "category": "food_beverage" }, "geometry": { "type": "Point", "coordinates": [ 234988.775256830122089, 899168.499026647070423 ] } },
{ "type": "Feature", "properties": { "category": "food_beverage" }, "geometry": { "type": "Point", "coordinates": [ 241128.07079354225425, 906732.12681811559014 ] } },
{ "type": "Feature", "properties": { "category": "food_beverage" }, "geometry": { "type": "Point", "coordinates": [ 231260.004988403088646, 902430.608917790697888 ] } },
{ "type": "Feature", "properties": { "category": "food_beverage" }, "geometry": { "type": "Point", "coordinates": [ 245230.17694114142796, 912980.230399594991468 ] } },
{ "type": "Feature", "properties": { "category": "food_beverage" }, "geometry": { "type": "Point", "coordinates": [ 245541.923867857141886, 912441.167677752557211 ] } },
{ "type": "Feature", "properties": { "category": "food_beverage" }, "geometry": { "type": "Point", "coordinates": [ 235389.714625980588607, 899061.316972351050936 ] } },
{ "type": "Feature", "properties": { "category": "food_beverage" }, "geometry": { "type": "Point", "coordinates": [ 232709.293144856521394, 901600.899675230844878 ] } },
{ "type": "Feature", "properties": { "category": "food_beverage" }, "geometry": { "type": "Point", "coordinates": [ 243226.031483472121181, 904047.933560229372233 ] } },
{ "type": "Feature", "properties": { "category": "food_beverage" }, "geometry": { "type": "Point", "coordinates": [ 234290.118208634521579, 899649.354573609074578 ] } },
{ "type": "Feature", "properties": { "category": "food_beverage" }, "geometry": { "type": "Point", "coordinates": [ 235987.103440300794318, 899440.792944219312631 ] } },
{ "type": "Feature", "properties": { "category": "food_beverage" }, "geometry": { "type": "Point", "coordinates": [ 243844.355623633571668, 912484.338413955876604 ] } },
{ "type": "Feature", "properties": { "category": "food_beverage" }, "geometry": { "type": "Point", "coordinates": [ 236042.716874944017036, 900229.398060272214934 ] } },
{ "type": "Feature", "properties": { "category": "food_beverage" }, "geometry": { "type": "Point", "coordinates": [ 234141.291075488377828, 899703.613505957531743 ] } },
{ "type": "Feature", "properties": { "category": "food_beverage" }, "geometry": { "type": "Point", "coordinates": [ 235864.450837601179956, 907191.12766919657588 ] } },
{ "type": "Feature", "properties": { "category": "food_beverage" }, "geometry": { "type": "Point", "coordinates": [ 238294.980944268987514, 903220.103907051146962 ] } },
{ "type": "Feature", "properties": { "category": "food_beverage" }, "geometry": { "type": "Point", "coordinates": [ 236216.184350345516577, 900686.487606751383282 ] } },
{ "type": "Feature", "properties": { "category": "food_beverage" }, "geometry": { "type": "Point", "coordinates": [ 232478.303069815447088, 899767.265640606638044 ] } },
{ "type": "Feature", "properties": { "category": "food_beverage" }, "geometry": { "type": "Point", "coordinates": [ 236693.021047545189504, 901525.269657859578729 ] } },
{ "type": "Feature", "properties": { "category": "food_beverage" }, "geometry": { "type": "Point", "coordinates": [ 234381.609708511969075, 905819.321617875481024 ] } },
{ "type": "Feature", "properties": { "category": "food_beverage" }, "geometry": { "type": "Point", "coordinates": [ 231251.479570100724231, 904846.193823080160655 ] } },
{ "type": "Feature", "properties": { "category": "food_beverage" }, "geometry": { "type": "Point", "coordinates": [ 225917.886415054410463, 900940.200763238593936 ] } },
{ "type": "Feature", "properties": { "category": "food_beverage" }, "geometry": { "type": "Point", "coordinates": [ 230614.813550660095643, 904760.63593323668465 ] } },
{ "type": "Feature", "properties": { "category": "food_beverage" }, "geometry": { "type": "Point", "coordinates": [ 238732.916436675761361, 902972.910748836584389 ] } },
{ "type": "Feature", "properties": { "category": "food_beverage" }, "geometry": { "type": "Point", "coordinates": [ 240961.817440522223478, 887997.539993157028221 ] } },
{ "type": "Feature", "properties": { "category": "food_beverage" }, "geometry": { "type": "Point", "coordinates": [ 236646.213741549843689, 901828.713711678166874 ] } },
{ "type": "Feature", "properties": { "category": "food_beverage" }, "geometry": { "type": "Point", "coordinates": [ 237059.258359832747374, 900167.705158366821706 ] } },
{ "type": "Feature", "properties": { "category": "food_beverage" }, "geometry": { "type": "Point", "coordinates": [ 231286.082761142228264, 903621.26223505474627 ] } },
{ "type": "Feature", "properties": { "category": "food_beverage" }, "geometry": { "type": "Point", "coordinates": [ 236250.812247006339021, 894143.649800525046885 ] } },
{ "type": "Feature", "properties": { "category": "food_beverage" }, "geometry": { "type": "Point", "coordinates": [ 236774.116307896212675, 901596.894875527126715 ] } },
{ "type": "Feature", "properties": { "category": "food_beverage" }, "geometry": { "type": "Point", "coordinates": [ 231169.900187349267071, 899254.161009844276123 ] } },
{ "type": "Feature", "properties": { "category": "food_beverage" }, "geometry": { "type": "Point", "coordinates": [ 236107.183610987791326, 901777.381611859076656 ] } },
{ "type": "Feature", "properties": { "category": "food_beverage" }, "geometry": { "type": "Point", "coordinates": [ 233370.74940872748266, 903337.942793652880937 ] } },
{ "type": "Feature", "properties": { "category": "food_beverage" }, "geometry": { "type": "Point", "coordinates": [ 228938.091034569282783, 898520.6163747679675 ] } },
{ "type": "Feature", "properties": { "category": "food_beverage" }, "geometry": { "type": "Point", "coordinates": [ 235515.948110994591843, 902242.119118824950419 ] } },
{ "type": "Feature", "properties": { "category": "food_beverage" }, "geometry": { "type": "Point", "coordinates": [ 234731.184031079494162, 907163.324991576257162 ] } },
{ "type": "Feature", "properties": { "category": "food_beverage" }, "geometry": { "type": "Point", "coordinates": [ 237009.65755675220862, 901434.846393160638399 ] } },
{ "type": "Feature", "properties": { "category": "food_beverage" }, "geometry": { "type": "Point", "coordinates": [ 229919.465575576410629, 892041.410609609331004 ] } },
{ "type": "Feature", "properties": { "category": "food_beverage" }, "geometry": { "type": "Point", "coordinates": [ 232215.853728285583202, 907581.320357923861593 ] } },
{ "type": "Feature", "properties": { "category": "food_beverage" }, "geometry": { "type": "Point", "coordinates": [ 229826.73835494852392, 900400.983715915237553 ] } },
{ "type": "Feature", "properties": { "category": "food_beverage" }, "geometry": { "type": "Point", "coordinates": [ 234567.120249601779506, 907200.837704624864273 ] } },
{ "type": "Feature", "properties": { "category": "food_beverage" }, "geometry": { "type": "Point", "coordinates": [ 233108.493289053731132, 899727.552368444390595 ] } },
{ "type": "Feature", "properties": { "category": "food_beverage" }, "geometry": { "type": "Point", "coordinates": [ 237542.700467695627594, 899757.949318201979622 ] } },
{ "type": "Feature", "properties": { "category": "food_beverage" }, "geometry": { "type": "Point", "coordinates": [ 236619.035029719030717, 892617.698323447490111 ] } },
{ "type": "Feature", "properties": { "category": "food_beverage" }, "geometry": { "type": "Point", "coordinates": [ 229791.397900535783265, 891819.048733684699982 ] } },
{ "type": "Feature", "properties": { "category": "food_beverage" }, "geometry": { "type": "Point", "coordinates": [ 243261.764357141917571, 889002.987176120048389 ] } },
{ "type": "Feature", "properties": { "category": "food_beverage" }, "geometry": { "type": "Point", "coordinates": [ 230129.060614515765337, 899815.561695433221757 ] } },
{ "type": "Feature", "properties": { "category": "food_beverage" }, "geometry": { "type": "Point", "coordinates": [ 231745.247641072899569, 906012.959536162903532 ] } },
{ "type": "Feature", "properties": { "category": "food_beverage" }, "geometry": { "type": "Point", "coordinates": [ 234750.22366061800858, 904596.267347248154692 ] } },
{ "type": "Feature", "properties": { "category": "food_beverage" }, "geometry": { "type": "Point", "coordinates": [ 237773.29063535889145, 902110.046575885731727 ] } },
{ "type": "Feature", "properties": { "category": "food_beverage" }, "geometry": { "type": "Point", "coordinates": [ 234119.883758230949752, 901464.983768492122181 ] } },
{ "type": "Feature", "properties": { "category": "food_beverage" }, "geometry": { "type": "Point", "coordinates": [ 231363.787163879344007, 902559.255704590934329 ] } },
{ "type": "Feature", "properties": { "category": "food_beverage" }, "geometry": { "type": "Point", "coordinates": [ 234290.482790735492017, 904182.127287367591634 ] } },
{ "type": "Feature", "properties": { "category": "food_beverage" }, "geometry": { "type": "Point", "coordinates": [ 232980.852176078944467, 904642.16401876299642 ] } },
{ "type": "Feature", "properties": { "category": "food_beverage" }, "geometry": { "type": "Point", "coordinates": [ 236060.782285422727, 900193.0571461066138 ] } },
{ "type": "Feature", "properties": { "category": "food_beverage" }, "geometry": { "type": "Point", "coordinates": [ 243640.277907348121516, 902490.82956148381345 ] } },
{ "type": "Feature", "properties": { "category": "food_beverage" }, "geometry": { "type": "Point", "coordinates": [ 238045.098338354902808, 904894.706917718518525 ] } },
{ "type": "Feature", "properties": { "category": "food_beverage" }, "geometry": { "type": "Point", "coordinates": [ 237905.001143493194832, 893580.43540452583693 ] } },
{ "type": "Feature", "properties": { "category": "food_beverage" }, "geometry": { "type": "Point", "coordinates": [ 234162.756459970172727, 898559.062747417250648 ] } },
{ "type": "Feature", "properties": { "category": "food_beverage" }, "geometry": { "type": "Point", "coordinates": [ 230450.209958270395873, 900297.578495432157069 ] } },
{ "type": "Feature", "properties": { "category": "food_beverage" }, "geometry": { "type": "Point", "coordinates": [ 227578.179321825824445, 907513.139141583815217 ] } },
{ "type": "Feature", "properties": { "category": "food_beverage" }, "geometry": { "type": "Point", "coordinates": [ 231087.706802448432427, 898424.382385864970274 ] } },
{ "type": "Feature", "properties": { "category": "food_beverage" }, "geometry": { "type": "Point", "coordinates": [ 223237.828947827772936, 901715.255396968917921 ] } },
{ "type": "Feature", "properties": { "category": "food_beverage" }, "geometry": { "type": "Point", "coordinates": [ 232447.884422006667592, 898877.949313396355137 ] } },
{ "type": "Feature", "properties": { "category": "food_beverage" }, "geometry": { "type": "Point", "coordinates": [ 233320.477581828279654, 902598.810405901866034 ] } },
{ "type": "Feature", "properties": { "category": "food_beverage" }, "geometry": { "type": "Point", "coordinates": [ 233761.137038729561027, 903640.831231029937044 ] } },
{ "type": "Feature", "properties": { "category": "food_beverage" }, "geometry": { "type": "Point", "coordinates": [ 237458.906463750230614, 900174.600401132018305 ] } },
{ "type": "Feature", "properties": { "category": "food_beverage" }, "geometry": { "type": "Point", "coordinates": [ 239475.628844957478577, 888184.431595120346174 ] } },
{ "type": "Feature", "properties": { "category": "food_beverage" }, "geometry": { "type": "Point", "coordinates": [ 240618.948618460330181, 907642.462838780484162 ] } },
{ "type": "Feature", "properties": { "category": "food_beverage" }, "geometry": { "type": "Point", "coordinates": [ 230355.217680975387339, 903614.067540332558565 ] } },
{ "type": "Feature", "properties": { "category": "food_beverage" }, "geometry": { "type": "Point", "coordinates": [ 240411.944778786681127, 911001.89833610621281 ] } },
{ "type": "Feature", "properties": { "category": "food_beverage" }, "geometry": { "type": "Point", "coordinates": [ 230682.529147598019335, 905958.805246215779334 ] } },
{ "type": "Feature", "properties": { "category": "food_beverage" }, "geometry": { "type": "Point", "coordinates": [ 233226.908965957030887, 907993.806046943878755 ] } },
{ "type": "Feature", "properties": { "category": "food_beverage" }, "geometry": { "type": "Point", "coordinates": [ 227002.239347535534762, 888645.588439094251953 ] } },
{ "type": "Feature", "properties": { "category": "food_beverage" }, "geometry": { "type": "Point", "coordinates": [ 238800.032709312188672, 903182.887013636063784 ] } },
{ "type": "Feature", "properties": { "category": "food_beverage" }, "geometry": { "type": "Point", "coordinates": [ 236511.325991516874637, 901282.283463344210759 ] } },
{ "type": "Feature", "properties": { "category": "food_beverage" }, "geometry": { "type": "Point", "coordinates": [ 238634.298760334873805, 899413.080685535212979 ] } },
{ "type": "Feature", "properties": { "category": "food_beverage" }, "geometry": { "type": "Point", "coordinates": [ 244321.375816233281512, 913542.28000344580505 ] } },
{ "type": "Feature", "properties": { "category": "food_beverage" }, "geometry": { "type": "Point", "coordinates": [ 242589.320369093184127, 890291.260272905346937 ] } },
{ "type": "Feature", "properties": { "category": "food_beverage" }, "geometry": { "type": "Point", "coordinates": [ 231571.948251486959634, 890068.484052429557778 ] } },
{ "type": "Feature", "properties": { "category": "food_beverage" }, "geometry": { "type": "Point", "coordinates": [ 221864.128844945807941, 906916.852146507939324 ] } },
{ "type": "Feature", "properties": { "category": "food_beverage" }, "geometry": { "type": "Point", "coordinates": [ 234668.727797912433743, 901688.493929884629324 ] } },
{ "type": "Feature", "properties": { "category": "food_beverage" }, "geometry": { "type": "Point", "coordinates": [ 228136.06511786300689, 900004.129313038662076 ] } },
{ "type": "Feature", "properties": { "category": "food_beverage" }, "geometry": { "type": "Point", "coordinates": [ 219922.516501261270605, 899529.071855452144518 ] } },
{ "type": "Feature", "properties": { "category": "food_beverage" }, "geometry": { "type": "Point", "coordinates": [ 228639.788348331319867, 907261.90780177724082 ] } },
{ "type": "Feature", "properties": { "category": "food_beverage" }, "geometry": { "type": "Point", "coordinates": [ 225899.162901661911746, 902398.914524333318695 ] } },
{ "type": "Feature", "properties": { "category": "food_beverage" }, "geometry": { "type": "Point", "coordinates": [ 234575.789166550792288, 905089.041320741875097 ] } },
{ "type": "Feature", "properties": { "category": "food_beverage" }, "geometry": { "type": "Point", "coordinates": [ 221683.732233328395523, 892271.791001026169397 ] } },
{ "type": "Feature", "properties": { "category": "food_beverage" }, "geometry": { "type": "Point", "coordinates": [ 241846.824819459812716, 906363.922811887226999 ] } },
{ "type": "Feature", "properties": { "category": "food_beverage" }, "geometry": { "type": "Point", "coordinates": [ 234542.990366080426611, 904927.704286217107438 ] } },
{ "type": "Feature", "properties": { "category": "food_beverage" }, "geometry": { "type": "Point", "coordinates": [ 241741.119403562508523, 888985.363352205953561 ] } },
{ "type": "Feature", "properties": { "category": "food_beverage" }, "geometry": { "type": "Point", "coordinates": [ 221060.89571734063793, 903497.519718157942407 ] } },
{ "type": "Feature", "properties": { "category": "food_beverage" }, "geometry": { "type": "Point", "coordinates": [ 237393.242174087674357, 900437.394842032343149 ] } },
{ "type": "Feature", "properties": { "category": "food_beverage" }, "geometry": { "type": "Point", "coordinates": [ 236602.63940487234504, 900848.109325961209834 ] } },
{ "type": "Feature", "properties": { "category": "food_beverage" }, "geometry": { "type": "Point", "coordinates": [ 236107.183610987791326, 901777.381611859076656 ] } },
{ "type": "Feature", "properties": { "category": "food_beverage" }, "geometry": { "type": "Point", "coordinates": [ 236582.854962037410587, 898460.16374265961349 ] } },
{ "type": "Feature", "properties": { "category": "food_beverage" }, "geometry": { "type": "Point", "coordinates": [ 230393.086654241924407, 900132.38096213224344 ] } },
{ "type": "Feature", "properties": { "category": "food_beverage" }, "geometry": { "type": "Point", "coordinates": [ 228700.731064696621615, 892929.605568681959994 ] } },
{ "type": "Feature", "properties": { "category": "food_beverage" }, "geometry": { "type": "Point", "coordinates": [ 228425.259683722688351, 892868.617155689513311 ] } },
{ "type": "Feature", "properties": { "category": "food_beverage" }, "geometry": { "type": "Point", "coordinates": [ 231083.230773412564304, 902453.484205037006177 ] } },
{ "type": "Feature", "properties": { "category": "food_beverage" }, "geometry": { "type": "Point", "coordinates": [ 235557.500451408763183, 905048.734199460828677 ] } },
{ "type": "Feature", "properties": { "category": "food_beverage" }, "geometry": { "type": "Point", "coordinates": [ 236447.089525664487155, 900960.933801399893127 ] } },
{ "type": "Feature", "properties": { "category": "food_beverage" }, "geometry": { "type": "Point", "coordinates": [ 231167.123559901578119, 900270.397293709334917 ] } },
{ "type": "Feature", "properties": { "category": "food_beverage" }, "geometry": { "type": "Point", "coordinates": [ 230164.004337276041042, 903727.765599854406901 ] } },
{ "type": "Feature", "properties": { "category": "food_beverage" }, "geometry": { "type": "Point", "coordinates": [ 234353.522432796860812, 899995.116183701087721 ] } },
{ "type": "Feature", "properties": { "category": "food_beverage" }, "geometry": { "type": "Point", "coordinates": [ 231674.661383034312166, 900121.267692576162517 ] } },
{ "type": "Feature", "properties": { "category": "food_beverage" }, "geometry": { "type": "Point", "coordinates": [ 236270.7722319153836, 901044.218759360839613 ] } },
{ "type": "Feature", "properties": { "category": "food_beverage" }, "geometry": { "type": "Point", "coordinates": [ 239006.35185276097036, 886604.208103566430509 ] } },
{ "type": "Feature", "properties": { "category": "food_beverage" }, "geometry": { "type": "Point", "coordinates": [ 236541.255405546689872, 901071.390321751357988 ] } },
{ "type": "Feature", "properties": { "category": "food_beverage" }, "geometry": { "type": "Point", "coordinates": [ 229072.806822258571628, 899024.907389678177424 ] } },
{ "type": "Feature", "properties": { "category": "food_beverage" }, "geometry": { "type": "Point", "coordinates": [ 222195.091706970648374, 902126.647436117636971 ] } },
{ "type": "Feature", "properties": { "category": "food_beverage" }, "geometry": { "type": "Point", "coordinates": [ 231851.260752699017758, 901404.459421725245193 ] } },
{ "type": "Feature", "properties": { "category": "food_beverage" }, "geometry": { "type": "Point", "coordinates": [ 232330.424176099477336, 901588.815846035955474 ] } },
{ "type": "Feature", "properties": { "category": "food_beverage" }, "geometry": { "type": "Point", "coordinates": [ 241632.495152271294501, 889491.449830947560258 ] } },
{ "type": "Feature", "properties": { "category": "food_beverage" }, "geometry": { "type": "Point", "coordinates": [ 239168.578152853471693, 891495.673270585248247 ] } },
{ "type": "Feature", "properties": { "category": "food_beverage" }, "geometry": { "type": "Point", "coordinates": [ 231017.495619553199504, 904581.344652255182154 ] } },
{ "type": "Feature", "properties": { "category": "food_beverage" }, "geometry": { "type": "Point", "coordinates": [ 227342.952324215410044, 890757.999649558099918 ] } },
{ "type": "Feature", "properties": { "category": "food_beverage" }, "geometry": { "type": "Point", "coordinates": [ 230720.682901009509806, 904990.364660084131174 ] } },
{ "type": "Feature", "properties": { "category": "food_beverage" }, "geometry": { "type": "Point", "coordinates": [ 235557.500451408763183, 905048.734199460828677 ] } },
{ "type": "Feature", "properties": { "category": "food_beverage" }, "geometry": { "type": "Point", "coordinates": [ 234638.413838732696604, 900050.720593343023211 ] } },
{ "type": "Feature", "properties": { "category": "food_beverage" }, "geometry": { "type": "Point", "coordinates": [ 236098.879031985416077, 903088.843090189038776 ] } },
{ "type": "Feature", "properties": { "category": "food_beverage" }, "geometry": { "type": "Point", "coordinates": [ 233857.141256885544863, 899969.269839092274196 ] } },
{ "type": "Feature", "properties": { "category": "food_beverage" }, "geometry": { "type": "Point", "coordinates": [ 232148.287397798732854, 901464.017038829275407 ] } },
{ "type": "Feature", "properties": { "category": "food_beverage" }, "geometry": { "type": "Point", "coordinates": [ 235617.743628501077183, 898928.398004040122032 ] } },
{ "type": "Feature", "properties": { "category": "food_beverage" }, "geometry": { "type": "Point", "coordinates": [ 231269.355653322680155, 902457.864682143903337 ] } },
{ "type": "Feature", "properties": { "category": "food_beverage" }, "geometry": { "type": "Point", "coordinates": [ 236697.016652398364386, 900854.821947788354009 ] } },
{ "type": "Feature", "properties": { "category": "food_beverage" }, "geometry": { "type": "Point", "coordinates": [ 239356.459256827482022, 906058.937588964938186 ] } },
{ "type": "Feature", "properties": { "category": "food_beverage" }, "geometry": { "type": "Point", "coordinates": [ 236526.245804994105129, 903007.410030188737437 ] } },
{ "type": "Feature", "properties": { "category": "food_beverage" }, "geometry": { "type": "Point", "coordinates": [ 226802.216503029601881, 892062.94517670001369 ] } },
{ "type": "Feature", "properties": { "category": "food_beverage" }, "geometry": { "type": "Point", "coordinates": [ 229791.521848402713658, 901517.165541705559008 ] } },
{ "type": "Feature", "properties": { "category": "food_beverage" }, "geometry": { "type": "Point", "coordinates": [ 234990.917443885467947, 897247.979678326286376 ] } },
{ "type": "Feature", "properties": { "category": "food_beverage" }, "geometry": { "type": "Point", "coordinates": [ 226708.378381475282367, 890881.188838431378826 ] } },
{ "type": "Feature", "properties": { "category": "food_beverage" }, "geometry": { "type": "Point", "coordinates": [ 232389.908208948880201, 899549.145554485032335 ] } },
{ "type": "Feature", "properties": { "category": "food_beverage" }, "geometry": { "type": "Point", "coordinates": [ 236630.824786714365473, 900324.633785695768893 ] } },
{ "type": "Feature", "properties": { "category": "food_beverage" }, "geometry": { "type": "Point", "coordinates": [ 229354.746519164415076, 904360.038627148605883 ] } },
{ "type": "Feature", "properties": { "category": "food_beverage" }, "geometry": { "type": "Point", "coordinates": [ 234944.452633968030568, 902015.985757435439155 ] } },
{ "type": "Feature", "properties": { "category": "food_beverage" }, "geometry": { "type": "Point", "coordinates": [ 239275.033965384878684, 905971.950644025113434 ] } },
{ "type": "Feature", "properties": { "category": "food_beverage" }, "geometry": { "type": "Point", "coordinates": [ 243142.762854284635978, 912700.152343866648152 ] } },
{ "type": "Feature", "properties": { "category": "food_beverage" }, "geometry": { "type": "Point", "coordinates": [ 235271.685594948154176, 891142.497670499724336 ] } },
{ "type": "Feature", "properties": { "category": "food_beverage" }, "geometry": { "type": "Point", "coordinates": [ 235816.450277445313986, 908371.438295271247625 ] } },
{ "type": "Feature", "properties": { "category": "food_beverage" }, "geometry": { "type": "Point", "coordinates": [ 231672.146789238293422, 903346.851434245705605 ] } },
{ "type": "Feature", "properties": { "category": "food_beverage" }, "geometry": { "type": "Point", "coordinates": [ 236172.633387645590119, 900120.209414465585724 ] } },
{ "type": "Feature", "properties": { "category": "food_beverage" }, "geometry": { "type": "Point", "coordinates": [ 237303.601707011315739, 900391.043137793196365 ] } },
{ "type": "Feature", "properties": { "category": "food_beverage" }, "geometry": { "type": "Point", "coordinates": [ 221862.894619988714112, 906678.806801976053976 ] } },
{ "type": "Feature", "properties": { "category": "food_beverage" }, "geometry": { "type": "Point", "coordinates": [ 232507.941822563501773, 901606.74095187918283 ] } },
{ "type": "Feature", "properties": { "category": "food_beverage" }, "geometry": { "type": "Point", "coordinates": [ 235554.992467433796264, 910110.178740041796118 ] } },
{ "type": "Feature", "properties": { "category": "food_beverage" }, "geometry": { "type": "Point", "coordinates": [ 232531.309634058357915, 898230.531579484930262 ] } },
{ "type": "Feature", "properties": { "category": "food_beverage" }, "geometry": { "type": "Point", "coordinates": [ 234260.398100778606022, 906213.171459471224807 ] } },
{ "type": "Feature", "properties": { "category": "food_beverage" }, "geometry": { "type": "Point", "coordinates": [ 231497.048270965053234, 905644.836895580519922 ] } },
{ "type": "Feature", "properties": { "category": "food_beverage" }, "geometry": { "type": "Point", "coordinates": [ 233420.187155591294868, 897841.265408925944939 ] } },
{ "type": "Feature", "properties": { "category": "food_beverage" }, "geometry": { "type": "Point", "coordinates": [ 224712.109095811290899, 900879.873748283484019 ] } },
{ "type": "Feature", "properties": { "category": "food_beverage" }, "geometry": { "type": "Point", "coordinates": [ 233901.042423273902386, 893458.697027111658826 ] } },
{ "type": "Feature", "properties": { "category": "food_beverage" }, "geometry": { "type": "Point", "coordinates": [ 233971.657104813260958, 901505.475525371264666 ] } },
{ "type": "Feature", "properties": { "category": "food_beverage" }, "geometry": { "type": "Point", "coordinates": [ 231263.969448564865161, 889522.839152026455849 ] } },
{ "type": "Feature", "properties": { "category": "food_beverage" }, "geometry": { "type": "Point", "coordinates": [ 245194.592335163062671, 912784.608029814553447 ] } },
{ "type": "Feature", "properties": { "category": "food_beverage" }, "geometry": { "type": "Point", "coordinates": [ 232015.465677301370306, 902193.86002774105873 ] } },
{ "type": "Feature", "properties": { "category": "food_beverage" }, "geometry": { "type": "Point", "coordinates": [ 244715.704198814375559, 914457.322349677444436 ] } },
{ "type": "Feature", "properties": { "category": "food_beverage" }, "geometry": { "type": "Point", "coordinates": [ 235240.601718199264724, 899874.990154809784144 ] } },
{ "type": "Feature", "properties": { "category": "food_beverage" }, "geometry": { "type": "Point", "coordinates": [ 238122.98834580212133, 912394.817680307896808 ] } },
{ "type": "Feature", "properties": { "category": "food_beverage" }, "geometry": { "type": "Point", "coordinates": [ 228981.238156529696425, 904520.662015327252448 ] } },
{ "type": "Feature", "properties": { "category": "food_beverage" }, "geometry": { "type": "Point", "coordinates": [ 225995.933117739390582, 903981.244855603668839 ] } },
{ "type": "Feature", "properties": { "category": "food_beverage" }, "geometry": { "type": "Point", "coordinates": [ 236778.437042610748904, 900818.591816619038582 ] } },
{ "type": "Feature", "properties": { "category": "food_beverage" }, "geometry": { "type": "Point", "coordinates": [ 235620.726967804977903, 913205.442648585187271 ] } },
{ "type": "Feature", "properties": { "category": "food_beverage" }, "geometry": { "type": "Point", "coordinates": [ 231367.298056023893878, 898173.145867318497039 ] } },
{ "type": "Feature", "properties": { "category": "food_beverage" }, "geometry": { "type": "Point", "coordinates": [ 238223.099726470827591, 899416.1641108635813 ] } },
{ "type": "Feature", "properties": { "category": "food_beverage" }, "geometry": { "type": "Point", "coordinates": [ 229782.637443777086446, 893498.480355376494117 ] } },
{ "type": "Feature", "properties": { "category": "food_beverage" }, "geometry": { "type": "Point", "coordinates": [ 232411.178892114490736, 903742.996113550383598 ] } },
{ "type": "Feature", "properties": { "category": "food_beverage" }, "geometry": { "type": "Point", "coordinates": [ 228644.770547846332192, 899880.444722447078675 ] } },
{ "type": "Feature", "properties": { "category": "food_beverage" }, "geometry": { "type": "Point", "coordinates": [ 224564.179885557183297, 896343.640810007462278 ] } },
{ "type": "Feature", "properties": { "category": "food_beverage" }, "geometry": { "type": "Point", "coordinates": [ 242468.35651702794712, 908239.356350047397427 ] } },
{ "type": "Feature", "properties": { "category": "food_beverage" }, "geometry": { "type": "Point", "coordinates": [ 239967.371388702100376, 908590.902346667367965 ] } },
{ "type": "Feature", "properties": { "category": "food_beverage" }, "geometry": { "type": "Point", "coordinates": [ 236246.18561051771394, 896113.020273028290831 ] } },
{ "type": "Feature", "properties": { "category": "food_beverage" }, "geometry": { "type": "Point", "coordinates": [ 236942.233921832608758, 898887.471089561469853 ] } },
{ "type": "Feature", "properties": { "category": "food_beverage" }, "geometry": { "type": "Point", "coordinates": [ 243521.324005771719385, 912106.42694694630336 ] } },
{ "type": "Feature", "properties": { "category": "food_beverage" }, "geometry": { "type": "Point", "coordinates": [ 224542.879076514393091, 901096.770226894994266 ] } },
{ "type": "Feature", "properties": { "category": "food_beverage" }, "geometry": { "type": "Point", "coordinates": [ 231250.070470660633873, 899033.361844405531883 ] } },
{ "type": "Feature", "properties": { "category": "food_beverage" }, "geometry": { "type": "Point", "coordinates": [ 237138.33295595558593, 907305.165010532015003 ] } },
{ "type": "Feature", "properties": { "category": "food_beverage" }, "geometry": { "type": "Point", "coordinates": [ 236712.410467279143631, 898238.572776885121129 ] } },
{ "type": "Feature", "properties": { "category": "food_beverage" }, "geometry": { "type": "Point", "coordinates": [ 231828.754586536320858, 891775.20923649368342 ] } },
{ "type": "Feature", "properties": { "category": "food_beverage" }, "geometry": { "type": "Point", "coordinates": [ 238095.727770207508001, 905654.986272108508274 ] } },
{ "type": "Feature", "properties": { "category": "food_beverage" }, "geometry": { "type": "Point", "coordinates": [ 241114.232713703269837, 888821.835146469762549 ] } },
{ "type": "Feature", "properties": { "category": "food_beverage" }, "geometry": { "type": "Point", "coordinates": [ 234820.275405585096451, 897584.807503432501107 ] } },
{ "type": "Feature", "properties": { "category": "food_beverage" }, "geometry": { "type": "Point", "coordinates": [ 235932.84730522686732, 908413.688150068977848 ] } },
{ "type": "Feature", "properties": { "category": "food_beverage" }, "geometry": { "type": "Point", "coordinates": [ 236042.049072958936449, 900198.959256961708888 ] } },
{ "type": "Feature", "properties": { "category": "food_beverage" }, "geometry": { "type": "Point", "coordinates": [ 237218.860544468858279, 908867.26443468243815 ] } },
{ "type": "Feature", "properties": { "category": "food_beverage" }, "geometry": { "type": "Point", "coordinates": [ 223910.295939260162413, 897847.362586397328414 ] } },
{ "type": "Feature", "properties": { "category": "food_beverage" }, "geometry": { "type": "Point", "coordinates": [ 237126.768461392697645, 900115.077241633087397 ] } },
{ "type": "Feature", "properties": { "category": "food_beverage" }, "geometry": { "type": "Point", "coordinates": [ 239191.212209636869375, 891608.652999149635434 ] } },
{ "type": "Feature", "properties": { "category": "food_beverage" }, "geometry": { "type": "Point", "coordinates": [ 235544.596500427724095, 908507.462245761416852 ] } },
{ "type": "Feature", "properties": { "category": "food_beverage" }, "geometry": { "type": "Point", "coordinates": [ 232008.676233681035228, 907657.128550052875653 ] } },
{ "type": "Feature", "properties": { "category": "food_beverage" }, "geometry": { "type": "Point", "coordinates": [ 232705.580137580895098, 898185.132067395374179 ] } },
{ "type": "Feature", "properties": { "category": "food_beverage" }, "geometry": { "type": "Point", "coordinates": [ 231054.150181172968587, 905248.645439684274606 ] } },
{ "type": "Feature", "properties": { "category": "food_beverage" }, "geometry": { "type": "Point", "coordinates": [ 229520.869175908941543, 906094.006844085059129 ] } },
{ "type": "Feature", "properties": { "category": "food_beverage" }, "geometry": { "type": "Point", "coordinates": [ 237284.036733700020704, 897974.995028676697984 ] } },
{ "type": "Feature", "properties": { "category": "food_beverage" }, "geometry": { "type": "Point", "coordinates": [ 235999.939797956525581, 900232.51113477582112 ] } },
{ "type": "Feature", "properties": { "category": "food_beverage" }, "geometry": { "type": "Point", "coordinates": [ 222306.071220891579287, 900248.791982694412582 ] } },
{ "type": "Feature", "properties": { "category": "food_beverage" }, "geometry": { "type": "Point", "coordinates": [ 241972.999692191340728, 912325.265017498866655 ] } },
{ "type": "Feature", "properties": { "category": "food_beverage" }, "geometry": { "type": "Point", "coordinates": [ 229849.860072574054357, 900737.647169480915181 ] } },
{ "type": "Feature", "properties": { "category": "food_beverage" }, "geometry": { "type": "Point", "coordinates": [ 231060.73344352064305, 898280.751344438409433 ] } },
{ "type": "Feature", "properties": { "category": "food_beverage" }, "geometry": { "type": "Point", "coordinates": [ 234532.564751220634207, 899827.377518470049836 ] } },
{ "type": "Feature", "properties": { "category": "food_beverage" }, "geometry": { "type": "Point", "coordinates": [ 237948.005770810937975, 902657.272989447228611 ] } },
{ "type": "Feature", "properties": { "category": "food_beverage" }, "geometry": { "type": "Point", "coordinates": [ 231284.835296899051173, 893773.805606418987736 ] } },
{ "type": "Feature", "properties": { "category": "food_beverage" }, "geometry": { "type": "Point", "coordinates": [ 244955.692580868606456, 914423.310275966417976 ] } },
{ "type": "Feature", "properties": { "category": "food_beverage" }, "geometry": { "type": "Point", "coordinates": [ 244931.40146495855879, 911963.578582274727523 ] } },
{ "type": "Feature", "properties": { "category": "food_beverage" }, "geometry": { "type": "Point", "coordinates": [ 230711.679680731554981, 905938.160921980510466 ] } },
{ "type": "Feature", "properties": { "category": "food_beverage" }, "geometry": { "type": "Point", "coordinates": [ 224900.798245368408971, 901614.428912704228424 ] } },
{ "type": "Feature", "properties": { "category": "food_beverage" }, "geometry": { "type": "Point", "coordinates": [ 236355.40188241796568, 894936.056398515240289 ] } },
{ "type": "Feature", "properties": { "category": "food_beverage" }, "geometry": { "type": "Point", "coordinates": [ 231837.589651545626111, 896091.121675271890126 ] } },
{ "type": "Feature", "properties": { "category": "food_beverage" }, "geometry": { "type": "Point", "coordinates": [ 224800.14717641111929, 901238.186543811578304 ] } },
{ "type": "Feature", "properties": { "category": "food_beverage" }, "geometry": { "type": "Point", "coordinates": [ 230358.642827145435149, 900114.237513955682516 ] } },
{ "type": "Feature", "properties": { "category": "food_beverage" }, "geometry": { "type": "Point", "coordinates": [ 240493.632203510438558, 908178.700478996615857 ] } },
{ "type": "Feature", "properties": { "category": "food_beverage" }, "geometry": { "type": "Point", "coordinates": [ 231349.893982542882441, 898176.400544872973114 ] } },
{ "type": "Feature", "properties": { "category": "food_beverage" }, "geometry": { "type": "Point", "coordinates": [ 237198.078969724825583, 900418.697628206806257 ] } },
{ "type": "Feature", "properties": { "category": "food_beverage" }, "geometry": { "type": "Point", "coordinates": [ 236739.239418278011726, 906640.586165793589316 ] } },
{ "type": "Feature", "properties": { "category": "food_beverage" }, "geometry": { "type": "Point", "coordinates": [ 232168.856549585325411, 907653.417559452820569 ] } },
{ "type": "Feature", "properties": { "category": "food_beverage" }, "geometry": { "type": "Point", "coordinates": [ 236198.379362032981589, 896959.960116042173468 ] } },
{ "type": "Feature", "properties": { "category": "food_beverage" }, "geometry": { "type": "Point", "coordinates": [ 235577.742451422207523, 899635.094413205748424 ] } },
{ "type": "Feature", "properties": { "category": "food_beverage" }, "geometry": { "type": "Point", "coordinates": [ 231366.584421603649389, 903924.754428052809089 ] } },
{ "type": "Feature", "properties": { "category": "food_beverage" }, "geometry": { "type": "Point", "coordinates": [ 229973.475776620500255, 898757.995193099603057 ] } },
{ "type": "Feature", "properties": { "category": "food_beverage" }, "geometry": { "type": "Point", "coordinates": [ 234133.700401861191494, 894459.511050114175305 ] } },
{ "type": "Feature", "properties": { "category": "food_beverage" }, "geometry": { "type": "Point", "coordinates": [ 233035.186844341427786, 899406.304076373693533 ] } },
{ "type": "Feature", "properties": { "category": "food_beverage" }, "geometry": { "type": "Point", "coordinates": [ 238041.726930229109712, 898427.919654579949565 ] } },
{ "type": "Feature", "properties": { "category": "food_beverage" }, "geometry": { "type": "Point", "coordinates": [ 235656.799685490492266, 891416.464073945535347 ] } },
{ "type": "Feature", "properties": { "category": "food_beverage" }, "geometry": { "type": "Point", "coordinates": [ 242815.949735384230735, 912290.480776658514515 ] } },
{ "type": "Feature", "properties": { "category": "food_beverage" }, "geometry": { "type": "Point", "coordinates": [ 236015.523723577905912, 900423.089833518955857 ] } },
{ "type": "Feature", "properties": { "category": "food_beverage" }, "geometry": { "type": "Point", "coordinates": [ 231329.371508143056417, 902519.558303343364969 ] } },
{ "type": "Feature", "properties": { "category": "food_beverage" }, "geometry": { "type": "Point", "coordinates": [ 219566.275912852666806, 905337.424754024716094 ] } },
{ "type": "Feature", "properties": { "category": "food_beverage" }, "geometry": { "type": "Point", "coordinates": [ 234267.38713648437988, 899883.728910542791709 ] } },
{ "type": "Feature", "properties": { "category": "food_beverage" }, "geometry": { "type": "Point", "coordinates": [ 232470.042200779484119, 898184.262302659684792 ] } },
{ "type": "Feature", "properties": { "category": "food_beverage" }, "geometry": { "type": "Point", "coordinates": [ 231180.311876468767878, 902515.229561327723786 ] } },
{ "type": "Feature", "properties": { "category": "food_beverage" }, "geometry": { "type": "Point", "coordinates": [ 237458.906463750230614, 900174.600401132018305 ] } },
{ "type": "Feature", "properties": { "category": "food_beverage" }, "geometry": { "type": "Point", "coordinates": [ 234488.572142916469602, 905982.577192945638672 ] } },
{ "type": "Feature", "properties": { "category": "food_beverage" }, "geometry": { "type": "Point", "coordinates": [ 231366.247950838296674, 890865.08739801205229 ] } },
{ "type": "Feature", "properties": { "category": "food_beverage" }, "geometry": { "type": "Point", "coordinates": [ 233011.275120694248471, 899339.434083451284096 ] } },
{ "type": "Feature", "properties": { "category": "food_beverage" }, "geometry": { "type": "Point", "coordinates": [ 236167.305646271852311, 903635.147085759905167 ] } },
{ "type": "Feature", "properties": { "category": "food_beverage" }, "geometry": { "type": "Point", "coordinates": [ 236637.208480940782465, 900538.270287227118388 ] } },
{ "type": "Feature", "properties": { "category": "food_beverage" }, "geometry": { "type": "Point", "coordinates": [ 231257.626254888484254, 904834.113597944960929 ] } },
{ "type": "Feature", "properties": { "category": "food_beverage" }, "geometry": { "type": "Point", "coordinates": [ 235244.571963211812545, 896962.667309381766245 ] } },
{ "type": "Feature", "properties": { "category": "food_beverage" }, "geometry": { "type": "Point", "coordinates": [ 235557.500451408763183, 905048.734199460828677 ] } },
{ "type": "Feature", "properties": { "category": "food_beverage" }, "geometry": { "type": "Point", "coordinates": [ 237478.227863714419072, 907790.501836170093156 ] } },
{ "type": "Feature", "properties": { "category": "food_beverage" }, "geometry": { "type": "Point", "coordinates": [ 237533.743507649807725, 893391.16924859629944 ] } },
{ "type": "Feature", "properties": { "category": "food_beverage" }, "geometry": { "type": "Point", "coordinates": [ 231070.582497075636638, 899128.870226306491531 ] } },
{ "type": "Feature", "properties": { "category": "food_beverage" }, "geometry": { "type": "Point", "coordinates": [ 240711.414771040494088, 889522.605790967354551 ] } },
{ "type": "Feature", "properties": { "category": "food_beverage" }, "geometry": { "type": "Point", "coordinates": [ 235998.182306692091515, 900157.413393521099351 ] } },
{ "type": "Feature", "properties": { "category": "food_beverage" }, "geometry": { "type": "Point", "coordinates": [ 222364.268178922124207, 899876.979728081612848 ] } },
{ "type": "Feature", "properties": { "category": "food_beverage" }, "geometry": { "type": "Point", "coordinates": [ 238050.556766650290228, 902838.108523411210626 ] } },
{ "type": "Feature", "properties": { "category": "food_beverage" }, "geometry": { "type": "Point", "coordinates": [ 221670.317717329890002, 902156.221964327734895 ] } },
{ "type": "Feature", "properties": { "category": "food_beverage" }, "geometry": { "type": "Point", "coordinates": [ 241215.007144348870497, 889017.36312027880922 ] } },
{ "type": "Feature", "properties": { "category": "food_beverage" }, "geometry": { "type": "Point", "coordinates": [ 220824.89770855079405, 899682.641282507451251 ] } },
{ "type": "Feature", "properties": { "category": "food_beverage" }, "geometry": { "type": "Point", "coordinates": [ 231015.95878531539347, 889665.02918036468327 ] } },
{ "type": "Feature", "properties": { "category": "food_beverage" }, "geometry": { "type": "Point", "coordinates": [ 236049.043869886430912, 893399.954272354021668 ] } },
{ "type": "Feature", "properties": { "category": "food_beverage" }, "geometry": { "type": "Point", "coordinates": [ 226789.052369328885106, 907444.768994208192453 ] } },
{ "type": "Feature", "properties": { "category": "food_beverage" }, "geometry": { "type": "Point", "coordinates": [ 235565.820551037264522, 891397.676056421012618 ] } },
{ "type": "Feature", "properties": { "category": "food_beverage" }, "geometry": { "type": "Point", "coordinates": [ 234379.505413243983639, 895354.431875748559833 ] } },
{ "type": "Feature", "properties": { "category": "food_beverage" }, "geometry": { "type": "Point", "coordinates": [ 235710.758041889377637, 897862.191781498491764 ] } },
{ "type": "Feature", "properties": { "category": "food_beverage" }, "geometry": { "type": "Point", "coordinates": [ 237897.084778138174443, 903699.139816037495621 ] } },
{ "type": "Feature", "properties": { "category": "food_beverage" }, "geometry": { "type": "Point", "coordinates": [ 224234.219024909019936, 902070.737543373717926 ] } },
{ "type": "Feature", "properties": { "category": "food_beverage" }, "geometry": { "type": "Point", "coordinates": [ 230391.380074099899502, 900355.528506831498817 ] } },
{ "type": "Feature", "properties": { "category": "food_beverage" }, "geometry": { "type": "Point", "coordinates": [ 237294.253812714101514, 907191.357271283399314 ] } },
{ "type": "Feature", "properties": { "category": "food_beverage" }, "geometry": { "type": "Point", "coordinates": [ 231469.65132588884444, 905181.515180713147856 ] } },
{ "type": "Feature", "properties": { "category": "food_beverage" }, "geometry": { "type": "Point", "coordinates": [ 234247.402079977968242, 899757.780349399428815 ] } },
{ "type": "Feature", "properties": { "category": "food_beverage" }, "geometry": { "type": "Point", "coordinates": [ 232878.814763369358843, 902675.81722453259863 ] } },
{ "type": "Feature", "properties": { "category": "food_beverage" }, "geometry": { "type": "Point", "coordinates": [ 235319.780635482195066, 900695.254221284412779 ] } },
{ "type": "Feature", "properties": { "category": "food_beverage" }, "geometry": { "type": "Point", "coordinates": [ 230212.078250218561152, 901491.302924508810975 ] } },
{ "type": "Feature", "properties": { "category": "food_beverage" }, "geometry": { "type": "Point", "coordinates": [ 233873.676699712057598, 893352.931525645195507 ] } },
{ "type": "Feature", "properties": { "category": "food_beverage" }, "geometry": { "type": "Point", "coordinates": [ 236107.183610987791326, 901777.381611859076656 ] } },
{ "type": "Feature", "properties": { "category": "food_beverage" }, "geometry": { "type": "Point", "coordinates": [ 231240.212668315391056, 902639.903256916557439 ] } },
{ "type": "Feature", "properties": { "category": "food_beverage" }, "geometry": { "type": "Point", "coordinates": [ 230147.943647309875814, 900580.411859428044409 ] } },
{ "type": "Feature", "properties": { "category": "food_beverage" }, "geometry": { "type": "Point", "coordinates": [ 236695.977663239522371, 900943.34586953825783 ] } },
{ "type": "Feature", "properties": { "category": "food_beverage" }, "geometry": { "type": "Point", "coordinates": [ 233974.73527240921976, 904360.096143781207502 ] } },
{ "type": "Feature", "properties": { "category": "food_beverage" }, "geometry": { "type": "Point", "coordinates": [ 229520.869175908941543, 906094.006844085059129 ] } },
{ "type": "Feature", "properties": { "category": "food_beverage" }, "geometry": { "type": "Point", "coordinates": [ 232283.407964237587294, 906063.621515265898779 ] } },
{ "type": "Feature", "properties": { "category": "food_beverage" }, "geometry": { "type": "Point", "coordinates": [ 233371.001434034027625, 899729.349324618116952 ] } },
{ "type": "Feature", "properties": { "category": "food_beverage" }, "geometry": { "type": "Point", "coordinates": [ 233108.493289053731132, 899727.552368444390595 ] } },
{ "type": "Feature", "properties": { "category": "food_beverage" }, "geometry": { "type": "Point", "coordinates": [ 225157.558386042772327, 897977.565481693018228 ] } },
{ "type": "Feature", "properties": { "category": "food_beverage" }, "geometry": { "type": "Point", "coordinates": [ 235131.534295347577427, 898040.107356144348159 ] } },
{ "type": "Feature", "properties": { "category": "food_beverage" }, "geometry": { "type": "Point", "coordinates": [ 234193.563502061442705, 899934.020818977616727 ] } },
{ "type": "Feature", "properties": { "category": "food_beverage" }, "geometry": { "type": "Point", "coordinates": [ 235047.765034020325402, 898691.492214825120755 ] } },
{ "type": "Feature", "properties": { "category": "food_beverage" }, "geometry": { "type": "Point", "coordinates": [ 236027.058333984954515, 900181.998531230259687 ] } },
{ "type": "Feature", "properties": { "category": "food_beverage" }, "geometry": { "type": "Point", "coordinates": [ 236893.697831783501897, 900676.460532167926431 ] } },
{ "type": "Feature", "properties": { "category": "food_beverage" }, "geometry": { "type": "Point", "coordinates": [ 237416.865789330855478, 893812.638161344104446 ] } },
{ "type": "Feature", "properties": { "category": "food_beverage" }, "geometry": { "type": "Point", "coordinates": [ 239190.222003155853599, 911781.865629421081394 ] } },
{ "type": "Feature", "properties": { "category": "food_beverage" }, "geometry": { "type": "Point", "coordinates": [ 238446.179613389831502, 889683.034906744025648 ] } },
{ "type": "Feature", "properties": { "category": "food_beverage" }, "geometry": { "type": "Point", "coordinates": [ 238825.602752550359583, 913026.057870491174981 ] } },
{ "type": "Feature", "properties": { "category": "food_beverage" }, "geometry": { "type": "Point", "coordinates": [ 233181.514327122626128, 899200.277965323184617 ] } },
{ "type": "Feature", "properties": { "category": "food_beverage" }, "geometry": { "type": "Point", "coordinates": [ 234273.575798239791766, 899560.855992427561432 ] } },
{ "type": "Feature", "properties": { "category": "food_beverage" }, "geometry": { "type": "Point", "coordinates": [ 244787.607594305445673, 914618.739361772313714 ] } },
{ "type": "Feature", "properties": { "category": "food_beverage" }, "geometry": { "type": "Point", "coordinates": [ 239393.267998679046286, 916182.056824502185918 ] } },
{ "type": "Feature", "properties": { "category": "food_beverage" }, "geometry": { "type": "Point", "coordinates": [ 236868.031445769476704, 898957.171581478789449 ] } },
{ "type": "Feature", "properties": { "category": "food_beverage" }, "geometry": { "type": "Point", "coordinates": [ 234514.350414437794825, 899962.580843604169786 ] } },
{ "type": "Feature", "properties": { "category": "food_beverage" }, "geometry": { "type": "Point", "coordinates": [ 236107.183610987791326, 901777.381611859076656 ] } },
{ "type": "Feature", "properties": { "category": "food_beverage" }, "geometry": { "type": "Point", "coordinates": [ 235492.481007424241398, 899108.821040176902898 ] } },
{ "type": "Feature", "properties": { "category": "food_beverage" }, "geometry": { "type": "Point", "coordinates": [ 234445.139321402122732, 897204.519148229621351 ] } },
{ "type": "Feature", "properties": { "category": "food_beverage" }, "geometry": { "type": "Point", "coordinates": [ 235589.691198373388033, 888422.185725320247002 ] } },
{ "type": "Feature", "properties": { "category": "food_beverage" }, "geometry": { "type": "Point", "coordinates": [ 231389.319372318626847, 897966.418406540877186 ] } },
{ "type": "Feature", "properties": { "category": "food_beverage" }, "geometry": { "type": "Point", "coordinates": [ 237940.907649283937644, 902294.007345869322307 ] } },
{ "type": "Feature", "properties": { "category": "food_beverage" }, "geometry": { "type": "Point", "coordinates": [ 237969.124047582794446, 904905.736910928040743 ] } },
{ "type": "Feature", "properties": { "category": "food_beverage" }, "geometry": { "type": "Point", "coordinates": [ 235800.022986610536464, 900190.946384300943464 ] } },
{ "type": "Feature", "properties": { "category": "food_beverage" }, "geometry": { "type": "Point", "coordinates": [ 237458.906463750230614, 900174.600401132018305 ] } },
{ "type": "Feature", "properties": { "category": "food_beverage" }, "geometry": { "type": "Point", "coordinates": [ 235018.009562512655975, 900247.210355345509015 ] } },
{ "type": "Feature", "properties": { "category": "food_beverage" }, "geometry": { "type": "Point", "coordinates": [ 237975.701674112438923, 891329.739436087314971 ] } },
{ "type": "Feature", "properties": { "category": "food_beverage" }, "geometry": { "type": "Point", "coordinates": [ 233452.320528531214222, 891550.592257810058072 ] } },
{ "type": "Feature", "properties": { "category": "food_beverage" }, "geometry": { "type": "Point", "coordinates": [ 229849.860072574054357, 900737.647169480915181 ] } },
{ "type": "Feature", "properties": { "category": "food_beverage" }, "geometry": { "type": "Point", "coordinates": [ 232232.704372041102033, 901342.440148972673342 ] } },
{ "type": "Feature", "properties": { "category": "food_beverage" }, "geometry": { "type": "Point", "coordinates": [ 234334.638671923632501, 899947.704741453519091 ] } },
{ "type": "Feature", "properties": { "category": "food_beverage" }, "geometry": { "type": "Point", "coordinates": [ 236404.966956043266691, 900186.500861947308294 ] } },
{ "type": "Feature", "properties": { "category": "food_beverage" }, "geometry": { "type": "Point", "coordinates": [ 236368.821888669219334, 900468.229863443761133 ] } },
{ "type": "Feature", "properties": { "category": "food_beverage" }, "geometry": { "type": "Point", "coordinates": [ 237688.264843148761429, 900270.798522027442232 ] } },
{ "type": "Feature", "properties": { "category": "food_beverage" }, "geometry": { "type": "Point", "coordinates": [ 230770.014855544664897, 897763.9636938868789 ] } },
{ "type": "Feature", "properties": { "category": "food_beverage" }, "geometry": { "type": "Point", "coordinates": [ 232428.97059419931611, 898708.580011029727757 ] } },
{ "type": "Feature", "properties": { "category": "food_beverage" }, "geometry": { "type": "Point", "coordinates": [ 236186.740008416789351, 900180.819559929426759 ] } },
{ "type": "Feature", "properties": { "category": "food_beverage" }, "geometry": { "type": "Point", "coordinates": [ 222716.130111340578878, 895835.140607798006386 ] } },
{ "type": "Feature", "properties": { "category": "food_beverage" }, "geometry": { "type": "Point", "coordinates": [ 232343.154542675358243, 898768.499652327620424 ] } },
{ "type": "Feature", "properties": { "category": "food_beverage" }, "geometry": { "type": "Point", "coordinates": [ 233889.415486715675797, 899871.788020607549697 ] } },
{ "type": "Feature", "properties": { "category": "food_beverage" }, "geometry": { "type": "Point", "coordinates": [ 233862.456032184010837, 899652.834893165272661 ] } },
{ "type": "Feature", "properties": { "category": "food_beverage" }, "geometry": { "type": "Point", "coordinates": [ 230476.427520750527037, 905191.574775230372325 ] } },
{ "type": "Feature", "properties": { "category": "food_beverage" }, "geometry": { "type": "Point", "coordinates": [ 236171.393980329623446, 900729.133069805218838 ] } },
{ "type": "Feature", "properties": { "category": "food_beverage" }, "geometry": { "type": "Point", "coordinates": [ 236382.628497765777865, 900681.793498502811417 ] } },
{ "type": "Feature", "properties": { "category": "food_beverage" }, "geometry": { "type": "Point", "coordinates": [ 239652.642942403617781, 901466.815390035044402 ] } },
{ "type": "Feature", "properties": { "category": "food_beverage" }, "geometry": { "type": "Point", "coordinates": [ 230581.946409246389521, 900279.822743068216369 ] } },
{ "type": "Feature", "properties": { "category": "food_beverage" }, "geometry": { "type": "Point", "coordinates": [ 225149.474991796800168, 900696.703764094156213 ] } },
{ "type": "Feature", "properties": { "category": "food_beverage" }, "geometry": { "type": "Point", "coordinates": [ 236012.160609255195595, 906588.388555830111727 ] } },
{ "type": "Feature", "properties": { "category": "food_beverage" }, "geometry": { "type": "Point", "coordinates": [ 227469.70976622228045, 889226.987070514354855 ] } },
{ "type": "Feature", "properties": { "category": "food_beverage" }, "geometry": { "type": "Point", "coordinates": [ 236444.094118547596736, 894384.463410185649991 ] } },
{ "type": "Feature", "properties": { "category": "food_beverage" }, "geometry": { "type": "Point", "coordinates": [ 240425.370985370624112, 905182.59362540289294 ] } },
{ "type": "Feature", "properties": { "category": "food_beverage" }, "geometry": { "type": "Point", "coordinates": [ 236817.298908567172475, 901766.404524827259593 ] } },
{ "type": "Feature", "properties": { "category": "food_beverage" }, "geometry": { "type": "Point", "coordinates": [ 236761.690589662292041, 901610.159258166560903 ] } },
{ "type": "Feature", "properties": { "category": "food_beverage" }, "geometry": { "type": "Point", "coordinates": [ 242335.65654214087408, 902823.74827116029337 ] } },
{ "type": "Feature", "properties": { "category": "food_beverage" }, "geometry": { "type": "Point", "coordinates": [ 235635.737764288845938, 891502.996776313753799 ] } },
{ "type": "Feature", "properties": { "category": "food_beverage" }, "geometry": { "type": "Point", "coordinates": [ 221022.537976490828441, 902913.580177098629065 ] } },
{ "type": "Feature", "properties": { "category": "food_beverage" }, "geometry": { "type": "Point", "coordinates": [ 236359.360798363341019, 900385.983114001573995 ] } },
{ "type": "Feature", "properties": { "category": "food_beverage" }, "geometry": { "type": "Point", "coordinates": [ 241834.91788835733314, 903649.954663412529044 ] } },
{ "type": "Feature", "properties": { "category": "food_beverage" }, "geometry": { "type": "Point", "coordinates": [ 240917.204023379279533, 911498.470700683072209 ] } },
{ "type": "Feature", "properties": { "category": "food_beverage" }, "geometry": { "type": "Point", "coordinates": [ 225374.45471934278612, 897870.156243167351931 ] } },
{ "type": "Feature", "properties": { "category": "food_beverage" }, "geometry": { "type": "Point", "coordinates": [ 235501.488027099985629, 910131.457440623082221 ] } },
{ "type": "Feature", "properties": { "category": "food_beverage" }, "geometry": { "type": "Point", "coordinates": [ 231082.397278234391706, 905079.597422343678772 ] } },
{ "type": "Feature", "properties": { "category": "food_beverage" }, "geometry": { "type": "Point", "coordinates": [ 240917.204023379279533, 911498.470700683072209 ] } },
{ "type": "Feature", "properties": { "category": "food_beverage" }, "geometry": { "type": "Point", "coordinates": [ 226806.846027987950947, 888724.704543307190761 ] } },
{ "type": "Feature", "properties": { "category": "food_beverage" }, "geometry": { "type": "Point", "coordinates": [ 236416.66625447262777, 900806.599520195857622 ] } },
{ "type": "Feature", "properties": { "category": "food_beverage" }, "geometry": { "type": "Point", "coordinates": [ 232507.941822563501773, 901606.74095187918283 ] } },
{ "type": "Feature", "properties": { "category": "food_beverage" }, "geometry": { "type": "Point", "coordinates": [ 236128.118115200835746, 896821.640702745760791 ] } },
{ "type": "Feature", "properties": { "category": "food_beverage" }, "geometry": { "type": "Point", "coordinates": [ 234180.069424068497028, 902758.227739995112643 ] } },
{ "type": "Feature", "properties": { "category": "food_beverage" }, "geometry": { "type": "Point", "coordinates": [ 241080.464727694896283, 906019.27074215374887 ] } },
{ "type": "Feature", "properties": { "category": "food_beverage" }, "geometry": { "type": "Point", "coordinates": [ 230375.541425999748753, 887394.080320154316723 ] } },
{ "type": "Feature", "properties": { "category": "food_beverage" }, "geometry": { "type": "Point", "coordinates": [ 236663.925591213366715, 900707.470597171224654 ] } },
{ "type": "Feature", "properties": { "category": "food_beverage" }, "geometry": { "type": "Point", "coordinates": [ 238244.575963433686411, 899830.60215807845816 ] } },
{ "type": "Feature", "properties": { "category": "food_beverage" }, "geometry": { "type": "Point", "coordinates": [ 231115.973053673747927, 905008.988942052237689 ] } },
{ "type": "Feature", "properties": { "category": "food_beverage" }, "geometry": { "type": "Point", "coordinates": [ 236671.310217952268431, 901186.811722412821837 ] } },
{ "type": "Feature", "properties": { "category": "food_beverage" }, "geometry": { "type": "Point", "coordinates": [ 236879.714569193252828, 900373.921301492955536 ] } },
{ "type": "Feature", "properties": { "category": "food_beverage" }, "geometry": { "type": "Point", "coordinates": [ 233955.986127580457833, 904933.949988349922933 ] } },
{ "type": "Feature", "properties": { "category": "food_beverage" }, "geometry": { "type": "Point", "coordinates": [ 233371.001434034027625, 899729.349324618116952 ] } },
{ "type": "Feature", "properties": { "category": "food_beverage" }, "geometry": { "type": "Point", "coordinates": [ 234154.84442557557486, 901475.150660910294391 ] } },
{ "type": "Feature", "properties": { "category": "food_beverage" }, "geometry": { "type": "Point", "coordinates": [ 231083.230773412564304, 902453.484205037006177 ] } },
{ "type": "Feature", "properties": { "category": "food_beverage" }, "geometry": { "type": "Point", "coordinates": [ 237252.5748438348528, 900069.86775032710284 ] } },
{ "type": "Feature", "properties": { "category": "food_beverage" }, "geometry": { "type": "Point", "coordinates": [ 236505.698572310619056, 895844.445321664679796 ] } },
{ "type": "Feature", "properties": { "category": "food_beverage" }, "geometry": { "type": "Point", "coordinates": [ 236216.372935082996264, 900154.313484530313872 ] } },
{ "type": "Feature", "properties": { "category": "food_beverage" }, "geometry": { "type": "Point", "coordinates": [ 238450.134844241663814, 891133.711469995090738 ] } },
{ "type": "Feature", "properties": { "category": "food_beverage" }, "geometry": { "type": "Point", "coordinates": [ 236578.471543111256324, 906404.369256921694614 ] } },
{ "type": "Feature", "properties": { "category": "food_beverage" }, "geometry": { "type": "Point", "coordinates": [ 232727.374819199903868, 896069.992273843381554 ] } },
{ "type": "Feature", "properties": { "category": "food_beverage" }, "geometry": { "type": "Point", "coordinates": [ 231888.496144001721404, 894463.746180016780272 ] } },
{ "type": "Feature", "properties": { "category": "food_beverage" }, "geometry": { "type": "Point", "coordinates": [ 236216.184350345516577, 900686.487606751383282 ] } },
{ "type": "Feature", "properties": { "category": "food_beverage" }, "geometry": { "type": "Point", "coordinates": [ 240291.35216095863143, 907101.39246724860277 ] } },
{ "type": "Feature", "properties": { "category": "food_beverage" }, "geometry": { "type": "Point", "coordinates": [ 233679.0292764447222, 901786.205289644887671 ] } },
{ "type": "Feature", "properties": { "category": "food_beverage" }, "geometry": { "type": "Point", "coordinates": [ 236580.577175904036267, 901113.915738302981481 ] } },
{ "type": "Feature", "properties": { "category": "food_beverage" }, "geometry": { "type": "Point", "coordinates": [ 230736.854106199287344, 905923.164338778005913 ] } },
{ "type": "Feature", "properties": { "category": "food_beverage" }, "geometry": { "type": "Point", "coordinates": [ 237710.960263627639506, 909004.409265149268322 ] } },
{ "type": "Feature", "properties": { "category": "food_beverage" }, "geometry": { "type": "Point", "coordinates": [ 233440.027381272404455, 898868.159390324028209 ] } },
{ "type": "Feature", "properties": { "category": "food_beverage" }, "geometry": { "type": "Point", "coordinates": [ 235738.817388952506008, 900123.876983387861401 ] } },
{ "type": "Feature", "properties": { "category": "food_beverage" }, "geometry": { "type": "Point", "coordinates": [ 238732.916436675761361, 902972.910748836584389 ] } },
{ "type": "Feature", "properties": { "category": "food_beverage" }, "geometry": { "type": "Point", "coordinates": [ 228081.567389859439572, 886957.251887801568955 ] } },
{ "type": "Feature", "properties": { "category": "food_beverage" }, "geometry": { "type": "Point", "coordinates": [ 240079.515971405257005, 904730.184069775044918 ] } },
{ "type": "Feature", "properties": { "category": "food_beverage" }, "geometry": { "type": "Point", "coordinates": [ 234073.359281138778897, 899133.233099497505464 ] } },
{ "type": "Feature", "properties": { "category": "food_beverage" }, "geometry": { "type": "Point", "coordinates": [ 235465.134072765154997, 899106.57252185663674 ] } },
{ "type": "Feature", "properties": { "category": "food_beverage" }, "geometry": { "type": "Point", "coordinates": [ 236752.784404791542329, 901108.038588275900111 ] } },
{ "type": "Feature", "properties": { "category": "food_beverage" }, "geometry": { "type": "Point", "coordinates": [ 230480.235542703652754, 892949.420177499298006 ] } },
{ "type": "Feature", "properties": { "category": "food_beverage" }, "geometry": { "type": "Point", "coordinates": [ 235406.295787121722242, 906297.167167205014266 ] } },
{ "type": "Feature", "properties": { "category": "food_beverage" }, "geometry": { "type": "Point", "coordinates": [ 236110.982059077970916, 900557.317735711927526 ] } },
{ "type": "Feature", "properties": { "category": "food_beverage" }, "geometry": { "type": "Point", "coordinates": [ 228245.970572959980927, 901358.605782089754939 ] } },
{ "type": "Feature", "properties": { "category": "food_beverage" }, "geometry": { "type": "Point", "coordinates": [ 232912.476838306, 899462.377954275114462 ] } },
{ "type": "Feature", "properties": { "category": "food_beverage" }, "geometry": { "type": "Point", "coordinates": [ 233878.601815071015153, 898781.841882849461399 ] } },
{ "type": "Feature", "properties": { "category": "food_beverage" }, "geometry": { "type": "Point", "coordinates": [ 228207.765745337528642, 902851.672355920891277 ] } },
{ "type": "Feature", "properties": { "category": "food_beverage" }, "geometry": { "type": "Point", "coordinates": [ 221565.43252835579915, 901790.787513386108913 ] } },
{ "type": "Feature", "properties": { "category": "food_beverage" }, "geometry": { "type": "Point", "coordinates": [ 231288.684712310991017, 904331.176646840176545 ] } },
{ "type": "Feature", "properties": { "category": "food_beverage" }, "geometry": { "type": "Point", "coordinates": [ 236396.594608037121361, 900848.483083139639348 ] } },
{ "type": "Feature", "properties": { "category": "food_beverage" }, "geometry": { "type": "Point", "coordinates": [ 234057.792027945426526, 906131.209030883270316 ] } },
{ "type": "Feature", "properties": { "category": "food_beverage" }, "geometry": { "type": "Point", "coordinates": [ 237434.350757921813056, 892696.410736064310186 ] } },
{ "type": "Feature", "properties": { "category": "food_beverage" }, "geometry": { "type": "Point", "coordinates": [ 240129.97633704947657, 906749.344569863169454 ] } },
{ "type": "Feature", "properties": { "category": "food_beverage" }, "geometry": { "type": "Point", "coordinates": [ 236680.41898156653042, 892709.100821913103573 ] } },
{ "type": "Feature", "properties": { "category": "food_beverage" }, "geometry": { "type": "Point", "coordinates": [ 235711.563620637054555, 911661.768837990355678 ] } },
{ "type": "Feature", "properties": { "category": "food_beverage" }, "geometry": { "type": "Point", "coordinates": [ 235434.588035793974996, 900114.672028503147885 ] } },
{ "type": "Feature", "properties": { "category": "food_beverage" }, "geometry": { "type": "Point", "coordinates": [ 241972.935289533110335, 912157.309559418237768 ] } },
{ "type": "Feature", "properties": { "category": "food_beverage" }, "geometry": { "type": "Point", "coordinates": [ 234037.462073072616477, 906690.839000180130824 ] } },
{ "type": "Feature", "properties": { "category": "food_beverage" }, "geometry": { "type": "Point", "coordinates": [ 225239.242957449401729, 901531.106481231399812 ] } },
{ "type": "Feature", "properties": { "category": "food_beverage" }, "geometry": { "type": "Point", "coordinates": [ 231329.68150031924597, 889627.542298845946789 ] } },
{ "type": "Feature", "properties": { "category": "food_beverage" }, "geometry": { "type": "Point", "coordinates": [ 234016.559401139675174, 899819.084944306057878 ] } },
{ "type": "Feature", "properties": { "category": "food_beverage" }, "geometry": { "type": "Point", "coordinates": [ 245178.274101781164063, 912777.060432651196606 ] } },
{ "type": "Feature", "properties": { "category": "food_beverage" }, "geometry": { "type": "Point", "coordinates": [ 229410.614569378143642, 904468.462809798191302 ] } },
{ "type": "Feature", "properties": { "category": "food_beverage" }, "geometry": { "type": "Point", "coordinates": [ 237542.700467695627594, 899757.949318201979622 ] } },
{ "type": "Feature", "properties": { "category": "food_beverage" }, "geometry": { "type": "Point", "coordinates": [ 245606.623054978670552, 912724.291269825771451 ] } },
{ "type": "Feature", "properties": { "category": "food_beverage" }, "geometry": { "type": "Point", "coordinates": [ 230733.137923830770887, 892999.06075679033529 ] } },
{ "type": "Feature", "properties": { "category": "food_beverage" }, "geometry": { "type": "Point", "coordinates": [ 223937.326494403474499, 897848.121036269469187 ] } },
{ "type": "Feature", "properties": { "category": "food_beverage" }, "geometry": { "type": "Point", "coordinates": [ 227928.763090999680571, 899900.666908961953595 ] } },
{ "type": "Feature", "properties": { "category": "food_beverage" }, "geometry": { "type": "Point", "coordinates": [ 234241.321912326238817, 899855.721336341230199 ] } },
{ "type": "Feature", "properties": { "category": "food_beverage" }, "geometry": { "type": "Point", "coordinates": [ 243184.968430508655729, 904096.889193454640917 ] } },
{ "type": "Feature", "properties": { "category": "food_beverage" }, "geometry": { "type": "Point", "coordinates": [ 235861.645304024685174, 901257.721624765312299 ] } },
{ "type": "Feature", "properties": { "category": "food_beverage" }, "geometry": { "type": "Point", "coordinates": [ 225326.869384459103458, 897855.655738306348212 ] } },
{ "type": "Feature", "properties": { "category": "food_beverage" }, "geometry": { "type": "Point", "coordinates": [ 231719.749277637689374, 895605.294750902219675 ] } },
{ "type": "Feature", "properties": { "category": "food_beverage" }, "geometry": { "type": "Point", "coordinates": [ 221792.634750250115758, 892876.267129342653789 ] } },
{ "type": "Feature", "properties": { "category": "food_beverage" }, "geometry": { "type": "Point", "coordinates": [ 232318.837244566791924, 895416.859529442852363 ] } },
{ "type": "Feature", "properties": { "category": "food_beverage" }, "geometry": { "type": "Point", "coordinates": [ 239239.619324502098607, 906018.850403615273535 ] } },
{ "type": "Feature", "properties": { "category": "food_beverage" }, "geometry": { "type": "Point", "coordinates": [ 236887.865275896008825, 906616.372553541208617 ] } },
{ "type": "Feature", "properties": { "category": "food_beverage" }, "geometry": { "type": "Point", "coordinates": [ 240542.466712154273409, 904081.360918455058709 ] } },
{ "type": "Feature", "properties": { "category": "food_beverage" }, "geometry": { "type": "Point", "coordinates": [ 221664.927458815043792, 903556.672948489431292 ] } },
{ "type": "Feature", "properties": { "category": "food_beverage" }, "geometry": { "type": "Point", "coordinates": [ 230252.196115823142463, 900496.10763783857692 ] } },
{ "type": "Feature", "properties": { "category": "food_beverage" }, "geometry": { "type": "Point", "coordinates": [ 225140.022579074691748, 897833.991547766490839 ] } },
{ "type": "Feature", "properties": { "category": "food_beverage" }, "geometry": { "type": "Point", "coordinates": [ 229988.82266674094717, 901418.034807975636795 ] } },
{ "type": "Feature", "properties": { "category": "food_beverage" }, "geometry": { "type": "Point", "coordinates": [ 222639.311287348740734, 895906.759179301327094 ] } },
{ "type": "Feature", "properties": { "category": "food_beverage" }, "geometry": { "type": "Point", "coordinates": [ 237274.409280720341485, 898609.308734511374496 ] } },
{ "type": "Feature", "properties": { "category": "food_beverage" }, "geometry": { "type": "Point", "coordinates": [ 231857.217557702824706, 903741.794715544092469 ] } },
{ "type": "Feature", "properties": { "category": "food_beverage" }, "geometry": { "type": "Point", "coordinates": [ 233877.345064838125836, 898922.904322092421353 ] } },
{ "type": "Feature", "properties": { "category": "food_beverage" }, "geometry": { "type": "Point", "coordinates": [ 238822.571415358863305, 903277.206478609121405 ] } },
{ "type": "Feature", "properties": { "category": "food_beverage" }, "geometry": { "type": "Point", "coordinates": [ 231451.732694959297078, 892799.522903954726644 ] } },
{ "type": "Feature", "properties": { "category": "food_beverage" }, "geometry": { "type": "Point", "coordinates": [ 233676.812084021104965, 895575.406856162124313 ] } },
{ "type": "Feature", "properties": { "category": "food_beverage" }, "geometry": { "type": "Point", "coordinates": [ 236198.048582507006358, 900208.75838598026894 ] } },
{ "type": "Feature", "properties": { "category": "food_beverage" }, "geometry": { "type": "Point", "coordinates": [ 227770.600734898267547, 899912.702965338714421 ] } },
{ "type": "Feature", "properties": { "category": "food_beverage" }, "geometry": { "type": "Point", "coordinates": [ 234377.838024006516207, 895560.582397694000974 ] } },
{ "type": "Feature", "properties": { "category": "food_beverage" }, "geometry": { "type": "Point", "coordinates": [ 234951.22833553183591, 898582.599801169941202 ] } },
{ "type": "Feature", "properties": { "category": "food_beverage" }, "geometry": { "type": "Point", "coordinates": [ 234585.664296601898968, 902397.43069795682095 ] } },
{ "type": "Feature", "properties": { "category": "food_beverage" }, "geometry": { "type": "Point", "coordinates": [ 233091.025478931405814, 899692.480629086494446 ] } },
{ "type": "Feature", "properties": { "category": "food_beverage" }, "geometry": { "type": "Point", "coordinates": [ 236206.210986577410949, 900079.727774584433064 ] } },
{ "type": "Feature", "properties": { "category": "food_beverage" }, "geometry": { "type": "Point", "coordinates": [ 240070.463168501562905, 904613.943383582285605 ] } },
{ "type": "Feature", "properties": { "category": "food_beverage" }, "geometry": { "type": "Point", "coordinates": [ 238871.43219892893103, 903317.576194446417503 ] } },
{ "type": "Feature", "properties": { "category": "food_beverage" }, "geometry": { "type": "Point", "coordinates": [ 236697.016652398364386, 900854.821947788354009 ] } },
{ "type": "Feature", "properties": { "category": "food_beverage" }, "geometry": { "type": "Point", "coordinates": [ 235894.259055171656655, 900178.764187393011525 ] } },
{ "type": "Feature", "properties": { "category": "food_beverage" }, "geometry": { "type": "Point", "coordinates": [ 230385.165115207666531, 892619.113065437530167 ] } },
{ "type": "Feature", "properties": { "category": "food_beverage" }, "geometry": { "type": "Point", "coordinates": [ 232689.949748928425834, 896991.42381440801546 ] } },
{ "type": "Feature", "properties": { "category": "food_beverage" }, "geometry": { "type": "Point", "coordinates": [ 239533.354556517122546, 915174.220109860645607 ] } },
{ "type": "Feature", "properties": { "category": "food_beverage" }, "geometry": { "type": "Point", "coordinates": [ 232820.748415116133401, 902746.524758076178841 ] } },
{ "type": "Feature", "properties": { "category": "food_beverage" }, "geometry": { "type": "Point", "coordinates": [ 231393.738348663027864, 898176.485139093361795 ] } },
{ "type": "Feature", "properties": { "category": "food_beverage" }, "geometry": { "type": "Point", "coordinates": [ 235557.500451408763183, 905048.734199460828677 ] } },
{ "type": "Feature", "properties": { "category": "food_beverage" }, "geometry": { "type": "Point", "coordinates": [ 230162.116899852117058, 900349.431174591765739 ] } },
{ "type": "Feature", "properties": { "category": "food_beverage" }, "geometry": { "type": "Point", "coordinates": [ 236303.020944849180523, 900941.304711925797164 ] } },
{ "type": "Feature", "properties": { "category": "food_beverage" }, "geometry": { "type": "Point", "coordinates": [ 245491.222118667181348, 912801.854680301388726 ] } },
{ "type": "Feature", "properties": { "category": "food_beverage" }, "geometry": { "type": "Point", "coordinates": [ 236445.349751227884553, 900819.855456317542121 ] } },
{ "type": "Feature", "properties": { "category": "food_beverage" }, "geometry": { "type": "Point", "coordinates": [ 233796.273065329150995, 893018.996903622406535 ] } },
{ "type": "Feature", "properties": { "category": "food_beverage" }, "geometry": { "type": "Point", "coordinates": [ 240618.948618460330181, 907642.462838780484162 ] } },
{ "type": "Feature", "properties": { "category": "food_beverage" }, "geometry": { "type": "Point", "coordinates": [ 221670.055130998487584, 891731.256066527101211 ] } },
{ "type": "Feature", "properties": { "category": "food_beverage" }, "geometry": { "type": "Point", "coordinates": [ 236846.932512353290804, 898989.162431104225107 ] } },
{ "type": "Feature", "properties": { "category": "food_beverage" }, "geometry": { "type": "Point", "coordinates": [ 226128.721048640785739, 908260.711128226830624 ] } },
{ "type": "Feature", "properties": { "category": "food_beverage" }, "geometry": { "type": "Point", "coordinates": [ 235614.536364797095302, 908460.829960342962295 ] } },
{ "type": "Feature", "properties": { "category": "food_beverage" }, "geometry": { "type": "Point", "coordinates": [ 239837.581360306387069, 906214.38536251115147 ] } },
{ "type": "Feature", "properties": { "category": "food_beverage" }, "geometry": { "type": "Point", "coordinates": [ 236376.764289510494564, 900684.651170821860433 ] } },
{ "type": "Feature", "properties": { "category": "food_beverage" }, "geometry": { "type": "Point", "coordinates": [ 231401.048528591782087, 904154.618847490288317 ] } },
{ "type": "Feature", "properties": { "category": "food_beverage" }, "geometry": { "type": "Point", "coordinates": [ 245205.664454921847209, 912751.132655166089535 ] } },
{ "type": "Feature", "properties": { "category": "food_beverage" }, "geometry": { "type": "Point", "coordinates": [ 224504.012979497405468, 904090.625160001218319 ] } },
{ "type": "Feature", "properties": { "category": "food_beverage" }, "geometry": { "type": "Point", "coordinates": [ 237949.645019763876917, 904990.718335255282 ] } },
{ "type": "Feature", "properties": { "category": "food_beverage" }, "geometry": { "type": "Point", "coordinates": [ 231089.622846550395479, 889781.983454409404658 ] } },
{ "type": "Feature", "properties": { "category": "food_beverage" }, "geometry": { "type": "Point", "coordinates": [ 227592.309268080862239, 899994.197953933966346 ] } },
{ "type": "Feature", "properties": { "category": "food_beverage" }, "geometry": { "type": "Point", "coordinates": [ 233871.896238169341814, 899660.21151448355522 ] } },
{ "type": "Feature", "properties": { "category": "food_beverage" }, "geometry": { "type": "Point", "coordinates": [ 245528.368691104347818, 912793.542366914451122 ] } },
{ "type": "Feature", "properties": { "category": "food_beverage" }, "geometry": { "type": "Point", "coordinates": [ 239606.096867562446278, 914842.828946471447125 ] } },
{ "type": "Feature", "properties": { "category": "food_beverage" }, "geometry": { "type": "Point", "coordinates": [ 244527.097198876348557, 913573.575076291221194 ] } },
{ "type": "Feature", "properties": { "category": "food_beverage" }, "geometry": { "type": "Point", "coordinates": [ 234412.559693622781197, 898892.403202591463923 ] } },
{ "type": "Feature", "properties": { "category": "food_beverage" }, "geometry": { "type": "Point", "coordinates": [ 236957.170564694271889, 908837.334057941217907 ] } },
{ "type": "Feature", "properties": { "category": "food_beverage" }, "geometry": { "type": "Point", "coordinates": [ 238347.931365972617641, 904834.816086823586375 ] } },
{ "type": "Feature", "properties": { "category": "food_beverage" }, "geometry": { "type": "Point", "coordinates": [ 237271.072004721936537, 899999.986633280757815 ] } },
{ "type": "Feature", "properties": { "category": "food_beverage" }, "geometry": { "type": "Point", "coordinates": [ 238953.052100884029642, 903361.126976125640795 ] } },
{ "type": "Feature", "properties": { "category": "food_beverage" }, "geometry": { "type": "Point", "coordinates": [ 241662.719367839745246, 906328.615352093474939 ] } },
{ "type": "Feature", "properties": { "category": "food_beverage" }, "geometry": { "type": "Point", "coordinates": [ 221595.826977206917945, 901978.60180184757337 ] } },
{ "type": "Feature", "properties": { "category": "food_beverage" }, "geometry": { "type": "Point", "coordinates": [ 234346.288906893751118, 901542.286485483753495 ] } },
{ "type": "Feature", "properties": { "category": "food_beverage" }, "geometry": { "type": "Point", "coordinates": [ 235427.193687932449393, 905597.806299638003111 ] } },
{ "type": "Feature", "properties": { "category": "food_beverage" }, "geometry": { "type": "Point", "coordinates": [ 232889.086367858049925, 901501.990868342341855 ] } },
{ "type": "Feature", "properties": { "category": "food_beverage" }, "geometry": { "type": "Point", "coordinates": [ 231303.997023680713028, 903703.762258984381333 ] } },
{ "type": "Feature", "properties": { "category": "food_beverage" }, "geometry": { "type": "Point", "coordinates": [ 235402.26017543792841, 900840.181873498018831 ] } },
{ "type": "Feature", "properties": { "category": "food_beverage" }, "geometry": { "type": "Point", "coordinates": [ 231108.879105270927539, 889551.031557949259877 ] } },
{ "type": "Feature", "properties": { "category": "food_beverage" }, "geometry": { "type": "Point", "coordinates": [ 236661.069494497904088, 900260.032977402792312 ] } },
{ "type": "Feature", "properties": { "category": "food_beverage" }, "geometry": { "type": "Point", "coordinates": [ 235906.902630545722786, 892842.845024819718674 ] } },
{ "type": "Feature", "properties": { "category": "food_beverage" }, "geometry": { "type": "Point", "coordinates": [ 228659.604967821884202, 899879.616582515416667 ] } },
{ "type": "Feature", "properties": { "category": "food_beverage" }, "geometry": { "type": "Point", "coordinates": [ 230381.520586324651958, 900158.656339335953817 ] } },
{ "type": "Feature", "properties": { "category": "food_beverage" }, "geometry": { "type": "Point", "coordinates": [ 231116.412260319833877, 905262.916975915199146 ] } },
{ "type": "Feature", "properties": { "category": "food_beverage" }, "geometry": { "type": "Point", "coordinates": [ 238530.342529467539862, 902351.643896773457527 ] } },
{ "type": "Feature", "properties": { "category": "food_beverage" }, "geometry": { "type": "Point", "coordinates": [ 236712.043484773952514, 901053.508335970924236 ] } },
{ "type": "Feature", "properties": { "category": "food_beverage" }, "geometry": { "type": "Point", "coordinates": [ 230403.95598326579784, 900095.772375408327207 ] } },
{ "type": "Feature", "properties": { "category": "food_beverage" }, "geometry": { "type": "Point", "coordinates": [ 236361.44625284417998, 900794.983586976886727 ] } },
{ "type": "Feature", "properties": { "category": "food_beverage" }, "geometry": { "type": "Point", "coordinates": [ 240932.999716164224083, 888908.084712433861569 ] } },
{ "type": "Feature", "properties": { "category": "food_beverage" }, "geometry": { "type": "Point", "coordinates": [ 230741.177881544979755, 907454.964346353663132 ] } },
{ "type": "Feature", "properties": { "category": "food_beverage" }, "geometry": { "type": "Point", "coordinates": [ 232038.472715251555201, 903777.164558795513585 ] } },
{ "type": "Feature", "properties": { "category": "food_beverage" }, "geometry": { "type": "Point", "coordinates": [ 238860.624848492065212, 903246.536948734079488 ] } },
{ "type": "Feature", "properties": { "category": "food_beverage" }, "geometry": { "type": "Point", "coordinates": [ 219928.11771545058582, 901214.79317009053193 ] } },
{ "type": "Feature", "properties": { "category": "food_beverage" }, "geometry": { "type": "Point", "coordinates": [ 231263.429370989470044, 902660.556008686544374 ] } },
{ "type": "Feature", "properties": { "category": "food_beverage" }, "geometry": { "type": "Point", "coordinates": [ 230407.992480050452286, 905271.476972356438637 ] } },
{ "type": "Feature", "properties": { "category": "food_beverage" }, "geometry": { "type": "Point", "coordinates": [ 236018.262069275195245, 900885.410998714389279 ] } },
{ "type": "Feature", "properties": { "category": "food_beverage" }, "geometry": { "type": "Point", "coordinates": [ 232565.387387199356453, 898257.347927357302979 ] } },
{ "type": "Feature", "properties": { "category": "food_beverage" }, "geometry": { "type": "Point", "coordinates": [ 228795.464504855655832, 898815.940212256042287 ] } },
{ "type": "Feature", "properties": { "category": "food_beverage" }, "geometry": { "type": "Point", "coordinates": [ 237183.812940437346697, 905773.285228346707299 ] } },
{ "type": "Feature", "properties": { "category": "food_beverage" }, "geometry": { "type": "Point", "coordinates": [ 228629.27517511282349, 899881.71451078960672 ] } },
{ "type": "Feature", "properties": { "category": "food_beverage" }, "geometry": { "type": "Point", "coordinates": [ 234946.745387977018254, 900163.547154161147773 ] } },
{ "type": "Feature", "properties": { "category": "food_beverage" }, "geometry": { "type": "Point", "coordinates": [ 234887.779583668685518, 899095.796483958140016 ] } },
{ "type": "Feature", "properties": { "category": "food_beverage" }, "geometry": { "type": "Point", "coordinates": [ 238289.227751997008454, 904713.419406513450667 ] } },
{ "type": "Feature", "properties": { "category": "food_beverage" }, "geometry": { "type": "Point", "coordinates": [ 231283.441511176817585, 902550.011204993585125 ] } },
{ "type": "Feature", "properties": { "category": "food_beverage" }, "geometry": { "type": "Point", "coordinates": [ 236633.450117171509191, 898208.280954341869801 ] } },
{ "type": "Feature", "properties": { "category": "food_beverage" }, "geometry": { "type": "Point", "coordinates": [ 233752.021314162120689, 903395.636969757266343 ] } },
{ "type": "Feature", "properties": { "category": "food_beverage" }, "geometry": { "type": "Point", "coordinates": [ 233072.567926368064946, 898028.786049061920494 ] } },
{ "type": "Feature", "properties": { "category": "food_beverage" }, "geometry": { "type": "Point", "coordinates": [ 235343.805969810520764, 893240.757271278649569 ] } },
{ "type": "Feature", "properties": { "category": "food_beverage" }, "geometry": { "type": "Point", "coordinates": [ 236354.921470000204863, 900941.461964012705721 ] } },
{ "type": "Feature", "properties": { "category": "food_beverage" }, "geometry": { "type": "Point", "coordinates": [ 241149.540526272612624, 903910.496840822394006 ] } },
{ "type": "Feature", "properties": { "category": "food_beverage" }, "geometry": { "type": "Point", "coordinates": [ 236430.403886636137031, 895737.754047820111737 ] } },
{ "type": "Feature", "properties": { "category": "food_beverage" }, "geometry": { "type": "Point", "coordinates": [ 228390.131394322088454, 892826.044300776673481 ] } },
{ "type": "Feature", "properties": { "category": "food_beverage" }, "geometry": { "type": "Point", "coordinates": [ 235442.614191875094548, 911346.046806779573672 ] } },
{ "type": "Feature", "properties": { "category": "food_beverage" }, "geometry": { "type": "Point", "coordinates": [ 229096.842752916825702, 899011.344348093727604 ] } },
{ "type": "Feature", "properties": { "category": "food_beverage" }, "geometry": { "type": "Point", "coordinates": [ 238270.774066770536592, 889117.479742587776855 ] } },
{ "type": "Feature", "properties": { "category": "food_beverage" }, "geometry": { "type": "Point", "coordinates": [ 232537.549334825598635, 905314.900188165018335 ] } },
{ "type": "Feature", "properties": { "category": "food_beverage" }, "geometry": { "type": "Point", "coordinates": [ 235229.115718635934172, 893284.168247453519143 ] } },
{ "type": "Feature", "properties": { "category": "food_beverage" }, "geometry": { "type": "Point", "coordinates": [ 246073.863864592392929, 912661.695102638332173 ] } },
{ "type": "Feature", "properties": { "category": "food_beverage" }, "geometry": { "type": "Point", "coordinates": [ 238418.822845851653256, 889827.173313948442228 ] } },
{ "type": "Feature", "properties": { "category": "food_beverage" }, "geometry": { "type": "Point", "coordinates": [ 232942.716936700802762, 899796.530145013472065 ] } },
{ "type": "Feature", "properties": { "category": "food_beverage" }, "geometry": { "type": "Point", "coordinates": [ 229543.84278970194282, 906131.759217647369951 ] } },
{ "type": "Feature", "properties": { "category": "food_beverage" }, "geometry": { "type": "Point", "coordinates": [ 235640.640906506130705, 891528.458053472568281 ] } },
{ "type": "Feature", "properties": { "category": "food_beverage" }, "geometry": { "type": "Point", "coordinates": [ 231783.5454588328721, 894915.685793896205723 ] } },
{ "type": "Feature", "properties": { "category": "food_beverage" }, "geometry": { "type": "Point", "coordinates": [ 230197.486485968605848, 900401.234171172953211 ] } },
{ "type": "Feature", "properties": { "category": "food_beverage" }, "geometry": { "type": "Point", "coordinates": [ 234488.572142916469602, 905982.577192945638672 ] } },
{ "type": "Feature", "properties": { "category": "food_beverage" }, "geometry": { "type": "Point", "coordinates": [ 236270.7722319153836, 901044.218759360839613 ] } },
{ "type": "Feature", "properties": { "category": "food_beverage" }, "geometry": { "type": "Point", "coordinates": [ 236034.003574112401111, 901028.782566549256444 ] } },
{ "type": "Feature", "properties": { "category": "food_beverage" }, "geometry": { "type": "Point", "coordinates": [ 228578.757796580466675, 899944.823029776336625 ] } },
{ "type": "Feature", "properties": { "category": "food_beverage" }, "geometry": { "type": "Point", "coordinates": [ 239641.382462027657311, 915189.603851674706675 ] } },
{ "type": "Feature", "properties": { "category": "food_beverage" }, "geometry": { "type": "Point", "coordinates": [ 226475.973633000394329, 886822.962076153722592 ] } },
{ "type": "Feature", "properties": { "category": "food_beverage" }, "geometry": { "type": "Point", "coordinates": [ 245306.780915981013095, 914247.837953871465288 ] } },
{ "type": "Feature", "properties": { "category": "food_beverage" }, "geometry": { "type": "Point", "coordinates": [ 235970.638976495421957, 912711.362427815445699 ] } },
{ "type": "Feature", "properties": { "category": "food_beverage" }, "geometry": { "type": "Point", "coordinates": [ 235779.589782168884994, 900190.953399788355455 ] } },
{ "type": "Feature", "properties": { "category": "food_beverage" }, "geometry": { "type": "Point", "coordinates": [ 231804.477740931324661, 901239.074589990312234 ] } },
{ "type": "Feature", "properties": { "category": "food_beverage" }, "geometry": { "type": "Point", "coordinates": [ 232636.710868856142042, 905201.171219204785302 ] } },
{ "type": "Feature", "properties": { "category": "food_beverage" }, "geometry": { "type": "Point", "coordinates": [ 234699.254008077288745, 899726.784498338005506 ] } },
{ "type": "Feature", "properties": { "category": "food_beverage" }, "geometry": { "type": "Point", "coordinates": [ 236675.32065890164813, 901586.381426640320569 ] } },
{ "type": "Feature", "properties": { "category": "food_beverage" }, "geometry": { "type": "Point", "coordinates": [ 240580.560989383346168, 912912.357284010620788 ] } },
{ "type": "Feature", "properties": { "category": "food_beverage" }, "geometry": { "type": "Point", "coordinates": [ 239197.647665270284051, 909023.551542754517868 ] } },
{ "type": "Feature", "properties": { "category": "food_beverage" }, "geometry": { "type": "Point", "coordinates": [ 226789.052369328885106, 907444.768994208192453 ] } },
{ "type": "Feature", "properties": { "category": "food_beverage" }, "geometry": { "type": "Point", "coordinates": [ 228643.299630456167506, 900200.897181948996149 ] } },
{ "type": "Feature", "properties": { "category": "food_beverage" }, "geometry": { "type": "Point", "coordinates": [ 233309.749013837426901, 904270.491556870052591 ] } },
{ "type": "Feature", "properties": { "category": "food_beverage" }, "geometry": { "type": "Point", "coordinates": [ 236051.166217163234251, 895109.547466321848333 ] } },
{ "type": "Feature", "properties": { "category": "food_beverage" }, "geometry": { "type": "Point", "coordinates": [ 237284.443107248691376, 893777.94549523666501 ] } },
{ "type": "Feature", "properties": { "category": "food_beverage" }, "geometry": { "type": "Point", "coordinates": [ 219440.906294741405873, 903218.48731840972323 ] } },
{ "type": "Feature", "properties": { "category": "food_beverage" }, "geometry": { "type": "Point", "coordinates": [ 240084.099943954031914, 906566.578312338795513 ] } },
{ "type": "Feature", "properties": { "category": "food_beverage" }, "geometry": { "type": "Point", "coordinates": [ 242285.216151201835601, 902980.066101503674872 ] } },
{ "type": "Feature", "properties": { "category": "food_beverage" }, "geometry": { "type": "Point", "coordinates": [ 236500.247099109023111, 900719.059252479928546 ] } },
{ "type": "Feature", "properties": { "category": "food_beverage" }, "geometry": { "type": "Point", "coordinates": [ 236052.824730660009664, 901069.533734648488462 ] } },
{ "type": "Feature", "properties": { "category": "food_beverage" }, "geometry": { "type": "Point", "coordinates": [ 234631.860370855953079, 898855.713914315565489 ] } },
{ "type": "Feature", "properties": { "category": "food_beverage" }, "geometry": { "type": "Point", "coordinates": [ 235255.36234078448615, 900233.956963840639219 ] } },
{ "type": "Feature", "properties": { "category": "food_beverage" }, "geometry": { "type": "Point", "coordinates": [ 233109.225606511812657, 901408.164095421787351 ] } },
{ "type": "Feature", "properties": { "category": "food_beverage" }, "geometry": { "type": "Point", "coordinates": [ 231211.952819706784794, 899043.855904211173765 ] } },
{ "type": "Feature", "properties": { "category": "food_beverage" }, "geometry": { "type": "Point", "coordinates": [ 237987.688574548985343, 901974.798052770318463 ] } },
{ "type": "Feature", "properties": { "category": "food_beverage" }, "geometry": { "type": "Point", "coordinates": [ 228923.852843084343476, 900658.352894058683887 ] } },
{ "type": "Feature", "properties": { "category": "food_beverage" }, "geometry": { "type": "Point", "coordinates": [ 235130.463737986458, 899935.975884847226553 ] } },
{ "type": "Feature", "properties": { "category": "food_beverage" }, "geometry": { "type": "Point", "coordinates": [ 219500.857360293419333, 903219.653193484176882 ] } },
{ "type": "Feature", "properties": { "category": "food_beverage" }, "geometry": { "type": "Point", "coordinates": [ 240654.751596339861862, 907812.955969943199307 ] } },
{ "type": "Feature", "properties": { "category": "food_beverage" }, "geometry": { "type": "Point", "coordinates": [ 231326.399023356789257, 902650.506249370984733 ] } },
{ "type": "Feature", "properties": { "category": "food_beverage" }, "geometry": { "type": "Point", "coordinates": [ 234988.472357842809288, 897242.413644684478641 ] } },
{ "type": "Feature", "properties": { "category": "food_beverage" }, "geometry": { "type": "Point", "coordinates": [ 232130.841614524397301, 897440.707965009729378 ] } },
{ "type": "Feature", "properties": { "category": "food_beverage" }, "geometry": { "type": "Point", "coordinates": [ 236581.536525056697428, 901562.566055060597137 ] } },
{ "type": "Feature", "properties": { "category": "food_beverage" }, "geometry": { "type": "Point", "coordinates": [ 233259.873194299492752, 899497.669886534451507 ] } },
{ "type": "Feature", "properties": { "category": "food_beverage" }, "geometry": { "type": "Point", "coordinates": [ 237647.136353357956978, 899627.658051996142603 ] } },
{ "type": "Feature", "properties": { "category": "food_beverage" }, "geometry": { "type": "Point", "coordinates": [ 236404.966956043266691, 900186.500861947308294 ] } },
{ "type": "Feature", "properties": { "category": "food_beverage" }, "geometry": { "type": "Point", "coordinates": [ 237284.443107248691376, 893777.94549523666501 ] } },
{ "type": "Feature", "properties": { "category": "food_beverage" }, "geometry": { "type": "Point", "coordinates": [ 236692.203427590080537, 902848.877004212467 ] } },
{ "type": "Feature", "properties": { "category": "food_beverage" }, "geometry": { "type": "Point", "coordinates": [ 235557.500451408763183, 905048.734199460828677 ] } },
{ "type": "Feature", "properties": { "category": "food_beverage" }, "geometry": { "type": "Point", "coordinates": [ 237124.089412729663309, 907212.560253862291574 ] } },
{ "type": "Feature", "properties": { "category": "food_beverage" }, "geometry": { "type": "Point", "coordinates": [ 231807.224347772862529, 902360.975417798385024 ] } },
{ "type": "Feature", "properties": { "category": "food_beverage" }, "geometry": { "type": "Point", "coordinates": [ 227513.126793187984731, 897089.33355805859901 ] } },
{ "type": "Feature", "properties": { "category": "food_beverage" }, "geometry": { "type": "Point", "coordinates": [ 236143.138074569782475, 908904.07520410080906 ] } },
{ "type": "Feature", "properties": { "category": "food_beverage" }, "geometry": { "type": "Point", "coordinates": [ 236162.692690855328692, 900835.056848720414564 ] } },
{ "type": "Feature", "properties": { "category": "food_beverage" }, "geometry": { "type": "Point", "coordinates": [ 232942.716936700802762, 899796.530145013472065 ] } },
{ "type": "Feature", "properties": { "category": "food_beverage" }, "geometry": { "type": "Point", "coordinates": [ 234406.821198101592017, 901662.880345179466531 ] } },
{ "type": "Feature", "properties": { "category": "food_beverage" }, "geometry": { "type": "Point", "coordinates": [ 238219.341545054543531, 903378.090463896165602 ] } },
{ "type": "Feature", "properties": { "category": "food_beverage" }, "geometry": { "type": "Point", "coordinates": [ 235588.333558812562842, 911403.990934419794939 ] } },
{ "type": "Feature", "properties": { "category": "food_beverage" }, "geometry": { "type": "Point", "coordinates": [ 227482.968574047408765, 898920.763240100699477 ] } },
{ "type": "Feature", "properties": { "category": "food_beverage" }, "geometry": { "type": "Point", "coordinates": [ 228718.289015871065203, 898543.929733328521252 ] } },
{ "type": "Feature", "properties": { "category": "food_beverage" }, "geometry": { "type": "Point", "coordinates": [ 222583.458998163114302, 899921.333957317634486 ] } },
{ "type": "Feature", "properties": { "category": "food_beverage" }, "geometry": { "type": "Point", "coordinates": [ 226730.056712033780059, 905191.311124330735765 ] } },
{ "type": "Feature", "properties": { "category": "food_beverage" }, "geometry": { "type": "Point", "coordinates": [ 240606.245554175169673, 904159.484866503509693 ] } },
{ "type": "Feature", "properties": { "category": "food_beverage" }, "geometry": { "type": "Point", "coordinates": [ 226953.57383648265386, 888660.619200358516537 ] } },
{ "type": "Feature", "properties": { "category": "food_beverage" }, "geometry": { "type": "Point", "coordinates": [ 236675.14868732940522, 900514.475317859789357 ] } },
{ "type": "Feature", "properties": { "category": "food_beverage" }, "geometry": { "type": "Point", "coordinates": [ 232215.853728285583202, 907581.320357923861593 ] } },
{ "type": "Feature", "properties": { "category": "food_beverage" }, "geometry": { "type": "Point", "coordinates": [ 226178.518931154598249, 886810.409147647325881 ] } },
{ "type": "Feature", "properties": { "category": "food_beverage" }, "geometry": { "type": "Point", "coordinates": [ 234098.015194556908682, 899163.676865649409592 ] } },
{ "type": "Feature", "properties": { "category": "food_beverage" }, "geometry": { "type": "Point", "coordinates": [ 237279.219318299030419, 898525.914843300241046 ] } },
{ "type": "Feature", "properties": { "category": "food_beverage" }, "geometry": { "type": "Point", "coordinates": [ 235729.328621153137647, 896478.373596477671526 ] } },
{ "type": "Feature", "properties": { "category": "food_beverage" }, "geometry": { "type": "Point", "coordinates": [ 241698.140910636226181, 888188.470665315398946 ] } },
{ "type": "Feature", "properties": { "category": "food_beverage" }, "geometry": { "type": "Point", "coordinates": [ 234652.724714988784399, 903646.617256125784479 ] } },
{ "type": "Feature", "properties": { "category": "food_beverage" }, "geometry": { "type": "Point", "coordinates": [ 239186.278039000404533, 913842.290491556981578 ] } },
{ "type": "Feature", "properties": { "category": "food_beverage" }, "geometry": { "type": "Point", "coordinates": [ 236107.183610987791326, 901777.381611859076656 ] } },
{ "type": "Feature", "properties": { "category": "food_beverage" }, "geometry": { "type": "Point", "coordinates": [ 237452.659417237620801, 900403.721338045201264 ] } },
{ "type": "Feature", "properties": { "category": "food_beverage" }, "geometry": { "type": "Point", "coordinates": [ 232773.529122135310899, 898335.847262901370414 ] } },
{ "type": "Feature", "properties": { "category": "food_beverage" }, "geometry": { "type": "Point", "coordinates": [ 232622.331278690195177, 904273.26325811073184 ] } },
{ "type": "Feature", "properties": { "category": "food_beverage" }, "geometry": { "type": "Point", "coordinates": [ 227772.670318116288399, 892082.926100229145959 ] } },
{ "type": "Feature", "properties": { "category": "food_beverage" }, "geometry": { "type": "Point", "coordinates": [ 234007.448178517719498, 902484.248167974525131 ] } },
{ "type": "Feature", "properties": { "category": "food_beverage" }, "geometry": { "type": "Point", "coordinates": [ 221824.726628429692937, 892208.802896560751833 ] } },
{ "type": "Feature", "properties": { "category": "food_beverage" }, "geometry": { "type": "Point", "coordinates": [ 222962.601644725655206, 902099.45634861337021 ] } },
{ "type": "Feature", "properties": { "category": "food_beverage" }, "geometry": { "type": "Point", "coordinates": [ 236438.626300552336033, 895423.781805172096938 ] } },
{ "type": "Feature", "properties": { "category": "food_beverage" }, "geometry": { "type": "Point", "coordinates": [ 232724.031482764577959, 903618.03930601675529 ] } },
{ "type": "Feature", "properties": { "category": "food_beverage" }, "geometry": { "type": "Point", "coordinates": [ 234622.103340509551344, 905097.1561117277015 ] } },
{ "type": "Feature", "properties": { "category": "food_beverage" }, "geometry": { "type": "Point", "coordinates": [ 233076.408910010708496, 896143.492209348129109 ] } },
{ "type": "Feature", "properties": { "category": "food_beverage" }, "geometry": { "type": "Point", "coordinates": [ 231325.17729126138147, 903090.70397830021102 ] } },
{ "type": "Feature", "properties": { "category": "food_beverage" }, "geometry": { "type": "Point", "coordinates": [ 240917.204023379279533, 911498.470700683072209 ] } },
{ "type": "Feature", "properties": { "category": "food_beverage" }, "geometry": { "type": "Point", "coordinates": [ 234544.908663700334728, 899109.653816814301535 ] } },
{ "type": "Feature", "properties": { "category": "food_beverage" }, "geometry": { "type": "Point", "coordinates": [ 223237.054933395906119, 895068.862163636484183 ] } },
{ "type": "Feature", "properties": { "category": "food_beverage" }, "geometry": { "type": "Point", "coordinates": [ 236091.569725810608361, 901689.993791312677786 ] } },
{ "type": "Feature", "properties": { "category": "food_beverage" }, "geometry": { "type": "Point", "coordinates": [ 231199.709511252265656, 904971.482604895718396 ] } },
{ "type": "Feature", "properties": { "category": "food_beverage" }, "geometry": { "type": "Point", "coordinates": [ 234025.606726066820556, 899839.455975236953236 ] } },
{ "type": "Feature", "properties": { "category": "food_beverage" }, "geometry": { "type": "Point", "coordinates": [ 234004.907686151796952, 899059.701439643045887 ] } },
{ "type": "Feature", "properties": { "category": "food_beverage" }, "geometry": { "type": "Point", "coordinates": [ 228629.269745241501369, 899883.047417691559531 ] } },
{ "type": "Feature", "properties": { "category": "food_beverage" }, "geometry": { "type": "Point", "coordinates": [ 229707.036706309037982, 891656.743543419288471 ] } },
{ "type": "Feature", "properties": { "category": "food_beverage" }, "geometry": { "type": "Point", "coordinates": [ 236288.223868147149915, 900296.975110726198182 ] } },
{ "type": "Feature", "properties": { "category": "food_beverage" }, "geometry": { "type": "Point", "coordinates": [ 234023.769015582627617, 904470.856937074451707 ] } },
{ "type": "Feature", "properties": { "category": "food_beverage" }, "geometry": { "type": "Point", "coordinates": [ 232653.758202953235013, 901763.481841368367895 ] } },
{ "type": "Feature", "properties": { "category": "food_beverage" }, "geometry": { "type": "Point", "coordinates": [ 232673.446677547472063, 898236.522516875411384 ] } },
{ "type": "Feature", "properties": { "category": "food_beverage" }, "geometry": { "type": "Point", "coordinates": [ 235940.418989599798806, 899836.43565147893969 ] } },
{ "type": "Feature", "properties": { "category": "food_beverage" }, "geometry": { "type": "Point", "coordinates": [ 231169.900187349267071, 899254.161009844276123 ] } },
{ "type": "Feature", "properties": { "category": "food_beverage" }, "geometry": { "type": "Point", "coordinates": [ 229633.205464850907447, 899209.414511904586107 ] } },
{ "type": "Feature", "properties": { "category": "food_beverage" }, "geometry": { "type": "Point", "coordinates": [ 233872.288677418022417, 899339.421015802072361 ] } },
{ "type": "Feature", "properties": { "category": "food_beverage" }, "geometry": { "type": "Point", "coordinates": [ 232980.630299281794578, 901409.114399560610764 ] } },
{ "type": "Feature", "properties": { "category": "food_beverage" }, "geometry": { "type": "Point", "coordinates": [ 240580.724156432435848, 906808.363999239751138 ] } },
{ "type": "Feature", "properties": { "category": "food_beverage" }, "geometry": { "type": "Point", "coordinates": [ 236300.255020893731853, 894597.764594839885831 ] } },
{ "type": "Feature", "properties": { "category": "food_beverage" }, "geometry": { "type": "Point", "coordinates": [ 232264.087320004124194, 896963.020290580228902 ] } },
{ "type": "Feature", "properties": { "category": "food_beverage" }, "geometry": { "type": "Point", "coordinates": [ 236042.889566577359801, 893345.606291557778604 ] } },
{ "type": "Feature", "properties": { "category": "food_beverage" }, "geometry": { "type": "Point", "coordinates": [ 236069.170764206384774, 900709.724335253820755 ] } },
{ "type": "Feature", "properties": { "category": "food_beverage" }, "geometry": { "type": "Point", "coordinates": [ 239345.117157913802657, 899379.257419091300108 ] } },
{ "type": "Feature", "properties": { "category": "food_beverage" }, "geometry": { "type": "Point", "coordinates": [ 235907.353298103815177, 899470.376066823606379 ] } },
{ "type": "Feature", "properties": { "category": "food_beverage" }, "geometry": { "type": "Point", "coordinates": [ 232481.531917521671858, 903523.60777829575818 ] } },
{ "type": "Feature", "properties": { "category": "food_beverage" }, "geometry": { "type": "Point", "coordinates": [ 231353.597725192521466, 902590.867508945404552 ] } },
{ "type": "Feature", "properties": { "category": "food_beverage" }, "geometry": { "type": "Point", "coordinates": [ 232942.716936700802762, 899796.530145013472065 ] } },
{ "type": "Feature", "properties": { "category": "food_beverage" }, "geometry": { "type": "Point", "coordinates": [ 240708.060306877741823, 908058.307848830823787 ] } },
{ "type": "Feature", "properties": { "category": "food_beverage" }, "geometry": { "type": "Point", "coordinates": [ 227164.017533071251819, 896947.686163416597992 ] } },
{ "type": "Feature", "properties": { "category": "food_beverage" }, "geometry": { "type": "Point", "coordinates": [ 236637.208480940782465, 900538.270287227118388 ] } },
{ "type": "Feature", "properties": { "category": "food_beverage" }, "geometry": { "type": "Point", "coordinates": [ 229582.081841700535733, 901370.435435974039137 ] } },
{ "type": "Feature", "properties": { "category": "food_beverage" }, "geometry": { "type": "Point", "coordinates": [ 234553.047512311546598, 899968.324890353134833 ] } },
{ "type": "Feature", "properties": { "category": "food_beverage" }, "geometry": { "type": "Point", "coordinates": [ 236277.031615266925655, 900837.090223085135221 ] } },
{ "type": "Feature", "properties": { "category": "food_beverage" }, "geometry": { "type": "Point", "coordinates": [ 234467.069180972670438, 899691.09677441092208 ] } },
{ "type": "Feature", "properties": { "category": "food_beverage" }, "geometry": { "type": "Point", "coordinates": [ 233412.207952740078326, 899727.656785678816959 ] } },
{ "type": "Feature", "properties": { "category": "food_beverage" }, "geometry": { "type": "Point", "coordinates": [ 226287.007871154200984, 886782.600397580303252 ] } },
{ "type": "Feature", "properties": { "category": "food_beverage" }, "geometry": { "type": "Point", "coordinates": [ 232771.291640139039373, 906178.51584633870516 ] } },
{ "type": "Feature", "properties": { "category": "food_beverage" }, "geometry": { "type": "Point", "coordinates": [ 239891.8704468444339, 888135.905314878793433 ] } },
{ "type": "Feature", "properties": { "category": "food_beverage" }, "geometry": { "type": "Point", "coordinates": [ 232852.692697615013458, 899383.677456763689406 ] } },
{ "type": "Feature", "properties": { "category": "food_beverage" }, "geometry": { "type": "Point", "coordinates": [ 233654.554205673892284, 892662.317999263061211 ] } },
{ "type": "Feature", "properties": { "category": "food_beverage" }, "geometry": { "type": "Point", "coordinates": [ 232604.993530391686363, 905187.583339530741796 ] } },
{ "type": "Feature", "properties": { "category": "food_beverage" }, "geometry": { "type": "Point", "coordinates": [ 235729.725776279519778, 911875.025244252523407 ] } },
{ "type": "Feature", "properties": { "category": "food_beverage" }, "geometry": { "type": "Point", "coordinates": [ 241439.218954034207854, 904500.920702805859037 ] } },
{ "type": "Feature", "properties": { "category": "food_beverage" }, "geometry": { "type": "Point", "coordinates": [ 229802.23186952166725, 901400.357068239944056 ] } },
{ "type": "Feature", "properties": { "category": "food_beverage" }, "geometry": { "type": "Point", "coordinates": [ 235093.958174686296843, 898336.052295038360171 ] } },
{ "type": "Feature", "properties": { "category": "food_beverage" }, "geometry": { "type": "Point", "coordinates": [ 234260.398100778606022, 906213.171459471224807 ] } },
{ "type": "Feature", "properties": { "category": "food_beverage" }, "geometry": { "type": "Point", "coordinates": [ 238732.916436675761361, 902972.910748836584389 ] } },
{ "type": "Feature", "properties": { "category": "food_beverage" }, "geometry": { "type": "Point", "coordinates": [ 227583.796284825075418, 900042.92750640749 ] } },
{ "type": "Feature", "properties": { "category": "food_beverage" }, "geometry": { "type": "Point", "coordinates": [ 235674.154016169719398, 891540.624115739483386 ] } },
{ "type": "Feature", "properties": { "category": "food_beverage" }, "geometry": { "type": "Point", "coordinates": [ 235826.055224807176273, 908343.8284166197991 ] } },
{ "type": "Feature", "properties": { "category": "food_beverage" }, "geometry": { "type": "Point", "coordinates": [ 235272.766142732521985, 900131.630421979702078 ] } },
{ "type": "Feature", "properties": { "category": "food_beverage" }, "geometry": { "type": "Point", "coordinates": [ 240890.630070817365777, 888587.272883420693688 ] } },
{ "type": "Feature", "properties": { "category": "food_beverage" }, "geometry": { "type": "Point", "coordinates": [ 236893.697831783501897, 900676.460532167926431 ] } },
{ "type": "Feature", "properties": { "category": "food_beverage" }, "geometry": { "type": "Point", "coordinates": [ 237333.045248513633851, 909368.731508932425641 ] } },
{ "type": "Feature", "properties": { "category": "food_beverage" }, "geometry": { "type": "Point", "coordinates": [ 236179.202279698743951, 900108.580037936451845 ] } },
{ "type": "Feature", "properties": { "category": "food_beverage" }, "geometry": { "type": "Point", "coordinates": [ 245483.653016809257679, 912738.82217706576921 ] } },
{ "type": "Feature", "properties": { "category": "food_beverage" }, "geometry": { "type": "Point", "coordinates": [ 225884.826680237223627, 901215.217912771040574 ] } },
{ "type": "Feature", "properties": { "category": "food_beverage" }, "geometry": { "type": "Point", "coordinates": [ 237478.227863714419072, 907790.501836170093156 ] } },
{ "type": "Feature", "properties": { "category": "food_beverage" }, "geometry": { "type": "Point", "coordinates": [ 231762.628366685356013, 895713.12164013646543 ] } },
{ "type": "Feature", "properties": { "category": "food_beverage" }, "geometry": { "type": "Point", "coordinates": [ 232820.748415116133401, 902746.524758076178841 ] } },
{ "type": "Feature", "properties": { "category": "food_beverage" }, "geometry": { "type": "Point", "coordinates": [ 236235.536202457558829, 900128.975401159608737 ] } },
{ "type": "Feature", "properties": { "category": "food_beverage" }, "geometry": { "type": "Point", "coordinates": [ 237317.962990757834632, 898508.459063996328041 ] } },
{ "type": "Feature", "properties": { "category": "food_beverage" }, "geometry": { "type": "Point", "coordinates": [ 233777.309890138334595, 898938.751286088721827 ] } },
{ "type": "Feature", "properties": { "category": "food_beverage" }, "geometry": { "type": "Point", "coordinates": [ 234743.716811370453797, 898066.060331776272506 ] } },
{ "type": "Feature", "properties": { "category": "food_beverage" }, "geometry": { "type": "Point", "coordinates": [ 240578.988888513995335, 904173.76764602214098 ] } },
{ "type": "Feature", "properties": { "category": "food_beverage" }, "geometry": { "type": "Point", "coordinates": [ 223280.38835879319231, 895129.430870158714242 ] } },
{ "type": "Feature", "properties": { "category": "food_beverage" }, "geometry": { "type": "Point", "coordinates": [ 229807.727370126318419, 903463.655451408121735 ] } },
{ "type": "Feature", "properties": { "category": "food_beverage" }, "geometry": { "type": "Point", "coordinates": [ 232379.843600747000892, 898639.485537691507488 ] } },
{ "type": "Feature", "properties": { "category": "food_beverage" }, "geometry": { "type": "Point", "coordinates": [ 235494.144398499571253, 908589.961482006823644 ] } },
{ "type": "Feature", "properties": { "category": "food_beverage" }, "geometry": { "type": "Point", "coordinates": [ 238732.916436675761361, 902972.910748836584389 ] } },
{ "type": "Feature", "properties": { "category": "food_beverage" }, "geometry": { "type": "Point", "coordinates": [ 242829.436955373268574, 909055.881949912989512 ] } },
{ "type": "Feature", "properties": { "category": "food_beverage" }, "geometry": { "type": "Point", "coordinates": [ 231691.54791944133467, 895569.845208141254261 ] } },
{ "type": "Feature", "properties": { "category": "food_beverage" }, "geometry": { "type": "Point", "coordinates": [ 238317.418637900264002, 892341.165877112769522 ] } },
{ "type": "Feature", "properties": { "category": "food_beverage" }, "geometry": { "type": "Point", "coordinates": [ 234944.452633968030568, 902015.985757435439155 ] } },
{ "type": "Feature", "properties": { "category": "food_beverage" }, "geometry": { "type": "Point", "coordinates": [ 232703.970428618253209, 901594.099135173717514 ] } },
{ "type": "Feature", "properties": { "category": "food_beverage" }, "geometry": { "type": "Point", "coordinates": [ 236175.043625148071442, 900212.194424009532668 ] } },
{ "type": "Feature", "properties": { "category": "food_beverage" }, "geometry": { "type": "Point", "coordinates": [ 236145.979710176819935, 901649.618819484370761 ] } },
{ "type": "Feature", "properties": { "category": "food_beverage" }, "geometry": { "type": "Point", "coordinates": [ 227411.538010616583051, 898895.714105356601067 ] } },
{ "type": "Feature", "properties": { "category": "food_beverage" }, "geometry": { "type": "Point", "coordinates": [ 236765.14924326405162, 902901.021058362792246 ] } },
{ "type": "Feature", "properties": { "category": "food_beverage" }, "geometry": { "type": "Point", "coordinates": [ 238732.916436675761361, 902972.910748836584389 ] } },
{ "type": "Feature", "properties": { "category": "food_beverage" }, "geometry": { "type": "Point", "coordinates": [ 240478.447973965696292, 891878.303670618566684 ] } },
{ "type": "Feature", "properties": { "category": "food_beverage" }, "geometry": { "type": "Point", "coordinates": [ 232516.996346852742136, 898206.916962770745158 ] } },
{ "type": "Feature", "properties": { "category": "food_beverage" }, "geometry": { "type": "Point", "coordinates": [ 237439.695462420175318, 898367.260111078503542 ] } },
{ "type": "Feature", "properties": { "category": "food_beverage" }, "geometry": { "type": "Point", "coordinates": [ 232384.123425765137654, 896296.666033776942641 ] } },
{ "type": "Feature", "properties": { "category": "food_beverage" }, "geometry": { "type": "Point", "coordinates": [ 232374.277912561112316, 899633.048209336819127 ] } },
{ "type": "Feature", "properties": { "category": "food_beverage" }, "geometry": { "type": "Point", "coordinates": [ 234399.384147562552243, 899715.424424112192355 ] } },
{ "type": "Feature", "properties": { "category": "food_beverage" }, "geometry": { "type": "Point", "coordinates": [ 234019.755728560267016, 899499.196514774230309 ] } },
{ "type": "Feature", "properties": { "category": "food_beverage" }, "geometry": { "type": "Point", "coordinates": [ 239657.177760681253858, 915027.957871990045533 ] } },
{ "type": "Feature", "properties": { "category": "food_beverage" }, "geometry": { "type": "Point", "coordinates": [ 235741.78997935767984, 899361.120195748633705 ] } },
{ "type": "Feature", "properties": { "category": "food_beverage" }, "geometry": { "type": "Point", "coordinates": [ 237448.539231807866599, 908434.162910552462563 ] } },
{ "type": "Feature", "properties": { "category": "food_beverage" }, "geometry": { "type": "Point", "coordinates": [ 239712.675434023549315, 903743.382625529891811 ] } },
{ "type": "Feature", "properties": { "category": "food_beverage" }, "geometry": { "type": "Point", "coordinates": [ 234534.064289771369658, 895780.613727700198069 ] } },
{ "type": "Feature", "properties": { "category": "food_beverage" }, "geometry": { "type": "Point", "coordinates": [ 232008.676233681035228, 907657.128550052875653 ] } },
{ "type": "Feature", "properties": { "category": "food_beverage" }, "geometry": { "type": "Point", "coordinates": [ 238649.050861318828538, 888456.867953188368119 ] } },
{ "type": "Feature", "properties": { "category": "food_beverage" }, "geometry": { "type": "Point", "coordinates": [ 234323.139601984876208, 907843.680048790411092 ] } },
{ "type": "Feature", "properties": { "category": "food_beverage" }, "geometry": { "type": "Point", "coordinates": [ 229690.06298563076416, 893157.085375921567902 ] } },
{ "type": "Feature", "properties": { "category": "food_beverage" }, "geometry": { "type": "Point", "coordinates": [ 225917.886415054410463, 900940.200763238593936 ] } },
{ "type": "Feature", "properties": { "category": "food_beverage" }, "geometry": { "type": "Point", "coordinates": [ 234591.771173344866838, 899985.399222773266956 ] } },
{ "type": "Feature", "properties": { "category": "food_beverage" }, "geometry": { "type": "Point", "coordinates": [ 243604.260436892625876, 902375.194637781241909 ] } },
{ "type": "Feature", "properties": { "category": "food_beverage" }, "geometry": { "type": "Point", "coordinates": [ 229679.920620749675436, 900986.407859539147466 ] } },
{ "type": "Feature", "properties": { "category": "food_beverage" }, "geometry": { "type": "Point", "coordinates": [ 234399.384147562552243, 899715.424424112192355 ] } },
{ "type": "Feature", "properties": { "category": "food_beverage" }, "geometry": { "type": "Point", "coordinates": [ 233353.105738277779892, 902110.442892669467255 ] } },
{ "type": "Feature", "properties": { "category": "food_beverage" }, "geometry": { "type": "Point", "coordinates": [ 221644.846731101395562, 902376.410250247456133 ] } },
{ "type": "Feature", "properties": { "category": "food_beverage" }, "geometry": { "type": "Point", "coordinates": [ 224098.898134408955229, 900025.892294326215051 ] } },
{ "type": "Feature", "properties": { "category": "food_beverage" }, "geometry": { "type": "Point", "coordinates": [ 231104.586484436644241, 889588.778240517131053 ] } },
{ "type": "Feature", "properties": { "category": "food_beverage" }, "geometry": { "type": "Point", "coordinates": [ 230258.067302505834959, 900605.87765620124992 ] } },
{ "type": "Feature", "properties": { "category": "food_beverage" }, "geometry": { "type": "Point", "coordinates": [ 236521.175503757840488, 896705.81838138657622 ] } },
{ "type": "Feature", "properties": { "category": "food_beverage" }, "geometry": { "type": "Point", "coordinates": [ 232622.069581803836627, 901687.135060072178021 ] } },
{ "type": "Feature", "properties": { "category": "food_beverage" }, "geometry": { "type": "Point", "coordinates": [ 233924.532747740973718, 902495.954825198976323 ] } },
{ "type": "Feature", "properties": { "category": "food_beverage" }, "geometry": { "type": "Point", "coordinates": [ 234944.452633968030568, 902015.985757435439155 ] } },
{ "type": "Feature", "properties": { "category": "food_beverage" }, "geometry": { "type": "Point", "coordinates": [ 236206.210986577410949, 900079.727774584433064 ] } },
{ "type": "Feature", "properties": { "category": "food_beverage" }, "geometry": { "type": "Point", "coordinates": [ 240291.35216095863143, 907101.39246724860277 ] } },
{ "type": "Feature", "properties": { "category": "food_beverage" }, "geometry": { "type": "Point", "coordinates": [ 236986.6407221116242, 899562.835991029627621 ] } },
{ "type": "Feature", "properties": { "category": "food_beverage" }, "geometry": { "type": "Point", "coordinates": [ 224008.191704452066915, 900168.316031056339853 ] } },
{ "type": "Feature", "properties": { "category": "food_beverage" }, "geometry": { "type": "Point", "coordinates": [ 231150.626659230940277, 905085.342599328840151 ] } },
{ "type": "Feature", "properties": { "category": "food_beverage" }, "geometry": { "type": "Point", "coordinates": [ 239323.944614550186088, 905602.662647636025213 ] } },
{ "type": "Feature", "properties": { "category": "food_beverage" }, "geometry": { "type": "Point", "coordinates": [ 236582.60315786593128, 901515.91869642760139 ] } },
{ "type": "Feature", "properties": { "category": "food_beverage" }, "geometry": { "type": "Point", "coordinates": [ 233162.486259234923637, 903527.345079911639914 ] } },
{ "type": "Feature", "properties": { "category": "food_beverage" }, "geometry": { "type": "Point", "coordinates": [ 231787.73861469278927, 895921.504023384768516 ] } },
{ "type": "Feature", "properties": { "category": "food_beverage" }, "geometry": { "type": "Point", "coordinates": [ 227993.566511548822746, 903363.663122689700685 ] } },
{ "type": "Feature", "properties": { "category": "food_beverage" }, "geometry": { "type": "Point", "coordinates": [ 232899.727979977964424, 903521.333085141261108 ] } },
{ "type": "Feature", "properties": { "category": "food_beverage" }, "geometry": { "type": "Point", "coordinates": [ 227273.747880915558198, 896964.439248895738274 ] } },
{ "type": "Feature", "properties": { "category": "food_beverage" }, "geometry": { "type": "Point", "coordinates": [ 243615.827578283875482, 888424.57628776493948 ] } },
{ "type": "Feature", "properties": { "category": "food_beverage" }, "geometry": { "type": "Point", "coordinates": [ 229573.377816293126671, 904474.366976475575939 ] } },
{ "type": "Feature", "properties": { "category": "food_beverage" }, "geometry": { "type": "Point", "coordinates": [ 236255.080337284540292, 894387.485313989804126 ] } },
{ "type": "Feature", "properties": { "category": "food_beverage" }, "geometry": { "type": "Point", "coordinates": [ 238271.183965432399418, 904760.862968205590732 ] } },
{ "type": "Feature", "properties": { "category": "food_beverage" }, "geometry": { "type": "Point", "coordinates": [ 230600.470802495838143, 892839.088238915894181 ] } },
{ "type": "Feature", "properties": { "category": "food_beverage" }, "geometry": { "type": "Point", "coordinates": [ 237095.271055952587631, 907525.986091807950288 ] } },
{ "type": "Feature", "properties": { "category": "food_beverage" }, "geometry": { "type": "Point", "coordinates": [ 233175.832349062460708, 902305.545578570221551 ] } },
{ "type": "Feature", "properties": { "category": "food_beverage" }, "geometry": { "type": "Point", "coordinates": [ 236451.657154235930648, 900270.940057321451604 ] } },
{ "type": "Feature", "properties": { "category": "food_beverage" }, "geometry": { "type": "Point", "coordinates": [ 234745.184811057086335, 901852.267744352575392 ] } },
{ "type": "Feature", "properties": { "category": "food_beverage" }, "geometry": { "type": "Point", "coordinates": [ 236671.310217952268431, 901186.811722412821837 ] } },
{ "type": "Feature", "properties": { "category": "food_beverage" }, "geometry": { "type": "Point", "coordinates": [ 231191.650271687976783, 899087.974585423595272 ] } },
{ "type": "Feature", "properties": { "category": "food_beverage" }, "geometry": { "type": "Point", "coordinates": [ 234376.041342100827023, 899467.717891207314096 ] } },
{ "type": "Feature", "properties": { "category": "food_beverage" }, "geometry": { "type": "Point", "coordinates": [ 229096.842752916825702, 899011.344348093727604 ] } },
{ "type": "Feature", "properties": { "category": "food_beverage" }, "geometry": { "type": "Point", "coordinates": [ 236587.499333851825213, 901524.830459277494811 ] } },
{ "type": "Feature", "properties": { "category": "food_beverage" }, "geometry": { "type": "Point", "coordinates": [ 237214.774777615151834, 900455.330742451478727 ] } },
{ "type": "Feature", "properties": { "category": "food_beverage" }, "geometry": { "type": "Point", "coordinates": [ 234097.453248651843751, 904354.470438763382845 ] } },
{ "type": "Feature", "properties": { "category": "food_beverage" }, "geometry": { "type": "Point", "coordinates": [ 237047.037700745975599, 900782.236196063575335 ] } },
{ "type": "Feature", "properties": { "category": "food_beverage" }, "geometry": { "type": "Point", "coordinates": [ 234276.068509085482219, 901617.2545877272496 ] } },
{ "type": "Feature", "properties": { "category": "food_beverage" }, "geometry": { "type": "Point", "coordinates": [ 240362.253215703938622, 908284.136541328043677 ] } },
{ "type": "Feature", "properties": { "category": "food_beverage" }, "geometry": { "type": "Point", "coordinates": [ 236202.111468917690217, 900059.823692427482456 ] } },
{ "type": "Feature", "properties": { "category": "food_beverage" }, "geometry": { "type": "Point", "coordinates": [ 239152.08073840365978, 891510.243545928038657 ] } },
{ "type": "Feature", "properties": { "category": "food_beverage" }, "geometry": { "type": "Point", "coordinates": [ 231269.355653322680155, 902457.864682143903337 ] } },
{ "type": "Feature", "properties": { "category": "food_beverage" }, "geometry": { "type": "Point", "coordinates": [ 239006.35185276097036, 886604.208103566430509 ] } },
{ "type": "Feature", "properties": { "category": "food_beverage" }, "geometry": { "type": "Point", "coordinates": [ 221783.018555821414338, 892838.804884476587176 ] } },
{ "type": "Feature", "properties": { "category": "food_beverage" }, "geometry": { "type": "Point", "coordinates": [ 225917.886415054410463, 900940.200763238593936 ] } },
{ "type": "Feature", "properties": { "category": "food_beverage" }, "geometry": { "type": "Point", "coordinates": [ 238032.766172335366718, 899931.422421754687093 ] } },
{ "type": "Feature", "properties": { "category": "food_beverage" }, "geometry": { "type": "Point", "coordinates": [ 229543.84278970194282, 906131.759217647369951 ] } },
{ "type": "Feature", "properties": { "category": "food_beverage" }, "geometry": { "type": "Point", "coordinates": [ 227481.120638870779658, 891756.329527412541211 ] } },
{ "type": "Feature", "properties": { "category": "food_beverage" }, "geometry": { "type": "Point", "coordinates": [ 235380.946740130515536, 900017.208566818153486 ] } },
{ "type": "Feature", "properties": { "category": "food_beverage" }, "geometry": { "type": "Point", "coordinates": [ 221531.997809339576634, 901599.965025198762305 ] } },
{ "type": "Feature", "properties": { "category": "food_beverage" }, "geometry": { "type": "Point", "coordinates": [ 235283.404567448014859, 893838.823409141041338 ] } },
{ "type": "Feature", "properties": { "category": "food_beverage" }, "geometry": { "type": "Point", "coordinates": [ 233255.290507186902687, 898010.431702435249463 ] } },
{ "type": "Feature", "properties": { "category": "food_beverage" }, "geometry": { "type": "Point", "coordinates": [ 247081.242047976527829, 913063.724823443917558 ] } },
{ "type": "Feature", "properties": { "category": "food_beverage" }, "geometry": { "type": "Point", "coordinates": [ 228716.627749687148025, 907230.564138129702769 ] } },
{ "type": "Feature", "properties": { "category": "food_beverage" }, "geometry": { "type": "Point", "coordinates": [ 221849.841337307880167, 893683.075903616729192 ] } },
{ "type": "Feature", "properties": { "category": "food_beverage" }, "geometry": { "type": "Point", "coordinates": [ 229590.66080547706224, 906019.988835543044843 ] } },
{ "type": "Feature", "properties": { "category": "food_beverage" }, "geometry": { "type": "Point", "coordinates": [ 226599.102945624326821, 887508.646066989982501 ] } },
{ "type": "Feature", "properties": { "category": "food_beverage" }, "geometry": { "type": "Point", "coordinates": [ 220963.942198351433035, 902871.41770634893328 ] } },
{ "type": "Feature", "properties": { "category": "food_beverage" }, "geometry": { "type": "Point", "coordinates": [ 230745.143886742007453, 904951.038763095391914 ] } },
{ "type": "Feature", "properties": { "category": "food_beverage" }, "geometry": { "type": "Point", "coordinates": [ 241977.662700506538386, 910665.850734835607 ] } },
{ "type": "Feature", "properties": { "category": "food_beverage" }, "geometry": { "type": "Point", "coordinates": [ 241297.595507196441758, 889048.504223756375723 ] } },
{ "type": "Feature", "properties": { "category": "food_beverage" }, "geometry": { "type": "Point", "coordinates": [ 236787.873690429114504, 906219.182995891547762 ] } },
{ "type": "Feature", "properties": { "category": "food_beverage" }, "geometry": { "type": "Point", "coordinates": [ 233625.895173489494482, 896878.318280755192973 ] } },
{ "type": "Feature", "properties": { "category": "food_beverage" }, "geometry": { "type": "Point", "coordinates": [ 235839.097896728577325, 908319.901740051689558 ] } },
{ "type": "Feature", "properties": { "category": "food_beverage" }, "geometry": { "type": "Point", "coordinates": [ 235889.645337677065982, 900259.383260215399787 ] } },
{ "type": "Feature", "properties": { "category": "food_beverage" }, "geometry": { "type": "Point", "coordinates": [ 231172.563063099776627, 905021.680728142848238 ] } },
{ "type": "Feature", "properties": { "category": "food_beverage" }, "geometry": { "type": "Point", "coordinates": [ 232277.216946644650307, 898914.485538228182122 ] } },
{ "type": "Feature", "properties": { "category": "food_beverage" }, "geometry": { "type": "Point", "coordinates": [ 244347.381407376291463, 911054.104556571226567 ] } },
{ "type": "Feature", "properties": { "category": "food_beverage" }, "geometry": { "type": "Point", "coordinates": [ 235619.005730067845434, 891418.716327572939917 ] } },
{ "type": "Feature", "properties": { "category": "food_beverage" }, "geometry": { "type": "Point", "coordinates": [ 235425.607700593827758, 900784.649408583412878 ] } },
{ "type": "Feature", "properties": { "category": "food_beverage" }, "geometry": { "type": "Point", "coordinates": [ 232783.615183071931824, 901985.020996368140914 ] } },
{ "type": "Feature", "properties": { "category": "food_beverage" }, "geometry": { "type": "Point", "coordinates": [ 227549.217243277060334, 900057.343005392933264 ] } },
{ "type": "Feature", "properties": { "category": "food_beverage" }, "geometry": { "type": "Point", "coordinates": [ 235596.133635908830911, 900282.549720820272341 ] } },
{ "type": "Feature", "properties": { "category": "food_beverage" }, "geometry": { "type": "Point", "coordinates": [ 236381.086667677795049, 894449.783607302233577 ] } },
{ "type": "Feature", "properties": { "category": "food_beverage" }, "geometry": { "type": "Point", "coordinates": [ 226987.250183290801942, 888702.179215607931837 ] } },
{ "type": "Feature", "properties": { "category": "food_beverage" }, "geometry": { "type": "Point", "coordinates": [ 235953.772221687424462, 899158.929017894552089 ] } },
{ "type": "Feature", "properties": { "category": "food_beverage" }, "geometry": { "type": "Point", "coordinates": [ 228197.725319857592694, 902028.988647585967556 ] } },
{ "type": "Feature", "properties": { "category": "food_beverage" }, "geometry": { "type": "Point", "coordinates": [ 234472.376363222545478, 901514.801192824263126 ] } },
{ "type": "Feature", "properties": { "category": "food_beverage" }, "geometry": { "type": "Point", "coordinates": [ 229058.580790329404408, 898698.72583654220216 ] } },
{ "type": "Feature", "properties": { "category": "food_beverage" }, "geometry": { "type": "Point", "coordinates": [ 238732.916436675761361, 902972.910748836584389 ] } },
{ "type": "Feature", "properties": { "category": "food_beverage" }, "geometry": { "type": "Point", "coordinates": [ 229161.670083132805303, 905030.370865539996885 ] } },
{ "type": "Feature", "properties": { "category": "food_beverage" }, "geometry": { "type": "Point", "coordinates": [ 230718.351787446794333, 899533.310000294237398 ] } },
{ "type": "Feature", "properties": { "category": "food_beverage" }, "geometry": { "type": "Point", "coordinates": [ 230434.295523389650043, 900300.619728742400184 ] } },
{ "type": "Feature", "properties": { "category": "food_beverage" }, "geometry": { "type": "Point", "coordinates": [ 221514.332863125397125, 902687.915298283332959 ] } },
{ "type": "Feature", "properties": { "category": "food_beverage" }, "geometry": { "type": "Point", "coordinates": [ 229319.544469776796177, 906854.498595845536329 ] } },
{ "type": "Feature", "properties": { "category": "food_beverage" }, "geometry": { "type": "Point", "coordinates": [ 236138.661100411496591, 897304.325958036235534 ] } },
{ "type": "Feature", "properties": { "category": "food_beverage" }, "geometry": { "type": "Point", "coordinates": [ 231490.709078075131401, 889157.412123731453903 ] } },
{ "type": "Feature", "properties": { "category": "food_beverage" }, "geometry": { "type": "Point", "coordinates": [ 238628.655066809878917, 910213.400844773976132 ] } },
{ "type": "Feature", "properties": { "category": "food_beverage" }, "geometry": { "type": "Point", "coordinates": [ 235745.536751085717697, 911758.470993316499516 ] } },
{ "type": "Feature", "properties": { "category": "food_beverage" }, "geometry": { "type": "Point", "coordinates": [ 231080.133708110748557, 899298.305541278212331 ] } },
{ "type": "Feature", "properties": { "category": "food_beverage" }, "geometry": { "type": "Point", "coordinates": [ 233176.932601113134297, 901514.340881246142089 ] } },
{ "type": "Feature", "properties": { "category": "food_beverage" }, "geometry": { "type": "Point", "coordinates": [ 236985.551959967066068, 907620.713653759099543 ] } },
{ "type": "Feature", "properties": { "category": "food_beverage" }, "geometry": { "type": "Point", "coordinates": [ 232303.652613249432761, 904490.059910673182458 ] } },
{ "type": "Feature", "properties": { "category": "food_beverage" }, "geometry": { "type": "Point", "coordinates": [ 228314.119676693226211, 890132.486811753362417 ] } },
{ "type": "Feature", "properties": { "category": "food_beverage" }, "geometry": { "type": "Point", "coordinates": [ 237612.933494622149738, 900244.846945135504939 ] } },
{ "type": "Feature", "properties": { "category": "food_beverage" }, "geometry": { "type": "Point", "coordinates": [ 236808.19514953752514, 901695.933104528812692 ] } },
{ "type": "Feature", "properties": { "category": "food_beverage" }, "geometry": { "type": "Point", "coordinates": [ 236057.998313152813353, 900575.040315972990356 ] } },
{ "type": "Feature", "properties": { "category": "food_beverage" }, "geometry": { "type": "Point", "coordinates": [ 234752.743719158985186, 893052.425827456405386 ] } },
{ "type": "Feature", "properties": { "category": "food_beverage" }, "geometry": { "type": "Point", "coordinates": [ 233679.0292764447222, 901786.205289644887671 ] } },
{ "type": "Feature", "properties": { "category": "food_beverage" }, "geometry": { "type": "Point", "coordinates": [ 235798.662629885337083, 900134.511834366479889 ] } },
{ "type": "Feature", "properties": { "category": "food_beverage" }, "geometry": { "type": "Point", "coordinates": [ 245201.14938928137417, 912673.235197906149551 ] } },
{ "type": "Feature", "properties": { "category": "food_beverage" }, "geometry": { "type": "Point", "coordinates": [ 237747.482455548743019, 904475.109978750697337 ] } },
{ "type": "Feature", "properties": { "category": "food_beverage" }, "geometry": { "type": "Point", "coordinates": [ 236563.825009854510427, 906308.320301465457305 ] } },
{ "type": "Feature", "properties": { "category": "food_beverage" }, "geometry": { "type": "Point", "coordinates": [ 231183.014906595286448, 900198.378386098658666 ] } },
{ "type": "Feature", "properties": { "category": "food_beverage" }, "geometry": { "type": "Point", "coordinates": [ 236277.741293339116964, 900428.326350919553079 ] } },
{ "type": "Feature", "properties": { "category": "food_beverage" }, "geometry": { "type": "Point", "coordinates": [ 232749.617774717160501, 902033.403600688674487 ] } },
{ "type": "Feature", "properties": { "category": "food_beverage" }, "geometry": { "type": "Point", "coordinates": [ 237553.722656718629878, 905862.562218193314038 ] } },
{ "type": "Feature", "properties": { "category": "food_beverage" }, "geometry": { "type": "Point", "coordinates": [ 236171.940644140384393, 900830.994555657496676 ] } },
{ "type": "Feature", "properties": { "category": "food_beverage" }, "geometry": { "type": "Point", "coordinates": [ 232024.870797673065681, 907102.027688465081155 ] } },
{ "type": "Feature", "properties": { "category": "food_beverage" }, "geometry": { "type": "Point", "coordinates": [ 231287.123896317236358, 904348.831191768171266 ] } },
{ "type": "Feature", "properties": { "category": "food_beverage" }, "geometry": { "type": "Point", "coordinates": [ 231842.00208811199991, 902320.367266673012637 ] } },
{ "type": "Feature", "properties": { "category": "food_beverage" }, "geometry": { "type": "Point", "coordinates": [ 233859.272217681602342, 899971.612739433650859 ] } },
{ "type": "Feature", "properties": { "category": "food_beverage" }, "geometry": { "type": "Point", "coordinates": [ 229852.155707805155544, 900429.971823507570662 ] } },
{ "type": "Feature", "properties": { "category": "food_beverage" }, "geometry": { "type": "Point", "coordinates": [ 239214.53482275310671, 891568.351106466958299 ] } },
{ "type": "Feature", "properties": { "category": "food_beverage" }, "geometry": { "type": "Point", "coordinates": [ 242799.286045561195351, 888679.593728619161993 ] } },
{ "type": "Feature", "properties": { "category": "food_beverage" }, "geometry": { "type": "Point", "coordinates": [ 233404.040481724310666, 903351.097216490539722 ] } },
{ "type": "Feature", "properties": { "category": "food_beverage" }, "geometry": { "type": "Point", "coordinates": [ 232636.495094946585596, 898207.470755124464631 ] } },
{ "type": "Feature", "properties": { "category": "food_beverage" }, "geometry": { "type": "Point", "coordinates": [ 241013.786532914615236, 887719.042012859717943 ] } },
{ "type": "Feature", "properties": { "category": "food_beverage" }, "geometry": { "type": "Point", "coordinates": [ 236506.292624864290701, 901315.580800916184671 ] } },
{ "type": "Feature", "properties": { "category": "food_beverage" }, "geometry": { "type": "Point", "coordinates": [ 237587.426583101012511, 900300.027395932818763 ] } },
{ "type": "Feature", "properties": { "category": "food_beverage" }, "geometry": { "type": "Point", "coordinates": [ 226449.000020451087039, 887235.280982902972028 ] } },
{ "type": "Feature", "properties": { "category": "food_beverage" }, "geometry": { "type": "Point", "coordinates": [ 228029.830560437025269, 901374.735111189773306 ] } },
{ "type": "Feature", "properties": { "category": "food_beverage" }, "geometry": { "type": "Point", "coordinates": [ 230472.059894616511883, 892989.927528318366967 ] } },
{ "type": "Feature", "properties": { "category": "food_beverage" }, "geometry": { "type": "Point", "coordinates": [ 240580.724156432435848, 906808.363999239751138 ] } },
{ "type": "Feature", "properties": { "category": "food_beverage" }, "geometry": { "type": "Point", "coordinates": [ 237583.816594665171579, 899434.376670667435974 ] } },
{ "type": "Feature", "properties": { "category": "food_beverage" }, "geometry": { "type": "Point", "coordinates": [ 239267.745307436038274, 908908.086582239251584 ] } },
{ "type": "Feature", "properties": { "category": "food_beverage" }, "geometry": { "type": "Point", "coordinates": [ 235753.180663219885901, 912017.883542510913685 ] } },
{ "type": "Feature", "properties": { "category": "food_beverage" }, "geometry": { "type": "Point", "coordinates": [ 234814.236288053420139, 896474.005237017758191 ] } },
{ "type": "Feature", "properties": { "category": "food_beverage" }, "geometry": { "type": "Point", "coordinates": [ 232656.706551401061006, 905168.162664679693989 ] } },
{ "type": "Feature", "properties": { "category": "food_beverage" }, "geometry": { "type": "Point", "coordinates": [ 234399.384147562552243, 899715.424424112192355 ] } },
{ "type": "Feature", "properties": { "category": "food_beverage" }, "geometry": { "type": "Point", "coordinates": [ 228815.84442601056071, 898488.123953603673726 ] } },
{ "type": "Feature", "properties": { "category": "food_beverage" }, "geometry": { "type": "Point", "coordinates": [ 236249.831276425800752, 900759.861601138138212 ] } },
{ "type": "Feature", "properties": { "category": "food_beverage" }, "geometry": { "type": "Point", "coordinates": [ 225989.643661264242837, 908282.07741625001654 ] } },
{ "type": "Feature", "properties": { "category": "food_beverage" }, "geometry": { "type": "Point", "coordinates": [ 226190.255229972477537, 901776.292045670095831 ] } },
{ "type": "Feature", "properties": { "category": "food_beverage" }, "geometry": { "type": "Point", "coordinates": [ 226698.645503338600975, 886616.204418753972277 ] } },
{ "type": "Feature", "properties": { "category": "food_beverage" }, "geometry": { "type": "Point", "coordinates": [ 244094.153870386158815, 911187.250286725116894 ] } },
{ "type": "Feature", "properties": { "category": "food_beverage" }, "geometry": { "type": "Point", "coordinates": [ 233007.145369363686768, 899201.123096999595873 ] } },
{ "type": "Feature", "properties": { "category": "food_beverage" }, "geometry": { "type": "Point", "coordinates": [ 232625.926847439841367, 899951.338664404582232 ] } },
{ "type": "Feature", "properties": { "category": "food_beverage" }, "geometry": { "type": "Point", "coordinates": [ 236174.038942790910369, 900215.299437266075984 ] } },
{ "type": "Feature", "properties": { "category": "food_beverage" }, "geometry": { "type": "Point", "coordinates": [ 236743.620106387184933, 900812.522527069435455 ] } },
{ "type": "Feature", "properties": { "category": "food_beverage" }, "geometry": { "type": "Point", "coordinates": [ 234556.401109438447747, 907739.743080456508324 ] } },
{ "type": "Feature", "properties": { "category": "food_beverage" }, "geometry": { "type": "Point", "coordinates": [ 227791.081599740020465, 903003.96572608302813 ] } },
{ "type": "Feature", "properties": { "category": "food_beverage" }, "geometry": { "type": "Point", "coordinates": [ 232845.507456072838977, 890754.429446744499728 ] } },
{ "type": "Feature", "properties": { "category": "food_beverage" }, "geometry": { "type": "Point", "coordinates": [ 238251.940653141820803, 902941.950113608967513 ] } },
{ "type": "Feature", "properties": { "category": "food_beverage" }, "geometry": { "type": "Point", "coordinates": [ 229803.100317222386366, 899758.077715320978314 ] } },
{ "type": "Feature", "properties": { "category": "food_beverage" }, "geometry": { "type": "Point", "coordinates": [ 240917.204023379279533, 911498.470700683072209 ] } },
{ "type": "Feature", "properties": { "category": "food_beverage" }, "geometry": { "type": "Point", "coordinates": [ 236739.239418278011726, 906640.586165793589316 ] } },
{ "type": "Feature", "properties": { "category": "food_beverage" }, "geometry": { "type": "Point", "coordinates": [ 229375.79767121389159, 906216.918159752385691 ] } },
{ "type": "Feature", "properties": { "category": "food_beverage" }, "geometry": { "type": "Point", "coordinates": [ 236009.150579644425306, 900895.02810152224265 ] } },
{ "type": "Feature", "properties": { "category": "food_beverage" }, "geometry": { "type": "Point", "coordinates": [ 239893.473800418927567, 916631.769067618297413 ] } },
{ "type": "Feature", "properties": { "category": "food_beverage" }, "geometry": { "type": "Point", "coordinates": [ 231268.775905756338034, 899200.172251016600057 ] } },
{ "type": "Feature", "properties": { "category": "food_beverage" }, "geometry": { "type": "Point", "coordinates": [ 233355.404195320646977, 902615.193591350922361 ] } },
{ "type": "Feature", "properties": { "category": "food_beverage" }, "geometry": { "type": "Point", "coordinates": [ 234034.050042627437506, 899099.719356923364103 ] } },
{ "type": "Feature", "properties": { "category": "food_beverage" }, "geometry": { "type": "Point", "coordinates": [ 232426.403776485181879, 899979.295422675088048 ] } },
{ "type": "Feature", "properties": { "category": "food_beverage" }, "geometry": { "type": "Point", "coordinates": [ 235764.69360603185487, 896300.052374131162651 ] } },
{ "type": "Feature", "properties": { "category": "food_beverage" }, "geometry": { "type": "Point", "coordinates": [ 231767.505148360942258, 895728.583335805335082 ] } },
{ "type": "Feature", "properties": { "category": "food_beverage" }, "geometry": { "type": "Point", "coordinates": [ 230333.784420321899233, 903657.295513948425651 ] } },
{ "type": "Feature", "properties": { "category": "food_beverage" }, "geometry": { "type": "Point", "coordinates": [ 232899.727979977964424, 903521.333085141261108 ] } },
{ "type": "Feature", "properties": { "category": "food_beverage" }, "geometry": { "type": "Point", "coordinates": [ 225918.02460690427688, 900992.074462918331847 ] } },
{ "type": "Feature", "properties": { "category": "food_beverage" }, "geometry": { "type": "Point", "coordinates": [ 235295.152837972855195, 900349.677797609590925 ] } },
{ "type": "Feature", "properties": { "category": "food_beverage" }, "geometry": { "type": "Point", "coordinates": [ 230566.282906754757278, 900281.976148735499009 ] } },
{ "type": "Feature", "properties": { "category": "food_beverage" }, "geometry": { "type": "Point", "coordinates": [ 238999.602082868834259, 891456.080056519480422 ] } },
{ "type": "Feature", "properties": { "category": "food_beverage" }, "geometry": { "type": "Point", "coordinates": [ 228267.762198305485072, 894050.609090234036557 ] } },
{ "type": "Feature", "properties": { "category": "food_beverage" }, "geometry": { "type": "Point", "coordinates": [ 235889.645337677065982, 900259.383260215399787 ] } },
{ "type": "Feature", "properties": { "category": "food_beverage" }, "geometry": { "type": "Point", "coordinates": [ 230613.050697378639597, 899702.465872206958011 ] } },
{ "type": "Feature", "properties": { "category": "food_beverage" }, "geometry": { "type": "Point", "coordinates": [ 231329.371508143056417, 902519.558303343364969 ] } },
{ "type": "Feature", "properties": { "category": "food_beverage" }, "geometry": { "type": "Point", "coordinates": [ 231260.004988403088646, 902430.608917790697888 ] } },
{ "type": "Feature", "properties": { "category": "food_beverage" }, "geometry": { "type": "Point", "coordinates": [ 238057.864762668148614, 899830.810444331727922 ] } },
{ "type": "Feature", "properties": { "category": "food_beverage" }, "geometry": { "type": "Point", "coordinates": [ 242342.145470419724006, 902813.012701721978374 ] } },
{ "type": "Feature", "properties": { "category": "food_beverage" }, "geometry": { "type": "Point", "coordinates": [ 244035.922317964112153, 912718.698760544764809 ] } },
{ "type": "Feature", "properties": { "category": "food_beverage" }, "geometry": { "type": "Point", "coordinates": [ 236516.470506891986588, 899118.731770864920691 ] } },
{ "type": "Feature", "properties": { "category": "food_beverage" }, "geometry": { "type": "Point", "coordinates": [ 240746.276967730373144, 888418.044563265633769 ] } },
{ "type": "Feature", "properties": { "category": "food_beverage" }, "geometry": { "type": "Point", "coordinates": [ 244421.765727421327028, 915440.865749072632752 ] } },
{ "type": "Feature", "properties": { "category": "food_beverage" }, "geometry": { "type": "Point", "coordinates": [ 235642.136743342096452, 894635.385950962780043 ] } },
{ "type": "Feature", "properties": { "category": "food_beverage" }, "geometry": { "type": "Point", "coordinates": [ 230515.276855371484999, 900340.403471345081925 ] } },
{ "type": "Feature", "properties": { "category": "food_beverage" }, "geometry": { "type": "Point", "coordinates": [ 234313.6344712387654, 898613.003795568249188 ] } },
{ "type": "Feature", "properties": { "category": "food_beverage" }, "geometry": { "type": "Point", "coordinates": [ 227648.483117130585015, 899998.861824483727105 ] } },
{ "type": "Feature", "properties": { "category": "food_beverage" }, "geometry": { "type": "Point", "coordinates": [ 235710.758041889377637, 897862.191781498491764 ] } },
{ "type": "Feature", "properties": { "category": "food_beverage" }, "geometry": { "type": "Point", "coordinates": [ 246254.755544204468606, 913243.288950839778408 ] } },
{ "type": "Feature", "properties": { "category": "food_beverage" }, "geometry": { "type": "Point", "coordinates": [ 231303.997023680713028, 903703.762258984381333 ] } },
{ "type": "Feature", "properties": { "category": "food_beverage" }, "geometry": { "type": "Point", "coordinates": [ 231443.261467815667856, 898123.056181867839769 ] } },
{ "type": "Feature", "properties": { "category": "food_beverage" }, "geometry": { "type": "Point", "coordinates": [ 228398.905123908392852, 892900.056279388256371 ] } },
{ "type": "Feature", "properties": { "category": "food_beverage" }, "geometry": { "type": "Point", "coordinates": [ 238827.75909654609859, 912413.567863862495869 ] } },
{ "type": "Feature", "properties": { "category": "food_beverage" }, "geometry": { "type": "Point", "coordinates": [ 233655.460664492071373, 889747.578147965483367 ] } },
{ "type": "Feature", "properties": { "category": "food_beverage" }, "geometry": { "type": "Point", "coordinates": [ 234790.413009531621356, 896623.84144749562256 ] } },
{ "type": "Feature", "properties": { "category": "food_beverage" }, "geometry": { "type": "Point", "coordinates": [ 233373.91527837436297, 903364.949916190234944 ] } },
{ "type": "Feature", "properties": { "category": "food_beverage" }, "geometry": { "type": "Point", "coordinates": [ 237879.010027935088146, 904454.713090395787731 ] } },
{ "type": "Feature", "properties": { "category": "food_beverage" }, "geometry": { "type": "Point", "coordinates": [ 232601.133785344602074, 898173.09485459793359 ] } },
{ "type": "Feature", "properties": { "category": "food_beverage" }, "geometry": { "type": "Point", "coordinates": [ 238956.015434592321981, 889344.946014516637661 ] } },
{ "type": "Feature", "properties": { "category": "food_beverage" }, "geometry": { "type": "Point", "coordinates": [ 243581.727811210410437, 902595.102712456253357 ] } },
{ "type": "Feature", "properties": { "category": "food_beverage" }, "geometry": { "type": "Point", "coordinates": [ 231060.73344352064305, 898280.751344438409433 ] } },
{ "type": "Feature", "properties": { "category": "food_beverage" }, "geometry": { "type": "Point", "coordinates": [ 233974.73527240921976, 904360.096143781207502 ] } },
{ "type": "Feature", "properties": { "category": "food_beverage" }, "geometry": { "type": "Point", "coordinates": [ 236452.267914456198923, 901391.944351686863229 ] } },
{ "type": "Feature", "properties": { "category": "food_beverage" }, "geometry": { "type": "Point", "coordinates": [ 229394.763386873033596, 899359.589502386166714 ] } },
{ "type": "Feature", "properties": { "category": "food_beverage" }, "geometry": { "type": "Point", "coordinates": [ 245541.923867857141886, 912441.167677752557211 ] } },
{ "type": "Feature", "properties": { "category": "food_beverage" }, "geometry": { "type": "Point", "coordinates": [ 234728.197260036569787, 900039.167286837124266 ] } },
{ "type": "Feature", "properties": { "category": "food_beverage" }, "geometry": { "type": "Point", "coordinates": [ 221789.193413510976825, 893774.192025452852249 ] } },
{ "type": "Feature", "properties": { "category": "food_beverage" }, "geometry": { "type": "Point", "coordinates": [ 239130.787161651125643, 891526.897637837100774 ] } },
{ "type": "Feature", "properties": { "category": "food_beverage" }, "geometry": { "type": "Point", "coordinates": [ 236694.225913860194851, 901594.255621607531793 ] } },
{ "type": "Feature", "properties": { "category": "food_beverage" }, "geometry": { "type": "Point", "coordinates": [ 228866.316924676619237, 899943.776738971122541 ] } },
{ "type": "Feature", "properties": { "category": "food_beverage" }, "geometry": { "type": "Point", "coordinates": [ 227302.819122425920796, 900047.606302005588077 ] } },
{ "type": "Feature", "properties": { "category": "food_beverage" }, "geometry": { "type": "Point", "coordinates": [ 221065.517730984953232, 902917.374494269024581 ] } },
{ "type": "Feature", "properties": { "category": "food_beverage" }, "geometry": { "type": "Point", "coordinates": [ 236570.091641582315788, 901229.160411437624134 ] } },
{ "type": "Feature", "properties": { "category": "food_beverage" }, "geometry": { "type": "Point", "coordinates": [ 227273.747880915558198, 896964.439248895738274 ] } },
{ "type": "Feature", "properties": { "category": "food_beverage" }, "geometry": { "type": "Point", "coordinates": [ 244306.472589473094558, 915107.111279280739836 ] } },
{ "type": "Feature", "properties": { "category": "food_beverage" }, "geometry": { "type": "Point", "coordinates": [ 239118.482482724473812, 891558.930315514910035 ] } },
{ "type": "Feature", "properties": { "category": "food_beverage" }, "geometry": { "type": "Point", "coordinates": [ 238126.55092701970716, 898743.062739326851442 ] } },
{ "type": "Feature", "properties": { "category": "food_beverage" }, "geometry": { "type": "Point", "coordinates": [ 221962.546718263096409, 906793.862030868418515 ] } },
{ "type": "Feature", "properties": { "category": "food_beverage" }, "geometry": { "type": "Point", "coordinates": [ 237603.840625753917266, 908447.656305433250964 ] } },
{ "type": "Feature", "properties": { "category": "food_beverage" }, "geometry": { "type": "Point", "coordinates": [ 230440.763530832860852, 900348.077893307548948 ] } },
{ "type": "Feature", "properties": { "category": "food_beverage" }, "geometry": { "type": "Point", "coordinates": [ 231011.754761968215462, 899276.343395243049599 ] } },
{ "type": "Feature", "properties": { "category": "food_beverage" }, "geometry": { "type": "Point", "coordinates": [ 230868.653450738464016, 900282.29813813813962 ] } },
{ "type": "Feature", "properties": { "category": "food_beverage" }, "geometry": { "type": "Point", "coordinates": [ 239452.533784190600272, 909997.489298013271764 ] } },
{ "type": "Feature", "properties": { "category": "food_beverage" }, "geometry": { "type": "Point", "coordinates": [ 231503.864165027014678, 902546.108777873101644 ] } },
{ "type": "Feature", "properties": { "category": "food_beverage" }, "geometry": { "type": "Point", "coordinates": [ 229892.644215427339077, 900440.918466463219374 ] } },
{ "type": "Feature", "properties": { "category": "food_beverage" }, "geometry": { "type": "Point", "coordinates": [ 238856.817556432797574, 902892.618511623004451 ] } },
{ "type": "Feature", "properties": { "category": "food_beverage" }, "geometry": { "type": "Point", "coordinates": [ 238005.568468327546725, 899887.066195825464092 ] } },
{ "type": "Feature", "properties": { "category": "food_beverage" }, "geometry": { "type": "Point", "coordinates": [ 241747.374809149303474, 889391.60626395069994 ] } },
{ "type": "Feature", "properties": { "category": "food_beverage" }, "geometry": { "type": "Point", "coordinates": [ 233997.977676131355111, 899572.402424370869994 ] } },
{ "type": "Feature", "properties": { "category": "food_beverage" }, "geometry": { "type": "Point", "coordinates": [ 240808.665566372539615, 905829.072442702250555 ] } },
{ "type": "Feature", "properties": { "category": "food_beverage" }, "geometry": { "type": "Point", "coordinates": [ 236907.994497844832949, 900511.251280108001083 ] } },
{ "type": "Feature", "properties": { "category": "food_beverage" }, "geometry": { "type": "Point", "coordinates": [ 236811.194316015142249, 900447.206837623845786 ] } },
{ "type": "Feature", "properties": { "category": "food_beverage" }, "geometry": { "type": "Point", "coordinates": [ 234185.655167362448992, 899882.886552462354302 ] } },
{ "type": "Feature", "properties": { "category": "food_beverage" }, "geometry": { "type": "Point", "coordinates": [ 236518.955418113793712, 901225.006713070324622 ] } },
{ "type": "Feature", "properties": { "category": "food_beverage" }, "geometry": { "type": "Point", "coordinates": [ 228643.299630456167506, 900200.897181948996149 ] } },
{ "type": "Feature", "properties": { "category": "food_beverage" }, "geometry": { "type": "Point", "coordinates": [ 238871.43219892893103, 903317.576194446417503 ] } },
{ "type": "Feature", "properties": { "category": "food_beverage" }, "geometry": { "type": "Point", "coordinates": [ 231284.781539622170385, 903580.601732892915606 ] } },
{ "type": "Feature", "properties": { "category": "food_beverage" }, "geometry": { "type": "Point", "coordinates": [ 221667.29713650024496, 891769.679636557819322 ] } },
{ "type": "Feature", "properties": { "category": "food_beverage" }, "geometry": { "type": "Point", "coordinates": [ 234474.4294521312695, 899030.442640338209458 ] } },
{ "type": "Feature", "properties": { "category": "food_beverage" }, "geometry": { "type": "Point", "coordinates": [ 233126.252571474178694, 899386.072266570525244 ] } },
{ "type": "Feature", "properties": { "category": "food_beverage" }, "geometry": { "type": "Point", "coordinates": [ 227405.945591685653199, 890492.330144853331149 ] } },
{ "type": "Feature", "properties": { "category": "food_beverage" }, "geometry": { "type": "Point", "coordinates": [ 236209.073741524334764, 900307.674645383609459 ] } },
{ "type": "Feature", "properties": { "category": "food_beverage" }, "geometry": { "type": "Point", "coordinates": [ 234715.860490139661124, 900034.663218566798605 ] } },
{ "type": "Feature", "properties": { "category": "food_beverage" }, "geometry": { "type": "Point", "coordinates": [ 230943.288399993558414, 906995.650895739672706 ] } },
{ "type": "Feature", "properties": { "category": "food_beverage" }, "geometry": { "type": "Point", "coordinates": [ 231306.051118105504429, 903852.616570884245448 ] } },
{ "type": "Feature", "properties": { "category": "food_beverage" }, "geometry": { "type": "Point", "coordinates": [ 239194.450903998629656, 906751.279861351824366 ] } },
{ "type": "Feature", "properties": { "category": "food_beverage" }, "geometry": { "type": "Point", "coordinates": [ 231756.977803232352016, 895686.437704357667826 ] } },
{ "type": "Feature", "properties": { "category": "food_beverage" }, "geometry": { "type": "Point", "coordinates": [ 238901.727822785731405, 901906.598839575075544 ] } },
{ "type": "Feature", "properties": { "category": "food_beverage" }, "geometry": { "type": "Point", "coordinates": [ 226698.645503338600975, 886616.204418753972277 ] } },
{ "type": "Feature", "properties": { "category": "food_beverage" }, "geometry": { "type": "Point", "coordinates": [ 236165.224268775869859, 900183.041440633125603 ] } },
{ "type": "Feature", "properties": { "category": "food_beverage" }, "geometry": { "type": "Point", "coordinates": [ 239356.459256827482022, 906058.937588964938186 ] } },
{ "type": "Feature", "properties": { "category": "food_beverage" }, "geometry": { "type": "Point", "coordinates": [ 235867.396386276959674, 900114.757186497095972 ] } },
{ "type": "Feature", "properties": { "category": "food_beverage" }, "geometry": { "type": "Point", "coordinates": [ 228733.529941927379696, 899875.475341959390789 ] } },
{ "type": "Feature", "properties": { "category": "food_beverage" }, "geometry": { "type": "Point", "coordinates": [ 236990.921669069561176, 906929.603858786867931 ] } },
{ "type": "Feature", "properties": { "category": "food_beverage" }, "geometry": { "type": "Point", "coordinates": [ 232531.309634058357915, 898230.531579484930262 ] } },
{ "type": "Feature", "properties": { "category": "food_beverage" }, "geometry": { "type": "Point", "coordinates": [ 236671.310217952268431, 901186.811722412821837 ] } },
{ "type": "Feature", "properties": { "category": "food_beverage" }, "geometry": { "type": "Point", "coordinates": [ 227347.295324128470384, 900051.666943354764953 ] } },
{ "type": "Feature", "properties": { "category": "food_beverage" }, "geometry": { "type": "Point", "coordinates": [ 228208.971589877823135, 892259.939472677069716 ] } },
{ "type": "Feature", "properties": { "category": "food_beverage" }, "geometry": { "type": "Point", "coordinates": [ 233547.000048146175686, 904680.279665165231563 ] } },
{ "type": "Feature", "properties": { "category": "food_beverage" }, "geometry": { "type": "Point", "coordinates": [ 234652.724714988784399, 903646.617256125784479 ] } },
{ "type": "Feature", "properties": { "category": "food_beverage" }, "geometry": { "type": "Point", "coordinates": [ 221629.017107182648033, 902194.19429021445103 ] } },
{ "type": "Feature", "properties": { "category": "food_beverage" }, "geometry": { "type": "Point", "coordinates": [ 236840.442547312064562, 901672.775650494964793 ] } },
{ "type": "Feature", "properties": { "category": "food_beverage" }, "geometry": { "type": "Point", "coordinates": [ 236922.51702863391256, 902670.247392227640375 ] } },
{ "type": "Feature", "properties": { "category": "food_beverage" }, "geometry": { "type": "Point", "coordinates": [ 234800.593772215739591, 896365.637523251236416 ] } },
{ "type": "Feature", "properties": { "category": "food_beverage" }, "geometry": { "type": "Point", "coordinates": [ 237456.616897057625465, 900294.996904238942079 ] } },
{ "type": "Feature", "properties": { "category": "food_beverage" }, "geometry": { "type": "Point", "coordinates": [ 235734.15469977731118, 911732.19795908825472 ] } },
{ "type": "Feature", "properties": { "category": "food_beverage" }, "geometry": { "type": "Point", "coordinates": [ 236129.493598010216374, 897291.838171521783806 ] } },
{ "type": "Feature", "properties": { "category": "food_beverage" }, "geometry": { "type": "Point", "coordinates": [ 222273.804114812461194, 899823.486523348721676 ] } },
{ "type": "Feature", "properties": { "category": "food_beverage" }, "geometry": { "type": "Point", "coordinates": [ 239200.326866039133165, 892696.921138824429363 ] } },
{ "type": "Feature", "properties": { "category": "food_beverage" }, "geometry": { "type": "Point", "coordinates": [ 236037.385237467504339, 897315.469220832455903 ] } },
{ "type": "Feature", "properties": { "category": "food_beverage" }, "geometry": { "type": "Point", "coordinates": [ 234709.424314212519675, 905054.377413805807009 ] } },
{ "type": "Feature", "properties": { "category": "food_beverage" }, "geometry": { "type": "Point", "coordinates": [ 226595.796827759244479, 887793.87367255683057 ] } },
{ "type": "Feature", "properties": { "category": "food_beverage" }, "geometry": { "type": "Point", "coordinates": [ 236977.772365016629919, 901091.446468506008387 ] } },
{ "type": "Feature", "properties": { "category": "food_beverage" }, "geometry": { "type": "Point", "coordinates": [ 218406.797435259795748, 906006.868383070454001 ] } },
{ "type": "Feature", "properties": { "category": "food_beverage" }, "geometry": { "type": "Point", "coordinates": [ 238045.098338354902808, 904894.706917718518525 ] } },
{ "type": "Feature", "properties": { "category": "food_beverage" }, "geometry": { "type": "Point", "coordinates": [ 240321.812816150486469, 891472.974379144608974 ] } },
{ "type": "Feature", "properties": { "category": "food_beverage" }, "geometry": { "type": "Point", "coordinates": [ 236568.570325533597497, 900571.680521605652757 ] } },
{ "type": "Feature", "properties": { "category": "food_beverage" }, "geometry": { "type": "Point", "coordinates": [ 232130.521650066890288, 901115.706348417792469 ] } },
{ "type": "Feature", "properties": { "category": "food_beverage" }, "geometry": { "type": "Point", "coordinates": [ 235386.922259055107133, 908621.411119976313785 ] } },
{ "type": "Feature", "properties": { "category": "food_beverage" }, "geometry": { "type": "Point", "coordinates": [ 236700.734866830840474, 900978.915752294706181 ] } },
{ "type": "Feature", "properties": { "category": "food_beverage" }, "geometry": { "type": "Point", "coordinates": [ 230173.035472567135002, 886843.055391672533005 ] } },
{ "type": "Feature", "properties": { "category": "food_beverage" }, "geometry": { "type": "Point", "coordinates": [ 221283.406799587595742, 899718.67087409296073 ] } },
{ "type": "Feature", "properties": { "category": "food_beverage" }, "geometry": { "type": "Point", "coordinates": [ 230385.568793175392784, 887556.959555248264223 ] } },
{ "type": "Feature", "properties": { "category": "food_beverage" }, "geometry": { "type": "Point", "coordinates": [ 235536.742137995315716, 909278.539886307320558 ] } },
{ "type": "Feature", "properties": { "category": "food_beverage" }, "geometry": { "type": "Point", "coordinates": [ 236942.233921832608758, 898887.471089561469853 ] } },
{ "type": "Feature", "properties": { "category": "food_beverage" }, "geometry": { "type": "Point", "coordinates": [ 231283.441511176817585, 902550.011204993585125 ] } },
{ "type": "Feature", "properties": { "category": "food_beverage" }, "geometry": { "type": "Point", "coordinates": [ 231401.773291438788874, 907435.116863003582694 ] } },
{ "type": "Feature", "properties": { "category": "food_beverage" }, "geometry": { "type": "Point", "coordinates": [ 239177.381346945418045, 891544.373772067017853 ] } },
{ "type": "Feature", "properties": { "category": "food_beverage" }, "geometry": { "type": "Point", "coordinates": [ 233592.332875492342282, 908128.95191285177134 ] } },
{ "type": "Feature", "properties": { "category": "food_beverage" }, "geometry": { "type": "Point", "coordinates": [ 238788.693841391243041, 891959.312459405977279 ] } },
{ "type": "Feature", "properties": { "category": "food_beverage" }, "geometry": { "type": "Point", "coordinates": [ 238825.602752550359583, 913026.057870491174981 ] } },
{ "type": "Feature", "properties": { "category": "food_beverage" }, "geometry": { "type": "Point", "coordinates": [ 226704.129631447285647, 896496.397312048706226 ] } },
{ "type": "Feature", "properties": { "category": "food_beverage" }, "geometry": { "type": "Point", "coordinates": [ 230431.11712936454569, 901491.026329600135796 ] } },
{ "type": "Feature", "properties": { "category": "food_beverage" }, "geometry": { "type": "Point", "coordinates": [ 236549.866708534420468, 896879.35917156515643 ] } },
{ "type": "Feature", "properties": { "category": "food_beverage" }, "geometry": { "type": "Point", "coordinates": [ 234194.344958940870129, 899163.700546203646809 ] } },
{ "type": "Feature", "properties": { "category": "food_beverage" }, "geometry": { "type": "Point", "coordinates": [ 235304.170313180307858, 893464.044177471776493 ] } },
{ "type": "Feature", "properties": { "category": "food_beverage" }, "geometry": { "type": "Point", "coordinates": [ 239533.354556517122546, 915174.220109860645607 ] } },
{ "type": "Feature", "properties": { "category": "food_beverage" }, "geometry": { "type": "Point", "coordinates": [ 231766.982447228598176, 895990.277830189559609 ] } },
{ "type": "Feature", "properties": { "category": "food_beverage" }, "geometry": { "type": "Point", "coordinates": [ 232328.515643257735064, 898797.867825986235403 ] } },
{ "type": "Feature", "properties": { "category": "food_beverage" }, "geometry": { "type": "Point", "coordinates": [ 236087.741114996810211, 900029.355477953096852 ] } },
{ "type": "Feature", "properties": { "category": "food_beverage" }, "geometry": { "type": "Point", "coordinates": [ 229743.948106044990709, 901391.112793968990445 ] } },
{ "type": "Feature", "properties": { "category": "food_beverage" }, "geometry": { "type": "Point", "coordinates": [ 231215.162337198387831, 905088.517208637553267 ] } },
{ "type": "Feature", "properties": { "category": "food_beverage" }, "geometry": { "type": "Point", "coordinates": [ 234037.462073072616477, 906690.839000180130824 ] } },
{ "type": "Feature", "properties": { "category": "food_beverage" }, "geometry": { "type": "Point", "coordinates": [ 237046.193433275213465, 905845.53698511980474 ] } },
{ "type": "Feature", "properties": { "category": "food_beverage" }, "geometry": { "type": "Point", "coordinates": [ 229993.001097032625694, 892032.060107036377303 ] } },
{ "type": "Feature", "properties": { "category": "food_beverage" }, "geometry": { "type": "Point", "coordinates": [ 220838.521753822860774, 902922.806731394608505 ] } },
{ "type": "Feature", "properties": { "category": "food_beverage" }, "geometry": { "type": "Point", "coordinates": [ 234394.938369354757015, 904190.30247781786602 ] } },
{ "type": "Feature", "properties": { "category": "food_beverage" }, "geometry": { "type": "Point", "coordinates": [ 227052.688768347608857, 888338.215502689941786 ] } },
{ "type": "Feature", "properties": { "category": "food_beverage" }, "geometry": { "type": "Point", "coordinates": [ 236536.902938687097048, 897629.06437437410932 ] } },
{ "type": "Feature", "properties": { "category": "food_beverage" }, "geometry": { "type": "Point", "coordinates": [ 237905.001143493194832, 893580.43540452583693 ] } },
{ "type": "Feature", "properties": { "category": "food_beverage" }, "geometry": { "type": "Point", "coordinates": [ 228503.762146869674325, 899928.745462079299614 ] } },
{ "type": "Feature", "properties": { "category": "food_beverage" }, "geometry": { "type": "Point", "coordinates": [ 235778.343228084064322, 896225.922279687016271 ] } },
{ "type": "Feature", "properties": { "category": "food_beverage" }, "geometry": { "type": "Point", "coordinates": [ 236487.098779683001339, 895901.775658937403932 ] } },
{ "type": "Feature", "properties": { "category": "food_beverage" }, "geometry": { "type": "Point", "coordinates": [ 222168.730439551436575, 903015.185458170715719 ] } },
{ "type": "Feature", "properties": { "category": "food_beverage" }, "geometry": { "type": "Point", "coordinates": [ 230363.943834475998301, 900203.122489990666509 ] } },
{ "type": "Feature", "properties": { "category": "food_beverage" }, "geometry": { "type": "Point", "coordinates": [ 234652.232953076134436, 905081.420417530927807 ] } },
{ "type": "Feature", "properties": { "category": "food_beverage" }, "geometry": { "type": "Point", "coordinates": [ 235550.929828123073094, 908296.886851897579618 ] } },
{ "type": "Feature", "properties": { "category": "food_beverage" }, "geometry": { "type": "Point", "coordinates": [ 220362.745983353466727, 902834.659849365823902 ] } },
{ "type": "Feature", "properties": { "category": "food_beverage" }, "geometry": { "type": "Point", "coordinates": [ 237439.695462420175318, 898367.260111078503542 ] } },
{ "type": "Feature", "properties": { "category": "food_beverage" }, "geometry": { "type": "Point", "coordinates": [ 229681.204055434180191, 906665.406547699938528 ] } },
{ "type": "Feature", "properties": { "category": "food_beverage" }, "geometry": { "type": "Point", "coordinates": [ 238871.318337089178385, 894412.343558564782143 ] } },
{ "type": "Feature", "properties": { "category": "food_beverage" }, "geometry": { "type": "Point", "coordinates": [ 220987.615108288271585, 899411.875469469116069 ] } },
{ "type": "Feature", "properties": { "category": "food_beverage" }, "geometry": { "type": "Point", "coordinates": [ 239070.296319648361532, 901544.751473017851822 ] } },
{ "type": "Feature", "properties": { "category": "food_beverage" }, "geometry": { "type": "Point", "coordinates": [ 232774.209310755744809, 901741.160590409999713 ] } },
{ "type": "Feature", "properties": { "category": "food_beverage" }, "geometry": { "type": "Point", "coordinates": [ 232047.230874834320275, 902182.11949108412955 ] } },
{ "type": "Feature", "properties": { "category": "food_beverage" }, "geometry": { "type": "Point", "coordinates": [ 238758.244545351422857, 894326.412398577667773 ] } },
{ "type": "Feature", "properties": { "category": "food_beverage" }, "geometry": { "type": "Point", "coordinates": [ 231107.209166136832209, 905054.38132687099278 ] } },
{ "type": "Feature", "properties": { "category": "food_beverage" }, "geometry": { "type": "Point", "coordinates": [ 224664.163038023660192, 901208.272366301505826 ] } },
{ "type": "Feature", "properties": { "category": "food_beverage" }, "geometry": { "type": "Point", "coordinates": [ 232331.605990125826793, 896943.114437928772531 ] } },
{ "type": "Feature", "properties": { "category": "food_beverage" }, "geometry": { "type": "Point", "coordinates": [ 231991.393370060657617, 905489.006320419721305 ] } },
{ "type": "Feature", "properties": { "category": "food_beverage" }, "geometry": { "type": "Point", "coordinates": [ 233055.889418060134631, 899261.889457190874964 ] } },
{ "type": "Feature", "properties": { "category": "food_beverage" }, "geometry": { "type": "Point", "coordinates": [ 240297.499999144056346, 907005.45466581499204 ] } },
{ "type": "Feature", "properties": { "category": "food_beverage" }, "geometry": { "type": "Point", "coordinates": [ 237957.430462939984864, 902284.877069638809189 ] } },
{ "type": "Feature", "properties": { "category": "food_beverage" }, "geometry": { "type": "Point", "coordinates": [ 240309.718425936531276, 911082.621568583650514 ] } },
{ "type": "Feature", "properties": { "category": "food_beverage" }, "geometry": { "type": "Point", "coordinates": [ 237028.165610906697111, 893709.501380277681164 ] } },
{ "type": "Feature", "properties": { "category": "food_beverage" }, "geometry": { "type": "Point", "coordinates": [ 239693.558605539466953, 915993.910934638464823 ] } },
{ "type": "Feature", "properties": { "category": "food_beverage" }, "geometry": { "type": "Point", "coordinates": [ 232795.919225225545233, 901572.534264976624399 ] } },
{ "type": "Feature", "properties": { "category": "food_beverage" }, "geometry": { "type": "Point", "coordinates": [ 236668.948643111390993, 901513.036443275399506 ] } },
{ "type": "Feature", "properties": { "category": "food_beverage" }, "geometry": { "type": "Point", "coordinates": [ 234000.854351545742247, 899352.482496877200902 ] } },
{ "type": "Feature", "properties": { "category": "food_beverage" }, "geometry": { "type": "Point", "coordinates": [ 236519.407396207388956, 896871.647635253611952 ] } },
{ "type": "Feature", "properties": { "category": "food_beverage" }, "geometry": { "type": "Point", "coordinates": [ 219915.527974094235105, 905508.689452180406079 ] } },
{ "type": "Feature", "properties": { "category": "food_beverage" }, "geometry": { "type": "Point", "coordinates": [ 234636.786037061363459, 902453.110683020786382 ] } },
{ "type": "Feature", "properties": { "category": "food_beverage" }, "geometry": { "type": "Point", "coordinates": [ 244026.890149111743085, 913148.75068241043482 ] } },
{ "type": "Feature", "properties": { "category": "food_beverage" }, "geometry": { "type": "Point", "coordinates": [ 236557.369252044678433, 901156.893324220902286 ] } },
{ "type": "Feature", "properties": { "category": "food_beverage" }, "geometry": { "type": "Point", "coordinates": [ 246542.906636231433367, 913630.316820389009081 ] } },
{ "type": "Feature", "properties": { "category": "food_beverage" }, "geometry": { "type": "Point", "coordinates": [ 231998.991083928034641, 892614.494365956401452 ] } },
{ "type": "Feature", "properties": { "category": "food_beverage" }, "geometry": { "type": "Point", "coordinates": [ 234638.971569795859978, 905099.238716427586041 ] } },
{ "type": "Feature", "properties": { "category": "food_beverage" }, "geometry": { "type": "Point", "coordinates": [ 239843.355951065255795, 916251.471535816439427 ] } },
{ "type": "Feature", "properties": { "category": "food_beverage" }, "geometry": { "type": "Point", "coordinates": [ 235380.946740130515536, 900017.208566818153486 ] } },
{ "type": "Feature", "properties": { "category": "food_beverage" }, "geometry": { "type": "Point", "coordinates": [ 227368.294382399471942, 896964.251267363433726 ] } },
{ "type": "Feature", "properties": { "category": "food_beverage" }, "geometry": { "type": "Point", "coordinates": [ 234988.995566716359463, 899653.909948739805259 ] } },
{ "type": "Feature", "properties": { "category": "food_beverage" }, "geometry": { "type": "Point", "coordinates": [ 237387.549562234111363, 900237.534943428589031 ] } },
{ "type": "Feature", "properties": { "category": "food_beverage" }, "geometry": { "type": "Point", "coordinates": [ 235748.501473216427257, 911822.357527720509097 ] } },
{ "type": "Feature", "properties": { "category": "food_beverage" }, "geometry": { "type": "Point", "coordinates": [ 236243.529810923850164, 900032.823065938893706 ] } },
{ "type": "Feature", "properties": { "category": "food_beverage" }, "geometry": { "type": "Point", "coordinates": [ 236580.577175904036267, 901113.915738302981481 ] } },
{ "type": "Feature", "properties": { "category": "food_beverage" }, "geometry": { "type": "Point", "coordinates": [ 226024.111732980323723, 908241.439052599365823 ] } },
{ "type": "Feature", "properties": { "category": "food_beverage" }, "geometry": { "type": "Point", "coordinates": [ 235777.334805097896606, 899339.08548227394931 ] } },
{ "type": "Feature", "properties": { "category": "food_beverage" }, "geometry": { "type": "Point", "coordinates": [ 230314.044573799095815, 907923.305766090750694 ] } },
{ "type": "Feature", "properties": { "category": "food_beverage" }, "geometry": { "type": "Point", "coordinates": [ 229950.448509377572918, 893792.433987907599658 ] } },
{ "type": "Feature", "properties": { "category": "food_beverage" }, "geometry": { "type": "Point", "coordinates": [ 230371.560333111905493, 900175.608158197486773 ] } },
{ "type": "Feature", "properties": { "category": "food_beverage" }, "geometry": { "type": "Point", "coordinates": [ 230295.042653013719246, 900514.0646496306872 ] } },
{ "type": "Feature", "properties": { "category": "food_beverage" }, "geometry": { "type": "Point", "coordinates": [ 234342.491115889861248, 899571.633712434908375 ] } },
{ "type": "Feature", "properties": { "category": "food_beverage" }, "geometry": { "type": "Point", "coordinates": [ 235983.842954563151579, 901268.121247313334607 ] } },
{ "type": "Feature", "properties": { "category": "food_beverage" }, "geometry": { "type": "Point", "coordinates": [ 219718.937653458822751, 904332.59527997742407 ] } },
{ "type": "Feature", "properties": { "category": "food_beverage" }, "geometry": { "type": "Point", "coordinates": [ 229771.849432410672307, 903495.938157472060993 ] } },
{ "type": "Feature", "properties": { "category": "food_beverage" }, "geometry": { "type": "Point", "coordinates": [ 236067.120716389006702, 900354.708219438092783 ] } },
{ "type": "Feature", "properties": { "category": "food_beverage" }, "geometry": { "type": "Point", "coordinates": [ 233202.151540178281721, 902575.034802449867129 ] } },
{ "type": "Feature", "properties": { "category": "food_beverage" }, "geometry": { "type": "Point", "coordinates": [ 234811.370705532754073, 896836.324731926317327 ] } },
{ "type": "Feature", "properties": { "category": "food_beverage" }, "geometry": { "type": "Point", "coordinates": [ 234732.315915046259761, 894850.765980817726813 ] } },
{ "type": "Feature", "properties": { "category": "food_beverage" }, "geometry": { "type": "Point", "coordinates": [ 228163.658865226840135, 907645.981580708990805 ] } },
{ "type": "Feature", "properties": { "category": "food_beverage" }, "geometry": { "type": "Point", "coordinates": [ 226095.305294923076872, 901636.425191729795188 ] } },
{ "type": "Feature", "properties": { "category": "food_beverage" }, "geometry": { "type": "Point", "coordinates": [ 239298.733767075173091, 909031.892437240108848 ] } },
{ "type": "Feature", "properties": { "category": "food_beverage" }, "geometry": { "type": "Point", "coordinates": [ 222263.139918085915269, 899912.647608633968048 ] } },
{ "type": "Feature", "properties": { "category": "food_beverage" }, "geometry": { "type": "Point", "coordinates": [ 225358.70208679290954, 897758.911551703000441 ] } },
{ "type": "Feature", "properties": { "category": "food_beverage" }, "geometry": { "type": "Point", "coordinates": [ 237603.840625753917266, 908447.656305433250964 ] } },
{ "type": "Feature", "properties": { "category": "food_beverage" }, "geometry": { "type": "Point", "coordinates": [ 226966.305425231897971, 907989.179946811054833 ] } },
{ "type": "Feature", "properties": { "category": "food_beverage" }, "geometry": { "type": "Point", "coordinates": [ 225102.154711691808188, 902273.391676968778484 ] } },
{ "type": "Feature", "properties": { "category": "food_beverage" }, "geometry": { "type": "Point", "coordinates": [ 235825.317277396272402, 901419.044091869029216 ] } },
{ "type": "Feature", "properties": { "category": "food_beverage" }, "geometry": { "type": "Point", "coordinates": [ 235738.709880362730473, 900290.826666646520607 ] } },
{ "type": "Feature", "properties": { "category": "food_beverage" }, "geometry": { "type": "Point", "coordinates": [ 231038.825886070640991, 905195.148790864273906 ] } },
{ "type": "Feature", "properties": { "category": "food_beverage" }, "geometry": { "type": "Point", "coordinates": [ 231996.947853490099078, 897992.261926999315619 ] } },
{ "type": "Feature", "properties": { "category": "food_beverage" }, "geometry": { "type": "Point", "coordinates": [ 236206.210986577410949, 900079.727774584433064 ] } },
{ "type": "Feature", "properties": { "category": "food_beverage" }, "geometry": { "type": "Point", "coordinates": [ 228029.830560437025269, 901374.735111189773306 ] } },
{ "type": "Feature", "properties": { "category": "food_beverage" }, "geometry": { "type": "Point", "coordinates": [ 234944.452633968030568, 902015.985757435439155 ] } },
{ "type": "Feature", "properties": { "category": "food_beverage" }, "geometry": { "type": "Point", "coordinates": [ 236517.569019667280372, 896908.182531700935215 ] } },
{ "type": "Feature", "properties": { "category": "food_beverage" }, "geometry": { "type": "Point", "coordinates": [ 225682.801617808931042, 908361.258289663819596 ] } },
{ "type": "Feature", "properties": { "category": "food_beverage" }, "geometry": { "type": "Point", "coordinates": [ 236654.491733140166616, 900999.779242010088637 ] } },
{ "type": "Feature", "properties": { "category": "food_beverage" }, "geometry": { "type": "Point", "coordinates": [ 225409.804623910633381, 897849.401493307901546 ] } },
{ "type": "Feature", "properties": { "category": "food_beverage" }, "geometry": { "type": "Point", "coordinates": [ 232130.846269876230508, 902143.512968650087714 ] } },
{ "type": "Feature", "properties": { "category": "food_beverage" }, "geometry": { "type": "Point", "coordinates": [ 233211.968166703765746, 899172.874563933117315 ] } },
{ "type": "Feature", "properties": { "category": "food_beverage" }, "geometry": { "type": "Point", "coordinates": [ 236427.967561856901739, 900199.838338579749689 ] } },
{ "type": "Feature", "properties": { "category": "food_beverage" }, "geometry": { "type": "Point", "coordinates": [ 244449.97503024659818, 911805.886357260402292 ] } },
{ "type": "Feature", "properties": { "category": "food_beverage" }, "geometry": { "type": "Point", "coordinates": [ 235609.491275322099682, 895057.31257858837489 ] } },
{ "type": "Feature", "properties": { "category": "food_beverage" }, "geometry": { "type": "Point", "coordinates": [ 228245.431758928461932, 901636.075844052946195 ] } },
{ "type": "Feature", "properties": { "category": "food_beverage" }, "geometry": { "type": "Point", "coordinates": [ 240580.724156432435848, 906808.363999239751138 ] } },
{ "type": "Feature", "properties": { "category": "food_beverage" }, "geometry": { "type": "Point", "coordinates": [ 233176.932601113134297, 901514.340881246142089 ] } },
{ "type": "Feature", "properties": { "category": "food_beverage" }, "geometry": { "type": "Point", "coordinates": [ 233361.30946117194253, 899861.707958125509322 ] } },
{ "type": "Feature", "properties": { "category": "food_beverage" }, "geometry": { "type": "Point", "coordinates": [ 241560.059716496325564, 889446.924450752791017 ] } },
{ "type": "Feature", "properties": { "category": "food_beverage" }, "geometry": { "type": "Point", "coordinates": [ 236568.570325533597497, 900571.680521605652757 ] } },
{ "type": "Feature", "properties": { "category": "food_beverage" }, "geometry": { "type": "Point", "coordinates": [ 228484.316310558642726, 899054.710240437067114 ] } },
{ "type": "Feature", "properties": { "category": "food_beverage" }, "geometry": { "type": "Point", "coordinates": [ 238468.960465009236941, 905166.827597056515515 ] } },
{ "type": "Feature", "properties": { "category": "food_beverage" }, "geometry": { "type": "Point", "coordinates": [ 232562.108370054047555, 906481.344159733271226 ] } },
{ "type": "Feature", "properties": { "category": "food_beverage" }, "geometry": { "type": "Point", "coordinates": [ 241856.656848850339884, 906261.232485250104219 ] } },
{ "type": "Feature", "properties": { "category": "food_beverage" }, "geometry": { "type": "Point", "coordinates": [ 232228.442285374621861, 902038.102513150312006 ] } },
{ "type": "Feature", "properties": { "category": "food_beverage" }, "geometry": { "type": "Point", "coordinates": [ 235994.164029052073602, 900571.936103281797841 ] } },
{ "type": "Feature", "properties": { "category": "food_beverage" }, "geometry": { "type": "Point", "coordinates": [ 230391.517757808003807, 906205.467881671502255 ] } },
{ "type": "Feature", "properties": { "category": "food_beverage" }, "geometry": { "type": "Point", "coordinates": [ 234311.681870727450587, 892338.816999916220084 ] } },
{ "type": "Feature", "properties": { "category": "food_beverage" }, "geometry": { "type": "Point", "coordinates": [ 227988.087416902941186, 889768.966011161915958 ] } },
{ "type": "Feature", "properties": { "category": "food_beverage" }, "geometry": { "type": "Point", "coordinates": [ 225021.604390641645296, 901670.952280016266741 ] } },
{ "type": "Feature", "properties": { "category": "food_beverage" }, "geometry": { "type": "Point", "coordinates": [ 236107.183610987791326, 901777.381611859076656 ] } },
{ "type": "Feature", "properties": { "category": "food_beverage" }, "geometry": { "type": "Point", "coordinates": [ 227461.796245548059233, 901660.072226390242577 ] } },
{ "type": "Feature", "properties": { "category": "food_beverage" }, "geometry": { "type": "Point", "coordinates": [ 236593.412236853502691, 901322.698678511776961 ] } },
{ "type": "Feature", "properties": { "category": "food_beverage" }, "geometry": { "type": "Point", "coordinates": [ 231268.775905756338034, 899200.172251016600057 ] } },
{ "type": "Feature", "properties": { "category": "food_beverage" }, "geometry": { "type": "Point", "coordinates": [ 234451.641869371989742, 895271.477268840651959 ] } },
{ "type": "Feature", "properties": { "category": "food_beverage" }, "geometry": { "type": "Point", "coordinates": [ 244407.572155828209361, 913384.422342247096822 ] } },
{ "type": "Feature", "properties": { "category": "food_beverage" }, "geometry": { "type": "Point", "coordinates": [ 238707.932888280745829, 894418.218161226715893 ] } },
{ "type": "Feature", "properties": { "category": "food_beverage" }, "geometry": { "type": "Point", "coordinates": [ 242401.255040042626206, 908121.427609410486184 ] } },
{ "type": "Feature", "properties": { "category": "food_beverage" }, "geometry": { "type": "Point", "coordinates": [ 236713.590614803804783, 894870.826680367346853 ] } },
{ "type": "Feature", "properties": { "category": "food_beverage" }, "geometry": { "type": "Point", "coordinates": [ 232554.562080352072371, 901732.030727651901543 ] } },
{ "type": "Feature", "properties": { "category": "food_beverage" }, "geometry": { "type": "Point", "coordinates": [ 235296.715944152150769, 900251.714867374161258 ] } },
{ "type": "Feature", "properties": { "category": "food_beverage" }, "geometry": { "type": "Point", "coordinates": [ 228400.073914743377827, 899937.767260852269828 ] } },
{ "type": "Feature", "properties": { "category": "food_beverage" }, "geometry": { "type": "Point", "coordinates": [ 237939.123566135356668, 902929.367973668617196 ] } },
{ "type": "Feature", "properties": { "category": "food_beverage" }, "geometry": { "type": "Point", "coordinates": [ 241732.808119074383285, 888689.073917111381888 ] } },
{ "type": "Feature", "properties": { "category": "food_beverage" }, "geometry": { "type": "Point", "coordinates": [ 219834.154091191187035, 905316.627079033642076 ] } },
{ "type": "Feature", "properties": { "category": "food_beverage" }, "geometry": { "type": "Point", "coordinates": [ 231624.072759842849337, 899480.344263572478667 ] } },
{ "type": "Feature", "properties": { "category": "food_beverage" }, "geometry": { "type": "Point", "coordinates": [ 233982.78407608467387, 901453.10044851351995 ] } },
{ "type": "Feature", "properties": { "category": "food_beverage" }, "geometry": { "type": "Point", "coordinates": [ 229982.270860154822003, 898840.563114282791503 ] } },
{ "type": "Feature", "properties": { "category": "food_beverage" }, "geometry": { "type": "Point", "coordinates": [ 235410.060671730607282, 897983.189157957793213 ] } },
{ "type": "Feature", "properties": { "category": "food_beverage" }, "geometry": { "type": "Point", "coordinates": [ 236790.301525184302591, 901966.870790982153267 ] } },
{ "type": "Feature", "properties": { "category": "food_beverage" }, "geometry": { "type": "Point", "coordinates": [ 230951.321390496828826, 900219.236411868128926 ] } },
{ "type": "Feature", "properties": { "category": "food_beverage" }, "geometry": { "type": "Point", "coordinates": [ 233575.89112358429702, 890946.261169309145771 ] } },
{ "type": "Feature", "properties": { "category": "food_beverage" }, "geometry": { "type": "Point", "coordinates": [ 236809.473564325657208, 895786.602654197020456 ] } },
{ "type": "Feature", "properties": { "category": "food_beverage" }, "geometry": { "type": "Point", "coordinates": [ 231709.980081136483932, 895596.031325092772022 ] } },
{ "type": "Feature", "properties": { "category": "food_beverage" }, "geometry": { "type": "Point", "coordinates": [ 236717.446290972962743, 901060.090183655964211 ] } },
{ "type": "Feature", "properties": { "category": "food_beverage" }, "geometry": { "type": "Point", "coordinates": [ 237136.663817828724859, 900175.889244656311348 ] } },
{ "type": "Feature", "properties": { "category": "food_beverage" }, "geometry": { "type": "Point", "coordinates": [ 234169.33020385709824, 904254.626677480526268 ] } },
{ "type": "Feature", "properties": { "category": "food_beverage" }, "geometry": { "type": "Point", "coordinates": [ 228740.134846818720689, 907198.447387957014143 ] } },
{ "type": "Feature", "properties": { "category": "food_beverage" }, "geometry": { "type": "Point", "coordinates": [ 234322.908297376270639, 902433.020083582494408 ] } },
{ "type": "Feature", "properties": { "category": "food_beverage" }, "geometry": { "type": "Point", "coordinates": [ 220537.278579298668774, 902914.699525662348606 ] } },
{ "type": "Feature", "properties": { "category": "food_beverage" }, "geometry": { "type": "Point", "coordinates": [ 225463.289032630505972, 897805.27538351144176 ] } },
{ "type": "Feature", "properties": { "category": "food_beverage" }, "geometry": { "type": "Point", "coordinates": [ 237944.369402240787167, 902141.070771249011159 ] } },
{ "type": "Feature", "properties": { "category": "food_beverage" }, "geometry": { "type": "Point", "coordinates": [ 226704.129631447285647, 896496.397312048706226 ] } },
{ "type": "Feature", "properties": { "category": "food_beverage" }, "geometry": { "type": "Point", "coordinates": [ 230476.427520750527037, 905191.574775230372325 ] } },
{ "type": "Feature", "properties": { "category": "food_beverage" }, "geometry": { "type": "Point", "coordinates": [ 235794.646523735864321, 902911.559860585955903 ] } },
{ "type": "Feature", "properties": { "category": "food_beverage" }, "geometry": { "type": "Point", "coordinates": [ 236560.412410090037156, 896595.056083454634063 ] } },
{ "type": "Feature", "properties": { "category": "food_beverage" }, "geometry": { "type": "Point", "coordinates": [ 227495.145797315170057, 889475.339413327164948 ] } },
{ "type": "Feature", "properties": { "category": "food_beverage" }, "geometry": { "type": "Point", "coordinates": [ 235557.500451408763183, 905048.734199460828677 ] } },
{ "type": "Feature", "properties": { "category": "food_beverage" }, "geometry": { "type": "Point", "coordinates": [ 239056.328894020523876, 906040.377665273263119 ] } },
{ "type": "Feature", "properties": { "category": "food_beverage" }, "geometry": { "type": "Point", "coordinates": [ 237665.672320921439677, 908979.173036405583844 ] } },
{ "type": "Feature", "properties": { "category": "food_beverage" }, "geometry": { "type": "Point", "coordinates": [ 224082.5613968539692, 900248.990404575015418 ] } },
{ "type": "Feature", "properties": { "category": "food_beverage" }, "geometry": { "type": "Point", "coordinates": [ 231073.829160747263813, 904541.161048961686902 ] } },
{ "type": "Feature", "properties": { "category": "food_beverage" }, "geometry": { "type": "Point", "coordinates": [ 238949.904369011725066, 901076.442518646479584 ] } },
{ "type": "Feature", "properties": { "category": "food_beverage" }, "geometry": { "type": "Point", "coordinates": [ 235495.819642346177716, 899279.897643446689472 ] } },
{ "type": "Feature", "properties": { "category": "food_beverage" }, "geometry": { "type": "Point", "coordinates": [ 239231.072820231143851, 891087.81558259902522 ] } },
{ "type": "Feature", "properties": { "category": "food_beverage" }, "geometry": { "type": "Point", "coordinates": [ 237542.700467695627594, 899757.949318201979622 ] } },
{ "type": "Feature", "properties": { "category": "food_beverage" }, "geometry": { "type": "Point", "coordinates": [ 237138.33295595558593, 907305.165010532015003 ] } },
{ "type": "Feature", "properties": { "category": "food_beverage" }, "geometry": { "type": "Point", "coordinates": [ 228428.075013996858615, 903422.280212214100175 ] } },
{ "type": "Feature", "properties": { "category": "food_beverage" }, "geometry": { "type": "Point", "coordinates": [ 232060.865236556332093, 902569.622484649065882 ] } },
{ "type": "Feature", "properties": { "category": "food_beverage" }, "geometry": { "type": "Point", "coordinates": [ 236288.212509445642354, 900682.08283793204464 ] } },
{ "type": "Feature", "properties": { "category": "food_beverage" }, "geometry": { "type": "Point", "coordinates": [ 234061.493130769551499, 906505.230889670317993 ] } },
{ "type": "Feature", "properties": { "category": "food_beverage" }, "geometry": { "type": "Point", "coordinates": [ 236021.900043934467249, 899500.508932556025684 ] } },
{ "type": "Feature", "properties": { "category": "food_beverage" }, "geometry": { "type": "Point", "coordinates": [ 235825.317277396272402, 901419.044091869029216 ] } },
{ "type": "Feature", "properties": { "category": "food_beverage" }, "geometry": { "type": "Point", "coordinates": [ 231813.749736756493803, 902284.138865678221919 ] } },
{ "type": "Feature", "properties": { "category": "food_beverage" }, "geometry": { "type": "Point", "coordinates": [ 236355.40188241796568, 894936.056398515240289 ] } },
{ "type": "Feature", "properties": { "category": "food_beverage" }, "geometry": { "type": "Point", "coordinates": [ 237458.906463750230614, 900174.600401132018305 ] } },
{ "type": "Feature", "properties": { "category": "food_beverage" }, "geometry": { "type": "Point", "coordinates": [ 231305.567927428317489, 903794.742526111309417 ] } },
{ "type": "Feature", "properties": { "category": "food_beverage" }, "geometry": { "type": "Point", "coordinates": [ 243560.536401989578735, 902930.986040169838816 ] } },
{ "type": "Feature", "properties": { "category": "food_beverage" }, "geometry": { "type": "Point", "coordinates": [ 235575.433487347996561, 900172.588767402339727 ] } },
{ "type": "Feature", "properties": { "category": "food_beverage" }, "geometry": { "type": "Point", "coordinates": [ 236604.252187951555243, 901629.664621896459721 ] } },
{ "type": "Feature", "properties": { "category": "food_beverage" }, "geometry": { "type": "Point", "coordinates": [ 242267.569663690286689, 902860.438711037160829 ] } },
{ "type": "Feature", "properties": { "category": "food_beverage" }, "geometry": { "type": "Point", "coordinates": [ 231978.725232489407063, 897921.644969958113506 ] } },
{ "type": "Feature", "properties": { "category": "food_beverage" }, "geometry": { "type": "Point", "coordinates": [ 234994.653799921623431, 899642.830338849220425 ] } },
{ "type": "Feature", "properties": { "category": "food_beverage" }, "geometry": { "type": "Point", "coordinates": [ 235994.164029052073602, 900571.936103281797841 ] } },
{ "type": "Feature", "properties": { "category": "food_beverage" }, "geometry": { "type": "Point", "coordinates": [ 234803.41429632549989, 900157.281959172454663 ] } },
{ "type": "Feature", "properties": { "category": "food_beverage" }, "geometry": { "type": "Point", "coordinates": [ 232501.671506029728334, 898580.288159312331118 ] } },
{ "type": "Feature", "properties": { "category": "food_beverage" }, "geometry": { "type": "Point", "coordinates": [ 237272.420637501083547, 905830.738732878351584 ] } },
{ "type": "Feature", "properties": { "category": "food_beverage" }, "geometry": { "type": "Point", "coordinates": [ 235704.463939476147061, 900204.122823690762743 ] } },
{ "type": "Feature", "properties": { "category": "food_beverage" }, "geometry": { "type": "Point", "coordinates": [ 232525.337938938406296, 901781.436212188797072 ] } },
{ "type": "Feature", "properties": { "category": "food_beverage" }, "geometry": { "type": "Point", "coordinates": [ 233581.366359916108195, 904553.258642560569569 ] } },
{ "type": "Feature", "properties": { "category": "food_beverage" }, "geometry": { "type": "Point", "coordinates": [ 228376.790165931801312, 907369.586285033961758 ] } },
{ "type": "Feature", "properties": { "category": "food_beverage" }, "geometry": { "type": "Point", "coordinates": [ 237112.68613832394476, 905928.420106242643669 ] } },
{ "type": "Feature", "properties": { "category": "food_beverage" }, "geometry": { "type": "Point", "coordinates": [ 221626.478364405717002, 902671.042606143513694 ] } },
{ "type": "Feature", "properties": { "category": "food_beverage" }, "geometry": { "type": "Point", "coordinates": [ 231416.456151500344276, 902918.940242286305875 ] } },
{ "type": "Feature", "properties": { "category": "food_beverage" }, "geometry": { "type": "Point", "coordinates": [ 236839.758314753242303, 900467.683823678875342 ] } },
{ "type": "Feature", "properties": { "category": "food_beverage" }, "geometry": { "type": "Point", "coordinates": [ 221652.075296589755453, 891569.475064402329735 ] } },
{ "type": "Feature", "properties": { "category": "food_beverage" }, "geometry": { "type": "Point", "coordinates": [ 231439.904262714495417, 902464.290851419325918 ] } },
{ "type": "Feature", "properties": { "category": "food_beverage" }, "geometry": { "type": "Point", "coordinates": [ 235111.310391747858375, 906188.383227557758801 ] } },
{ "type": "Feature", "properties": { "category": "food_beverage" }, "geometry": { "type": "Point", "coordinates": [ 231776.689302626182325, 891687.001767413574271 ] } },
{ "type": "Feature", "properties": { "category": "food_beverage" }, "geometry": { "type": "Point", "coordinates": [ 232307.51423888548743, 906102.498991163913161 ] } },
{ "type": "Feature", "properties": { "category": "food_beverage" }, "geometry": { "type": "Point", "coordinates": [ 231702.506188080355059, 901199.514339280547574 ] } },
{ "type": "Feature", "properties": { "category": "food_beverage" }, "geometry": { "type": "Point", "coordinates": [ 227770.600734898267547, 899912.702965338714421 ] } },
{ "type": "Feature", "properties": { "category": "food_beverage" }, "geometry": { "type": "Point", "coordinates": [ 238280.474551509716548, 898307.252359170233831 ] } },
{ "type": "Feature", "properties": { "category": "food_beverage" }, "geometry": { "type": "Point", "coordinates": [ 236604.252187951555243, 901629.664621896459721 ] } },
{ "type": "Feature", "properties": { "category": "food_beverage" }, "geometry": { "type": "Point", "coordinates": [ 235126.074729958869284, 895932.27815706236288 ] } },
{ "type": "Feature", "properties": { "category": "food_beverage" }, "geometry": { "type": "Point", "coordinates": [ 235557.500451408763183, 905048.734199460828677 ] } },
{ "type": "Feature", "properties": { "category": "food_beverage" }, "geometry": { "type": "Point", "coordinates": [ 233075.483366989588831, 902643.528008781722747 ] } },
{ "type": "Feature", "properties": { "category": "food_beverage" }, "geometry": { "type": "Point", "coordinates": [ 237458.906463750230614, 900174.600401132018305 ] } },
{ "type": "Feature", "properties": { "category": "food_beverage" }, "geometry": { "type": "Point", "coordinates": [ 231013.323486008361215, 899331.666886655730195 ] } },
{ "type": "Feature", "properties": { "category": "food_beverage" }, "geometry": { "type": "Point", "coordinates": [ 231177.23879316681996, 902502.441932378336787 ] } },
{ "type": "Feature", "properties": { "category": "food_beverage" }, "geometry": { "type": "Point", "coordinates": [ 236221.29510818151175, 900174.443975373054855 ] } },
{ "type": "Feature", "properties": { "category": "food_beverage" }, "geometry": { "type": "Point", "coordinates": [ 222175.864559358655242, 897385.374799735611305 ] } },
{ "type": "Feature", "properties": { "category": "food_beverage" }, "geometry": { "type": "Point", "coordinates": [ 224077.936996749194805, 896835.804782828898169 ] } },
{ "type": "Feature", "properties": { "category": "food_beverage" }, "geometry": { "type": "Point", "coordinates": [ 239282.150418748817174, 914475.436766485450789 ] } },
{ "type": "Feature", "properties": { "category": "food_beverage" }, "geometry": { "type": "Point", "coordinates": [ 240611.996728988713585, 904161.7397051040316 ] } },
{ "type": "Feature", "properties": { "category": "food_beverage" }, "geometry": { "type": "Point", "coordinates": [ 235867.396386276959674, 900114.757186497095972 ] } },
{ "type": "Feature", "properties": { "category": "food_beverage" }, "geometry": { "type": "Point", "coordinates": [ 231469.65132588884444, 905181.515180713147856 ] } },
{ "type": "Feature", "properties": { "category": "food_beverage" }, "geometry": { "type": "Point", "coordinates": [ 240273.216864029469434, 908669.740275572985411 ] } },
{ "type": "Feature", "properties": { "category": "food_beverage" }, "geometry": { "type": "Point", "coordinates": [ 237669.059042804845376, 900011.105934518855065 ] } },
{ "type": "Feature", "properties": { "category": "food_beverage" }, "geometry": { "type": "Point", "coordinates": [ 236767.762234136491315, 906585.528937215916812 ] } },
{ "type": "Feature", "properties": { "category": "food_beverage" }, "geometry": { "type": "Point", "coordinates": [ 236613.647537368349731, 901597.167610072065145 ] } },
{ "type": "Feature", "properties": { "category": "food_beverage" }, "geometry": { "type": "Point", "coordinates": [ 237587.426583101012511, 900300.027395932818763 ] } },
{ "type": "Feature", "properties": { "category": "food_beverage" }, "geometry": { "type": "Point", "coordinates": [ 226152.409369478118606, 901808.363602257915772 ] } },
{ "type": "Feature", "properties": { "category": "food_beverage" }, "geometry": { "type": "Point", "coordinates": [ 234247.402079977968242, 899757.780349399428815 ] } },
{ "type": "Feature", "properties": { "category": "food_beverage" }, "geometry": { "type": "Point", "coordinates": [ 236412.503823555540293, 906152.800277250818908 ] } },
{ "type": "Feature", "properties": { "category": "food_beverage" }, "geometry": { "type": "Point", "coordinates": [ 243594.450550014560577, 901234.796273862244561 ] } },
{ "type": "Feature", "properties": { "category": "food_beverage" }, "geometry": { "type": "Point", "coordinates": [ 239680.162915754772257, 903667.665078374440782 ] } },
{ "type": "Feature", "properties": { "category": "food_beverage" }, "geometry": { "type": "Point", "coordinates": [ 222807.897567925101612, 899541.06447291187942 ] } },
{ "type": "Feature", "properties": { "category": "food_beverage" }, "geometry": { "type": "Point", "coordinates": [ 235256.274137921864167, 899904.393323411233723 ] } },
{ "type": "Feature", "properties": { "category": "food_beverage" }, "geometry": { "type": "Point", "coordinates": [ 227221.682830173347611, 889518.817582013667561 ] } },
{ "type": "Feature", "properties": { "category": "food_beverage" }, "geometry": { "type": "Point", "coordinates": [ 236675.14868732940522, 900514.475317859789357 ] } },
{ "type": "Feature", "properties": { "category": "food_beverage" }, "geometry": { "type": "Point", "coordinates": [ 232505.276760706183268, 898210.52831157122273 ] } },
{ "type": "Feature", "properties": { "category": "food_beverage" }, "geometry": { "type": "Point", "coordinates": [ 236118.421947013412137, 900151.698895755689591 ] } },
{ "type": "Feature", "properties": { "category": "food_beverage" }, "geometry": { "type": "Point", "coordinates": [ 236663.925591213366715, 900707.470597171224654 ] } },
{ "type": "Feature", "properties": { "category": "food_beverage" }, "geometry": { "type": "Point", "coordinates": [ 231931.761356034810888, 902179.816470038262196 ] } },
{ "type": "Feature", "properties": { "category": "food_beverage" }, "geometry": { "type": "Point", "coordinates": [ 236053.972326361370506, 897359.874146991409361 ] } },
{ "type": "Feature", "properties": { "category": "food_beverage" }, "geometry": { "type": "Point", "coordinates": [ 237448.449260602908907, 898410.293825731961988 ] } },
{ "type": "Feature", "properties": { "category": "food_beverage" }, "geometry": { "type": "Point", "coordinates": [ 236452.267914456198923, 901391.944351686863229 ] } },
{ "type": "Feature", "properties": { "category": "food_beverage" }, "geometry": { "type": "Point", "coordinates": [ 233302.907183441566303, 899858.320787357981317 ] } },
{ "type": "Feature", "properties": { "category": "food_beverage" }, "geometry": { "type": "Point", "coordinates": [ 239430.327315898321103, 888168.071705809561536 ] } },
{ "type": "Feature", "properties": { "category": "food_beverage" }, "geometry": { "type": "Point", "coordinates": [ 234250.40329477810883, 897738.071660636691377 ] } },
{ "type": "Feature", "properties": { "category": "food_beverage" }, "geometry": { "type": "Point", "coordinates": [ 224008.191704452066915, 900168.316031056339853 ] } },
{ "type": "Feature", "properties": { "category": "food_beverage" }, "geometry": { "type": "Point", "coordinates": [ 235069.038503244984895, 898441.340520199970342 ] } },
{ "type": "Feature", "properties": { "category": "food_beverage" }, "geometry": { "type": "Point", "coordinates": [ 234346.288906893751118, 901542.286485483753495 ] } },
{ "type": "Feature", "properties": { "category": "food_beverage" }, "geometry": { "type": "Point", "coordinates": [ 231406.014193353272276, 904443.667575242230669 ] } },
{ "type": "Feature", "properties": { "category": "food_beverage" }, "geometry": { "type": "Point", "coordinates": [ 236860.748753599997144, 900785.366414467338473 ] } },
{ "type": "Feature", "properties": { "category": "food_beverage" }, "geometry": { "type": "Point", "coordinates": [ 230461.219674154795939, 900000.493637777748518 ] } },
{ "type": "Feature", "properties": { "category": "food_beverage" }, "geometry": { "type": "Point", "coordinates": [ 232013.404638910229551, 896586.212050113244914 ] } },
{ "type": "Feature", "properties": { "category": "food_beverage" }, "geometry": { "type": "Point", "coordinates": [ 236457.19388728501508, 901077.618366331909783 ] } },
{ "type": "Feature", "properties": { "category": "food_beverage" }, "geometry": { "type": "Point", "coordinates": [ 236021.598675710265525, 902692.895399604458362 ] } },
{ "type": "Feature", "properties": { "category": "food_beverage" }, "geometry": { "type": "Point", "coordinates": [ 233600.452845419815276, 906346.165493231150322 ] } },
{ "type": "Feature", "properties": { "category": "food_beverage" }, "geometry": { "type": "Point", "coordinates": [ 228167.936668521375395, 902329.89026896993164 ] } },
{ "type": "Feature", "properties": { "category": "food_beverage" }, "geometry": { "type": "Point", "coordinates": [ 221538.635729730944149, 901530.561996740987524 ] } },
{ "type": "Feature", "properties": { "category": "food_beverage" }, "geometry": { "type": "Point", "coordinates": [ 228714.691607834509341, 899888.283327098237351 ] } },
{ "type": "Feature", "properties": { "category": "food_beverage" }, "geometry": { "type": "Point", "coordinates": [ 232477.174229210824706, 904020.775249427650124 ] } },
{ "type": "Feature", "properties": { "category": "food_beverage" }, "geometry": { "type": "Point", "coordinates": [ 243637.283646734606009, 912241.444842294440605 ] } },
{ "type": "Feature", "properties": { "category": "food_beverage" }, "geometry": { "type": "Point", "coordinates": [ 235674.312954688502941, 900251.955395493889228 ] } },
{ "type": "Feature", "properties": { "category": "food_beverage" }, "geometry": { "type": "Point", "coordinates": [ 236109.623095076705795, 899779.542468010913581 ] } },
{ "type": "Feature", "properties": { "category": "food_beverage" }, "geometry": { "type": "Point", "coordinates": [ 233256.392843744659331, 903295.968165341066197 ] } },
{ "type": "Feature", "properties": { "category": "food_beverage" }, "geometry": { "type": "Point", "coordinates": [ 240852.520083758456167, 888740.558717150939628 ] } },
{ "type": "Feature", "properties": { "category": "food_beverage" }, "geometry": { "type": "Point", "coordinates": [ 235588.087024509732146, 901253.109491864335723 ] } },
{ "type": "Feature", "properties": { "category": "food_beverage" }, "geometry": { "type": "Point", "coordinates": [ 240703.980938789318316, 907981.194512557936832 ] } },
{ "type": "Feature", "properties": { "category": "food_beverage" }, "geometry": { "type": "Point", "coordinates": [ 236671.310217952268431, 901186.811722412821837 ] } },
{ "type": "Feature", "properties": { "category": "food_beverage" }, "geometry": { "type": "Point", "coordinates": [ 230281.641094668273581, 900373.826892067911103 ] } },
{ "type": "Feature", "properties": { "category": "food_beverage" }, "geometry": { "type": "Point", "coordinates": [ 233073.730352382553974, 901353.679755558841862 ] } },
{ "type": "Feature", "properties": { "category": "food_beverage" }, "geometry": { "type": "Point", "coordinates": [ 245488.382029565342236, 912745.184507045894861 ] } },
{ "type": "Feature", "properties": { "category": "food_beverage" }, "geometry": { "type": "Point", "coordinates": [ 236364.266486513020936, 894975.756690563168377 ] } },
{ "type": "Feature", "properties": { "category": "food_beverage" }, "geometry": { "type": "Point", "coordinates": [ 236704.486478796403389, 899203.574881358887069 ] } },
{ "type": "Feature", "properties": { "category": "food_beverage" }, "geometry": { "type": "Point", "coordinates": [ 238265.44404201375437, 904756.499600732000545 ] } },
{ "type": "Feature", "properties": { "category": "food_beverage" }, "geometry": { "type": "Point", "coordinates": [ 234552.302746918518096, 899684.07308540516533 ] } },
{ "type": "Feature", "properties": { "category": "food_beverage" }, "geometry": { "type": "Point", "coordinates": [ 236661.069494497904088, 900260.032977402792312 ] } },
{ "type": "Feature", "properties": { "category": "food_beverage" }, "geometry": { "type": "Point", "coordinates": [ 235867.396386276959674, 900114.757186497095972 ] } },
{ "type": "Feature", "properties": { "category": "food_beverage" }, "geometry": { "type": "Point", "coordinates": [ 235753.180663219885901, 912017.883542510913685 ] } },
{ "type": "Feature", "properties": { "category": "food_beverage" }, "geometry": { "type": "Point", "coordinates": [ 221952.655260412837379, 902082.898709544213489 ] } },
{ "type": "Feature", "properties": { "category": "food_beverage" }, "geometry": { "type": "Point", "coordinates": [ 236624.566616188385524, 901714.856535871513188 ] } },
{ "type": "Feature", "properties": { "category": "food_beverage" }, "geometry": { "type": "Point", "coordinates": [ 225341.026998351910152, 898157.946767114568502 ] } },
{ "type": "Feature", "properties": { "category": "food_beverage" }, "geometry": { "type": "Point", "coordinates": [ 231416.456151500344276, 902918.940242286305875 ] } },
{ "type": "Feature", "properties": { "category": "food_beverage" }, "geometry": { "type": "Point", "coordinates": [ 221065.517730984953232, 902917.374494269024581 ] } },
{ "type": "Feature", "properties": { "category": "food_beverage" }, "geometry": { "type": "Point", "coordinates": [ 238258.305235160310986, 902544.544919499894604 ] } },
{ "type": "Feature", "properties": { "category": "food_beverage" }, "geometry": { "type": "Point", "coordinates": [ 239062.123163325770292, 905368.711971310433 ] } },
{ "type": "Feature", "properties": { "category": "food_beverage" }, "geometry": { "type": "Point", "coordinates": [ 223666.219442897796398, 895899.143808683380485 ] } },
{ "type": "Feature", "properties": { "category": "food_beverage" }, "geometry": { "type": "Point", "coordinates": [ 236210.884282582323067, 896452.512431165901944 ] } },
{ "type": "Feature", "properties": { "category": "food_beverage" }, "geometry": { "type": "Point", "coordinates": [ 234519.408795141062001, 908032.033883960917592 ] } },
{ "type": "Feature", "properties": { "category": "food_beverage" }, "geometry": { "type": "Point", "coordinates": [ 228794.826886412105523, 900520.086792338872328 ] } },
{ "type": "Feature", "properties": { "category": "food_beverage" }, "geometry": { "type": "Point", "coordinates": [ 224756.108925865846686, 901228.478583226795308 ] } },
{ "type": "Feature", "properties": { "category": "food_beverage" }, "geometry": { "type": "Point", "coordinates": [ 236169.134533906646539, 893974.948074479121715 ] } },
{ "type": "Feature", "properties": { "category": "food_beverage" }, "geometry": { "type": "Point", "coordinates": [ 233268.958402260730509, 899858.715384606970474 ] } },
{ "type": "Feature", "properties": { "category": "food_beverage" }, "geometry": { "type": "Point", "coordinates": [ 236511.100534051394789, 901246.404002625844441 ] } },
{ "type": "Feature", "properties": { "category": "food_beverage" }, "geometry": { "type": "Point", "coordinates": [ 236663.925591213366715, 900707.470597171224654 ] } },
{ "type": "Feature", "properties": { "category": "food_beverage" }, "geometry": { "type": "Point", "coordinates": [ 220038.358571062010014, 904586.312864843290299 ] } },
{ "type": "Feature", "properties": { "category": "food_beverage" }, "geometry": { "type": "Point", "coordinates": [ 239743.23100787657313, 915294.264142752625048 ] } },
{ "type": "Feature", "properties": { "category": "food_beverage" }, "geometry": { "type": "Point", "coordinates": [ 235356.67437254296965, 899584.660232130321674 ] } },
{ "type": "Feature", "properties": { "category": "food_beverage" }, "geometry": { "type": "Point", "coordinates": [ 220828.5426696005743, 899620.448997766477987 ] } },
{ "type": "Feature", "properties": { "category": "food_beverage" }, "geometry": { "type": "Point", "coordinates": [ 237110.170023914019112, 900200.18647210416384 ] } },
{ "type": "Feature", "properties": { "category": "food_beverage" }, "geometry": { "type": "Point", "coordinates": [ 229754.482089360419195, 905845.398655549273826 ] } },
{ "type": "Feature", "properties": { "category": "food_beverage" }, "geometry": { "type": "Point", "coordinates": [ 233110.418526845081942, 897674.294462369638495 ] } },
{ "type": "Feature", "properties": { "category": "food_beverage" }, "geometry": { "type": "Point", "coordinates": [ 230146.232866244681645, 900825.553001191583462 ] } },
{ "type": "Feature", "properties": { "category": "food_beverage" }, "geometry": { "type": "Point", "coordinates": [ 238203.208269878930878, 902604.227597702527419 ] } },
{ "type": "Feature", "properties": { "category": "food_beverage" }, "geometry": { "type": "Point", "coordinates": [ 221676.091269265423762, 902233.771903151646256 ] } },
{ "type": "Feature", "properties": { "category": "food_beverage" }, "geometry": { "type": "Point", "coordinates": [ 230723.795936899783555, 903262.107643672381528 ] } },
{ "type": "Feature", "properties": { "category": "food_beverage" }, "geometry": { "type": "Point", "coordinates": [ 236107.183610987791326, 901777.381611859076656 ] } },
{ "type": "Feature", "properties": { "category": "food_beverage" }, "geometry": { "type": "Point", "coordinates": [ 236426.793786404974526, 900903.0678874803707 ] } },
{ "type": "Feature", "properties": { "category": "food_beverage" }, "geometry": { "type": "Point", "coordinates": [ 235677.590795120369876, 911467.760206994134933 ] } },
{ "type": "Feature", "properties": { "category": "food_beverage" }, "geometry": { "type": "Point", "coordinates": [ 232755.462162428535521, 901680.868831266881898 ] } },
{ "type": "Feature", "properties": { "category": "food_beverage" }, "geometry": { "type": "Point", "coordinates": [ 235557.500451408763183, 905048.734199460828677 ] } },
{ "type": "Feature", "properties": { "category": "food_beverage" }, "geometry": { "type": "Point", "coordinates": [ 236697.491835207940312, 901599.826598044368438 ] } },
{ "type": "Feature", "properties": { "category": "food_beverage" }, "geometry": { "type": "Point", "coordinates": [ 232942.716936700802762, 899796.530145013472065 ] } },
{ "type": "Feature", "properties": { "category": "food_beverage" }, "geometry": { "type": "Point", "coordinates": [ 240993.648352356773103, 889192.681522697675973 ] } },
{ "type": "Feature", "properties": { "category": "food_beverage" }, "geometry": { "type": "Point", "coordinates": [ 240103.865982870891457, 906593.683584604063071 ] } },
{ "type": "Feature", "properties": { "category": "food_beverage" }, "geometry": { "type": "Point", "coordinates": [ 224104.224434963922249, 900899.08907419804018 ] } },
{ "type": "Feature", "properties": { "category": "food_beverage" }, "geometry": { "type": "Point", "coordinates": [ 229007.449102505750488, 900644.479545549955219 ] } },
{ "type": "Feature", "properties": { "category": "food_beverage" }, "geometry": { "type": "Point", "coordinates": [ 232664.681657357432414, 905152.8708682784345 ] } },
{ "type": "Feature", "properties": { "category": "food_beverage" }, "geometry": { "type": "Point", "coordinates": [ 235566.292909044655971, 900269.29142745223362 ] } },
{ "type": "Feature", "properties": { "category": "food_beverage" }, "geometry": { "type": "Point", "coordinates": [ 232942.716936700802762, 899796.530145013472065 ] } },
{ "type": "Feature", "properties": { "category": "food_beverage" }, "geometry": { "type": "Point", "coordinates": [ 225623.207636429608101, 898498.9760587165365 ] } },
{ "type": "Feature", "properties": { "category": "food_beverage" }, "geometry": { "type": "Point", "coordinates": [ 230762.560620354459388, 893117.041121739079244 ] } },
{ "type": "Feature", "properties": { "category": "food_beverage" }, "geometry": { "type": "Point", "coordinates": [ 222001.222115636890521, 906928.943680746480823 ] } },
{ "type": "Feature", "properties": { "category": "food_beverage" }, "geometry": { "type": "Point", "coordinates": [ 236209.017468524631113, 894397.244933065259829 ] } },
{ "type": "Feature", "properties": { "category": "food_beverage" }, "geometry": { "type": "Point", "coordinates": [ 232790.042782058037119, 903590.133202453376725 ] } },
{ "type": "Feature", "properties": { "category": "food_beverage" }, "geometry": { "type": "Point", "coordinates": [ 238302.368421617778949, 898433.444931930396706 ] } },
{ "type": "Feature", "properties": { "category": "food_beverage" }, "geometry": { "type": "Point", "coordinates": [ 231173.462287953181658, 902629.609699018881656 ] } },
{ "type": "Feature", "properties": { "category": "food_beverage" }, "geometry": { "type": "Point", "coordinates": [ 230727.844461169472197, 905875.027728590765037 ] } },
{ "type": "Feature", "properties": { "category": "food_beverage" }, "geometry": { "type": "Point", "coordinates": [ 242847.903861621278338, 903694.938797443872318 ] } },
{ "type": "Feature", "properties": { "category": "food_beverage" }, "geometry": { "type": "Point", "coordinates": [ 238225.668211550684646, 898868.119390148902312 ] } },
{ "type": "Feature", "properties": { "category": "food_beverage" }, "geometry": { "type": "Point", "coordinates": [ 229858.834707786503714, 900428.667267935932614 ] } },
{ "type": "Feature", "properties": { "category": "food_beverage" }, "geometry": { "type": "Point", "coordinates": [ 237740.52289191269665, 905861.89754343428649 ] } },
{ "type": "Feature", "properties": { "category": "food_beverage" }, "geometry": { "type": "Point", "coordinates": [ 234267.38713648437988, 899883.728910542791709 ] } },
{ "type": "Feature", "properties": { "category": "food_beverage" }, "geometry": { "type": "Point", "coordinates": [ 238014.777624963200651, 904883.323720627347939 ] } },
{ "type": "Feature", "properties": { "category": "food_beverage" }, "geometry": { "type": "Point", "coordinates": [ 236125.194640849338612, 912164.971929862163961 ] } },
{ "type": "Feature", "properties": { "category": "food_beverage" }, "geometry": { "type": "Point", "coordinates": [ 247151.960312927549239, 914080.602428723941557 ] } },
{ "type": "Feature", "properties": { "category": "food_beverage" }, "geometry": { "type": "Point", "coordinates": [ 236859.569377734151203, 900413.359421412693337 ] } },
{ "type": "Feature", "properties": { "category": "food_beverage" }, "geometry": { "type": "Point", "coordinates": [ 235130.463737986458, 899935.975884847226553 ] } },
{ "type": "Feature", "properties": { "category": "food_beverage" }, "geometry": { "type": "Point", "coordinates": [ 231785.190097989543574, 895664.571977377869189 ] } },
{ "type": "Feature", "properties": { "category": "food_beverage" }, "geometry": { "type": "Point", "coordinates": [ 236852.833348831307376, 901666.175926823401824 ] } },
{ "type": "Feature", "properties": { "category": "food_beverage" }, "geometry": { "type": "Point", "coordinates": [ 231832.769861167820636, 895881.053634524694644 ] } },
{ "type": "Feature", "properties": { "category": "food_beverage" }, "geometry": { "type": "Point", "coordinates": [ 239932.130345271114493, 890931.253655966138467 ] } },
{ "type": "Feature", "properties": { "category": "food_beverage" }, "geometry": { "type": "Point", "coordinates": [ 230884.201198733528145, 889247.139424075372517 ] } },
{ "type": "Feature", "properties": { "category": "food_beverage" }, "geometry": { "type": "Point", "coordinates": [ 230892.837026433146093, 899072.770187136367895 ] } },
{ "type": "Feature", "properties": { "category": "food_beverage" }, "geometry": { "type": "Point", "coordinates": [ 225283.144857567880535, 897730.09267897112295 ] } },
{ "type": "Feature", "properties": { "category": "food_beverage" }, "geometry": { "type": "Point", "coordinates": [ 236552.026193243160378, 896130.931806431966834 ] } },
{ "type": "Feature", "properties": { "category": "food_beverage" }, "geometry": { "type": "Point", "coordinates": [ 234407.22404127381742, 899965.387880562106147 ] } },
{ "type": "Feature", "properties": { "category": "food_beverage" }, "geometry": { "type": "Point", "coordinates": [ 231479.649435418192297, 898095.116502123186365 ] } },
{ "type": "Feature", "properties": { "category": "food_beverage" }, "geometry": { "type": "Point", "coordinates": [ 238984.733626360190101, 903588.237141030142084 ] } },
{ "type": "Feature", "properties": { "category": "food_beverage" }, "geometry": { "type": "Point", "coordinates": [ 228678.494752756465459, 894822.918895923998207 ] } },
{ "type": "Feature", "properties": { "category": "food_beverage" }, "geometry": { "type": "Point", "coordinates": [ 237903.90505817529629, 909115.195874148746952 ] } },
{ "type": "Feature", "properties": { "category": "food_beverage" }, "geometry": { "type": "Point", "coordinates": [ 237452.659417237620801, 900403.721338045201264 ] } },
{ "type": "Feature", "properties": { "category": "food_beverage" }, "geometry": { "type": "Point", "coordinates": [ 231416.456151500344276, 902918.940242286305875 ] } },
{ "type": "Feature", "properties": { "category": "food_beverage" }, "geometry": { "type": "Point", "coordinates": [ 234129.85585875925608, 891240.056336080189794 ] } },
{ "type": "Feature", "properties": { "category": "food_beverage" }, "geometry": { "type": "Point", "coordinates": [ 230967.705783863319084, 900184.430213200394064 ] } },
{ "type": "Feature", "properties": { "category": "food_beverage" }, "geometry": { "type": "Point", "coordinates": [ 236003.433143169269897, 898472.72296119236853 ] } },
{ "type": "Feature", "properties": { "category": "food_beverage" }, "geometry": { "type": "Point", "coordinates": [ 231168.427868901519105, 900254.963282327516936 ] } },
{ "type": "Feature", "properties": { "category": "food_beverage" }, "geometry": { "type": "Point", "coordinates": [ 244035.922317964112153, 912718.698760544764809 ] } },
{ "type": "Feature", "properties": { "category": "food_beverage" }, "geometry": { "type": "Point", "coordinates": [ 234525.606617743120296, 904092.416699777822942 ] } },
{ "type": "Feature", "properties": { "category": "food_beverage" }, "geometry": { "type": "Point", "coordinates": [ 230377.426889247784857, 900305.150009844801389 ] } },
{ "type": "Feature", "properties": { "category": "food_beverage" }, "geometry": { "type": "Point", "coordinates": [ 238364.551471200218657, 890140.889379752567038 ] } },
{ "type": "Feature", "properties": { "category": "food_beverage" }, "geometry": { "type": "Point", "coordinates": [ 232889.556246578926221, 901595.187576761934906 ] } },
{ "type": "Feature", "properties": { "category": "food_beverage" }, "geometry": { "type": "Point", "coordinates": [ 227256.894244731694926, 892698.045929396292195 ] } },
{ "type": "Feature", "properties": { "category": "food_beverage" }, "geometry": { "type": "Point", "coordinates": [ 233982.03761384752579, 899631.196529600420035 ] } },
{ "type": "Feature", "properties": { "category": "food_beverage" }, "geometry": { "type": "Point", "coordinates": [ 234296.854172315623146, 904833.413767472840846 ] } },
{ "type": "Feature", "properties": { "category": "food_beverage" }, "geometry": { "type": "Point", "coordinates": [ 231079.237245983880712, 899277.419016549363732 ] } },
{ "type": "Feature", "properties": { "category": "food_beverage" }, "geometry": { "type": "Point", "coordinates": [ 218139.050751945906086, 905542.531122367479838 ] } },
{ "type": "Feature", "properties": { "category": "food_beverage" }, "geometry": { "type": "Point", "coordinates": [ 240652.199559806380421, 904187.076208551879972 ] } },
{ "type": "Feature", "properties": { "category": "food_beverage" }, "geometry": { "type": "Point", "coordinates": [ 232190.275787621038035, 902062.475807226030156 ] } },
{ "type": "Feature", "properties": { "category": "food_beverage" }, "geometry": { "type": "Point", "coordinates": [ 245907.582149615278468, 913035.395409593242221 ] } },
{ "type": "Feature", "properties": { "category": "food_beverage" }, "geometry": { "type": "Point", "coordinates": [ 220872.087224900024012, 902325.308856841991656 ] } },
{ "type": "Feature", "properties": { "category": "food_beverage" }, "geometry": { "type": "Point", "coordinates": [ 229881.865506148344139, 898732.168446695199236 ] } },
{ "type": "Feature", "properties": { "category": "food_beverage" }, "geometry": { "type": "Point", "coordinates": [ 242743.77885152050294, 903686.750986174447462 ] } },
{ "type": "Feature", "properties": { "category": "food_beverage" }, "geometry": { "type": "Point", "coordinates": [ 228950.660308444988914, 900870.510490323416889 ] } },
{ "type": "Feature", "properties": { "category": "food_beverage" }, "geometry": { "type": "Point", "coordinates": [ 220824.89770855079405, 899682.641282507451251 ] } },
{ "type": "Feature", "properties": { "category": "food_beverage" }, "geometry": { "type": "Point", "coordinates": [ 245522.471770144446054, 913385.34877465502359 ] } },
{ "type": "Feature", "properties": { "category": "food_beverage" }, "geometry": { "type": "Point", "coordinates": [ 228276.360094875853974, 890166.212986856349744 ] } },
{ "type": "Feature", "properties": { "category": "food_beverage" }, "geometry": { "type": "Point", "coordinates": [ 231442.415468066756148, 901130.032760929549113 ] } },
{ "type": "Feature", "properties": { "category": "food_beverage" }, "geometry": { "type": "Point", "coordinates": [ 236521.378606172918808, 898871.942414346151054 ] } },
{ "type": "Feature", "properties": { "category": "food_beverage" }, "geometry": { "type": "Point", "coordinates": [ 232604.993530391686363, 905187.583339530741796 ] } },
{ "type": "Feature", "properties": { "category": "food_beverage" }, "geometry": { "type": "Point", "coordinates": [ 221793.574227281758795, 902941.477787591749802 ] } },
{ "type": "Feature", "properties": { "category": "food_beverage" }, "geometry": { "type": "Point", "coordinates": [ 235712.291542685561581, 901257.738486301968805 ] } },
{ "type": "Feature", "properties": { "category": "food_beverage" }, "geometry": { "type": "Point", "coordinates": [ 230589.361385971744312, 900279.855015488457866 ] } },
{ "type": "Feature", "properties": { "category": "food_beverage" }, "geometry": { "type": "Point", "coordinates": [ 235671.941362727899104, 900297.152105506043881 ] } },
{ "type": "Feature", "properties": { "category": "food_beverage" }, "geometry": { "type": "Point", "coordinates": [ 235126.074729958869284, 895932.27815706236288 ] } },
{ "type": "Feature", "properties": { "category": "food_beverage" }, "geometry": { "type": "Point", "coordinates": [ 231107.209166136832209, 905054.38132687099278 ] } },
{ "type": "Feature", "properties": { "category": "food_beverage" }, "geometry": { "type": "Point", "coordinates": [ 241061.140820258995518, 888798.310329820145853 ] } },
{ "type": "Feature", "properties": { "category": "food_beverage" }, "geometry": { "type": "Point", "coordinates": [ 236384.703072177100694, 900121.970655620098114 ] } },
{ "type": "Feature", "properties": { "category": "food_beverage" }, "geometry": { "type": "Point", "coordinates": [ 221699.590026400459465, 902412.568266538670287 ] } },
{ "type": "Feature", "properties": { "category": "food_beverage" }, "geometry": { "type": "Point", "coordinates": [ 236179.138220379012637, 901193.146579368738458 ] } },
{ "type": "Feature", "properties": { "category": "food_beverage" }, "geometry": { "type": "Point", "coordinates": [ 228695.122261985205114, 898970.149323394405656 ] } },
{ "type": "Feature", "properties": { "category": "food_beverage" }, "geometry": { "type": "Point", "coordinates": [ 236029.366203058045357, 900197.894519431400113 ] } },
{ "type": "Feature", "properties": { "category": "food_beverage" }, "geometry": { "type": "Point", "coordinates": [ 236315.684771176544018, 900611.023672737530433 ] } },
{ "type": "Feature", "properties": { "category": "food_beverage" }, "geometry": { "type": "Point", "coordinates": [ 231283.441511176817585, 902550.011204993585125 ] } },
{ "type": "Feature", "properties": { "category": "food_beverage" }, "geometry": { "type": "Point", "coordinates": [ 220859.838528849650174, 902650.17438440641854 ] } },
{ "type": "Feature", "properties": { "category": "food_beverage" }, "geometry": { "type": "Point", "coordinates": [ 230736.854106199287344, 905923.164338778005913 ] } },
{ "type": "Feature", "properties": { "category": "food_beverage" }, "geometry": { "type": "Point", "coordinates": [ 241830.300817281502532, 905351.331826204317622 ] } },
{ "type": "Feature", "properties": { "category": "food_beverage" }, "geometry": { "type": "Point", "coordinates": [ 236854.373699351592222, 901529.557577434927225 ] } },
{ "type": "Feature", "properties": { "category": "food_beverage" }, "geometry": { "type": "Point", "coordinates": [ 231322.890045041713165, 904009.86773846601136 ] } },
{ "type": "Feature", "properties": { "category": "food_beverage" }, "geometry": { "type": "Point", "coordinates": [ 236510.040446364262607, 900245.361946686636657 ] } },
{ "type": "Feature", "properties": { "category": "food_beverage" }, "geometry": { "type": "Point", "coordinates": [ 236671.310217952268431, 901186.811722412821837 ] } },
{ "type": "Feature", "properties": { "category": "food_beverage" }, "geometry": { "type": "Point", "coordinates": [ 228430.604988175036851, 900965.135718863224611 ] } },
{ "type": "Feature", "properties": { "category": "food_beverage" }, "geometry": { "type": "Point", "coordinates": [ 227302.819122425920796, 900047.606302005588077 ] } },
{ "type": "Feature", "properties": { "category": "food_beverage" }, "geometry": { "type": "Point", "coordinates": [ 239841.287913381587714, 916094.6116823120974 ] } },
{ "type": "Feature", "properties": { "category": "food_beverage" }, "geometry": { "type": "Point", "coordinates": [ 225191.093315630452707, 897726.985301600769162 ] } },
{ "type": "Feature", "properties": { "category": "food_beverage" }, "geometry": { "type": "Point", "coordinates": [ 231394.089651531685377, 892113.593025876674801 ] } },
{ "type": "Feature", "properties": { "category": "food_beverage" }, "geometry": { "type": "Point", "coordinates": [ 240473.330242139316397, 908531.041158825857565 ] } },
{ "type": "Feature", "properties": { "category": "food_beverage" }, "geometry": { "type": "Point", "coordinates": [ 232965.093535963154864, 899399.976774549228139 ] } },
{ "type": "Feature", "properties": { "category": "food_beverage" }, "geometry": { "type": "Point", "coordinates": [ 239139.310668614169117, 911662.946909398306161 ] } },
{ "type": "Feature", "properties": { "category": "food_beverage" }, "geometry": { "type": "Point", "coordinates": [ 233145.46551465196535, 902649.078530666534789 ] } },
{ "type": "Feature", "properties": { "category": "food_beverage" }, "geometry": { "type": "Point", "coordinates": [ 233479.117391920823138, 899865.378359309979714 ] } },
{ "type": "Feature", "properties": { "category": "food_beverage" }, "geometry": { "type": "Point", "coordinates": [ 221669.326985808758764, 902637.629195146379061 ] } },
{ "type": "Feature", "properties": { "category": "food_beverage" }, "geometry": { "type": "Point", "coordinates": [ 237303.601707011315739, 900391.043137793196365 ] } },
{ "type": "Feature", "properties": { "category": "food_beverage" }, "geometry": { "type": "Point", "coordinates": [ 237109.542791901680175, 900006.907291812240146 ] } },
{ "type": "Feature", "properties": { "category": "food_beverage" }, "geometry": { "type": "Point", "coordinates": [ 239285.531221328710672, 902004.03994766366668 ] } },
{ "type": "Feature", "properties": { "category": "food_beverage" }, "geometry": { "type": "Point", "coordinates": [ 230323.68605385790579, 900367.676769570913166 ] } },
{ "type": "Feature", "properties": { "category": "food_beverage" }, "geometry": { "type": "Point", "coordinates": [ 238323.026924719422823, 904811.686734904185869 ] } },
{ "type": "Feature", "properties": { "category": "food_beverage" }, "geometry": { "type": "Point", "coordinates": [ 229626.340997978637461, 899879.959887734963559 ] } },
{ "type": "Feature", "properties": { "category": "food_beverage" }, "geometry": { "type": "Point", "coordinates": [ 227583.796284825075418, 900042.92750640749 ] } },
{ "type": "Feature", "properties": { "category": "food_beverage" }, "geometry": { "type": "Point", "coordinates": [ 232942.716936700802762, 899796.530145013472065 ] } },
{ "type": "Feature", "properties": { "category": "food_beverage" }, "geometry": { "type": "Point", "coordinates": [ 232502.074799048685236, 900453.058370886719786 ] } },
{ "type": "Feature", "properties": { "category": "food_beverage" }, "geometry": { "type": "Point", "coordinates": [ 228795.578987457032781, 907166.128401561640203 ] } },
{ "type": "Feature", "properties": { "category": "food_beverage" }, "geometry": { "type": "Point", "coordinates": [ 221732.528876217809739, 892202.519422213663347 ] } },
{ "type": "Feature", "properties": { "category": "food_beverage" }, "geometry": { "type": "Point", "coordinates": [ 234265.0773137860524, 899208.253928172052838 ] } },
{ "type": "Feature", "properties": { "category": "food_beverage" }, "geometry": { "type": "Point", "coordinates": [ 233226.908965957030887, 907993.806046943878755 ] } },
{ "type": "Feature", "properties": { "category": "food_beverage" }, "geometry": { "type": "Point", "coordinates": [ 222853.263763116614427, 899957.306505952496082 ] } },
{ "type": "Feature", "properties": { "category": "food_beverage" }, "geometry": { "type": "Point", "coordinates": [ 236101.033704927220242, 900970.25518118403852 ] } },
{ "type": "Feature", "properties": { "category": "food_beverage" }, "geometry": { "type": "Point", "coordinates": [ 231366.584421603649389, 903924.754428052809089 ] } },
{ "type": "Feature", "properties": { "category": "food_beverage" }, "geometry": { "type": "Point", "coordinates": [ 231462.279833310691174, 889166.837472217623144 ] } },
{ "type": "Feature", "properties": { "category": "food_beverage" }, "geometry": { "type": "Point", "coordinates": [ 233147.088811881432775, 896207.138892231509089 ] } },
{ "type": "Feature", "properties": { "category": "food_beverage" }, "geometry": { "type": "Point", "coordinates": [ 232622.069581803836627, 901687.135060072178021 ] } },
{ "type": "Feature", "properties": { "category": "food_beverage" }, "geometry": { "type": "Point", "coordinates": [ 240896.021170944877667, 889179.228765213629231 ] } },
{ "type": "Feature", "properties": { "category": "food_beverage" }, "geometry": { "type": "Point", "coordinates": [ 230031.125493760802783, 898785.677349583944306 ] } },
{ "type": "Feature", "properties": { "category": "food_beverage" }, "geometry": { "type": "Point", "coordinates": [ 223527.073232290742453, 895303.530568974791095 ] } },
{ "type": "Feature", "properties": { "category": "food_beverage" }, "geometry": { "type": "Point", "coordinates": [ 233928.490220788546139, 893820.827557363780215 ] } },
{ "type": "Feature", "properties": { "category": "food_beverage" }, "geometry": { "type": "Point", "coordinates": [ 229523.58424395439215, 906153.112236803979613 ] } },
{ "type": "Feature", "properties": { "category": "food_beverage" }, "geometry": { "type": "Point", "coordinates": [ 220838.521753822860774, 902922.806731394608505 ] } },
{ "type": "Feature", "properties": { "category": "food_beverage" }, "geometry": { "type": "Point", "coordinates": [ 235503.99110563591239, 901250.462495545740239 ] } },
{ "type": "Feature", "properties": { "category": "food_beverage" }, "geometry": { "type": "Point", "coordinates": [ 224080.242501834465656, 900276.529612873215228 ] } },
{ "type": "Feature", "properties": { "category": "food_beverage" }, "geometry": { "type": "Point", "coordinates": [ 233268.958402260730509, 899858.715384606970474 ] } },
{ "type": "Feature", "properties": { "category": "food_beverage" }, "geometry": { "type": "Point", "coordinates": [ 240917.204023379279533, 911498.470700683072209 ] } },
{ "type": "Feature", "properties": { "category": "food_beverage" }, "geometry": { "type": "Point", "coordinates": [ 233091.025478931405814, 899692.480629086494446 ] } },
{ "type": "Feature", "properties": { "category": "food_beverage" }, "geometry": { "type": "Point", "coordinates": [ 236318.990158183762105, 900465.639500319142826 ] } },
{ "type": "Feature", "properties": { "category": "food_beverage" }, "geometry": { "type": "Point", "coordinates": [ 238837.71592081367271, 894389.942523331963457 ] } },
{ "type": "Feature", "properties": { "category": "food_beverage" }, "geometry": { "type": "Point", "coordinates": [ 237024.466105977015104, 901219.654566677985713 ] } },
{ "type": "Feature", "properties": { "category": "food_beverage" }, "geometry": { "type": "Point", "coordinates": [ 229942.118958438833943, 898825.840834388742223 ] } },
{ "type": "Feature", "properties": { "category": "food_beverage" }, "geometry": { "type": "Point", "coordinates": [ 232211.166548440582119, 907544.531557198031805 ] } },
{ "type": "Feature", "properties": { "category": "food_beverage" }, "geometry": { "type": "Point", "coordinates": [ 230321.903193949663546, 900379.887616683612578 ] } },
{ "type": "Feature", "properties": { "category": "food_beverage" }, "geometry": { "type": "Point", "coordinates": [ 244807.463217008626089, 890969.273064052918926 ] } },
{ "type": "Feature", "properties": { "category": "food_beverage" }, "geometry": { "type": "Point", "coordinates": [ 231912.728451718285214, 903685.840982349123806 ] } },
{ "type": "Feature", "properties": { "category": "food_beverage" }, "geometry": { "type": "Point", "coordinates": [ 233286.923210130422376, 899458.032150207553059 ] } },
{ "type": "Feature", "properties": { "category": "food_beverage" }, "geometry": { "type": "Point", "coordinates": [ 237805.846880931523629, 905411.04439088399522 ] } },
{ "type": "Feature", "properties": { "category": "food_beverage" }, "geometry": { "type": "Point", "coordinates": [ 234270.056761309038848, 899876.966181567520835 ] } },
{ "type": "Feature", "properties": { "category": "food_beverage" }, "geometry": { "type": "Point", "coordinates": [ 235661.048651985998731, 899196.314934645197354 ] } },
{ "type": "Feature", "properties": { "category": "food_beverage" }, "geometry": { "type": "Point", "coordinates": [ 238450.134844241663814, 891133.711469995090738 ] } },
{ "type": "Feature", "properties": { "category": "food_beverage" }, "geometry": { "type": "Point", "coordinates": [ 243534.01278555332101, 912116.169764995807782 ] } },
{ "type": "Feature", "properties": { "category": "food_beverage" }, "geometry": { "type": "Point", "coordinates": [ 245836.043242891930277, 912932.843262384063564 ] } },
{ "type": "Feature", "properties": { "category": "food_beverage" }, "geometry": { "type": "Point", "coordinates": [ 234760.818187578493962, 900440.319883929565549 ] } },
{ "type": "Feature", "properties": { "category": "food_beverage" }, "geometry": { "type": "Point", "coordinates": [ 236761.690589662292041, 901610.159258166560903 ] } },
{ "type": "Feature", "properties": { "category": "food_beverage" }, "geometry": { "type": "Point", "coordinates": [ 244369.707440641039284, 915326.56557612773031 ] } },
{ "type": "Feature", "properties": { "category": "food_beverage" }, "geometry": { "type": "Point", "coordinates": [ 242011.795970017788932, 887851.77578786725644 ] } },
{ "type": "Feature", "properties": { "category": "food_beverage" }, "geometry": { "type": "Point", "coordinates": [ 238732.916436675761361, 902972.910748836584389 ] } },
{ "type": "Feature", "properties": { "category": "food_beverage" }, "geometry": { "type": "Point", "coordinates": [ 231408.303884662920609, 902531.796119032660499 ] } },
{ "type": "Feature", "properties": { "category": "food_beverage" }, "geometry": { "type": "Point", "coordinates": [ 232905.586647306685336, 899420.469431541045196 ] } },
{ "type": "Feature", "properties": { "category": "food_beverage" }, "geometry": { "type": "Point", "coordinates": [ 223823.18383565597469, 894098.908174269832671 ] } },
{ "type": "Feature", "properties": { "category": "food_beverage" }, "geometry": { "type": "Point", "coordinates": [ 230773.707124689943157, 904652.028992838924751 ] } },
{ "type": "Feature", "properties": { "category": "food_beverage" }, "geometry": { "type": "Point", "coordinates": [ 233176.932601113134297, 901514.340881246142089 ] } },
{ "type": "Feature", "properties": { "category": "food_beverage" }, "geometry": { "type": "Point", "coordinates": [ 236563.50485677877441, 897775.602849290124141 ] } },
{ "type": "Feature", "properties": { "category": "food_beverage" }, "geometry": { "type": "Point", "coordinates": [ 235554.621720944036497, 905340.857711715507321 ] } },
{ "type": "Feature", "properties": { "category": "food_beverage" }, "geometry": { "type": "Point", "coordinates": [ 236642.083858699770644, 901167.442707691108808 ] } },
{ "type": "Feature", "properties": { "category": "food_beverage" }, "geometry": { "type": "Point", "coordinates": [ 232965.654247410042444, 902178.038086944376118 ] } },
{ "type": "Feature", "properties": { "category": "food_beverage" }, "geometry": { "type": "Point", "coordinates": [ 237562.267782796028769, 902401.27406200603582 ] } },
{ "type": "Feature", "properties": { "category": "food_beverage" }, "geometry": { "type": "Point", "coordinates": [ 246009.135866653610719, 913125.592861486366019 ] } },
{ "type": "Feature", "properties": { "category": "food_beverage" }, "geometry": { "type": "Point", "coordinates": [ 232282.757238090358442, 906187.249555401271209 ] } },
{ "type": "Feature", "properties": { "category": "food_beverage" }, "geometry": { "type": "Point", "coordinates": [ 234064.371712117223069, 906675.418397978530265 ] } },
{ "type": "Feature", "properties": { "category": "food_beverage" }, "geometry": { "type": "Point", "coordinates": [ 221545.434772901673568, 903503.432352874311619 ] } },
{ "type": "Feature", "properties": { "category": "food_beverage" }, "geometry": { "type": "Point", "coordinates": [ 231177.23879316681996, 902502.441932378336787 ] } },
{ "type": "Feature", "properties": { "category": "food_beverage" }, "geometry": { "type": "Point", "coordinates": [ 235912.691662513185292, 905338.791998465545475 ] } },
{ "type": "Feature", "properties": { "category": "food_beverage" }, "geometry": { "type": "Point", "coordinates": [ 236507.761003792722477, 901254.939678873168305 ] } },
{ "type": "Feature", "properties": { "category": "food_beverage" }, "geometry": { "type": "Point", "coordinates": [ 233500.345051837997744, 902860.811131394351833 ] } },
{ "type": "Feature", "properties": { "category": "food_beverage" }, "geometry": { "type": "Point", "coordinates": [ 236737.962006482935976, 901106.85029218532145 ] } },
{ "type": "Feature", "properties": { "category": "food_beverage" }, "geometry": { "type": "Point", "coordinates": [ 231432.105021164112259, 892115.984279674710706 ] } },
{ "type": "Feature", "properties": { "category": "food_beverage" }, "geometry": { "type": "Point", "coordinates": [ 232080.899090052873362, 907575.814843454980291 ] } },
{ "type": "Feature", "properties": { "category": "food_beverage" }, "geometry": { "type": "Point", "coordinates": [ 236454.746043459919747, 900739.594671608880162 ] } },
{ "type": "Feature", "properties": { "category": "food_beverage" }, "geometry": { "type": "Point", "coordinates": [ 232066.935043599252822, 907173.310458245803602 ] } },
{ "type": "Feature", "properties": { "category": "food_beverage" }, "geometry": { "type": "Point", "coordinates": [ 234446.040922111045802, 899459.174398566945456 ] } },
{ "type": "Feature", "properties": { "category": "food_beverage" }, "geometry": { "type": "Point", "coordinates": [ 230295.042653013719246, 900514.0646496306872 ] } },
{ "type": "Feature", "properties": { "category": "food_beverage" }, "geometry": { "type": "Point", "coordinates": [ 236530.14375759777613, 900514.830809206236154 ] } },
{ "type": "Feature", "properties": { "category": "food_beverage" }, "geometry": { "type": "Point", "coordinates": [ 236167.04525555082364, 900405.540147720952518 ] } },
{ "type": "Feature", "properties": { "category": "food_beverage" }, "geometry": { "type": "Point", "coordinates": [ 231828.754586536320858, 891775.20923649368342 ] } },
{ "type": "Feature", "properties": { "category": "food_beverage" }, "geometry": { "type": "Point", "coordinates": [ 234703.341030672308989, 906934.696784436237067 ] } },
{ "type": "Feature", "properties": { "category": "food_beverage" }, "geometry": { "type": "Point", "coordinates": [ 236632.202697154309135, 901766.992119917762466 ] } },
{ "type": "Feature", "properties": { "category": "food_beverage" }, "geometry": { "type": "Point", "coordinates": [ 226987.250183290801942, 888702.179215607931837 ] } },
{ "type": "Feature", "properties": { "category": "food_beverage" }, "geometry": { "type": "Point", "coordinates": [ 231305.112790387123823, 898146.099047983181663 ] } },
{ "type": "Feature", "properties": { "category": "food_beverage" }, "geometry": { "type": "Point", "coordinates": [ 235738.817388952506008, 900123.876983387861401 ] } },
{ "type": "Feature", "properties": { "category": "food_beverage" }, "geometry": { "type": "Point", "coordinates": [ 234980.864447542902781, 899731.401794233941473 ] } },
{ "type": "Feature", "properties": { "category": "food_beverage" }, "geometry": { "type": "Point", "coordinates": [ 228829.524881115357857, 898488.068972005741671 ] } },
{ "type": "Feature", "properties": { "category": "food_beverage" }, "geometry": { "type": "Point", "coordinates": [ 236649.335666842933279, 899144.749063741532154 ] } },
{ "type": "Feature", "properties": { "category": "food_beverage" }, "geometry": { "type": "Point", "coordinates": [ 236270.7722319153836, 901044.218759360839613 ] } },
{ "type": "Feature", "properties": { "category": "food_beverage" }, "geometry": { "type": "Point", "coordinates": [ 224048.229060108307749, 901734.310862829093821 ] } },
{ "type": "Feature", "properties": { "category": "food_beverage" }, "geometry": { "type": "Point", "coordinates": [ 233176.932601113134297, 901514.340881246142089 ] } },
{ "type": "Feature", "properties": { "category": "food_beverage" }, "geometry": { "type": "Point", "coordinates": [ 230586.840230638423236, 892901.009407800389454 ] } },
{ "type": "Feature", "properties": { "category": "food_beverage" }, "geometry": { "type": "Point", "coordinates": [ 235860.756472307635704, 899316.850754933198914 ] } },
{ "type": "Feature", "properties": { "category": "food_beverage" }, "geometry": { "type": "Point", "coordinates": [ 235640.56531905895099, 908731.663895902922377 ] } },
{ "type": "Feature", "properties": { "category": "food_beverage" }, "geometry": { "type": "Point", "coordinates": [ 237439.695462420175318, 898367.260111078503542 ] } },
{ "type": "Feature", "properties": { "category": "food_beverage" }, "geometry": { "type": "Point", "coordinates": [ 231115.603798503347207, 905203.819471325725317 ] } },
{ "type": "Feature", "properties": { "category": "food_beverage" }, "geometry": { "type": "Point", "coordinates": [ 232653.758202953235013, 901763.481841368367895 ] } },
{ "type": "Feature", "properties": { "category": "food_beverage" }, "geometry": { "type": "Point", "coordinates": [ 237814.85355183048523, 899820.057035996578634 ] } },
{ "type": "Feature", "properties": { "category": "food_beverage" }, "geometry": { "type": "Point", "coordinates": [ 237862.091772638086695, 902200.498250599834137 ] } },
{ "type": "Feature", "properties": { "category": "food_beverage" }, "geometry": { "type": "Point", "coordinates": [ 236098.879031985416077, 903088.843090189038776 ] } },
{ "type": "Feature", "properties": { "category": "food_beverage" }, "geometry": { "type": "Point", "coordinates": [ 231083.230773412564304, 902453.484205037006177 ] } },
{ "type": "Feature", "properties": { "category": "food_beverage" }, "geometry": { "type": "Point", "coordinates": [ 232006.343629444192629, 903581.186682208674029 ] } },
{ "type": "Feature", "properties": { "category": "food_beverage" }, "geometry": { "type": "Point", "coordinates": [ 240296.193324000312714, 894173.66055496246554 ] } },
{ "type": "Feature", "properties": { "category": "food_beverage" }, "geometry": { "type": "Point", "coordinates": [ 226611.437050136679318, 890489.502985789556988 ] } },
{ "type": "Feature", "properties": { "category": "food_beverage" }, "geometry": { "type": "Point", "coordinates": [ 237844.343216978799319, 905111.892973710317165 ] } },
{ "type": "Feature", "properties": { "category": "food_beverage" }, "geometry": { "type": "Point", "coordinates": [ 228146.591335888981121, 889934.989271074999124 ] } },
{ "type": "Feature", "properties": { "category": "food_beverage" }, "geometry": { "type": "Point", "coordinates": [ 223172.735023897577776, 904117.986161879030988 ] } },
{ "type": "Feature", "properties": { "category": "food_beverage" }, "geometry": { "type": "Point", "coordinates": [ 239523.680052024661563, 890723.567459784913808 ] } },
{ "type": "Feature", "properties": { "category": "food_beverage" }, "geometry": { "type": "Point", "coordinates": [ 237303.601707011315739, 900391.043137793196365 ] } },
{ "type": "Feature", "properties": { "category": "food_beverage" }, "geometry": { "type": "Point", "coordinates": [ 229455.251516162563348, 904211.281033810344525 ] } },
{ "type": "Feature", "properties": { "category": "food_beverage" }, "geometry": { "type": "Point", "coordinates": [ 230314.044573799095815, 907923.305766090750694 ] } },
{ "type": "Feature", "properties": { "category": "food_beverage" }, "geometry": { "type": "Point", "coordinates": [ 235409.090807552100159, 899157.274640516727231 ] } },
{ "type": "Feature", "properties": { "category": "food_beverage" }, "geometry": { "type": "Point", "coordinates": [ 239831.771608426468447, 901910.143857455230318 ] } },
{ "type": "Feature", "properties": { "category": "food_beverage" }, "geometry": { "type": "Point", "coordinates": [ 236632.202697154309135, 901766.992119917762466 ] } },
{ "type": "Feature", "properties": { "category": "food_beverage" }, "geometry": { "type": "Point", "coordinates": [ 236531.796418059326243, 906420.232776812161319 ] } },
{ "type": "Feature", "properties": { "category": "food_beverage" }, "geometry": { "type": "Point", "coordinates": [ 235543.189392405940453, 908590.320743318181485 ] } },
{ "type": "Feature", "properties": { "category": "food_beverage" }, "geometry": { "type": "Point", "coordinates": [ 232384.123425765137654, 896296.666033776942641 ] } },
{ "type": "Feature", "properties": { "category": "food_beverage" }, "geometry": { "type": "Point", "coordinates": [ 238956.015434592321981, 889344.946014516637661 ] } },
{ "type": "Feature", "properties": { "category": "food_beverage" }, "geometry": { "type": "Point", "coordinates": [ 237014.099305805400945, 901373.554532091715373 ] } },
{ "type": "Feature", "properties": { "category": "food_beverage" }, "geometry": { "type": "Point", "coordinates": [ 231826.537110202276381, 895800.939074876834638 ] } },
{ "type": "Feature", "properties": { "category": "food_beverage" }, "geometry": { "type": "Point", "coordinates": [ 238003.792223321448546, 904920.142576427198946 ] } },
{ "type": "Feature", "properties": { "category": "food_beverage" }, "geometry": { "type": "Point", "coordinates": [ 240099.263426226272713, 904891.250862737651914 ] } },
{ "type": "Feature", "properties": { "category": "food_beverage" }, "geometry": { "type": "Point", "coordinates": [ 228892.959575116663473, 902821.35584474215284 ] } },
{ "type": "Feature", "properties": { "category": "food_beverage" }, "geometry": { "type": "Point", "coordinates": [ 232604.993530391686363, 905187.583339530741796 ] } },
{ "type": "Feature", "properties": { "category": "food_beverage" }, "geometry": { "type": "Point", "coordinates": [ 222293.728954378282651, 899854.095889353891835 ] } },
{ "type": "Feature", "properties": { "category": "food_beverage" }, "geometry": { "type": "Point", "coordinates": [ 230371.07143569883192, 907068.908206692431122 ] } },
{ "type": "Feature", "properties": { "category": "food_beverage" }, "geometry": { "type": "Point", "coordinates": [ 236021.598675710265525, 902692.895399604458362 ] } },
{ "type": "Feature", "properties": { "category": "food_beverage" }, "geometry": { "type": "Point", "coordinates": [ 246281.444524228980299, 913323.999506707768887 ] } },
{ "type": "Feature", "properties": { "category": "food_beverage" }, "geometry": { "type": "Point", "coordinates": [ 226238.410772137343884, 903372.660798201803118 ] } },
{ "type": "Feature", "properties": { "category": "food_beverage" }, "geometry": { "type": "Point", "coordinates": [ 230440.763530832860852, 900348.077893307548948 ] } },
{ "type": "Feature", "properties": { "category": "food_beverage" }, "geometry": { "type": "Point", "coordinates": [ 236030.683483268599957, 900471.264351118821651 ] } },
{ "type": "Feature", "properties": { "category": "food_beverage" }, "geometry": { "type": "Point", "coordinates": [ 240547.639561045652954, 904183.805888812756166 ] } },
{ "type": "Feature", "properties": { "category": "food_beverage" }, "geometry": { "type": "Point", "coordinates": [ 231698.286285028007114, 895574.762953765690327 ] } },
{ "type": "Feature", "properties": { "category": "food_beverage" }, "geometry": { "type": "Point", "coordinates": [ 219683.491234689630801, 901407.378059050999582 ] } },
{ "type": "Feature", "properties": { "category": "food_beverage" }, "geometry": { "type": "Point", "coordinates": [ 236642.083858699770644, 901167.442707691108808 ] } },
{ "type": "Feature", "properties": { "category": "food_beverage" }, "geometry": { "type": "Point", "coordinates": [ 230868.653450738464016, 900282.29813813813962 ] } },
{ "type": "Feature", "properties": { "category": "food_beverage" }, "geometry": { "type": "Point", "coordinates": [ 241207.589022042026045, 888635.217826776672155 ] } },
{ "type": "Feature", "properties": { "category": "food_beverage" }, "geometry": { "type": "Point", "coordinates": [ 228062.421612269477919, 899876.31801029923372 ] } },
{ "type": "Feature", "properties": { "category": "food_beverage" }, "geometry": { "type": "Point", "coordinates": [ 230868.653450738464016, 900282.29813813813962 ] } },
{ "type": "Feature", "properties": { "category": "food_beverage" }, "geometry": { "type": "Point", "coordinates": [ 239231.072820231143851, 891087.81558259902522 ] } },
{ "type": "Feature", "properties": { "category": "food_beverage" }, "geometry": { "type": "Point", "coordinates": [ 226557.022114363557193, 886957.778724421281368 ] } },
{ "type": "Feature", "properties": { "category": "food_beverage" }, "geometry": { "type": "Point", "coordinates": [ 234019.755728560267016, 899499.196514774230309 ] } },
{ "type": "Feature", "properties": { "category": "food_beverage" }, "geometry": { "type": "Point", "coordinates": [ 242793.151474790356588, 903652.505919008748606 ] } },
{ "type": "Feature", "properties": { "category": "food_beverage" }, "geometry": { "type": "Point", "coordinates": [ 235557.500451408763183, 905048.734199460828677 ] } },
{ "type": "Feature", "properties": { "category": "food_beverage" }, "geometry": { "type": "Point", "coordinates": [ 232422.276666042744182, 898712.658995590405539 ] } },
{ "type": "Feature", "properties": { "category": "food_beverage" }, "geometry": { "type": "Point", "coordinates": [ 229410.614569378143642, 904468.462809798191302 ] } },
{ "type": "Feature", "properties": { "category": "food_beverage" }, "geometry": { "type": "Point", "coordinates": [ 235527.317045417614281, 900645.093428013962694 ] } },
{ "type": "Feature", "properties": { "category": "food_beverage" }, "geometry": { "type": "Point", "coordinates": [ 234154.84442557557486, 901475.150660910294391 ] } },
{ "type": "Feature", "properties": { "category": "food_beverage" }, "geometry": { "type": "Point", "coordinates": [ 236049.056932016246719, 900615.649028699030168 ] } },
{ "type": "Feature", "properties": { "category": "food_beverage" }, "geometry": { "type": "Point", "coordinates": [ 228099.65241170162335, 901342.023914694669656 ] } },
{ "type": "Feature", "properties": { "category": "food_beverage" }, "geometry": { "type": "Point", "coordinates": [ 231157.319657097366871, 905042.829124221112579 ] } },
{ "type": "Feature", "properties": { "category": "food_beverage" }, "geometry": { "type": "Point", "coordinates": [ 231795.045819657534594, 896110.478694538003765 ] } },
{ "type": "Feature", "properties": { "category": "food_beverage" }, "geometry": { "type": "Point", "coordinates": [ 236050.209401267464273, 900937.004024606663734 ] } },
{ "type": "Feature", "properties": { "category": "food_beverage" }, "geometry": { "type": "Point", "coordinates": [ 232899.727979977964424, 903521.333085141261108 ] } },
{ "type": "Feature", "properties": { "category": "food_beverage" }, "geometry": { "type": "Point", "coordinates": [ 234012.998559008003213, 893927.202695390908048 ] } },
{ "type": "Feature", "properties": { "category": "food_beverage" }, "geometry": { "type": "Point", "coordinates": [ 236399.389304109994555, 900945.13559620291926 ] } },
{ "type": "Feature", "properties": { "category": "food_beverage" }, "geometry": { "type": "Point", "coordinates": [ 238025.160231550835306, 902858.742739174049348 ] } },
{ "type": "Feature", "properties": { "category": "food_beverage" }, "geometry": { "type": "Point", "coordinates": [ 237439.695462420175318, 898367.260111078503542 ] } },
{ "type": "Feature", "properties": { "category": "food_beverage" }, "geometry": { "type": "Point", "coordinates": [ 238209.530555977398762, 889150.136558133759536 ] } },
{ "type": "Feature", "properties": { "category": "food_beverage" }, "geometry": { "type": "Point", "coordinates": [ 236452.267914456198923, 901391.944351686863229 ] } },
{ "type": "Feature", "properties": { "category": "food_beverage" }, "geometry": { "type": "Point", "coordinates": [ 235283.404567448014859, 893838.823409141041338 ] } },
{ "type": "Feature", "properties": { "category": "food_beverage" }, "geometry": { "type": "Point", "coordinates": [ 226789.052369328885106, 907444.768994208192453 ] } },
{ "type": "Feature", "properties": { "category": "food_beverage" }, "geometry": { "type": "Point", "coordinates": [ 245244.955846273893258, 912729.058516200166196 ] } },
{ "type": "Feature", "properties": { "category": "food_beverage" }, "geometry": { "type": "Point", "coordinates": [ 233578.823010225547478, 908114.446917142253369 ] } },
{ "type": "Feature", "properties": { "category": "food_beverage" }, "geometry": { "type": "Point", "coordinates": [ 238865.199796160159167, 903312.765313278301619 ] } },
{ "type": "Feature", "properties": { "category": "food_beverage" }, "geometry": { "type": "Point", "coordinates": [ 240580.724156432435848, 906808.363999239751138 ] } },
{ "type": "Feature", "properties": { "category": "food_beverage" }, "geometry": { "type": "Point", "coordinates": [ 231115.802929735014914, 899189.052082751411945 ] } },
{ "type": "Feature", "properties": { "category": "food_beverage" }, "geometry": { "type": "Point", "coordinates": [ 235972.093726259365212, 901809.123549369163811 ] } },
{ "type": "Feature", "properties": { "category": "food_beverage" }, "geometry": { "type": "Point", "coordinates": [ 231401.048528591782087, 904154.618847490288317 ] } },
{ "type": "Feature", "properties": { "category": "food_beverage" }, "geometry": { "type": "Point", "coordinates": [ 234699.254008077288745, 899726.784498338005506 ] } },
{ "type": "Feature", "properties": { "category": "food_beverage" }, "geometry": { "type": "Point", "coordinates": [ 234944.452633968030568, 902015.985757435439155 ] } },
{ "type": "Feature", "properties": { "category": "food_beverage" }, "geometry": { "type": "Point", "coordinates": [ 239282.150418748817174, 914475.436766485450789 ] } },
{ "type": "Feature", "properties": { "category": "food_beverage" }, "geometry": { "type": "Point", "coordinates": [ 228492.138947885483503, 899889.488001842633821 ] } },
{ "type": "Feature", "properties": { "category": "food_beverage" }, "geometry": { "type": "Point", "coordinates": [ 221952.655260412837379, 902082.898709544213489 ] } },
{ "type": "Feature", "properties": { "category": "food_beverage" }, "geometry": { "type": "Point", "coordinates": [ 238149.478239765681792, 899529.28585811285302 ] } },
{ "type": "Feature", "properties": { "category": "food_beverage" }, "geometry": { "type": "Point", "coordinates": [ 239232.611686857620953, 891595.998844829504378 ] } },
{ "type": "Feature", "properties": { "category": "food_beverage" }, "geometry": { "type": "Point", "coordinates": [ 234276.165566214360297, 902188.308411096921191 ] } },
{ "type": "Feature", "properties": { "category": "food_beverage" }, "geometry": { "type": "Point", "coordinates": [ 241780.449856148567051, 905399.576881784712896 ] } },
{ "type": "Feature", "properties": { "category": "food_beverage" }, "geometry": { "type": "Point", "coordinates": [ 237990.870423173968447, 904782.22332653531339 ] } },
{ "type": "Feature", "properties": { "category": "food_beverage" }, "geometry": { "type": "Point", "coordinates": [ 236098.147180388332345, 900730.311507102567703 ] } },
{ "type": "Feature", "properties": { "category": "food_beverage" }, "geometry": { "type": "Point", "coordinates": [ 244930.800183209124953, 911929.028351443819702 ] } },
{ "type": "Feature", "properties": { "category": "food_beverage" }, "geometry": { "type": "Point", "coordinates": [ 224813.523518169677118, 900762.822325011016801 ] } },
{ "type": "Feature", "properties": { "category": "food_beverage" }, "geometry": { "type": "Point", "coordinates": [ 221755.550998242426431, 892199.59153838083148 ] } },
{ "type": "Feature", "properties": { "category": "food_beverage" }, "geometry": { "type": "Point", "coordinates": [ 235161.440575719811022, 899870.817004158161581 ] } },
{ "type": "Feature", "properties": { "category": "food_beverage" }, "geometry": { "type": "Point", "coordinates": [ 220914.233652539289324, 899648.805941225495189 ] } },
{ "type": "Feature", "properties": { "category": "food_beverage" }, "geometry": { "type": "Point", "coordinates": [ 234634.2886520610773, 899784.335584598476999 ] } },
{ "type": "Feature", "properties": { "category": "food_beverage" }, "geometry": { "type": "Point", "coordinates": [ 236663.925591213366715, 900707.470597171224654 ] } },
{ "type": "Feature", "properties": { "category": "food_beverage" }, "geometry": { "type": "Point", "coordinates": [ 238129.810626957740169, 902393.890079826349393 ] } },
{ "type": "Feature", "properties": { "category": "food_beverage" }, "geometry": { "type": "Point", "coordinates": [ 234339.451859502121806, 899991.270770034287125 ] } },
{ "type": "Feature", "properties": { "category": "food_beverage" }, "geometry": { "type": "Point", "coordinates": [ 232774.209310755744809, 901741.160590409999713 ] } },
{ "type": "Feature", "properties": { "category": "food_beverage" }, "geometry": { "type": "Point", "coordinates": [ 222999.309849811485037, 902258.972791391192004 ] } },
{ "type": "Feature", "properties": { "category": "food_beverage" }, "geometry": { "type": "Point", "coordinates": [ 235700.50416413648054, 900205.10240840120241 ] } },
{ "type": "Feature", "properties": { "category": "food_beverage" }, "geometry": { "type": "Point", "coordinates": [ 221689.639194759802194, 892442.643252397072501 ] } },
{ "type": "Feature", "properties": { "category": "food_beverage" }, "geometry": { "type": "Point", "coordinates": [ 233304.00363317981828, 903346.067987995920703 ] } },
{ "type": "Feature", "properties": { "category": "food_beverage" }, "geometry": { "type": "Point", "coordinates": [ 227442.182364972308278, 900038.041076090186834 ] } },
{ "type": "Feature", "properties": { "category": "food_beverage" }, "geometry": { "type": "Point", "coordinates": [ 235335.562590665795142, 893601.159187948564067 ] } },
{ "type": "Feature", "properties": { "category": "food_beverage" }, "geometry": { "type": "Point", "coordinates": [ 240580.724156432435848, 906808.363999239751138 ] } },
{ "type": "Feature", "properties": { "category": "food_beverage" }, "geometry": { "type": "Point", "coordinates": [ 236107.183610987791326, 901777.381611859076656 ] } },
{ "type": "Feature", "properties": { "category": "food_beverage" }, "geometry": { "type": "Point", "coordinates": [ 222343.379558774438919, 900227.361537921940908 ] } },
{ "type": "Feature", "properties": { "category": "food_beverage" }, "geometry": { "type": "Point", "coordinates": [ 222669.591052962379763, 899886.288753971806727 ] } },
{ "type": "Feature", "properties": { "category": "food_beverage" }, "geometry": { "type": "Point", "coordinates": [ 231295.358057932404336, 902703.796523532946594 ] } },
{ "type": "Feature", "properties": { "category": "food_beverage" }, "geometry": { "type": "Point", "coordinates": [ 236845.62610194995068, 901783.881258201319724 ] } },
{ "type": "Feature", "properties": { "category": "food_beverage" }, "geometry": { "type": "Point", "coordinates": [ 226563.456265240994981, 889911.396990675712004 ] } },
{ "type": "Feature", "properties": { "category": "food_beverage" }, "geometry": { "type": "Point", "coordinates": [ 229406.13071223688894, 900817.640500649577007 ] } },
{ "type": "Feature", "properties": { "category": "food_beverage" }, "geometry": { "type": "Point", "coordinates": [ 228267.762198305485072, 894050.609090234036557 ] } },
{ "type": "Feature", "properties": { "category": "food_beverage" }, "geometry": { "type": "Point", "coordinates": [ 234826.7474324091163, 899871.372004032251425 ] } },
{ "type": "Feature", "properties": { "category": "food_beverage" }, "geometry": { "type": "Point", "coordinates": [ 236100.634012410941068, 900133.946092456812039 ] } },
{ "type": "Feature", "properties": { "category": "food_beverage" }, "geometry": { "type": "Point", "coordinates": [ 234305.037611934938468, 902432.488483101362363 ] } },
{ "type": "Feature", "properties": { "category": "food_beverage" }, "geometry": { "type": "Point", "coordinates": [ 240325.42111815395765, 910941.194683830486611 ] } },
{ "type": "Feature", "properties": { "category": "food_beverage" }, "geometry": { "type": "Point", "coordinates": [ 238137.520844930491876, 913715.54182022891473 ] } },
{ "type": "Feature", "properties": { "category": "food_beverage" }, "geometry": { "type": "Point", "coordinates": [ 236727.035279816424008, 901085.355064223753288 ] } },
{ "type": "Feature", "properties": { "category": "food_beverage" }, "geometry": { "type": "Point", "coordinates": [ 236042.080729201436043, 902665.897280937060714 ] } },
{ "type": "Feature", "properties": { "category": "food_beverage" }, "geometry": { "type": "Point", "coordinates": [ 234686.687489548610756, 904890.201389689231291 ] } },
{ "type": "Feature", "properties": { "category": "food_beverage" }, "geometry": { "type": "Point", "coordinates": [ 238003.188531300023897, 902840.073685978655703 ] } },
{ "type": "Feature", "properties": { "category": "food_beverage" }, "geometry": { "type": "Point", "coordinates": [ 231169.900187349267071, 899254.161009844276123 ] } },
{ "type": "Feature", "properties": { "category": "food_beverage" }, "geometry": { "type": "Point", "coordinates": [ 234536.615451606281567, 905972.705121991224587 ] } },
{ "type": "Feature", "properties": { "category": "food_beverage" }, "geometry": { "type": "Point", "coordinates": [ 234826.7474324091163, 899871.372004032251425 ] } },
{ "type": "Feature", "properties": { "category": "food_beverage" }, "geometry": { "type": "Point", "coordinates": [ 231497.048270965053234, 905644.836895580519922 ] } },
{ "type": "Feature", "properties": { "category": "food_beverage" }, "geometry": { "type": "Point", "coordinates": [ 233542.324163713230519, 892830.062527648871765 ] } },
{ "type": "Feature", "properties": { "category": "food_beverage" }, "geometry": { "type": "Point", "coordinates": [ 236557.369252044678433, 901156.893324220902286 ] } },
{ "type": "Feature", "properties": { "category": "food_beverage" }, "geometry": { "type": "Point", "coordinates": [ 235867.396386276959674, 900114.757186497095972 ] } },
{ "type": "Feature", "properties": { "category": "food_beverage" }, "geometry": { "type": "Point", "coordinates": [ 235855.897753761906642, 897829.940557437483221 ] } },
{ "type": "Feature", "properties": { "category": "food_beverage" }, "geometry": { "type": "Point", "coordinates": [ 237047.037700745975599, 900782.236196063575335 ] } },
{ "type": "Feature", "properties": { "category": "food_beverage" }, "geometry": { "type": "Point", "coordinates": [ 236971.240718002256472, 899670.833824445842765 ] } },
{ "type": "Feature", "properties": { "category": "food_beverage" }, "geometry": { "type": "Point", "coordinates": [ 231561.952266140957363, 900138.866254638647661 ] } },
{ "type": "Feature", "properties": { "category": "food_beverage" }, "geometry": { "type": "Point", "coordinates": [ 236721.872873744578101, 901663.268667840166017 ] } },
{ "type": "Feature", "properties": { "category": "food_beverage" }, "geometry": { "type": "Point", "coordinates": [ 236454.746043459919747, 900739.594671608880162 ] } },
{ "type": "Feature", "properties": { "category": "food_beverage" }, "geometry": { "type": "Point", "coordinates": [ 228386.411031775758602, 892889.56471545889508 ] } },
{ "type": "Feature", "properties": { "category": "food_beverage" }, "geometry": { "type": "Point", "coordinates": [ 227975.887479187396821, 904617.999997353879735 ] } },
{ "type": "Feature", "properties": { "category": "food_beverage" }, "geometry": { "type": "Point", "coordinates": [ 232224.483862534019863, 901661.973910401575267 ] } },
{ "type": "Feature", "properties": { "category": "food_beverage" }, "geometry": { "type": "Point", "coordinates": [ 219639.743674544093665, 904944.191091360989958 ] } },
{ "type": "Feature", "properties": { "category": "food_beverage" }, "geometry": { "type": "Point", "coordinates": [ 236202.111468917690217, 900059.823692427482456 ] } },
{ "type": "Feature", "properties": { "category": "food_beverage" }, "geometry": { "type": "Point", "coordinates": [ 226170.841375969932415, 901813.541809846647084 ] } },
{ "type": "Feature", "properties": { "category": "food_beverage" }, "geometry": { "type": "Point", "coordinates": [ 235875.155561425111955, 900192.662467466434464 ] } },
{ "type": "Feature", "properties": { "category": "food_beverage" }, "geometry": { "type": "Point", "coordinates": [ 221694.216919187019812, 902258.82030159723945 ] } },
{ "type": "Feature", "properties": { "category": "food_beverage" }, "geometry": { "type": "Point", "coordinates": [ 234553.738484991015866, 908130.175109161995351 ] } },
{ "type": "Feature", "properties": { "category": "food_beverage" }, "geometry": { "type": "Point", "coordinates": [ 235142.585331666487036, 891305.91108261467889 ] } },
{ "type": "Feature", "properties": { "category": "food_beverage" }, "geometry": { "type": "Point", "coordinates": [ 231156.476058142754482, 900256.132137666456401 ] } },
{ "type": "Feature", "properties": { "category": "food_beverage" }, "geometry": { "type": "Point", "coordinates": [ 233713.421998717501992, 898892.01413870730903 ] } },
{ "type": "Feature", "properties": { "category": "food_beverage" }, "geometry": { "type": "Point", "coordinates": [ 234949.41595067185699, 900123.5723832314834 ] } },
{ "type": "Feature", "properties": { "category": "food_beverage" }, "geometry": { "type": "Point", "coordinates": [ 221039.494025784748374, 902916.852193360566162 ] } },
{ "type": "Feature", "properties": { "category": "food_beverage" }, "geometry": { "type": "Point", "coordinates": [ 228643.299630456167506, 900200.897181948996149 ] } },
{ "type": "Feature", "properties": { "category": "food_beverage" }, "geometry": { "type": "Point", "coordinates": [ 236666.660882147785742, 900562.194627269404009 ] } },
{ "type": "Feature", "properties": { "category": "food_beverage" }, "geometry": { "type": "Point", "coordinates": [ 234944.452633968030568, 902015.985757435439155 ] } },
{ "type": "Feature", "properties": { "category": "food_beverage" }, "geometry": { "type": "Point", "coordinates": [ 224573.876995053782593, 900571.926821477245539 ] } },
{ "type": "Feature", "properties": { "category": "food_beverage" }, "geometry": { "type": "Point", "coordinates": [ 236354.921470000204863, 900941.461964012705721 ] } },
{ "type": "Feature", "properties": { "category": "food_beverage" }, "geometry": { "type": "Point", "coordinates": [ 234306.687623389938381, 892365.006635428522713 ] } },
{ "type": "Feature", "properties": { "category": "food_beverage" }, "geometry": { "type": "Point", "coordinates": [ 239070.296319648361532, 901544.751473017851822 ] } },
{ "type": "Feature", "properties": { "category": "food_beverage" }, "geometry": { "type": "Point", "coordinates": [ 239071.240882580867037, 905328.107617095462047 ] } },
{ "type": "Feature", "properties": { "category": "food_beverage" }, "geometry": { "type": "Point", "coordinates": [ 232535.382861463818699, 901853.572417110204697 ] } },
{ "type": "Feature", "properties": { "category": "food_beverage" }, "geometry": { "type": "Point", "coordinates": [ 231022.65962546467199, 898467.192986872396432 ] } },
{ "type": "Feature", "properties": { "category": "food_beverage" }, "geometry": { "type": "Point", "coordinates": [ 235313.378475627163425, 886612.709167433087714 ] } },
{ "type": "Feature", "properties": { "category": "food_beverage" }, "geometry": { "type": "Point", "coordinates": [ 221851.038989068736555, 893722.289356555906124 ] } },
{ "type": "Feature", "properties": { "category": "food_beverage" }, "geometry": { "type": "Point", "coordinates": [ 243525.8663201573072, 902624.636696636676788 ] } },
{ "type": "Feature", "properties": { "category": "food_beverage" }, "geometry": { "type": "Point", "coordinates": [ 228212.98266435606638, 892308.717831228277646 ] } },
{ "type": "Feature", "properties": { "category": "food_beverage" }, "geometry": { "type": "Point", "coordinates": [ 236283.79463199005113, 901617.338896180735901 ] } },
{ "type": "Feature", "properties": { "category": "food_beverage" }, "geometry": { "type": "Point", "coordinates": [ 228867.056979093584232, 901127.422449866193347 ] } },
{ "type": "Feature", "properties": { "category": "food_beverage" }, "geometry": { "type": "Point", "coordinates": [ 229266.695331942726625, 900550.805279492167756 ] } },
{ "type": "Feature", "properties": { "category": "food_beverage" }, "geometry": { "type": "Point", "coordinates": [ 221838.286677286028862, 905909.955868976074271 ] } },
{ "type": "Feature", "properties": { "category": "food_beverage" }, "geometry": { "type": "Point", "coordinates": [ 225831.531476990669034, 901483.051970306318253 ] } },
{ "type": "Feature", "properties": { "category": "food_beverage" }, "geometry": { "type": "Point", "coordinates": [ 236448.789963696268387, 906441.684042565757409 ] } },
{ "type": "Feature", "properties": { "category": "food_beverage" }, "geometry": { "type": "Point", "coordinates": [ 230944.551877694670111, 889559.63748117396608 ] } },
{ "type": "Feature", "properties": { "category": "food_beverage" }, "geometry": { "type": "Point", "coordinates": [ 231792.153475889732363, 896112.020692156045698 ] } },
{ "type": "Feature", "properties": { "category": "food_beverage" }, "geometry": { "type": "Point", "coordinates": [ 232696.036630271119066, 904289.268085936200805 ] } },
{ "type": "Feature", "properties": { "category": "food_beverage" }, "geometry": { "type": "Point", "coordinates": [ 236739.484719157277141, 901603.378405008115806 ] } },
{ "type": "Feature", "properties": { "category": "food_beverage" }, "geometry": { "type": "Point", "coordinates": [ 239080.57451280328678, 909137.533611172460951 ] } },
{ "type": "Feature", "properties": { "category": "food_beverage" }, "geometry": { "type": "Point", "coordinates": [ 234057.792027945426526, 906131.209030883270316 ] } },
{ "type": "Feature", "properties": { "category": "food_beverage" }, "geometry": { "type": "Point", "coordinates": [ 234591.771173344866838, 899985.399222773266956 ] } },
{ "type": "Feature", "properties": { "category": "food_beverage" }, "geometry": { "type": "Point", "coordinates": [ 236908.562346126593184, 900795.281195782939903 ] } },
{ "type": "Feature", "properties": { "category": "food_beverage" }, "geometry": { "type": "Point", "coordinates": [ 233641.612429431406781, 892764.224101458094083 ] } },
{ "type": "Feature", "properties": { "category": "food_beverage" }, "geometry": { "type": "Point", "coordinates": [ 234514.491373907600064, 908111.542788850027137 ] } },
{ "type": "Feature", "properties": { "category": "food_beverage" }, "geometry": { "type": "Point", "coordinates": [ 226632.43394063677988, 886770.680623666499741 ] } },
{ "type": "Feature", "properties": { "category": "food_beverage" }, "geometry": { "type": "Point", "coordinates": [ 229950.448509377572918, 893792.433987907599658 ] } },
{ "type": "Feature", "properties": { "category": "food_beverage" }, "geometry": { "type": "Point", "coordinates": [ 225122.674752161285141, 897799.051427762024105 ] } },
{ "type": "Feature", "properties": { "category": "food_beverage" }, "geometry": { "type": "Point", "coordinates": [ 240915.024489706906024, 888706.710324479965493 ] } },
{ "type": "Feature", "properties": { "category": "food_beverage" }, "geometry": { "type": "Point", "coordinates": [ 234819.904071660595946, 908194.13934358721599 ] } },
{ "type": "Feature", "properties": { "category": "food_beverage" }, "geometry": { "type": "Point", "coordinates": [ 234445.139321402122732, 897204.519148229621351 ] } },
{ "type": "Feature", "properties": { "category": "food_beverage" }, "geometry": { "type": "Point", "coordinates": [ 244201.937825356493704, 911563.050324100768194 ] } },
{ "type": "Feature", "properties": { "category": "food_beverage" }, "geometry": { "type": "Point", "coordinates": [ 238732.916436675761361, 902972.910748836584389 ] } },
{ "type": "Feature", "properties": { "category": "food_beverage" }, "geometry": { "type": "Point", "coordinates": [ 235818.242017952143215, 895352.171159622375853 ] } },
{ "type": "Feature", "properties": { "category": "food_beverage" }, "geometry": { "type": "Point", "coordinates": [ 243683.664136218343629, 912929.773216731962748 ] } },
{ "type": "Feature", "properties": { "category": "food_beverage" }, "geometry": { "type": "Point", "coordinates": [ 236678.426432780921459, 900928.25867163517978 ] } },
{ "type": "Feature", "properties": { "category": "food_beverage" }, "geometry": { "type": "Point", "coordinates": [ 233564.119795970764244, 892064.851494774920866 ] } },
{ "type": "Feature", "properties": { "category": "food_beverage" }, "geometry": { "type": "Point", "coordinates": [ 237059.331959157309029, 900700.547452322789468 ] } },
{ "type": "Feature", "properties": { "category": "food_beverage" }, "geometry": { "type": "Point", "coordinates": [ 231282.922235280129826, 889547.248892786563374 ] } },
{ "type": "Feature", "properties": { "category": "food_beverage" }, "geometry": { "type": "Point", "coordinates": [ 240954.968655050848611, 888139.121989379404113 ] } },
{ "type": "Feature", "properties": { "category": "food_beverage" }, "geometry": { "type": "Point", "coordinates": [ 236315.684771176544018, 900611.023672737530433 ] } },
{ "type": "Feature", "properties": { "category": "food_beverage" }, "geometry": { "type": "Point", "coordinates": [ 231345.728767300228355, 905018.119446322089061 ] } },
{ "type": "Feature", "properties": { "category": "food_beverage" }, "geometry": { "type": "Point", "coordinates": [ 236040.605005908408202, 900175.292233307380229 ] } },
{ "type": "Feature", "properties": { "category": "food_beverage" }, "geometry": { "type": "Point", "coordinates": [ 235897.470874262508005, 899920.96861275122501 ] } },
{ "type": "Feature", "properties": { "category": "food_beverage" }, "geometry": { "type": "Point", "coordinates": [ 229543.84278970194282, 906131.759217647369951 ] } },
{ "type": "Feature", "properties": { "category": "food_beverage" }, "geometry": { "type": "Point", "coordinates": [ 234640.539285414677579, 900104.270609292783774 ] } },
{ "type": "Feature", "properties": { "category": "food_beverage" }, "geometry": { "type": "Point", "coordinates": [ 221060.89571734063793, 903497.519718157942407 ] } },
{ "type": "Feature", "properties": { "category": "food_beverage" }, "geometry": { "type": "Point", "coordinates": [ 231787.039744518697262, 895893.731670274632052 ] } },
{ "type": "Feature", "properties": { "category": "food_beverage" }, "geometry": { "type": "Point", "coordinates": [ 231751.753700248373207, 900108.952730025164783 ] } },
{ "type": "Feature", "properties": { "category": "food_beverage" }, "geometry": { "type": "Point", "coordinates": [ 232714.839751099410933, 900108.593752750079148 ] } },
{ "type": "Feature", "properties": { "category": "food_beverage" }, "geometry": { "type": "Point", "coordinates": [ 234555.757098017231328, 900422.646834340645 ] } },
{ "type": "Feature", "properties": { "category": "food_beverage" }, "geometry": { "type": "Point", "coordinates": [ 228449.396297292405507, 907346.442444156738929 ] } },
{ "type": "Feature", "properties": { "category": "food_beverage" }, "geometry": { "type": "Point", "coordinates": [ 236161.130059262388386, 900658.434547298122197 ] } },
{ "type": "Feature", "properties": { "category": "food_beverage" }, "geometry": { "type": "Point", "coordinates": [ 222240.498760716116522, 897354.810779687948525 ] } },
{ "type": "Feature", "properties": { "category": "food_beverage" }, "geometry": { "type": "Point", "coordinates": [ 239857.655654673784738, 916309.982076316606253 ] } },
{ "type": "Feature", "properties": { "category": "food_beverage" }, "geometry": { "type": "Point", "coordinates": [ 231451.732694959297078, 892799.522903954726644 ] } },
{ "type": "Feature", "properties": { "category": "food_beverage" }, "geometry": { "type": "Point", "coordinates": [ 236589.206549299327889, 899203.084885460441001 ] } },
{ "type": "Feature", "properties": { "category": "food_beverage" }, "geometry": { "type": "Point", "coordinates": [ 220862.51990492513869, 899665.980243604280986 ] } },
{ "type": "Feature", "properties": { "category": "food_beverage" }, "geometry": { "type": "Point", "coordinates": [ 236580.577175904036267, 901113.915738302981481 ] } },
{ "type": "Feature", "properties": { "category": "food_beverage" }, "geometry": { "type": "Point", "coordinates": [ 235077.639074128121138, 908791.366077500628307 ] } },
{ "type": "Feature", "properties": { "category": "food_beverage" }, "geometry": { "type": "Point", "coordinates": [ 237246.922017615463119, 907347.173045421135612 ] } },
{ "type": "Feature", "properties": { "category": "food_beverage" }, "geometry": { "type": "Point", "coordinates": [ 231305.567927428317489, 903794.742526111309417 ] } },
{ "type": "Feature", "properties": { "category": "food_beverage" }, "geometry": { "type": "Point", "coordinates": [ 240418.113411448866827, 904125.964558858890086 ] } },
{ "type": "Feature", "properties": { "category": "food_beverage" }, "geometry": { "type": "Point", "coordinates": [ 237967.343429557658965, 903193.888036478776485 ] } },
{ "type": "Feature", "properties": { "category": "food_beverage" }, "geometry": { "type": "Point", "coordinates": [ 230002.439163913048105, 893783.769459493691102 ] } },
{ "type": "Feature", "properties": { "category": "food_beverage" }, "geometry": { "type": "Point", "coordinates": [ 224377.629492225853028, 894369.056426149327308 ] } },
{ "type": "Feature", "properties": { "category": "food_beverage" }, "geometry": { "type": "Point", "coordinates": [ 221824.726628429692937, 892208.802896560751833 ] } },
{ "type": "Feature", "properties": { "category": "food_beverage" }, "geometry": { "type": "Point", "coordinates": [ 223166.707709177455399, 902150.111339757451788 ] } },
{ "type": "Feature", "properties": { "category": "food_beverage" }, "geometry": { "type": "Point", "coordinates": [ 236879.714569193252828, 900373.921301492955536 ] } },
{ "type": "Feature", "properties": { "category": "food_beverage" }, "geometry": { "type": "Point", "coordinates": [ 234964.547993185988162, 899152.050039703026414 ] } },
{ "type": "Feature", "properties": { "category": "food_beverage" }, "geometry": { "type": "Point", "coordinates": [ 229797.21406807276071, 905785.930516208871268 ] } },
{ "type": "Feature", "properties": { "category": "food_beverage" }, "geometry": { "type": "Point", "coordinates": [ 229525.869657951843692, 907840.968977874726988 ] } },
{ "type": "Feature", "properties": { "category": "food_beverage" }, "geometry": { "type": "Point", "coordinates": [ 237434.594525897322455, 900516.036211887025274 ] } },
{ "type": "Feature", "properties": { "category": "food_beverage" }, "geometry": { "type": "Point", "coordinates": [ 227411.538010616583051, 898895.714105356601067 ] } },
{ "type": "Feature", "properties": { "category": "food_beverage" }, "geometry": { "type": "Point", "coordinates": [ 236485.67614510274143, 900399.522864813916385 ] } },
{ "type": "Feature", "properties": { "category": "food_beverage" }, "geometry": { "type": "Point", "coordinates": [ 238367.71834777444019, 904890.352717758971266 ] } },
{ "type": "Feature", "properties": { "category": "food_beverage" }, "geometry": { "type": "Point", "coordinates": [ 234141.291075488377828, 899703.613505957531743 ] } },
{ "type": "Feature", "properties": { "category": "food_beverage" }, "geometry": { "type": "Point", "coordinates": [ 238827.75909654609859, 912413.567863862495869 ] } },
{ "type": "Feature", "properties": { "category": "food_beverage" }, "geometry": { "type": "Point", "coordinates": [ 244417.592015614412958, 915087.375070438138209 ] } },
{ "type": "Feature", "properties": { "category": "food_beverage" }, "geometry": { "type": "Point", "coordinates": [ 235839.097896728577325, 908319.901740051689558 ] } },
{ "type": "Feature", "properties": { "category": "food_beverage" }, "geometry": { "type": "Point", "coordinates": [ 231156.030444465810433, 906854.743619296583347 ] } },
{ "type": "Feature", "properties": { "category": "food_beverage" }, "geometry": { "type": "Point", "coordinates": [ 231289.652498158131493, 904428.152588155120611 ] } },
{ "type": "Feature", "properties": { "category": "food_beverage" }, "geometry": { "type": "Point", "coordinates": [ 224116.403796309110476, 896892.030254982179031 ] } },
{ "type": "Feature", "properties": { "category": "food_beverage" }, "geometry": { "type": "Point", "coordinates": [ 235501.488027099985629, 910131.457440623082221 ] } },
{ "type": "Feature", "properties": { "category": "food_beverage" }, "geometry": { "type": "Point", "coordinates": [ 236007.928611252456903, 900635.098985891556367 ] } },
{ "type": "Feature", "properties": { "category": "food_beverage" }, "geometry": { "type": "Point", "coordinates": [ 231323.816728297097143, 898147.070985910017043 ] } },
{ "type": "Feature", "properties": { "category": "food_beverage" }, "geometry": { "type": "Point", "coordinates": [ 236799.060610937740421, 900766.159795301035047 ] } },
{ "type": "Feature", "properties": { "category": "food_beverage" }, "geometry": { "type": "Point", "coordinates": [ 221856.301554631325416, 902951.003201600862667 ] } },
{ "type": "Feature", "properties": { "category": "food_beverage" }, "geometry": { "type": "Point", "coordinates": [ 235225.508601639681729, 899286.09097004821524 ] } },
{ "type": "Feature", "properties": { "category": "food_beverage" }, "geometry": { "type": "Point", "coordinates": [ 231457.369201842579059, 902463.480408143252134 ] } },
{ "type": "Feature", "properties": { "category": "food_beverage" }, "geometry": { "type": "Point", "coordinates": [ 234132.444988704344723, 901168.466197271947749 ] } },
{ "type": "Feature", "properties": { "category": "food_beverage" }, "geometry": { "type": "Point", "coordinates": [ 234616.49065689521376, 906703.111724267946556 ] } },
{ "type": "Feature", "properties": { "category": "food_beverage" }, "geometry": { "type": "Point", "coordinates": [ 222001.222115636890521, 906928.943680746480823 ] } },
{ "type": "Feature", "properties": { "category": "food_beverage" }, "geometry": { "type": "Point", "coordinates": [ 232408.039281009550905, 898458.226113984943368 ] } },
{ "type": "Feature", "properties": { "category": "food_beverage" }, "geometry": { "type": "Point", "coordinates": [ 223602.822576841834234, 895456.958427038043737 ] } },
{ "type": "Feature", "properties": { "category": "food_beverage" }, "geometry": { "type": "Point", "coordinates": [ 234229.57581710073282, 899898.984461283078417 ] } },
{ "type": "Feature", "properties": { "category": "food_beverage" }, "geometry": { "type": "Point", "coordinates": [ 230961.759402096038684, 897512.438437710166909 ] } },
{ "type": "Feature", "properties": { "category": "food_beverage" }, "geometry": { "type": "Point", "coordinates": [ 235980.00899680389557, 899506.736867631552741 ] } },
{ "type": "Feature", "properties": { "category": "food_beverage" }, "geometry": { "type": "Point", "coordinates": [ 231269.355653322680155, 902457.864682143903337 ] } },
{ "type": "Feature", "properties": { "category": "food_beverage" }, "geometry": { "type": "Point", "coordinates": [ 237603.840625753917266, 908447.656305433250964 ] } },
{ "type": "Feature", "properties": { "category": "food_beverage" }, "geometry": { "type": "Point", "coordinates": [ 236356.478958540858002, 900783.738989185076207 ] } },
{ "type": "Feature", "properties": { "category": "food_beverage" }, "geometry": { "type": "Point", "coordinates": [ 236107.451895033475012, 897410.799912112765014 ] } },
{ "type": "Feature", "properties": { "category": "food_beverage" }, "geometry": { "type": "Point", "coordinates": [ 230729.9888337830198, 893059.139175579883158 ] } },
{ "type": "Feature", "properties": { "category": "food_beverage" }, "geometry": { "type": "Point", "coordinates": [ 236136.978382436733227, 901029.311393872951157 ] } },
{ "type": "Feature", "properties": { "category": "food_beverage" }, "geometry": { "type": "Point", "coordinates": [ 228011.781537798058707, 895524.344914050539955 ] } },
{ "type": "Feature", "properties": { "category": "food_beverage" }, "geometry": { "type": "Point", "coordinates": [ 231349.893982542882441, 898176.400544872973114 ] } },
{ "type": "Feature", "properties": { "category": "food_beverage" }, "geometry": { "type": "Point", "coordinates": [ 227103.628156513907015, 888376.288013638579287 ] } },
{ "type": "Feature", "properties": { "category": "food_beverage" }, "geometry": { "type": "Point", "coordinates": [ 228985.389796359202592, 900639.612182933604345 ] } },
{ "type": "Feature", "properties": { "category": "food_beverage" }, "geometry": { "type": "Point", "coordinates": [ 234788.17361695683212, 899374.552137891296297 ] } },
{ "type": "Feature", "properties": { "category": "food_beverage" }, "geometry": { "type": "Point", "coordinates": [ 236669.513091806642478, 901073.391422174405307 ] } },
{ "type": "Feature", "properties": { "category": "food_beverage" }, "geometry": { "type": "Point", "coordinates": [ 219499.800177850236651, 903422.478147537913173 ] } },
{ "type": "Feature", "properties": { "category": "food_beverage" }, "geometry": { "type": "Point", "coordinates": [ 230151.097555146116065, 892270.216112093534321 ] } },
{ "type": "Feature", "properties": { "category": "food_beverage" }, "geometry": { "type": "Point", "coordinates": [ 227625.775791211752221, 907569.754476274130866 ] } },
{ "type": "Feature", "properties": { "category": "food_beverage" }, "geometry": { "type": "Point", "coordinates": [ 230363.943834475998301, 900203.122489990666509 ] } },
{ "type": "Feature", "properties": { "category": "food_beverage" }, "geometry": { "type": "Point", "coordinates": [ 233101.341114350332646, 899444.159570331918076 ] } },
{ "type": "Feature", "properties": { "category": "food_beverage" }, "geometry": { "type": "Point", "coordinates": [ 233889.415486715675797, 899871.788020607549697 ] } },
{ "type": "Feature", "properties": { "category": "food_beverage" }, "geometry": { "type": "Point", "coordinates": [ 232560.201500433089677, 901830.472063902765512 ] } },
{ "type": "Feature", "properties": { "category": "food_beverage" }, "geometry": { "type": "Point", "coordinates": [ 237647.136353357956978, 899627.658051996142603 ] } },
{ "type": "Feature", "properties": { "category": "food_beverage" }, "geometry": { "type": "Point", "coordinates": [ 231393.738348663027864, 898176.485139093361795 ] } },
{ "type": "Feature", "properties": { "category": "food_beverage" }, "geometry": { "type": "Point", "coordinates": [ 237439.695462420175318, 898367.260111078503542 ] } },
{ "type": "Feature", "properties": { "category": "food_beverage" }, "geometry": { "type": "Point", "coordinates": [ 221781.422044883307535, 903062.403751772479154 ] } },
{ "type": "Feature", "properties": { "category": "food_beverage" }, "geometry": { "type": "Point", "coordinates": [ 241147.104024164087605, 888944.433117767330259 ] } },
{ "type": "Feature", "properties": { "category": "food_beverage" }, "geometry": { "type": "Point", "coordinates": [ 233211.741364216228249, 899430.129224963486195 ] } },
{ "type": "Feature", "properties": { "category": "food_beverage" }, "geometry": { "type": "Point", "coordinates": [ 227513.126793187984731, 897089.33355805859901 ] } },
{ "type": "Feature", "properties": { "category": "food_beverage" }, "geometry": { "type": "Point", "coordinates": [ 240517.029758910066448, 904065.663035838399082 ] } },
{ "type": "Feature", "properties": { "category": "food_beverage" }, "geometry": { "type": "Point", "coordinates": [ 232414.000974868104095, 903131.411052102572285 ] } },
{ "type": "Feature", "properties": { "category": "food_beverage" }, "geometry": { "type": "Point", "coordinates": [ 234518.933450831333175, 899532.732263685786165 ] } },
{ "type": "Feature", "properties": { "category": "food_beverage" }, "geometry": { "type": "Point", "coordinates": [ 236776.766546407772694, 900618.309089217917062 ] } },
{ "type": "Feature", "properties": { "category": "food_beverage" }, "geometry": { "type": "Point", "coordinates": [ 236607.783027964120265, 901568.589909908361733 ] } },
{ "type": "Feature", "properties": { "category": "food_beverage" }, "geometry": { "type": "Point", "coordinates": [ 221060.89571734063793, 903497.519718157942407 ] } },
{ "type": "Feature", "properties": { "category": "food_beverage" }, "geometry": { "type": "Point", "coordinates": [ 225917.886415054410463, 900940.200763238593936 ] } },
{ "type": "Feature", "properties": { "category": "food_beverage" }, "geometry": { "type": "Point", "coordinates": [ 245703.224184214195702, 912944.751073829829693 ] } },
{ "type": "Feature", "properties": { "category": "food_beverage" }, "geometry": { "type": "Point", "coordinates": [ 228872.891229092056165, 900569.614473220077343 ] } },
{ "type": "Feature", "properties": { "category": "food_beverage" }, "geometry": { "type": "Point", "coordinates": [ 232248.394488820980769, 906158.988637072849087 ] } },
{ "type": "Feature", "properties": { "category": "food_beverage" }, "geometry": { "type": "Point", "coordinates": [ 235378.624400966713438, 905711.306547161540948 ] } },
{ "type": "Feature", "properties": { "category": "food_beverage" }, "geometry": { "type": "Point", "coordinates": [ 232411.178892114490736, 903742.996113550383598 ] } },
{ "type": "Feature", "properties": { "category": "food_beverage" }, "geometry": { "type": "Point", "coordinates": [ 239327.285549417720176, 905550.029663380701095 ] } },
{ "type": "Feature", "properties": { "category": "food_beverage" }, "geometry": { "type": "Point", "coordinates": [ 225906.37986148238997, 908254.444140350446105 ] } },
{ "type": "Feature", "properties": { "category": "food_beverage" }, "geometry": { "type": "Point", "coordinates": [ 236255.79224274950684, 901744.045839138212614 ] } },
{ "type": "Feature", "properties": { "category": "food_beverage" }, "geometry": { "type": "Point", "coordinates": [ 240357.553576666163281, 912562.941698170034215 ] } },
{ "type": "Feature", "properties": { "category": "food_beverage" }, "geometry": { "type": "Point", "coordinates": [ 225774.339766446035355, 901871.058312692213804 ] } },
{ "type": "Feature", "properties": { "category": "food_beverage" }, "geometry": { "type": "Point", "coordinates": [ 237046.193433275213465, 905845.53698511980474 ] } },
{ "type": "Feature", "properties": { "category": "food_beverage" }, "geometry": { "type": "Point", "coordinates": [ 236198.271705642633606, 900101.458165604504757 ] } },
{ "type": "Feature", "properties": { "category": "food_beverage" }, "geometry": { "type": "Point", "coordinates": [ 231842.00208811199991, 902320.367266673012637 ] } },
{ "type": "Feature", "properties": { "category": "food_beverage" }, "geometry": { "type": "Point", "coordinates": [ 232754.809155766910408, 898161.590735233738087 ] } },
{ "type": "Feature", "properties": { "category": "food_beverage" }, "geometry": { "type": "Point", "coordinates": [ 235993.159823848487576, 897742.890786407631822 ] } },
{ "type": "Feature", "properties": { "category": "food_beverage" }, "geometry": { "type": "Point", "coordinates": [ 231406.014193353272276, 904443.667575242230669 ] } },
{ "type": "Feature", "properties": { "category": "food_beverage" }, "geometry": { "type": "Point", "coordinates": [ 235937.384620953031117, 902845.530382155440748 ] } },
{ "type": "Feature", "properties": { "category": "food_beverage" }, "geometry": { "type": "Point", "coordinates": [ 236977.779379461338976, 901090.113565892330371 ] } },
{ "type": "Feature", "properties": { "category": "food_beverage" }, "geometry": { "type": "Point", "coordinates": [ 230440.763530832860852, 900348.077893307548948 ] } },
{ "type": "Feature", "properties": { "category": "food_beverage" }, "geometry": { "type": "Point", "coordinates": [ 238732.916436675761361, 902972.910748836584389 ] } },
{ "type": "Feature", "properties": { "category": "food_beverage" }, "geometry": { "type": "Point", "coordinates": [ 235857.27257918898249, 907226.747561718919314 ] } },
{ "type": "Feature", "properties": { "category": "food_beverage" }, "geometry": { "type": "Point", "coordinates": [ 234323.365659257397056, 899084.13136266102083 ] } },
{ "type": "Feature", "properties": { "category": "food_beverage" }, "geometry": { "type": "Point", "coordinates": [ 231321.626158296247013, 903942.437439104076475 ] } },
{ "type": "Feature", "properties": { "category": "food_beverage" }, "geometry": { "type": "Point", "coordinates": [ 231236.770048954349477, 906782.90090642310679 ] } },
{ "type": "Feature", "properties": { "category": "food_beverage" }, "geometry": { "type": "Point", "coordinates": [ 242531.089661809994141, 902988.881664848304354 ] } },
{ "type": "Feature", "properties": { "category": "food_beverage" }, "geometry": { "type": "Point", "coordinates": [ 231322.890045041713165, 904009.86773846601136 ] } },
{ "type": "Feature", "properties": { "category": "food_beverage" }, "geometry": { "type": "Point", "coordinates": [ 233159.737397138320375, 902591.829457855084911 ] } },
{ "type": "Feature", "properties": { "category": "food_beverage" }, "geometry": { "type": "Point", "coordinates": [ 228558.32177746258094, 888714.931405806913972 ] } },
{ "type": "Feature", "properties": { "category": "food_beverage" }, "geometry": { "type": "Point", "coordinates": [ 221565.43252835579915, 901790.787513386108913 ] } },
{ "type": "Feature", "properties": { "category": "food_beverage" }, "geometry": { "type": "Point", "coordinates": [ 236200.414415955950972, 901300.779922875226475 ] } },
{ "type": "Feature", "properties": { "category": "food_beverage" }, "geometry": { "type": "Point", "coordinates": [ 219566.275912852666806, 905337.424754024716094 ] } },
{ "type": "Feature", "properties": { "category": "food_beverage" }, "geometry": { "type": "Point", "coordinates": [ 237274.332762644102331, 898608.197551034973003 ] } },
{ "type": "Feature", "properties": { "category": "food_beverage" }, "geometry": { "type": "Point", "coordinates": [ 234456.850920384546043, 895520.870350797311403 ] } },
{ "type": "Feature", "properties": { "category": "food_beverage" }, "geometry": { "type": "Point", "coordinates": [ 232847.468131500878371, 901505.906068390468135 ] } },
{ "type": "Feature", "properties": { "category": "food_beverage" }, "geometry": { "type": "Point", "coordinates": [ 231095.644990783213871, 905230.167818779824302 ] } },
{ "type": "Feature", "properties": { "category": "food_beverage" }, "geometry": { "type": "Point", "coordinates": [ 242336.343799126014346, 903010.365432771737687 ] } },
{ "type": "Feature", "properties": { "category": "food_beverage" }, "geometry": { "type": "Point", "coordinates": [ 236393.163853054866195, 895143.521282854722813 ] } },
{ "type": "Feature", "properties": { "category": "food_beverage" }, "geometry": { "type": "Point", "coordinates": [ 238825.602752550359583, 913026.057870491174981 ] } },
{ "type": "Feature", "properties": { "category": "food_beverage" }, "geometry": { "type": "Point", "coordinates": [ 219683.491234689630801, 901407.378059050999582 ] } },
{ "type": "Feature", "properties": { "category": "food_beverage" }, "geometry": { "type": "Point", "coordinates": [ 236633.532397341594333, 900943.131116115255281 ] } },
{ "type": "Feature", "properties": { "category": "food_beverage" }, "geometry": { "type": "Point", "coordinates": [ 230108.718743580044247, 907958.411813727812842 ] } },
{ "type": "Feature", "properties": { "category": "food_beverage" }, "geometry": { "type": "Point", "coordinates": [ 233877.345064838125836, 898922.904322092421353 ] } },
{ "type": "Feature", "properties": { "category": "food_beverage" }, "geometry": { "type": "Point", "coordinates": [ 231224.64721902256133, 902472.883536319248378 ] } },
{ "type": "Feature", "properties": { "category": "food_beverage" }, "geometry": { "type": "Point", "coordinates": [ 232251.364793375192676, 902014.99237013340462 ] } },
{ "type": "Feature", "properties": { "category": "food_beverage" }, "geometry": { "type": "Point", "coordinates": [ 233945.520386934309499, 899685.448148299241439 ] } },
{ "type": "Feature", "properties": { "category": "food_beverage" }, "geometry": { "type": "Point", "coordinates": [ 233185.7045570127666, 901331.43672037741635 ] } },
{ "type": "Feature", "properties": { "category": "food_beverage" }, "geometry": { "type": "Point", "coordinates": [ 236661.069494497904088, 900260.032977402792312 ] } },
{ "type": "Feature", "properties": { "category": "food_beverage" }, "geometry": { "type": "Point", "coordinates": [ 237242.488895522983512, 900154.011491467012092 ] } },
{ "type": "Feature", "properties": { "category": "food_beverage" }, "geometry": { "type": "Point", "coordinates": [ 231082.397278234391706, 905079.597422343678772 ] } },
{ "type": "Feature", "properties": { "category": "food_beverage" }, "geometry": { "type": "Point", "coordinates": [ 236445.48299026224413, 894482.440363760921173 ] } },
{ "type": "Feature", "properties": { "category": "food_beverage" }, "geometry": { "type": "Point", "coordinates": [ 221952.655260412837379, 902082.898709544213489 ] } },
{ "type": "Feature", "properties": { "category": "food_beverage" }, "geometry": { "type": "Point", "coordinates": [ 235785.745277753507253, 908340.845797383692116 ] } },
{ "type": "Feature", "properties": { "category": "food_beverage" }, "geometry": { "type": "Point", "coordinates": [ 243001.90874749282375, 887731.016300689196214 ] } },
{ "type": "Feature", "properties": { "category": "food_beverage" }, "geometry": { "type": "Point", "coordinates": [ 226555.422671652253484, 886440.720313496654853 ] } },
{ "type": "Feature", "properties": { "category": "food_beverage" }, "geometry": { "type": "Point", "coordinates": [ 233361.30946117194253, 899861.707958125509322 ] } },
{ "type": "Feature", "properties": { "category": "food_beverage" }, "geometry": { "type": "Point", "coordinates": [ 235202.164523943676613, 899833.809782323311083 ] } },
{ "type": "Feature", "properties": { "category": "food_beverage" }, "geometry": { "type": "Point", "coordinates": [ 234638.91324130090652, 903608.449142926372588 ] } },
{ "type": "Feature", "properties": { "category": "food_beverage" }, "geometry": { "type": "Point", "coordinates": [ 231497.048270965053234, 905644.836895580519922 ] } },
{ "type": "Feature", "properties": { "category": "food_beverage" }, "geometry": { "type": "Point", "coordinates": [ 232276.817919827240985, 894674.008191173896194 ] } },
{ "type": "Feature", "properties": { "category": "food_beverage" }, "geometry": { "type": "Point", "coordinates": [ 235848.432552457787097, 902926.718666480854154 ] } },
{ "type": "Feature", "properties": { "category": "food_beverage" }, "geometry": { "type": "Point", "coordinates": [ 221585.406685861933511, 902742.783532992354594 ] } },
{ "type": "Feature", "properties": { "category": "food_beverage" }, "geometry": { "type": "Point", "coordinates": [ 232183.241118038655259, 896941.322963319253176 ] } },
{ "type": "Feature", "properties": { "category": "food_beverage" }, "geometry": { "type": "Point", "coordinates": [ 235962.810120438865852, 901096.175540052121505 ] } },
{ "type": "Feature", "properties": { "category": "food_beverage" }, "geometry": { "type": "Point", "coordinates": [ 238827.75909654609859, 912413.567863862495869 ] } },
{ "type": "Feature", "properties": { "category": "food_beverage" }, "geometry": { "type": "Point", "coordinates": [ 233678.189088318642462, 902717.481704198988155 ] } },
{ "type": "Feature", "properties": { "category": "food_beverage" }, "geometry": { "type": "Point", "coordinates": [ 221595.826977206917945, 901978.60180184757337 ] } },
{ "type": "Feature", "properties": { "category": "food_beverage" }, "geometry": { "type": "Point", "coordinates": [ 240351.281562451011268, 908217.092067763442174 ] } },
{ "type": "Feature", "properties": { "category": "food_beverage" }, "geometry": { "type": "Point", "coordinates": [ 225893.824386797932675, 893511.969923628261313 ] } },
{ "type": "Feature", "properties": { "category": "food_beverage" }, "geometry": { "type": "Point", "coordinates": [ 238547.051694285328267, 903209.263950432301499 ] } },
{ "type": "Feature", "properties": { "category": "food_beverage" }, "geometry": { "type": "Point", "coordinates": [ 245541.923867857141886, 912441.167677752557211 ] } },
{ "type": "Feature", "properties": { "category": "food_beverage" }, "geometry": { "type": "Point", "coordinates": [ 226555.422671652253484, 886440.720313496654853 ] } },
{ "type": "Feature", "properties": { "category": "food_beverage" }, "geometry": { "type": "Point", "coordinates": [ 237054.26381391310133, 892668.850904043996707 ] } },
{ "type": "Feature", "properties": { "category": "food_beverage" }, "geometry": { "type": "Point", "coordinates": [ 235397.440232267719693, 899490.78251710452605 ] } },
{ "type": "Feature", "properties": { "category": "food_beverage" }, "geometry": { "type": "Point", "coordinates": [ 246204.045819477760233, 913250.841570869786665 ] } },
{ "type": "Feature", "properties": { "category": "food_beverage" }, "geometry": { "type": "Point", "coordinates": [ 234926.556116782681784, 900114.461423282977194 ] } },
{ "type": "Feature", "properties": { "category": "food_beverage" }, "geometry": { "type": "Point", "coordinates": [ 236737.926018677215325, 901602.148392450879328 ] } },
{ "type": "Feature", "properties": { "category": "food_beverage" }, "geometry": { "type": "Point", "coordinates": [ 237989.402536289620912, 904596.935278865275905 ] } },
{ "type": "Feature", "properties": { "category": "food_beverage" }, "geometry": { "type": "Point", "coordinates": [ 219683.491234689630801, 901407.378059050999582 ] } },
{ "type": "Feature", "properties": { "category": "food_beverage" }, "geometry": { "type": "Point", "coordinates": [ 230306.850880335463444, 907892.950032640830614 ] } },
{ "type": "Feature", "properties": { "category": "food_beverage" }, "geometry": { "type": "Point", "coordinates": [ 237553.178877541766269, 892994.729303249507211 ] } },
{ "type": "Feature", "properties": { "category": "food_beverage" }, "geometry": { "type": "Point", "coordinates": [ 230586.840230638423236, 892901.009407800389454 ] } },
{ "type": "Feature", "properties": { "category": "food_beverage" }, "geometry": { "type": "Point", "coordinates": [ 239213.958640090422705, 891627.329507289337926 ] } },
{ "type": "Feature", "properties": { "category": "food_beverage" }, "geometry": { "type": "Point", "coordinates": [ 234518.933450831333175, 899532.732263685786165 ] } },
{ "type": "Feature", "properties": { "category": "food_beverage" }, "geometry": { "type": "Point", "coordinates": [ 240989.727838362072362, 887612.491195479757152 ] } },
{ "type": "Feature", "properties": { "category": "food_beverage" }, "geometry": { "type": "Point", "coordinates": [ 233051.870072307065129, 899257.982839268632233 ] } },
{ "type": "Feature", "properties": { "category": "food_beverage" }, "geometry": { "type": "Point", "coordinates": [ 232660.671543061616831, 896089.78704686020501 ] } },
{ "type": "Feature", "properties": { "category": "food_beverage" }, "geometry": { "type": "Point", "coordinates": [ 236527.017268505529501, 899198.207222043769434 ] } },
{ "type": "Feature", "properties": { "category": "food_beverage" }, "geometry": { "type": "Point", "coordinates": [ 230682.338376065221382, 905908.263496302533895 ] } },
{ "type": "Feature", "properties": { "category": "food_beverage" }, "geometry": { "type": "Point", "coordinates": [ 228718.289015871065203, 898543.929733328521252 ] } },
{ "type": "Feature", "properties": { "category": "food_beverage" }, "geometry": { "type": "Point", "coordinates": [ 232363.720467368810205, 905392.296478341799229 ] } },
{ "type": "Feature", "properties": { "category": "food_beverage" }, "geometry": { "type": "Point", "coordinates": [ 236206.210986577410949, 900079.727774584433064 ] } },
{ "type": "Feature", "properties": { "category": "food_beverage" }, "geometry": { "type": "Point", "coordinates": [ 236525.123681034310721, 898944.162428349955007 ] } },
{ "type": "Feature", "properties": { "category": "food_beverage" }, "geometry": { "type": "Point", "coordinates": [ 230868.653450738464016, 900282.29813813813962 ] } },
{ "type": "Feature", "properties": { "category": "food_beverage" }, "geometry": { "type": "Point", "coordinates": [ 225953.939622486243024, 908278.72401471727062 ] } },
{ "type": "Feature", "properties": { "category": "food_beverage" }, "geometry": { "type": "Point", "coordinates": [ 237542.700467695627594, 899757.949318201979622 ] } },
{ "type": "Feature", "properties": { "category": "food_beverage" }, "geometry": { "type": "Point", "coordinates": [ 237799.151582186110318, 899981.924432496423833 ] } },
{ "type": "Feature", "properties": { "category": "food_beverage" }, "geometry": { "type": "Point", "coordinates": [ 239932.130345271114493, 890931.253655966138467 ] } },
{ "type": "Feature", "properties": { "category": "food_beverage" }, "geometry": { "type": "Point", "coordinates": [ 235130.463737986458, 899935.975884847226553 ] } },
{ "type": "Feature", "properties": { "category": "food_beverage" }, "geometry": { "type": "Point", "coordinates": [ 228541.251381897251122, 892942.730142706073821 ] } },
{ "type": "Feature", "properties": { "category": "food_beverage" }, "geometry": { "type": "Point", "coordinates": [ 234089.771554445062065, 899843.87680229509715 ] } },
{ "type": "Feature", "properties": { "category": "food_beverage" }, "geometry": { "type": "Point", "coordinates": [ 235434.588035793974996, 900114.672028503147885 ] } },
{ "type": "Feature", "properties": { "category": "food_beverage" }, "geometry": { "type": "Point", "coordinates": [ 238792.856633998075267, 901797.695212901569903 ] } },
{ "type": "Feature", "properties": { "category": "food_beverage" }, "geometry": { "type": "Point", "coordinates": [ 236080.097400918020867, 900635.469162096385844 ] } },
{ "type": "Feature", "properties": { "category": "food_beverage" }, "geometry": { "type": "Point", "coordinates": [ 234023.769015582627617, 904470.856937074451707 ] } },
{ "type": "Feature", "properties": { "category": "food_beverage" }, "geometry": { "type": "Point", "coordinates": [ 233347.562279668694828, 890939.732684121350758 ] } },
{ "type": "Feature", "properties": { "category": "food_beverage" }, "geometry": { "type": "Point", "coordinates": [ 230314.044573799095815, 907923.305766090750694 ] } },
{ "type": "Feature", "properties": { "category": "food_beverage" }, "geometry": { "type": "Point", "coordinates": [ 233115.746610961592523, 901999.574797951732762 ] } },
{ "type": "Feature", "properties": { "category": "food_beverage" }, "geometry": { "type": "Point", "coordinates": [ 230121.772671775775962, 898766.737779664923437 ] } },
{ "type": "Feature", "properties": { "category": "food_beverage" }, "geometry": { "type": "Point", "coordinates": [ 236944.323892935877666, 906931.246853835647926 ] } },
{ "type": "Feature", "properties": { "category": "food_beverage" }, "geometry": { "type": "Point", "coordinates": [ 234165.503596368653234, 899858.684674563352019 ] } },
{ "type": "Feature", "properties": { "category": "food_beverage" }, "geometry": { "type": "Point", "coordinates": [ 235364.37685914823669, 911412.744722145376727 ] } },
{ "type": "Feature", "properties": { "category": "food_beverage" }, "geometry": { "type": "Point", "coordinates": [ 231125.560500138613861, 902715.038599339313805 ] } },
{ "type": "Feature", "properties": { "category": "food_beverage" }, "geometry": { "type": "Point", "coordinates": [ 235881.484376561886165, 899534.002637456636876 ] } },
{ "type": "Feature", "properties": { "category": "food_beverage" }, "geometry": { "type": "Point", "coordinates": [ 234346.288906893751118, 901542.286485483753495 ] } },
{ "type": "Feature", "properties": { "category": "food_beverage" }, "geometry": { "type": "Point", "coordinates": [ 234802.14456034055911, 902326.29880375158973 ] } },
{ "type": "Feature", "properties": { "category": "food_beverage" }, "geometry": { "type": "Point", "coordinates": [ 242744.929090798541438, 888702.034061614773236 ] } },
{ "type": "Feature", "properties": { "category": "food_beverage" }, "geometry": { "type": "Point", "coordinates": [ 226475.973633000394329, 886822.962076153722592 ] } },
{ "type": "Feature", "properties": { "category": "food_beverage" }, "geometry": { "type": "Point", "coordinates": [ 231405.319229383690981, 898093.117874926305376 ] } },
{ "type": "Feature", "properties": { "category": "food_beverage" }, "geometry": { "type": "Point", "coordinates": [ 233009.649321535398485, 902561.464707658393309 ] } },
{ "type": "Feature", "properties": { "category": "food_beverage" }, "geometry": { "type": "Point", "coordinates": [ 230042.141241433098912, 900468.992165159783326 ] } },
{ "type": "Feature", "properties": { "category": "food_beverage" }, "geometry": { "type": "Point", "coordinates": [ 236184.998781493748538, 900822.953080187086016 ] } },
{ "type": "Feature", "properties": { "category": "food_beverage" }, "geometry": { "type": "Point", "coordinates": [ 231357.327642707037739, 902696.297386270598508 ] } },
{ "type": "Feature", "properties": { "category": "food_beverage" }, "geometry": { "type": "Point", "coordinates": [ 238066.766776181582827, 902780.102146229590289 ] } },
{ "type": "Feature", "properties": { "category": "food_beverage" }, "geometry": { "type": "Point", "coordinates": [ 236189.203099780192133, 900166.503178202314302 ] } },
{ "type": "Feature", "properties": { "category": "food_beverage" }, "geometry": { "type": "Point", "coordinates": [ 238058.785536387382308, 892014.085717788781039 ] } },
{ "type": "Feature", "properties": { "category": "food_beverage" }, "geometry": { "type": "Point", "coordinates": [ 240094.924374729569536, 906689.161183121963404 ] } },
{ "type": "Feature", "properties": { "category": "food_beverage" }, "geometry": { "type": "Point", "coordinates": [ 236671.310217952268431, 901186.811722412821837 ] } },
{ "type": "Feature", "properties": { "category": "food_beverage" }, "geometry": { "type": "Point", "coordinates": [ 229961.784815252001863, 892098.683696929831058 ] } },
{ "type": "Feature", "properties": { "category": "food_beverage" }, "geometry": { "type": "Point", "coordinates": [ 237975.701674112438923, 891329.739436087314971 ] } },
{ "type": "Feature", "properties": { "category": "food_beverage" }, "geometry": { "type": "Point", "coordinates": [ 236780.925158336147433, 901712.452056362526491 ] } },
{ "type": "Feature", "properties": { "category": "food_beverage" }, "geometry": { "type": "Point", "coordinates": [ 236301.070873164193472, 894615.430024255299941 ] } },
{ "type": "Feature", "properties": { "category": "food_beverage" }, "geometry": { "type": "Point", "coordinates": [ 237967.343429557658965, 903193.888036478776485 ] } },
{ "type": "Feature", "properties": { "category": "food_beverage" }, "geometry": { "type": "Point", "coordinates": [ 238730.284604761458468, 910373.694939998327754 ] } },
{ "type": "Feature", "properties": { "category": "food_beverage" }, "geometry": { "type": "Point", "coordinates": [ 232484.475299087731401, 900054.096751450560987 ] } },
{ "type": "Feature", "properties": { "category": "food_beverage" }, "geometry": { "type": "Point", "coordinates": [ 231294.046181100740796, 902739.44679189613089 ] } },
{ "type": "Feature", "properties": { "category": "food_beverage" }, "geometry": { "type": "Point", "coordinates": [ 238732.916436675761361, 902972.910748836584389 ] } },
{ "type": "Feature", "properties": { "category": "food_beverage" }, "geometry": { "type": "Point", "coordinates": [ 234408.807351588911843, 904132.720517284818925 ] } },
{ "type": "Feature", "properties": { "category": "food_beverage" }, "geometry": { "type": "Point", "coordinates": [ 221747.409037226374494, 892752.16686529526487 ] } },
{ "type": "Feature", "properties": { "category": "food_beverage" }, "geometry": { "type": "Point", "coordinates": [ 242356.860473964043194, 888843.309729545610026 ] } },
{ "type": "Feature", "properties": { "category": "food_beverage" }, "geometry": { "type": "Point", "coordinates": [ 239831.771608426468447, 901910.143857455230318 ] } },
{ "type": "Feature", "properties": { "category": "food_beverage" }, "geometry": { "type": "Point", "coordinates": [ 230812.00501015826012, 893107.371742257499136 ] } },
{ "type": "Feature", "properties": { "category": "food_beverage" }, "geometry": { "type": "Point", "coordinates": [ 235557.500451408763183, 905048.734199460828677 ] } },
{ "type": "Feature", "properties": { "category": "food_beverage" }, "geometry": { "type": "Point", "coordinates": [ 239919.5485358130245, 890894.971358776674606 ] } },
{ "type": "Feature", "properties": { "category": "food_beverage" }, "geometry": { "type": "Point", "coordinates": [ 234894.364357213256881, 899313.097173800109886 ] } },
{ "type": "Feature", "properties": { "category": "food_beverage" }, "geometry": { "type": "Point", "coordinates": [ 234692.087839635554701, 905080.395320235053077 ] } },
{ "type": "Feature", "properties": { "category": "food_beverage" }, "geometry": { "type": "Point", "coordinates": [ 235130.463737986458, 899935.975884847226553 ] } },
{ "type": "Feature", "properties": { "category": "food_beverage" }, "geometry": { "type": "Point", "coordinates": [ 240273.216864029469434, 908669.740275572985411 ] } },
{ "type": "Feature", "properties": { "category": "food_beverage" }, "geometry": { "type": "Point", "coordinates": [ 223527.073232290742453, 895303.530568974791095 ] } },
{ "type": "Feature", "properties": { "category": "food_beverage" }, "geometry": { "type": "Point", "coordinates": [ 234607.575176834856393, 904987.782754525658675 ] } },
{ "type": "Feature", "properties": { "category": "food_beverage" }, "geometry": { "type": "Point", "coordinates": [ 236697.016652398364386, 900854.821947788354009 ] } },
{ "type": "Feature", "properties": { "category": "food_beverage" }, "geometry": { "type": "Point", "coordinates": [ 228797.465891452477081, 898367.641047339770012 ] } },
{ "type": "Feature", "properties": { "category": "food_beverage" }, "geometry": { "type": "Point", "coordinates": [ 243194.297508248710074, 904079.618153291055933 ] } },
{ "type": "Feature", "properties": { "category": "food_beverage" }, "geometry": { "type": "Point", "coordinates": [ 223004.373234350030543, 894415.303540949476883 ] } },
{ "type": "Feature", "properties": { "category": "food_beverage" }, "geometry": { "type": "Point", "coordinates": [ 230404.790463593060849, 900093.332278934540227 ] } },
{ "type": "Feature", "properties": { "category": "food_beverage" }, "geometry": { "type": "Point", "coordinates": [ 233872.288677418022417, 899339.421015802072361 ] } },
{ "type": "Feature", "properties": { "category": "food_beverage" }, "geometry": { "type": "Point", "coordinates": [ 235586.453390601527644, 897604.972526895231567 ] } },
{ "type": "Feature", "properties": { "category": "food_beverage" }, "geometry": { "type": "Point", "coordinates": [ 235188.350947041850304, 891078.878163080546074 ] } },
{ "type": "Feature", "properties": { "category": "food_beverage" }, "geometry": { "type": "Point", "coordinates": [ 230581.866437502438203, 900279.26700687664561 ] } },
{ "type": "Feature", "properties": { "category": "food_beverage" }, "geometry": { "type": "Point", "coordinates": [ 242740.334953502897406, 908701.769150405889377 ] } },
{ "type": "Feature", "properties": { "category": "food_beverage" }, "geometry": { "type": "Point", "coordinates": [ 231976.591635857883375, 896524.174685812089592 ] } },
{ "type": "Feature", "properties": { "category": "food_beverage" }, "geometry": { "type": "Point", "coordinates": [ 234003.422915429458953, 904421.439401997020468 ] } },
{ "type": "Feature", "properties": { "category": "food_beverage" }, "geometry": { "type": "Point", "coordinates": [ 231497.048270965053234, 905644.836895580519922 ] } },
{ "type": "Feature", "properties": { "category": "food_beverage" }, "geometry": { "type": "Point", "coordinates": [ 225825.811610285309143, 900798.015826707938686 ] } },
{ "type": "Feature", "properties": { "category": "food_beverage" }, "geometry": { "type": "Point", "coordinates": [ 238224.373278672457673, 892478.394662529695779 ] } },
{ "type": "Feature", "properties": { "category": "food_beverage" }, "geometry": { "type": "Point", "coordinates": [ 241461.046674076584168, 906884.043261791346595 ] } },
{ "type": "Feature", "properties": { "category": "food_beverage" }, "geometry": { "type": "Point", "coordinates": [ 235196.42186120947008, 899170.646557845175266 ] } },
{ "type": "Feature", "properties": { "category": "food_beverage" }, "geometry": { "type": "Point", "coordinates": [ 232211.776687986188335, 900103.159724590252154 ] } },
{ "type": "Feature", "properties": { "category": "food_beverage" }, "geometry": { "type": "Point", "coordinates": [ 238732.916436675761361, 902972.910748836584389 ] } },
{ "type": "Feature", "properties": { "category": "food_beverage" }, "geometry": { "type": "Point", "coordinates": [ 228217.72184279182693, 902382.407769404933788 ] } },
{ "type": "Feature", "properties": { "category": "food_beverage" }, "geometry": { "type": "Point", "coordinates": [ 230984.455558260378893, 889492.39024730050005 ] } },
{ "type": "Feature", "properties": { "category": "food_beverage" }, "geometry": { "type": "Point", "coordinates": [ 236663.925591213366715, 900707.470597171224654 ] } },
{ "type": "Feature", "properties": { "category": "food_beverage" }, "geometry": { "type": "Point", "coordinates": [ 236571.70950967722456, 901551.407061125151813 ] } },
{ "type": "Feature", "properties": { "category": "food_beverage" }, "geometry": { "type": "Point", "coordinates": [ 229441.001330385071924, 899258.59157539345324 ] } },
{ "type": "Feature", "properties": { "category": "food_beverage" }, "geometry": { "type": "Point", "coordinates": [ 236107.183610987791326, 901777.381611859076656 ] } },
{ "type": "Feature", "properties": { "category": "food_beverage" }, "geometry": { "type": "Point", "coordinates": [ 235010.310317075171042, 902337.774465806200169 ] } },
{ "type": "Feature", "properties": { "category": "food_beverage" }, "geometry": { "type": "Point", "coordinates": [ 233064.0690479541081, 899590.051225164206699 ] } },
{ "type": "Feature", "properties": { "category": "food_beverage" }, "geometry": { "type": "Point", "coordinates": [ 235667.588527751562651, 911574.457877623848617 ] } },
{ "type": "Feature", "properties": { "category": "food_beverage" }, "geometry": { "type": "Point", "coordinates": [ 242588.74402756607742, 887399.497562030795962 ] } },
{ "type": "Feature", "properties": { "category": "food_beverage" }, "geometry": { "type": "Point", "coordinates": [ 237850.667507596604992, 904167.531888594501652 ] } },
{ "type": "Feature", "properties": { "category": "food_beverage" }, "geometry": { "type": "Point", "coordinates": [ 225409.804623910633381, 897849.401493307901546 ] } },
{ "type": "Feature", "properties": { "category": "food_beverage" }, "geometry": { "type": "Point", "coordinates": [ 236079.425831488857511, 897346.897593581699766 ] } },
{ "type": "Feature", "properties": { "category": "food_beverage" }, "geometry": { "type": "Point", "coordinates": [ 236398.307670419337228, 895471.891511830268428 ] } },
{ "type": "Feature", "properties": { "category": "food_beverage" }, "geometry": { "type": "Point", "coordinates": [ 221747.409037226374494, 892752.16686529526487 ] } },
{ "type": "Feature", "properties": { "category": "food_beverage" }, "geometry": { "type": "Point", "coordinates": [ 236820.235722404671833, 900812.923567992984317 ] } },
{ "type": "Feature", "properties": { "category": "food_beverage" }, "geometry": { "type": "Point", "coordinates": [ 228267.762198305485072, 894050.609090234036557 ] } },
{ "type": "Feature", "properties": { "category": "food_beverage" }, "geometry": { "type": "Point", "coordinates": [ 221491.947399909870001, 901120.654713595984504 ] } },
{ "type": "Feature", "properties": { "category": "food_beverage" }, "geometry": { "type": "Point", "coordinates": [ 241370.02201868276461, 906546.267499181907624 ] } },
{ "type": "Feature", "properties": { "category": "food_beverage" }, "geometry": { "type": "Point", "coordinates": [ 236571.977992122789146, 894386.682296114973724 ] } },
{ "type": "Feature", "properties": { "category": "food_beverage" }, "geometry": { "type": "Point", "coordinates": [ 246538.958272664836841, 912837.164427188225091 ] } },
{ "type": "Feature", "properties": { "category": "food_beverage" }, "geometry": { "type": "Point", "coordinates": [ 229906.362053819728317, 905750.960377761628479 ] } },
{ "type": "Feature", "properties": { "category": "food_beverage" }, "geometry": { "type": "Point", "coordinates": [ 225947.009511158161331, 903961.625270306365564 ] } },
{ "type": "Feature", "properties": { "category": "food_beverage" }, "geometry": { "type": "Point", "coordinates": [ 221578.157214300008491, 892189.937044535647146 ] } },
{ "type": "Feature", "properties": { "category": "food_beverage" }, "geometry": { "type": "Point", "coordinates": [ 236282.833714558102656, 900846.228590414160863 ] } },
{ "type": "Feature", "properties": { "category": "food_beverage" }, "geometry": { "type": "Point", "coordinates": [ 231329.371508143056417, 902519.558303343364969 ] } },
{ "type": "Feature", "properties": { "category": "food_beverage" }, "geometry": { "type": "Point", "coordinates": [ 234380.657442256488139, 900006.356664703926072 ] } },
{ "type": "Feature", "properties": { "category": "food_beverage" }, "geometry": { "type": "Point", "coordinates": [ 236233.098851624963572, 900122.298153004259802 ] } },
{ "type": "Feature", "properties": { "category": "food_beverage" }, "geometry": { "type": "Point", "coordinates": [ 237303.601707011315739, 900391.043137793196365 ] } },
{ "type": "Feature", "properties": { "category": "food_beverage" }, "geometry": { "type": "Point", "coordinates": [ 232305.712599766382482, 900871.916064344230108 ] } },
{ "type": "Feature", "properties": { "category": "food_beverage" }, "geometry": { "type": "Point", "coordinates": [ 233569.011067861109041, 901814.003711567725986 ] } },
{ "type": "Feature", "properties": { "category": "food_beverage" }, "geometry": { "type": "Point", "coordinates": [ 234634.2886520610773, 899784.335584598476999 ] } },
{ "type": "Feature", "properties": { "category": "food_beverage" }, "geometry": { "type": "Point", "coordinates": [ 234696.03331500972854, 907297.446347255958244 ] } },
{ "type": "Feature", "properties": { "category": "food_beverage" }, "geometry": { "type": "Point", "coordinates": [ 235695.53173655984574, 891424.435788420378231 ] } },
{ "type": "Feature", "properties": { "category": "food_beverage" }, "geometry": { "type": "Point", "coordinates": [ 234346.288906893751118, 901542.286485483753495 ] } },
{ "type": "Feature", "properties": { "category": "food_beverage" }, "geometry": { "type": "Point", "coordinates": [ 234708.805907445203047, 904796.337860018480569 ] } },
{ "type": "Feature", "properties": { "category": "food_beverage" }, "geometry": { "type": "Point", "coordinates": [ 227757.689280806545867, 897005.654382576816715 ] } },
{ "type": "Feature", "properties": { "category": "food_beverage" }, "geometry": { "type": "Point", "coordinates": [ 231725.845339895575307, 895624.649598635267466 ] } },
{ "type": "Feature", "properties": { "category": "food_beverage" }, "geometry": { "type": "Point", "coordinates": [ 243577.198514480609447, 902541.867670482257381 ] } },
{ "type": "Feature", "properties": { "category": "food_beverage" }, "geometry": { "type": "Point", "coordinates": [ 239070.296319648361532, 901544.751473017851822 ] } },
{ "type": "Feature", "properties": { "category": "food_beverage" }, "geometry": { "type": "Point", "coordinates": [ 236087.741114996810211, 900029.355477953096852 ] } },
{ "type": "Feature", "properties": { "category": "food_beverage" }, "geometry": { "type": "Point", "coordinates": [ 236021.390115218062419, 900162.641900906106457 ] } },
{ "type": "Feature", "properties": { "category": "food_beverage" }, "geometry": { "type": "Point", "coordinates": [ 219637.915483741671778, 904861.877123397192918 ] } },
{ "type": "Feature", "properties": { "category": "food_beverage" }, "geometry": { "type": "Point", "coordinates": [ 234273.575798239791766, 899560.855992427561432 ] } },
{ "type": "Feature", "properties": { "category": "food_beverage" }, "geometry": { "type": "Point", "coordinates": [ 237853.49216354143573, 907110.485094841802493 ] } },
{ "type": "Feature", "properties": { "category": "food_beverage" }, "geometry": { "type": "Point", "coordinates": [ 236816.216389203094877, 901705.750031934585422 ] } },
{ "type": "Feature", "properties": { "category": "food_beverage" }, "geometry": { "type": "Point", "coordinates": [ 230285.611115508596413, 900408.500223821261898 ] } },
{ "type": "Feature", "properties": { "category": "food_beverage" }, "geometry": { "type": "Point", "coordinates": [ 235461.076661237893859, 912136.368268562131561 ] } },
{ "type": "Feature", "properties": { "category": "food_beverage" }, "geometry": { "type": "Point", "coordinates": [ 222343.379558774438919, 900227.361537921940908 ] } },
{ "type": "Feature", "properties": { "category": "food_beverage" }, "geometry": { "type": "Point", "coordinates": [ 227368.294382399471942, 896964.251267363433726 ] } },
{ "type": "Feature", "properties": { "category": "food_beverage" }, "geometry": { "type": "Point", "coordinates": [ 238224.434194404544542, 898458.568599221063778 ] } },
{ "type": "Feature", "properties": { "category": "food_beverage" }, "geometry": { "type": "Point", "coordinates": [ 237714.356890032824595, 902454.962325734319165 ] } },
{ "type": "Feature", "properties": { "category": "food_beverage" }, "geometry": { "type": "Point", "coordinates": [ 237952.573864580946974, 902573.988627522601746 ] } },
{ "type": "Feature", "properties": { "category": "food_beverage" }, "geometry": { "type": "Point", "coordinates": [ 245289.140694398258347, 912700.684522850089706 ] } },
{ "type": "Feature", "properties": { "category": "food_beverage" }, "geometry": { "type": "Point", "coordinates": [ 234297.72927479154896, 904131.510746088810265 ] } },
{ "type": "Feature", "properties": { "category": "food_beverage" }, "geometry": { "type": "Point", "coordinates": [ 244154.654807379760314, 912841.190688771544956 ] } },
{ "type": "Feature", "properties": { "category": "food_beverage" }, "geometry": { "type": "Point", "coordinates": [ 236038.684929867595201, 912769.695963420905173 ] } },
{ "type": "Feature", "properties": { "category": "food_beverage" }, "geometry": { "type": "Point", "coordinates": [ 234817.30844618025003, 899747.584524154081009 ] } },
{ "type": "Feature", "properties": { "category": "food_beverage" }, "geometry": { "type": "Point", "coordinates": [ 235548.382889875094406, 901252.575272903079167 ] } },
{ "type": "Feature", "properties": { "category": "food_beverage" }, "geometry": { "type": "Point", "coordinates": [ 221651.017095766816055, 901977.771965786349028 ] } },
{ "type": "Feature", "properties": { "category": "food_beverage" }, "geometry": { "type": "Point", "coordinates": [ 235786.75376498879632, 911724.912567102932371 ] } },
{ "type": "Feature", "properties": { "category": "food_beverage" }, "geometry": { "type": "Point", "coordinates": [ 232171.6462483634823, 896935.271738389972597 ] } },
{ "type": "Feature", "properties": { "category": "food_beverage" }, "geometry": { "type": "Point", "coordinates": [ 244823.561009462311631, 912968.28949268872384 ] } },
{ "type": "Feature", "properties": { "category": "food_beverage" }, "geometry": { "type": "Point", "coordinates": [ 236255.470348496164661, 900097.976368785137311 ] } },
{ "type": "Feature", "properties": { "category": "food_beverage" }, "geometry": { "type": "Point", "coordinates": [ 238682.359810070454841, 892110.457564017502591 ] } },
{ "type": "Feature", "properties": { "category": "food_beverage" }, "geometry": { "type": "Point", "coordinates": [ 228355.215775496093556, 901886.109904543613084 ] } },
{ "type": "Feature", "properties": { "category": "food_beverage" }, "geometry": { "type": "Point", "coordinates": [ 228861.261492616322357, 899770.364111640607007 ] } },
{ "type": "Feature", "properties": { "category": "food_beverage" }, "geometry": { "type": "Point", "coordinates": [ 234791.442094649653882, 899380.122203692095354 ] } },
{ "type": "Feature", "properties": { "category": "food_beverage" }, "geometry": { "type": "Point", "coordinates": [ 229879.333929051557789, 900432.30888273997698 ] } },
{ "type": "Feature", "properties": { "category": "food_beverage" }, "geometry": { "type": "Point", "coordinates": [ 240580.560989383346168, 912912.357284010620788 ] } },
{ "type": "Feature", "properties": { "category": "food_beverage" }, "geometry": { "type": "Point", "coordinates": [ 237116.277599419205217, 899964.177805055980571 ] } },
{ "type": "Feature", "properties": { "category": "food_beverage" }, "geometry": { "type": "Point", "coordinates": [ 233370.702279954595724, 901353.750971542438492 ] } },
{ "type": "Feature", "properties": { "category": "food_beverage" }, "geometry": { "type": "Point", "coordinates": [ 236038.416129049292067, 900666.357148932409473 ] } },
{ "type": "Feature", "properties": { "category": "food_beverage" }, "geometry": { "type": "Point", "coordinates": [ 236005.065781583805801, 900614.979178703972138 ] } },
{ "type": "Feature", "properties": { "category": "food_beverage" }, "geometry": { "type": "Point", "coordinates": [ 234445.139321402122732, 897204.519148229621351 ] } },
{ "type": "Feature", "properties": { "category": "food_beverage" }, "geometry": { "type": "Point", "coordinates": [ 227687.963380951958243, 907369.834916847525164 ] } },
{ "type": "Feature", "properties": { "category": "food_beverage" }, "geometry": { "type": "Point", "coordinates": [ 230193.66253904698533, 893230.317608279641718 ] } },
{ "type": "Feature", "properties": { "category": "food_beverage" }, "geometry": { "type": "Point", "coordinates": [ 242254.46861486393027, 902806.597586523275822 ] } },
{ "type": "Feature", "properties": { "category": "food_beverage" }, "geometry": { "type": "Point", "coordinates": [ 237516.832432247552788, 900189.238482876680791 ] } },
{ "type": "Feature", "properties": { "category": "food_beverage" }, "geometry": { "type": "Point", "coordinates": [ 241012.811787968035787, 888566.323873465647921 ] } },
{ "type": "Feature", "properties": { "category": "food_beverage" }, "geometry": { "type": "Point", "coordinates": [ 235074.785046386678005, 898445.812294463044964 ] } },
{ "type": "Feature", "properties": { "category": "food_beverage" }, "geometry": { "type": "Point", "coordinates": [ 231150.626659230940277, 905085.342599328840151 ] } },
{ "type": "Feature", "properties": { "category": "food_beverage" }, "geometry": { "type": "Point", "coordinates": [ 232211.776687986188335, 900103.159724590252154 ] } },
{ "type": "Feature", "properties": { "category": "food_beverage" }, "geometry": { "type": "Point", "coordinates": [ 236186.84524864226114, 900160.381745252176188 ] } },
{ "type": "Feature", "properties": { "category": "food_beverage" }, "geometry": { "type": "Point", "coordinates": [ 221648.825611423992086, 892250.245944845839404 ] } },
{ "type": "Feature", "properties": { "category": "food_beverage" }, "geometry": { "type": "Point", "coordinates": [ 230450.088497986464063, 900287.580982611747459 ] } },
{ "type": "Feature", "properties": { "category": "food_beverage" }, "geometry": { "type": "Point", "coordinates": [ 234712.139214482042007, 904021.912444115383551 ] } },
{ "type": "Feature", "properties": { "category": "food_beverage" }, "geometry": { "type": "Point", "coordinates": [ 234641.094356763991527, 900158.812591777299531 ] } },
{ "type": "Feature", "properties": { "category": "food_beverage" }, "geometry": { "type": "Point", "coordinates": [ 237059.331959157309029, 900700.547452322789468 ] } },
{ "type": "Feature", "properties": { "category": "food_beverage" }, "geometry": { "type": "Point", "coordinates": [ 229424.919928921153769, 900816.275145158870146 ] } },
{ "type": "Feature", "properties": { "category": "food_beverage" }, "geometry": { "type": "Point", "coordinates": [ 232510.647248442197451, 901805.361090630874969 ] } },
{ "type": "Feature", "properties": { "category": "food_beverage" }, "geometry": { "type": "Point", "coordinates": [ 232823.776773005491123, 901534.120258706156164 ] } },
{ "type": "Feature", "properties": { "category": "food_beverage" }, "geometry": { "type": "Point", "coordinates": [ 236234.412689273245633, 900203.058652705512941 ] } },
{ "type": "Feature", "properties": { "category": "food_beverage" }, "geometry": { "type": "Point", "coordinates": [ 232363.722912205499597, 895158.590506532462314 ] } },
{ "type": "Feature", "properties": { "category": "food_beverage" }, "geometry": { "type": "Point", "coordinates": [ 228118.535899970709579, 902284.039343787822872 ] } },
{ "type": "Feature", "properties": { "category": "food_beverage" }, "geometry": { "type": "Point", "coordinates": [ 232038.472715251555201, 903777.164558795513585 ] } },
{ "type": "Feature", "properties": { "category": "food_beverage" }, "geometry": { "type": "Point", "coordinates": [ 236745.203801490511978, 901108.332176655647345 ] } },
{ "type": "Feature", "properties": { "category": "food_beverage" }, "geometry": { "type": "Point", "coordinates": [ 234141.291075488377828, 899703.613505957531743 ] } },
{ "type": "Feature", "properties": { "category": "food_beverage" }, "geometry": { "type": "Point", "coordinates": [ 234473.150608606694732, 906055.147281170589849 ] } },
{ "type": "Feature", "properties": { "category": "food_beverage" }, "geometry": { "type": "Point", "coordinates": [ 226615.122079066815786, 896817.404428512440063 ] } },
{ "type": "Feature", "properties": { "category": "food_beverage" }, "geometry": { "type": "Point", "coordinates": [ 228836.838243121484993, 894694.495662346016616 ] } },
{ "type": "Feature", "properties": { "category": "food_beverage" }, "geometry": { "type": "Point", "coordinates": [ 238547.051694285328267, 903209.263950432301499 ] } },
{ "type": "Feature", "properties": { "category": "food_beverage" }, "geometry": { "type": "Point", "coordinates": [ 222301.444080108602066, 899837.56988664122764 ] } },
{ "type": "Feature", "properties": { "category": "food_beverage" }, "geometry": { "type": "Point", "coordinates": [ 228772.179784471110906, 907191.913898097816855 ] } },
{ "type": "Feature", "properties": { "category": "food_beverage" }, "geometry": { "type": "Point", "coordinates": [ 226710.86573325181962, 886811.297828265232965 ] } },
{ "type": "Feature", "properties": { "category": "food_beverage" }, "geometry": { "type": "Point", "coordinates": [ 225238.460734348220285, 902207.455536267487332 ] } },
{ "type": "Feature", "properties": { "category": "food_beverage" }, "geometry": { "type": "Point", "coordinates": [ 240091.061295200343011, 908792.218830998637713 ] } },
{ "type": "Feature", "properties": { "category": "food_beverage" }, "geometry": { "type": "Point", "coordinates": [ 234461.717351015773602, 899942.328539829468355 ] } },
{ "type": "Feature", "properties": { "category": "food_beverage" }, "geometry": { "type": "Point", "coordinates": [ 236671.310217952268431, 901186.811722412821837 ] } },
{ "type": "Feature", "properties": { "category": "food_beverage" }, "geometry": { "type": "Point", "coordinates": [ 233404.040481724310666, 903351.097216490539722 ] } },
{ "type": "Feature", "properties": { "category": "food_beverage" }, "geometry": { "type": "Point", "coordinates": [ 235600.675357295986032, 899873.916920514777303 ] } },
{ "type": "Feature", "properties": { "category": "food_beverage" }, "geometry": { "type": "Point", "coordinates": [ 241943.322697282012086, 913876.897678571054712 ] } },
{ "type": "Feature", "properties": { "category": "food_beverage" }, "geometry": { "type": "Point", "coordinates": [ 236971.650408241461264, 900062.83031770051457 ] } },
{ "type": "Feature", "properties": { "category": "food_beverage" }, "geometry": { "type": "Point", "coordinates": [ 224947.310463558649644, 897397.773249183781445 ] } },
{ "type": "Feature", "properties": { "category": "food_beverage" }, "geometry": { "type": "Point", "coordinates": [ 228469.969819885329343, 892642.536332388059236 ] } },
{ "type": "Feature", "properties": { "category": "food_beverage" }, "geometry": { "type": "Point", "coordinates": [ 231911.33804765669629, 892554.781584386480972 ] } },
{ "type": "Feature", "properties": { "category": "food_beverage" }, "geometry": { "type": "Point", "coordinates": [ 237352.397825777705293, 909412.15578672697302 ] } },
{ "type": "Feature", "properties": { "category": "food_beverage" }, "geometry": { "type": "Point", "coordinates": [ 244111.625863886787556, 912581.988484148751013 ] } },
{ "type": "Feature", "properties": { "category": "food_beverage" }, "geometry": { "type": "Point", "coordinates": [ 234702.063569811201887, 897655.312498183222488 ] } },
{ "type": "Feature", "properties": { "category": "food_beverage" }, "geometry": { "type": "Point", "coordinates": [ 236206.210986577410949, 900079.727774584433064 ] } },
{ "type": "Feature", "properties": { "category": "food_beverage" }, "geometry": { "type": "Point", "coordinates": [ 235170.549862892134115, 908084.252268449636176 ] } },
{ "type": "Feature", "properties": { "category": "food_beverage" }, "geometry": { "type": "Point", "coordinates": [ 225666.897169240488438, 903006.657764851115644 ] } },
{ "type": "Feature", "properties": { "category": "food_beverage" }, "geometry": { "type": "Point", "coordinates": [ 240527.015292552940082, 907456.872053901664913 ] } },
{ "type": "Feature", "properties": { "category": "food_beverage" }, "geometry": { "type": "Point", "coordinates": [ 236217.345410247566178, 900780.910020308452658 ] } },
{ "type": "Feature", "properties": { "category": "food_beverage" }, "geometry": { "type": "Point", "coordinates": [ 236530.837075161660323, 897812.977222810033709 ] } },
{ "type": "Feature", "properties": { "category": "food_beverage" }, "geometry": { "type": "Point", "coordinates": [ 236527.017268505529501, 899198.207222043769434 ] } },
{ "type": "Feature", "properties": { "category": "food_beverage" }, "geometry": { "type": "Point", "coordinates": [ 234346.675821095675929, 906262.578929639421403 ] } },
{ "type": "Feature", "properties": { "category": "food_beverage" }, "geometry": { "type": "Point", "coordinates": [ 231766.982447228598176, 895990.277830189559609 ] } },
{ "type": "Feature", "properties": { "category": "food_beverage" }, "geometry": { "type": "Point", "coordinates": [ 244726.747885864751879, 914195.460946547565982 ] } },
{ "type": "Feature", "properties": { "category": "food_beverage" }, "geometry": { "type": "Point", "coordinates": [ 233119.191338457778329, 903522.586589234997518 ] } },
{ "type": "Feature", "properties": { "category": "food_beverage" }, "geometry": { "type": "Point", "coordinates": [ 239246.168978796340525, 891650.057626104447991 ] } },
{ "type": "Feature", "properties": { "category": "food_beverage" }, "geometry": { "type": "Point", "coordinates": [ 232303.652613249432761, 904490.059910673182458 ] } },
{ "type": "Feature", "properties": { "category": "food_beverage" }, "geometry": { "type": "Point", "coordinates": [ 234341.131231080304133, 905258.50728151446674 ] } },
{ "type": "Feature", "properties": { "category": "food_beverage" }, "geometry": { "type": "Point", "coordinates": [ 237542.700467695627594, 899757.949318201979622 ] } },
{ "type": "Feature", "properties": { "category": "food_beverage" }, "geometry": { "type": "Point", "coordinates": [ 228267.762198305485072, 894050.609090234036557 ] } },
{ "type": "Feature", "properties": { "category": "food_beverage" }, "geometry": { "type": "Point", "coordinates": [ 236697.016652398364386, 900854.821947788354009 ] } },
{ "type": "Feature", "properties": { "category": "food_beverage" }, "geometry": { "type": "Point", "coordinates": [ 242921.342840623867232, 888084.302050017868169 ] } },
{ "type": "Feature", "properties": { "category": "food_beverage" }, "geometry": { "type": "Point", "coordinates": [ 236591.820615227508824, 901533.405996641493402 ] } },
{ "type": "Feature", "properties": { "category": "food_beverage" }, "geometry": { "type": "Point", "coordinates": [ 237961.458673373155762, 902926.489508410566486 ] } },
{ "type": "Feature", "properties": { "category": "food_beverage" }, "geometry": { "type": "Point", "coordinates": [ 235975.859973335434915, 900381.565626583993435 ] } },
{ "type": "Feature", "properties": { "category": "food_beverage" }, "geometry": { "type": "Point", "coordinates": [ 241851.102448050427483, 906392.051532836863771 ] } },
{ "type": "Feature", "properties": { "category": "food_beverage" }, "geometry": { "type": "Point", "coordinates": [ 231623.256061397318263, 902499.103724060580134 ] } },
{ "type": "Feature", "properties": { "category": "food_beverage" }, "geometry": { "type": "Point", "coordinates": [ 234401.924866882298375, 900004.350261545157991 ] } },
{ "type": "Feature", "properties": { "category": "food_beverage" }, "geometry": { "type": "Point", "coordinates": [ 230884.201198733528145, 889247.139424075372517 ] } },
{ "type": "Feature", "properties": { "category": "food_beverage" }, "geometry": { "type": "Point", "coordinates": [ 235602.940271775587462, 895048.393260333454236 ] } },
{ "type": "Feature", "properties": { "category": "food_beverage" }, "geometry": { "type": "Point", "coordinates": [ 237112.637027258548187, 894267.552020956762135 ] } },
{ "type": "Feature", "properties": { "category": "food_beverage" }, "geometry": { "type": "Point", "coordinates": [ 232509.681444852933055, 901871.670257862540893 ] } },
{ "type": "Feature", "properties": { "category": "food_beverage" }, "geometry": { "type": "Point", "coordinates": [ 228838.307276746723801, 898336.040433312999085 ] } },
{ "type": "Feature", "properties": { "category": "food_beverage" }, "geometry": { "type": "Point", "coordinates": [ 233861.95221180684166, 902475.43664198264014 ] } },
{ "type": "Feature", "properties": { "category": "food_beverage" }, "geometry": { "type": "Point", "coordinates": [ 237955.680479367409134, 889871.867634727736004 ] } },
{ "type": "Feature", "properties": { "category": "food_beverage" }, "geometry": { "type": "Point", "coordinates": [ 236857.682301103952341, 900851.664028838160448 ] } },
{ "type": "Feature", "properties": { "category": "food_beverage" }, "geometry": { "type": "Point", "coordinates": [ 238441.754562696616631, 898383.443260258762166 ] } },
{ "type": "Feature", "properties": { "category": "food_beverage" }, "geometry": { "type": "Point", "coordinates": [ 232714.097643598186551, 898178.951370953116566 ] } },
{ "type": "Feature", "properties": { "category": "food_beverage" }, "geometry": { "type": "Point", "coordinates": [ 236394.239926378591917, 900444.146431330475025 ] } },
{ "type": "Feature", "properties": { "category": "food_beverage" }, "geometry": { "type": "Point", "coordinates": [ 230604.7353191235743, 905051.618173722992651 ] } },
{ "type": "Feature", "properties": { "category": "food_beverage" }, "geometry": { "type": "Point", "coordinates": [ 234250.40329477810883, 897738.071660636691377 ] } },
{ "type": "Feature", "properties": { "category": "food_beverage" }, "geometry": { "type": "Point", "coordinates": [ 237919.506178967654705, 889862.786553601035848 ] } },
{ "type": "Feature", "properties": { "category": "food_beverage" }, "geometry": { "type": "Point", "coordinates": [ 236346.57559189866879, 895064.415709035703912 ] } },
{ "type": "Feature", "properties": { "category": "food_beverage" }, "geometry": { "type": "Point", "coordinates": [ 231484.021808087301906, 894043.499094709288329 ] } },
{ "type": "Feature", "properties": { "category": "food_beverage" }, "geometry": { "type": "Point", "coordinates": [ 236214.549371101602446, 900204.400278177927248 ] } },
{ "type": "Feature", "properties": { "category": "food_beverage" }, "geometry": { "type": "Point", "coordinates": [ 236411.437276564945932, 900209.860773746855557 ] } },
{ "type": "Feature", "properties": { "category": "food_beverage" }, "geometry": { "type": "Point", "coordinates": [ 228228.706248187227175, 902046.996596438111737 ] } },
{ "type": "Feature", "properties": { "category": "food_beverage" }, "geometry": { "type": "Point", "coordinates": [ 237780.988804346940015, 905501.773525921045803 ] } },
{ "type": "Feature", "properties": { "category": "food_beverage" }, "geometry": { "type": "Point", "coordinates": [ 239574.278268710506381, 915265.204891256988049 ] } },
{ "type": "Feature", "properties": { "category": "food_beverage" }, "geometry": { "type": "Point", "coordinates": [ 231951.155411451414693, 902225.891003169934265 ] } },
{ "type": "Feature", "properties": { "category": "food_beverage" }, "geometry": { "type": "Point", "coordinates": [ 232824.27793214796111, 899998.248475023428909 ] } },
{ "type": "Feature", "properties": { "category": "food_beverage" }, "geometry": { "type": "Point", "coordinates": [ 231329.371508143056417, 902519.558303343364969 ] } },
{ "type": "Feature", "properties": { "category": "food_beverage" }, "geometry": { "type": "Point", "coordinates": [ 236619.322263412526809, 901093.123760391375981 ] } },
{ "type": "Feature", "properties": { "category": "food_beverage" }, "geometry": { "type": "Point", "coordinates": [ 232217.201039987674449, 899566.901696500950493 ] } },
{ "type": "Feature", "properties": { "category": "food_beverage" }, "geometry": { "type": "Point", "coordinates": [ 231281.217253513401374, 890691.875101151643321 ] } },
{ "type": "Feature", "properties": { "category": "food_beverage" }, "geometry": { "type": "Point", "coordinates": [ 230142.492730532278074, 899834.391390927135944 ] } },
{ "type": "Feature", "properties": { "category": "food_beverage" }, "geometry": { "type": "Point", "coordinates": [ 235674.154016169719398, 891540.624115739483386 ] } },
{ "type": "Feature", "properties": { "category": "food_beverage" }, "geometry": { "type": "Point", "coordinates": [ 237059.331959157309029, 900700.547452322789468 ] } },
{ "type": "Feature", "properties": { "category": "food_beverage" }, "geometry": { "type": "Point", "coordinates": [ 238754.524739337444771, 891273.782491685822606 ] } },
{ "type": "Feature", "properties": { "category": "food_beverage" }, "geometry": { "type": "Point", "coordinates": [ 233966.590321381954709, 893957.302325739059597 ] } },
{ "type": "Feature", "properties": { "category": "food_beverage" }, "geometry": { "type": "Point", "coordinates": [ 234461.717351015773602, 899942.328539829468355 ] } },
{ "type": "Feature", "properties": { "category": "food_beverage" }, "geometry": { "type": "Point", "coordinates": [ 238156.265241802495439, 898430.762013788800687 ] } },
{ "type": "Feature", "properties": { "category": "food_beverage" }, "geometry": { "type": "Point", "coordinates": [ 238669.200235994037939, 904104.343567069852725 ] } },
{ "type": "Feature", "properties": { "category": "food_beverage" }, "geometry": { "type": "Point", "coordinates": [ 237977.843466128018918, 902698.866598966065794 ] } },
{ "type": "Feature", "properties": { "category": "food_beverage" }, "geometry": { "type": "Point", "coordinates": [ 231260.004988403088646, 902430.608917790697888 ] } },
{ "type": "Feature", "properties": { "category": "food_beverage" }, "geometry": { "type": "Point", "coordinates": [ 235480.853454154508654, 908370.2893193915952 ] } },
{ "type": "Feature", "properties": { "category": "food_beverage" }, "geometry": { "type": "Point", "coordinates": [ 238732.916436675761361, 902972.910748836584389 ] } },
{ "type": "Feature", "properties": { "category": "food_beverage" }, "geometry": { "type": "Point", "coordinates": [ 236634.193244605150539, 901732.790347158908844 ] } },
{ "type": "Feature", "properties": { "category": "food_beverage" }, "geometry": { "type": "Point", "coordinates": [ 238732.916436675761361, 902972.910748836584389 ] } },
{ "type": "Feature", "properties": { "category": "food_beverage" }, "geometry": { "type": "Point", "coordinates": [ 237935.849578984692926, 904511.337005642591976 ] } },
{ "type": "Feature", "properties": { "category": "food_beverage" }, "geometry": { "type": "Point", "coordinates": [ 231036.321767357410863, 889538.159700552700087 ] } },
{ "type": "Feature", "properties": { "category": "food_beverage" }, "geometry": { "type": "Point", "coordinates": [ 235701.177265057107434, 901353.653604728984646 ] } },
{ "type": "Feature", "properties": { "category": "food_beverage" }, "geometry": { "type": "Point", "coordinates": [ 239992.989105270360596, 890819.856412353576161 ] } },
{ "type": "Feature", "properties": { "category": "food_beverage" }, "geometry": { "type": "Point", "coordinates": [ 231266.573107929900289, 904803.384620661963709 ] } },
{ "type": "Feature", "properties": { "category": "food_beverage" }, "geometry": { "type": "Point", "coordinates": [ 230993.843428329419112, 892437.382127921329811 ] } },
{ "type": "Feature", "properties": { "category": "food_beverage" }, "geometry": { "type": "Point", "coordinates": [ 236023.6019694446004, 901643.547466353978962 ] } },
{ "type": "Feature", "properties": { "category": "food_beverage" }, "geometry": { "type": "Point", "coordinates": [ 231013.323486008361215, 899331.666886655730195 ] } },
{ "type": "Feature", "properties": { "category": "food_beverage" }, "geometry": { "type": "Point", "coordinates": [ 233872.288677418022417, 899339.421015802072361 ] } },
{ "type": "Feature", "properties": { "category": "food_beverage" }, "geometry": { "type": "Point", "coordinates": [ 232955.007520987419412, 895978.52838684071321 ] } },
{ "type": "Feature", "properties": { "category": "food_beverage" }, "geometry": { "type": "Point", "coordinates": [ 232894.295087532402249, 902694.217618938069791 ] } },
{ "type": "Feature", "properties": { "category": "food_beverage" }, "geometry": { "type": "Point", "coordinates": [ 233192.058801436884096, 902584.428767908946611 ] } },
{ "type": "Feature", "properties": { "category": "food_beverage" }, "geometry": { "type": "Point", "coordinates": [ 221665.704896580602508, 903464.81396673724521 ] } },
{ "type": "Feature", "properties": { "category": "food_beverage" }, "geometry": { "type": "Point", "coordinates": [ 243213.128343595570186, 904057.184841581853107 ] } },
{ "type": "Feature", "properties": { "category": "food_beverage" }, "geometry": { "type": "Point", "coordinates": [ 231429.111080741888145, 898135.877859327825718 ] } },
{ "type": "Feature", "properties": { "category": "food_beverage" }, "geometry": { "type": "Point", "coordinates": [ 233161.692560891766334, 903451.252531833131798 ] } },
{ "type": "Feature", "properties": { "category": "food_beverage" }, "geometry": { "type": "Point", "coordinates": [ 231921.056971431244165, 905585.547064472339116 ] } },
{ "type": "Feature", "properties": { "category": "food_beverage" }, "geometry": { "type": "Point", "coordinates": [ 235730.377539902779972, 895249.755549273802899 ] } },
{ "type": "Feature", "properties": { "category": "food_beverage" }, "geometry": { "type": "Point", "coordinates": [ 235481.687727714481298, 908547.132731838850304 ] } },
{ "type": "Feature", "properties": { "category": "food_beverage" }, "geometry": { "type": "Point", "coordinates": [ 240890.630070817365777, 888587.272883420693688 ] } },
{ "type": "Feature", "properties": { "category": "food_beverage" }, "geometry": { "type": "Point", "coordinates": [ 241128.07079354225425, 906732.12681811559014 ] } },
{ "type": "Feature", "properties": { "category": "food_beverage" }, "geometry": { "type": "Point", "coordinates": [ 231416.456151500344276, 902918.940242286305875 ] } },
{ "type": "Feature", "properties": { "category": "food_beverage" }, "geometry": { "type": "Point", "coordinates": [ 233075.56036487739766, 907906.227049766341224 ] } },
{ "type": "Feature", "properties": { "category": "food_beverage" }, "geometry": { "type": "Point", "coordinates": [ 236206.210986577410949, 900079.727774584433064 ] } },
{ "type": "Feature", "properties": { "category": "food_beverage" }, "geometry": { "type": "Point", "coordinates": [ 223172.735023897577776, 904117.986161879030988 ] } },
{ "type": "Feature", "properties": { "category": "food_beverage" }, "geometry": { "type": "Point", "coordinates": [ 234154.84442557557486, 901475.150660910294391 ] } },
{ "type": "Feature", "properties": { "category": "food_beverage" }, "geometry": { "type": "Point", "coordinates": [ 231602.94589038437698, 902509.897993187769316 ] } },
{ "type": "Feature", "properties": { "category": "food_beverage" }, "geometry": { "type": "Point", "coordinates": [ 219313.784864199144067, 903745.089416921138763 ] } },
{ "type": "Feature", "properties": { "category": "food_beverage" }, "geometry": { "type": "Point", "coordinates": [ 231607.61752774118213, 888868.584772806614637 ] } },
{ "type": "Feature", "properties": { "category": "food_beverage" }, "geometry": { "type": "Point", "coordinates": [ 233309.749013837426901, 904270.491556870052591 ] } },
{ "type": "Feature", "properties": { "category": "food_beverage" }, "geometry": { "type": "Point", "coordinates": [ 239070.296319648361532, 901544.751473017851822 ] } },
{ "type": "Feature", "properties": { "category": "food_beverage" }, "geometry": { "type": "Point", "coordinates": [ 221635.221848581626546, 902907.44283214234747 ] } },
{ "type": "Feature", "properties": { "category": "food_beverage" }, "geometry": { "type": "Point", "coordinates": [ 239070.296319648361532, 901544.751473017851822 ] } },
{ "type": "Feature", "properties": { "category": "food_beverage" }, "geometry": { "type": "Point", "coordinates": [ 238732.916436675761361, 902972.910748836584389 ] } },
{ "type": "Feature", "properties": { "category": "food_beverage" }, "geometry": { "type": "Point", "coordinates": [ 235350.282958905096166, 899462.886795040918514 ] } },
{ "type": "Feature", "properties": { "category": "food_beverage" }, "geometry": { "type": "Point", "coordinates": [ 234971.466162097465713, 902463.543935265159234 ] } },
{ "type": "Feature", "properties": { "category": "food_beverage" }, "geometry": { "type": "Point", "coordinates": [ 223172.735023897577776, 904117.986161879030988 ] } },
{ "type": "Feature", "properties": { "category": "food_beverage" }, "geometry": { "type": "Point", "coordinates": [ 236558.367168312892318, 900315.814532820950262 ] } },
{ "type": "Feature", "properties": { "category": "food_beverage" }, "geometry": { "type": "Point", "coordinates": [ 239070.296319648361532, 901544.751473017851822 ] } },
{ "type": "Feature", "properties": { "category": "food_beverage" }, "geometry": { "type": "Point", "coordinates": [ 232899.727979977964424, 903521.333085141261108 ] } },
{ "type": "Feature", "properties": { "category": "food_beverage" }, "geometry": { "type": "Point", "coordinates": [ 246073.863864592392929, 912661.695102638332173 ] } },
{ "type": "Feature", "properties": { "category": "food_beverage" }, "geometry": { "type": "Point", "coordinates": [ 233393.247044006799115, 902069.978937614709139 ] } },
{ "type": "Feature", "properties": { "category": "food_beverage" }, "geometry": { "type": "Point", "coordinates": [ 245128.544699818216031, 912018.163117742165923 ] } },
{ "type": "Feature", "properties": { "category": "food_beverage" }, "geometry": { "type": "Point", "coordinates": [ 233105.88231911737239, 896186.950914342189208 ] } },
{ "type": "Feature", "properties": { "category": "food_beverage" }, "geometry": { "type": "Point", "coordinates": [ 233214.208608286280651, 904013.891617460525595 ] } },
{ "type": "Feature", "properties": { "category": "food_beverage" }, "geometry": { "type": "Point", "coordinates": [ 239097.531224811216816, 891588.249128903611563 ] } },
{ "type": "Feature", "properties": { "category": "food_beverage" }, "geometry": { "type": "Point", "coordinates": [ 232912.476838306, 899462.377954275114462 ] } },
{ "type": "Feature", "properties": { "category": "food_beverage" }, "geometry": { "type": "Point", "coordinates": [ 234827.074253869417589, 899871.929012875887565 ] } },
{ "type": "Feature", "properties": { "category": "food_beverage" }, "geometry": { "type": "Point", "coordinates": [ 240479.792052780801896, 907467.485446208622307 ] } },
{ "type": "Feature", "properties": { "category": "food_beverage" }, "geometry": { "type": "Point", "coordinates": [ 225870.754037415113999, 901591.719114142935723 ] } },
{ "type": "Feature", "properties": { "category": "food_beverage" }, "geometry": { "type": "Point", "coordinates": [ 233476.718907061702339, 904724.486920865951106 ] } },
{ "type": "Feature", "properties": { "category": "food_beverage" }, "geometry": { "type": "Point", "coordinates": [ 220884.130104828072945, 903372.140501219080761 ] } },
{ "type": "Feature", "properties": { "category": "food_beverage" }, "geometry": { "type": "Point", "coordinates": [ 234970.44180479683564, 901941.248274088371545 ] } },
{ "type": "Feature", "properties": { "category": "food_beverage" }, "geometry": { "type": "Point", "coordinates": [ 231077.912067681289045, 906874.058408124139532 ] } },
{ "type": "Feature", "properties": { "category": "food_beverage" }, "geometry": { "type": "Point", "coordinates": [ 234067.815409929142334, 899273.941604962805286 ] } },
{ "type": "Feature", "properties": { "category": "food_beverage" }, "geometry": { "type": "Point", "coordinates": [ 236626.540904569730628, 901620.561270476668142 ] } },
{ "type": "Feature", "properties": { "category": "food_beverage" }, "geometry": { "type": "Point", "coordinates": [ 224800.14717641111929, 901238.186543811578304 ] } },
{ "type": "Feature", "properties": { "category": "food_beverage" }, "geometry": { "type": "Point", "coordinates": [ 227005.761209598713322, 888695.585708990460262 ] } },
{ "type": "Feature", "properties": { "category": "food_beverage" }, "geometry": { "type": "Point", "coordinates": [ 230799.00989878483233, 900231.341161296120845 ] } },
{ "type": "Feature", "properties": { "category": "food_beverage" }, "geometry": { "type": "Point", "coordinates": [ 232409.52903111896012, 900458.184832329279743 ] } },
{ "type": "Feature", "properties": { "category": "food_beverage" }, "geometry": { "type": "Point", "coordinates": [ 235875.945435124333017, 900199.331180127803236 ] } },
{ "type": "Feature", "properties": { "category": "food_beverage" }, "geometry": { "type": "Point", "coordinates": [ 236541.617118283931632, 901318.652457690681331 ] } },
{ "type": "Feature", "properties": { "category": "food_beverage" }, "geometry": { "type": "Point", "coordinates": [ 235756.14423601370072, 896198.040075235534459 ] } },
{ "type": "Feature", "properties": { "category": "food_beverage" }, "geometry": { "type": "Point", "coordinates": [ 238732.916436675761361, 902972.910748836584389 ] } },
{ "type": "Feature", "properties": { "category": "food_beverage" }, "geometry": { "type": "Point", "coordinates": [ 230450.209958270395873, 900297.578495432157069 ] } },
{ "type": "Feature", "properties": { "category": "food_beverage" }, "geometry": { "type": "Point", "coordinates": [ 236349.904095457924996, 901099.167089368100278 ] } },
{ "type": "Feature", "properties": { "category": "food_beverage" }, "geometry": { "type": "Point", "coordinates": [ 228637.197590522555402, 907190.806602253345773 ] } },
{ "type": "Feature", "properties": { "category": "food_beverage" }, "geometry": { "type": "Point", "coordinates": [ 234249.80129344490706, 898622.800528976018541 ] } },
{ "type": "Feature", "properties": { "category": "food_beverage" }, "geometry": { "type": "Point", "coordinates": [ 220272.650201526470482, 897406.176336009521037 ] } },
{ "type": "Feature", "properties": { "category": "food_beverage" }, "geometry": { "type": "Point", "coordinates": [ 233501.278992780862609, 891403.538420186960138 ] } },
{ "type": "Feature", "properties": { "category": "food_beverage" }, "geometry": { "type": "Point", "coordinates": [ 236445.349751227884553, 900819.855456317542121 ] } },
{ "type": "Feature", "properties": { "category": "food_beverage" }, "geometry": { "type": "Point", "coordinates": [ 232721.068350964807905, 899407.833735854830593 ] } },
{ "type": "Feature", "properties": { "category": "food_beverage" }, "geometry": { "type": "Point", "coordinates": [ 235908.305317959137028, 900316.128377425950021 ] } },
{ "type": "Feature", "properties": { "category": "food_beverage" }, "geometry": { "type": "Point", "coordinates": [ 228786.164431293233065, 902694.399488540599123 ] } },
{ "type": "Feature", "properties": { "category": "food_beverage" }, "geometry": { "type": "Point", "coordinates": [ 234323.771626855857903, 901446.982453758479096 ] } },
{ "type": "Feature", "properties": { "category": "food_beverage" }, "geometry": { "type": "Point", "coordinates": [ 231623.114387479436118, 903701.415056894766167 ] } },
{ "type": "Feature", "properties": { "category": "food_beverage" }, "geometry": { "type": "Point", "coordinates": [ 234276.165566214360297, 902188.308411096921191 ] } },
{ "type": "Feature", "properties": { "category": "food_beverage" }, "geometry": { "type": "Point", "coordinates": [ 235825.317277396272402, 901419.044091869029216 ] } },
{ "type": "Feature", "properties": { "category": "food_beverage" }, "geometry": { "type": "Point", "coordinates": [ 220102.09885490470333, 905129.333631791523658 ] } },
{ "type": "Feature", "properties": { "category": "food_beverage" }, "geometry": { "type": "Point", "coordinates": [ 222554.139934658480342, 899891.582222969969735 ] } },
{ "type": "Feature", "properties": { "category": "food_beverage" }, "geometry": { "type": "Point", "coordinates": [ 233785.97750860627275, 903133.321631503757089 ] } },
{ "type": "Feature", "properties": { "category": "food_beverage" }, "geometry": { "type": "Point", "coordinates": [ 231070.794983896252234, 889579.742945344769396 ] } },
{ "type": "Feature", "properties": { "category": "food_beverage" }, "geometry": { "type": "Point", "coordinates": [ 236571.977992122789146, 894386.682296114973724 ] } },
{ "type": "Feature", "properties": { "category": "food_beverage" }, "geometry": { "type": "Point", "coordinates": [ 237214.774777615151834, 900455.330742451478727 ] } },
{ "type": "Feature", "properties": { "category": "food_beverage" }, "geometry": { "type": "Point", "coordinates": [ 230121.325618272298016, 893174.469440334127285 ] } },
{ "type": "Feature", "properties": { "category": "food_beverage" }, "geometry": { "type": "Point", "coordinates": [ 239585.052390060911421, 914987.783050174475648 ] } },
{ "type": "Feature", "properties": { "category": "food_beverage" }, "geometry": { "type": "Point", "coordinates": [ 234019.755728560267016, 899499.196514774230309 ] } },
{ "type": "Feature", "properties": { "category": "food_beverage" }, "geometry": { "type": "Point", "coordinates": [ 236742.18033562329947, 901528.969985471921973 ] } },
{ "type": "Feature", "properties": { "category": "food_beverage" }, "geometry": { "type": "Point", "coordinates": [ 221688.617639818461612, 902338.334554543951526 ] } },
{ "type": "Feature", "properties": { "category": "food_beverage" }, "geometry": { "type": "Point", "coordinates": [ 233064.0690479541081, 899590.051225164206699 ] } },
{ "type": "Feature", "properties": { "category": "food_beverage" }, "geometry": { "type": "Point", "coordinates": [ 232404.585478851135122, 904672.249700202839449 ] } },
{ "type": "Feature", "properties": { "category": "food_beverage" }, "geometry": { "type": "Point", "coordinates": [ 236843.73849548510043, 901012.765440727351233 ] } },
{ "type": "Feature", "properties": { "category": "food_beverage" }, "geometry": { "type": "Point", "coordinates": [ 235654.207871637947392, 897945.54608929133974 ] } },
{ "type": "Feature", "properties": { "category": "food_beverage" }, "geometry": { "type": "Point", "coordinates": [ 222100.659386349638226, 894327.543775812489912 ] } },
{ "type": "Feature", "properties": { "category": "food_beverage" }, "geometry": { "type": "Point", "coordinates": [ 239070.296319648361532, 901544.751473017851822 ] } },
{ "type": "Feature", "properties": { "category": "food_beverage" }, "geometry": { "type": "Point", "coordinates": [ 220770.559115001815371, 902872.842659993679263 ] } },
{ "type": "Feature", "properties": { "category": "food_beverage" }, "geometry": { "type": "Point", "coordinates": [ 239139.310668614169117, 911662.946909398306161 ] } },
{ "type": "Feature", "properties": { "category": "food_beverage" }, "geometry": { "type": "Point", "coordinates": [ 235103.755835026095156, 908554.896418703021482 ] } },
{ "type": "Feature", "properties": { "category": "food_beverage" }, "geometry": { "type": "Point", "coordinates": [ 232446.511533868149854, 903153.665746788843535 ] } },
{ "type": "Feature", "properties": { "category": "food_beverage" }, "geometry": { "type": "Point", "coordinates": [ 225242.436558336077724, 902247.124573384528048 ] } },
{ "type": "Feature", "properties": { "category": "food_beverage" }, "geometry": { "type": "Point", "coordinates": [ 232238.345605953596532, 907648.071279599680565 ] } },
{ "type": "Feature", "properties": { "category": "food_beverage" }, "geometry": { "type": "Point", "coordinates": [ 246281.444524228980299, 913323.999506707768887 ] } },
{ "type": "Feature", "properties": { "category": "food_beverage" }, "geometry": { "type": "Point", "coordinates": [ 237517.031094738922548, 893014.530220811022446 ] } },
{ "type": "Feature", "properties": { "category": "food_beverage" }, "geometry": { "type": "Point", "coordinates": [ 237891.15116778636002, 889872.630678223911673 ] } },
{ "type": "Feature", "properties": { "category": "food_beverage" }, "geometry": { "type": "Point", "coordinates": [ 241214.451250699959928, 905562.740606857463717 ] } },
{ "type": "Feature", "properties": { "category": "food_beverage" }, "geometry": { "type": "Point", "coordinates": [ 233313.648565743118525, 901833.00448250293266 ] } },
{ "type": "Feature", "properties": { "category": "food_beverage" }, "geometry": { "type": "Point", "coordinates": [ 236042.080729201436043, 902665.897280937060714 ] } },
{ "type": "Feature", "properties": { "category": "food_beverage" }, "geometry": { "type": "Point", "coordinates": [ 234002.162008121667895, 899559.093340372201055 ] } },
{ "type": "Feature", "properties": { "category": "food_beverage" }, "geometry": { "type": "Point", "coordinates": [ 233818.342583694757195, 908091.048157163430005 ] } },
{ "type": "Feature", "properties": { "category": "food_beverage" }, "geometry": { "type": "Point", "coordinates": [ 233603.331907171115745, 908135.002859940053895 ] } },
{ "type": "Feature", "properties": { "category": "food_beverage" }, "geometry": { "type": "Point", "coordinates": [ 238529.207743945735274, 891216.895868040737696 ] } },
{ "type": "Feature", "properties": { "category": "food_beverage" }, "geometry": { "type": "Point", "coordinates": [ 246984.919979724363657, 913925.521290497970767 ] } },
{ "type": "Feature", "properties": { "category": "food_beverage" }, "geometry": { "type": "Point", "coordinates": [ 230880.343667208508123, 892739.009827941656113 ] } },
{ "type": "Feature", "properties": { "category": "food_beverage" }, "geometry": { "type": "Point", "coordinates": [ 234667.812709781137528, 899870.141881301882677 ] } },
{ "type": "Feature", "properties": { "category": "food_beverage" }, "geometry": { "type": "Point", "coordinates": [ 229227.359006133454386, 901312.523432451533154 ] } },
{ "type": "Feature", "properties": { "category": "food_beverage" }, "geometry": { "type": "Point", "coordinates": [ 238744.955832601350266, 906164.283655638922937 ] } },
{ "type": "Feature", "properties": { "category": "food_beverage" }, "geometry": { "type": "Point", "coordinates": [ 241161.00376683784998, 888373.805455059744418 ] } },
{ "type": "Feature", "properties": { "category": "food_beverage" }, "geometry": { "type": "Point", "coordinates": [ 228931.744000424107071, 893050.624995798338205 ] } },
{ "type": "Feature", "properties": { "category": "food_beverage" }, "geometry": { "type": "Point", "coordinates": [ 235407.775570615456672, 898714.956644550082274 ] } },
{ "type": "Feature", "properties": { "category": "food_beverage" }, "geometry": { "type": "Point", "coordinates": [ 231401.123618164157961, 898312.809905568952672 ] } },
{ "type": "Feature", "properties": { "category": "food_beverage" }, "geometry": { "type": "Point", "coordinates": [ 225947.009511158161331, 903961.625270306365564 ] } },
{ "type": "Feature", "properties": { "category": "food_beverage" }, "geometry": { "type": "Point", "coordinates": [ 236238.954044383746805, 900904.096047925879247 ] } },
{ "type": "Feature", "properties": { "category": "food_beverage" }, "geometry": { "type": "Point", "coordinates": [ 231832.769861167820636, 895881.053634524694644 ] } },
{ "type": "Feature", "properties": { "category": "food_beverage" }, "geometry": { "type": "Point", "coordinates": [ 245256.409804051043466, 912445.207311101607047 ] } },
{ "type": "Feature", "properties": { "category": "food_beverage" }, "geometry": { "type": "Point", "coordinates": [ 230745.143886742007453, 904951.038763095391914 ] } },
{ "type": "Feature", "properties": { "category": "food_beverage" }, "geometry": { "type": "Point", "coordinates": [ 234247.402079977968242, 899757.780349399428815 ] } },
{ "type": "Feature", "properties": { "category": "food_beverage" }, "geometry": { "type": "Point", "coordinates": [ 235394.475422734481981, 900095.808791470830329 ] } },
{ "type": "Feature", "properties": { "category": "food_beverage" }, "geometry": { "type": "Point", "coordinates": [ 237335.005058539798483, 898325.493453930714168 ] } },
{ "type": "Feature", "properties": { "category": "food_beverage" }, "geometry": { "type": "Point", "coordinates": [ 236634.01533651020145, 892512.809062145999633 ] } },
{ "type": "Feature", "properties": { "category": "food_beverage" }, "geometry": { "type": "Point", "coordinates": [ 236161.401360122195911, 908505.725275465752929 ] } },
{ "type": "Feature", "properties": { "category": "food_beverage" }, "geometry": { "type": "Point", "coordinates": [ 235928.268324908276554, 892712.883594956016168 ] } },
{ "type": "Feature", "properties": { "category": "food_beverage" }, "geometry": { "type": "Point", "coordinates": [ 238299.120542569231475, 898530.398180389893241 ] } },
{ "type": "Feature", "properties": { "category": "food_beverage" }, "geometry": { "type": "Point", "coordinates": [ 223735.366058217361569, 895856.612502984469756 ] } },
{ "type": "Feature", "properties": { "category": "food_beverage" }, "geometry": { "type": "Point", "coordinates": [ 227583.796284825075418, 900042.92750640749 ] } },
{ "type": "Feature", "properties": { "category": "food_beverage" }, "geometry": { "type": "Point", "coordinates": [ 234023.769015582627617, 904470.856937074451707 ] } },
{ "type": "Feature", "properties": { "category": "food_beverage" }, "geometry": { "type": "Point", "coordinates": [ 231159.882167591655161, 893554.097483935649507 ] } },
{ "type": "Feature", "properties": { "category": "food_beverage" }, "geometry": { "type": "Point", "coordinates": [ 235917.084164774540113, 900371.712261653272435 ] } },
{ "type": "Feature", "properties": { "category": "food_beverage" }, "geometry": { "type": "Point", "coordinates": [ 228267.762198305485072, 894050.609090234036557 ] } },
{ "type": "Feature", "properties": { "category": "food_beverage" }, "geometry": { "type": "Point", "coordinates": [ 232656.851818403054494, 898242.887887739110738 ] } },
{ "type": "Feature", "properties": { "category": "food_beverage" }, "geometry": { "type": "Point", "coordinates": [ 236816.216389203094877, 901705.750031934585422 ] } },
{ "type": "Feature", "properties": { "category": "food_beverage" }, "geometry": { "type": "Point", "coordinates": [ 232091.529320242756512, 903753.969198771519586 ] } },
{ "type": "Feature", "properties": { "category": "food_beverage" }, "geometry": { "type": "Point", "coordinates": [ 235169.103164278960321, 899870.855345577001572 ] } },
{ "type": "Feature", "properties": { "category": "food_beverage" }, "geometry": { "type": "Point", "coordinates": [ 221683.732233328395523, 892271.791001026169397 ] } },
{ "type": "Feature", "properties": { "category": "food_beverage" }, "geometry": { "type": "Point", "coordinates": [ 240680.838039850437781, 887888.278116012108512 ] } },
{ "type": "Feature", "properties": { "category": "food_beverage" }, "geometry": { "type": "Point", "coordinates": [ 244105.072954474308062, 915219.256788357859477 ] } },
{ "type": "Feature", "properties": { "category": "food_beverage" }, "geometry": { "type": "Point", "coordinates": [ 232221.252846784336725, 903784.887527968268842 ] } },
{ "type": "Feature", "properties": { "category": "food_beverage" }, "geometry": { "type": "Point", "coordinates": [ 236102.396373240684625, 902516.584167792811058 ] } },
{ "type": "Feature", "properties": { "category": "food_beverage" }, "geometry": { "type": "Point", "coordinates": [ 233404.040481724310666, 903351.097216490539722 ] } },
{ "type": "Feature", "properties": { "category": "food_beverage" }, "geometry": { "type": "Point", "coordinates": [ 240045.629270730889402, 887483.208156186388806 ] } },
{ "type": "Feature", "properties": { "category": "food_beverage" }, "geometry": { "type": "Point", "coordinates": [ 222320.295727449440164, 894962.14777992258314 ] } },
{ "type": "Feature", "properties": { "category": "food_beverage" }, "geometry": { "type": "Point", "coordinates": [ 234745.184811057086335, 901852.267744352575392 ] } },
{ "type": "Feature", "properties": { "category": "food_beverage" }, "geometry": { "type": "Point", "coordinates": [ 227448.0255528652051, 891781.747740722610615 ] } },
{ "type": "Feature", "properties": { "category": "food_beverage" }, "geometry": { "type": "Point", "coordinates": [ 232497.291844875231618, 899972.958200656110421 ] } },
{ "type": "Feature", "properties": { "category": "food_beverage" }, "geometry": { "type": "Point", "coordinates": [ 230554.689264641463524, 893011.501470637158491 ] } },
{ "type": "Feature", "properties": { "category": "food_beverage" }, "geometry": { "type": "Point", "coordinates": [ 235033.059824295836734, 908803.362224105163477 ] } },
{ "type": "Feature", "properties": { "category": "food_beverage" }, "geometry": { "type": "Point", "coordinates": [ 221644.846731101395562, 902376.410250247456133 ] } },
{ "type": "Feature", "properties": { "category": "food_beverage" }, "geometry": { "type": "Point", "coordinates": [ 242702.113726495823357, 917070.871492213220336 ] } },
{ "type": "Feature", "properties": { "category": "food_beverage" }, "geometry": { "type": "Point", "coordinates": [ 239070.296319648361532, 901544.751473017851822 ] } },
{ "type": "Feature", "properties": { "category": "food_beverage" }, "geometry": { "type": "Point", "coordinates": [ 239793.956399794376921, 915902.948308239807375 ] } },
{ "type": "Feature", "properties": { "category": "food_beverage" }, "geometry": { "type": "Point", "coordinates": [ 233304.00363317981828, 903346.067987995920703 ] } },
{ "type": "Feature", "properties": { "category": "food_beverage" }, "geometry": { "type": "Point", "coordinates": [ 235557.500451408763183, 905048.734199460828677 ] } },
{ "type": "Feature", "properties": { "category": "food_beverage" }, "geometry": { "type": "Point", "coordinates": [ 234971.466162097465713, 902463.543935265159234 ] } },
{ "type": "Feature", "properties": { "category": "food_beverage" }, "geometry": { "type": "Point", "coordinates": [ 245181.685056975955376, 914315.790854687686078 ] } },
{ "type": "Feature", "properties": { "category": "food_beverage" }, "geometry": { "type": "Point", "coordinates": [ 235802.343262381938985, 900042.780176311964169 ] } },
{ "type": "Feature", "properties": { "category": "food_beverage" }, "geometry": { "type": "Point", "coordinates": [ 236260.907343064551242, 894408.842098783119582 ] } },
{ "type": "Feature", "properties": { "category": "food_beverage" }, "geometry": { "type": "Point", "coordinates": [ 220469.559154437942198, 902921.832996568758972 ] } },
{ "type": "Feature", "properties": { "category": "food_beverage" }, "geometry": { "type": "Point", "coordinates": [ 229732.428282932989532, 891699.503892734646797 ] } },
{ "type": "Feature", "properties": { "category": "food_beverage" }, "geometry": { "type": "Point", "coordinates": [ 240197.300318263674853, 890308.069890907267109 ] } },
{ "type": "Feature", "properties": { "category": "food_beverage" }, "geometry": { "type": "Point", "coordinates": [ 232057.752096931275446, 907039.306869349442422 ] } },
{ "type": "Feature", "properties": { "category": "food_beverage" }, "geometry": { "type": "Point", "coordinates": [ 230313.362107550026849, 900449.940762885613367 ] } },
{ "type": "Feature", "properties": { "category": "food_beverage" }, "geometry": { "type": "Point", "coordinates": [ 219941.899846959160641, 905267.280277259531431 ] } },
{ "type": "Feature", "properties": { "category": "food_beverage" }, "geometry": { "type": "Point", "coordinates": [ 238292.418773522425909, 904777.529525929247029 ] } },
{ "type": "Feature", "properties": { "category": "food_beverage" }, "geometry": { "type": "Point", "coordinates": [ 245609.126185263885418, 912756.743452396360226 ] } },
{ "type": "Feature", "properties": { "category": "food_beverage" }, "geometry": { "type": "Point", "coordinates": [ 236233.397400129266316, 901678.060836536693387 ] } },
{ "type": "Feature", "properties": { "category": "food_beverage" }, "geometry": { "type": "Point", "coordinates": [ 233872.288677418022417, 899339.421015802072361 ] } },
{ "type": "Feature", "properties": { "category": "food_beverage" }, "geometry": { "type": "Point", "coordinates": [ 223172.735023897577776, 904117.986161879030988 ] } },
{ "type": "Feature", "properties": { "category": "food_beverage" }, "geometry": { "type": "Point", "coordinates": [ 234980.864447542902781, 899731.401794233941473 ] } },
{ "type": "Feature", "properties": { "category": "food_beverage" }, "geometry": { "type": "Point", "coordinates": [ 236103.043874280236196, 901877.664123241556808 ] } },
{ "type": "Feature", "properties": { "category": "food_beverage" }, "geometry": { "type": "Point", "coordinates": [ 231224.64721902256133, 902472.883536319248378 ] } },
{ "type": "Feature", "properties": { "category": "food_beverage" }, "geometry": { "type": "Point", "coordinates": [ 236893.697831783501897, 900676.460532167926431 ] } },
{ "type": "Feature", "properties": { "category": "food_beverage" }, "geometry": { "type": "Point", "coordinates": [ 227002.239347535534762, 888645.588439094251953 ] } }
]
}
