{
"type": "FeatureCollection",
"name": "innercore_arts_venues_category_only",
"crs": { "type": "name", "properties": { "name": "urn:ogc:def:crs:EPSG::6491" } },
"features": [
{ "type": "Feature", "properties": { "category": "arts_venue" }, "geometry": { "type": "Point", "coordinates": [ 225341.026998351910152, 898157.946767114568502 ] } },
{ "type": "Feature", "properties": { "category": "arts_venue" }, "geometry": { "type": "Point", "coordinates": [ 235063.673755611700471, 899879.992314856965095 ] } },
{ "type": "Feature", "properties": { "category": "arts_venue" }, "geometry": { "type": "Point", "coordinates": [ 232591.339913559088018, 896569.984117002226412 ] } },
{ "type": "Feature", "properties": { "category": "arts_venue" }, "geometry": { "type": "Point", "coordinates": [ 236278.563147216395009, 901019.155300877289847 ] } },
{ "type": "Feature", "properties": { "category": "arts_venue" }, "geometry": { "type": "Point", "coordinates": [ 237844.714742805343121, 889930.584662886103615 ] } },
{ "type": "Feature", "properties": { "category": "arts_venue" }, "geometry": { "type": "Point", "coordinates": [ 233226.908965957030887, 907993.806046943878755 ] } },
{ "type": "Feature", "properties": { "category": "arts_venue" }, "geometry": { "type": "Point", "coordinates": [ 236891.670503554661991, 889794.121475826250389 ] } },
{ "type": "Feature", "properties": { "category": "arts_venue" }, "geometry": { "type": "Point", "coordinates": [ 236485.115654720691964, 900142.48529800272081 ] } },
{ "type": "Feature", "properties": { "category": "arts_venue" }, "geometry": { "type": "Point", "coordinates": [ 230498.25393441496999, 905246.54243723617401 ] } },
{ "type": "Feature", "properties": { "category": "arts_venue" }, "geometry": { "type": "Point", "coordinates": [ 225896.566414681437891, 901829.631475875619799 ] } },
{ "type": "Feature", "properties": { "category": "arts_venue" }, "geometry": { "type": "Point", "coordinates": [ 234553.047512311546598, 899968.324890353134833 ] } },
{ "type": "Feature", "properties": { "category": "arts_venue" }, "geometry": { "type": "Point", "coordinates": [ 233797.834904917748645, 898868.982164510525763 ] } },
{ "type": "Feature", "properties": { "category": "arts_venue" }, "geometry": { "type": "Point", "coordinates": [ 229679.920620749675436, 900986.407859539147466 ] } },
{ "type": "Feature", "properties": { "category": "arts_venue" }, "geometry": { "type": "Point", "coordinates": [ 231740.68013122890261, 902377.55833788018208 ] } },
{ "type": "Feature", "properties": { "category": "arts_venue" }, "geometry": { "type": "Point", "coordinates": [ 229063.783791438385379, 899014.873120271833614 ] } },
{ "type": "Feature", "properties": { "category": "arts_venue" }, "geometry": { "type": "Point", "coordinates": [ 238215.920985912438482, 903386.180614409036934 ] } },
{ "type": "Feature", "properties": { "category": "arts_venue" }, "geometry": { "type": "Point", "coordinates": [ 231681.642074085364584, 902410.059914168785326 ] } },
{ "type": "Feature", "properties": { "category": "arts_venue" }, "geometry": { "type": "Point", "coordinates": [ 236028.37020601745462, 900440.372785668936558 ] } },
{ "type": "Feature", "properties": { "category": "arts_venue" }, "geometry": { "type": "Point", "coordinates": [ 232759.295195095008239, 901600.799398337025195 ] } },
{ "type": "Feature", "properties": { "category": "arts_venue" }, "geometry": { "type": "Point", "coordinates": [ 227108.28263225936098, 899942.773733770241961 ] } },
{ "type": "Feature", "properties": { "category": "arts_venue" }, "geometry": { "type": "Point", "coordinates": [ 236571.977992122789146, 894386.682296114973724 ] } },
{ "type": "Feature", "properties": { "category": "arts_venue" }, "geometry": { "type": "Point", "coordinates": [ 222390.005257807293674, 900048.564692954183556 ] } },
{ "type": "Feature", "properties": { "category": "arts_venue" }, "geometry": { "type": "Point", "coordinates": [ 226106.076043647364713, 899069.245034081977792 ] } },
{ "type": "Feature", "properties": { "category": "arts_venue" }, "geometry": { "type": "Point", "coordinates": [ 231272.440240319439908, 889510.658484601881355 ] } },
{ "type": "Feature", "properties": { "category": "arts_venue" }, "geometry": { "type": "Point", "coordinates": [ 236799.060610937740421, 900766.159795301035047 ] } },
{ "type": "Feature", "properties": { "category": "arts_venue" }, "geometry": { "type": "Point", "coordinates": [ 225341.026998351910152, 898157.946767114568502 ] } },
{ "type": "Feature", "properties": { "category": "arts_venue" }, "geometry": { "type": "Point", "coordinates": [ 233118.620329586032312, 902805.239179098978639 ] } },
{ "type": "Feature", "properties": { "category": "arts_venue" }, "geometry": { "type": "Point", "coordinates": [ 233440.027381272404455, 898868.159390324028209 ] } },
{ "type": "Feature", "properties": { "category": "arts_venue" }, "geometry": { "type": "Point", "coordinates": [ 230974.234986981929978, 899095.454982843366452 ] } },
{ "type": "Feature", "properties": { "category": "arts_venue" }, "geometry": { "type": "Point", "coordinates": [ 234222.913335189368809, 899896.61938015720807 ] } },
{ "type": "Feature", "properties": { "category": "arts_venue" }, "geometry": { "type": "Point", "coordinates": [ 235837.978256730362773, 900212.466817882843316 ] } },
{ "type": "Feature", "properties": { "category": "arts_venue" }, "geometry": { "type": "Point", "coordinates": [ 235825.317277396272402, 901419.044091869029216 ] } },
{ "type": "Feature", "properties": { "category": "arts_venue" }, "geometry": { "type": "Point", "coordinates": [ 239705.78060424310388, 890823.117330662207678 ] } },
{ "type": "Feature", "properties": { "category": "arts_venue" }, "geometry": { "type": "Point", "coordinates": [ 235811.951856995292474, 899208.078903850633651 ] } },
{ "type": "Feature", "properties": { "category": "arts_venue" }, "geometry": { "type": "Point", "coordinates": [ 234422.690523993805982, 900172.06844783492852 ] } },
{ "type": "Feature", "properties": { "category": "arts_venue" }, "geometry": { "type": "Point", "coordinates": [ 224016.385588234436, 900277.977248836075887 ] } },
{ "type": "Feature", "properties": { "category": "arts_venue" }, "geometry": { "type": "Point", "coordinates": [ 232603.993087063659914, 902280.763904040097259 ] } },
{ "type": "Feature", "properties": { "category": "arts_venue" }, "geometry": { "type": "Point", "coordinates": [ 237542.700467695627594, 899757.949318201979622 ] } },
{ "type": "Feature", "properties": { "category": "arts_venue" }, "geometry": { "type": "Point", "coordinates": [ 238855.367337589559611, 905432.102079661097378 ] } },
{ "type": "Feature", "properties": { "category": "arts_venue" }, "geometry": { "type": "Point", "coordinates": [ 236467.397588275140151, 900444.858930761925876 ] } },
{ "type": "Feature", "properties": { "category": "arts_venue" }, "geometry": { "type": "Point", "coordinates": [ 231039.203013849852141, 902911.042826434830204 ] } },
{ "type": "Feature", "properties": { "category": "arts_venue" }, "geometry": { "type": "Point", "coordinates": [ 235246.032668913976522, 899613.540116169722751 ] } },
{ "type": "Feature", "properties": { "category": "arts_venue" }, "geometry": { "type": "Point", "coordinates": [ 233361.310515725053847, 899861.485807653865777 ] } },
{ "type": "Feature", "properties": { "category": "arts_venue" }, "geometry": { "type": "Point", "coordinates": [ 236256.962440037168562, 902331.323634568718262 ] } },
{ "type": "Feature", "properties": { "category": "arts_venue" }, "geometry": { "type": "Point", "coordinates": [ 236775.303845721296966, 896645.050775830168277 ] } },
{ "type": "Feature", "properties": { "category": "arts_venue" }, "geometry": { "type": "Point", "coordinates": [ 231969.295117634697817, 895046.487329320400022 ] } },
{ "type": "Feature", "properties": { "category": "arts_venue" }, "geometry": { "type": "Point", "coordinates": [ 235520.101027957629412, 900181.972659633727744 ] } },
{ "type": "Feature", "properties": { "category": "arts_venue" }, "geometry": { "type": "Point", "coordinates": [ 220987.615108288271585, 899411.875469469116069 ] } },
{ "type": "Feature", "properties": { "category": "arts_venue" }, "geometry": { "type": "Point", "coordinates": [ 224367.891316415829351, 900744.045848555513658 ] } },
{ "type": "Feature", "properties": { "category": "arts_venue" }, "geometry": { "type": "Point", "coordinates": [ 228373.307105796789983, 907172.406795606133528 ] } },
{ "type": "Feature", "properties": { "category": "arts_venue" }, "geometry": { "type": "Point", "coordinates": [ 229656.514159278711304, 896594.20358127169311 ] } },
{ "type": "Feature", "properties": { "category": "arts_venue" }, "geometry": { "type": "Point", "coordinates": [ 221510.359267666208325, 902936.606054881587625 ] } },
{ "type": "Feature", "properties": { "category": "arts_venue" }, "geometry": { "type": "Point", "coordinates": [ 231641.704839125653962, 902444.425241367775016 ] } },
{ "type": "Feature", "properties": { "category": "arts_venue" }, "geometry": { "type": "Point", "coordinates": [ 231460.340354044281412, 898063.595208111684769 ] } },
{ "type": "Feature", "properties": { "category": "arts_venue" }, "geometry": { "type": "Point", "coordinates": [ 236986.6407221116242, 899562.835991029627621 ] } },
{ "type": "Feature", "properties": { "category": "arts_venue" }, "geometry": { "type": "Point", "coordinates": [ 227034.460045738524059, 888185.084199029952288 ] } },
{ "type": "Feature", "properties": { "category": "arts_venue" }, "geometry": { "type": "Point", "coordinates": [ 233733.441451262624469, 897862.755528957233764 ] } },
{ "type": "Feature", "properties": { "category": "arts_venue" }, "geometry": { "type": "Point", "coordinates": [ 236201.955494290334173, 896889.777661085128784 ] } },
{ "type": "Feature", "properties": { "category": "arts_venue" }, "geometry": { "type": "Point", "coordinates": [ 229807.727370126318419, 903463.655451408121735 ] } },
{ "type": "Feature", "properties": { "category": "arts_venue" }, "geometry": { "type": "Point", "coordinates": [ 232023.928569316514768, 901367.144525055773556 ] } },
{ "type": "Feature", "properties": { "category": "arts_venue" }, "geometry": { "type": "Point", "coordinates": [ 235195.14036601461703, 900249.206015304313041 ] } },
{ "type": "Feature", "properties": { "category": "arts_venue" }, "geometry": { "type": "Point", "coordinates": [ 219683.491234689630801, 901407.378059050999582 ] } },
{ "type": "Feature", "properties": { "category": "arts_venue" }, "geometry": { "type": "Point", "coordinates": [ 236165.019874581252225, 900398.86503961274866 ] } },
{ "type": "Feature", "properties": { "category": "arts_venue" }, "geometry": { "type": "Point", "coordinates": [ 230574.218357766745612, 896315.888090552063659 ] } },
{ "type": "Feature", "properties": { "category": "arts_venue" }, "geometry": { "type": "Point", "coordinates": [ 235628.297389221494086, 899918.821300697745755 ] } },
{ "type": "Feature", "properties": { "category": "arts_venue" }, "geometry": { "type": "Point", "coordinates": [ 231036.078274418134242, 902704.867818356724456 ] } },
{ "type": "Feature", "properties": { "category": "arts_venue" }, "geometry": { "type": "Point", "coordinates": [ 234964.547993185988162, 899152.050039703026414 ] } },
{ "type": "Feature", "properties": { "category": "arts_venue" }, "geometry": { "type": "Point", "coordinates": [ 223658.781188938126434, 900557.123200544272549 ] } },
{ "type": "Feature", "properties": { "category": "arts_venue" }, "geometry": { "type": "Point", "coordinates": [ 236262.479966393642826, 896182.527512554777786 ] } },
{ "type": "Feature", "properties": { "category": "arts_venue" }, "geometry": { "type": "Point", "coordinates": [ 227216.188638321647886, 898354.454026760067791 ] } },
{ "type": "Feature", "properties": { "category": "arts_venue" }, "geometry": { "type": "Point", "coordinates": [ 234274.659573371405713, 900115.805977615178563 ] } },
{ "type": "Feature", "properties": { "category": "arts_venue" }, "geometry": { "type": "Point", "coordinates": [ 233973.684154556744033, 892829.910954695544206 ] } },
{ "type": "Feature", "properties": { "category": "arts_venue" }, "geometry": { "type": "Point", "coordinates": [ 226743.797871964576188, 888246.509123914060183 ] } },
{ "type": "Feature", "properties": { "category": "arts_venue" }, "geometry": { "type": "Point", "coordinates": [ 230066.879498639784288, 904736.0529994526878 ] } },
{ "type": "Feature", "properties": { "category": "arts_venue" }, "geometry": { "type": "Point", "coordinates": [ 227216.188638321647886, 898354.454026760067791 ] } },
{ "type": "Feature", "properties": { "category": "arts_venue" }, "geometry": { "type": "Point", "coordinates": [ 235652.743681229127105, 898884.144369166577235 ] } },
{ "type": "Feature", "properties": { "category": "arts_venue" }, "geometry": { "type": "Point", "coordinates": [ 235179.57408263994148, 892322.665232073632069 ] } },
{ "type": "Feature", "properties": { "category": "arts_venue" }, "geometry": { "type": "Point", "coordinates": [ 231465.038746528356569, 902516.499051909311675 ] } },
{ "type": "Feature", "properties": { "category": "arts_venue" }, "geometry": { "type": "Point", "coordinates": [ 233602.486673485196661, 896291.497389873606153 ] } },
{ "type": "Feature", "properties": { "category": "arts_venue" }, "geometry": { "type": "Point", "coordinates": [ 235188.023322185210418, 900041.565704625449143 ] } },
{ "type": "Feature", "properties": { "category": "arts_venue" }, "geometry": { "type": "Point", "coordinates": [ 235520.101027957629412, 900181.972659633727744 ] } },
{ "type": "Feature", "properties": { "category": "arts_venue" }, "geometry": { "type": "Point", "coordinates": [ 231057.802909446472768, 902615.990190723561682 ] } },
{ "type": "Feature", "properties": { "category": "arts_venue" }, "geometry": { "type": "Point", "coordinates": [ 221617.008050645148614, 902135.286234052386135 ] } },
{ "type": "Feature", "properties": { "category": "arts_venue" }, "geometry": { "type": "Point", "coordinates": [ 240167.891981277614832, 915276.577946929028258 ] } },
{ "type": "Feature", "properties": { "category": "arts_venue" }, "geometry": { "type": "Point", "coordinates": [ 235811.951856995292474, 899208.078903850633651 ] } },
{ "type": "Feature", "properties": { "category": "arts_venue" }, "geometry": { "type": "Point", "coordinates": [ 235848.770714054262498, 899227.260903492569923 ] } },
{ "type": "Feature", "properties": { "category": "arts_venue" }, "geometry": { "type": "Point", "coordinates": [ 225098.160790250403807, 897601.247279665083624 ] } },
{ "type": "Feature", "properties": { "category": "arts_venue" }, "geometry": { "type": "Point", "coordinates": [ 235848.770714054262498, 899227.260903492569923 ] } },
{ "type": "Feature", "properties": { "category": "arts_venue" }, "geometry": { "type": "Point", "coordinates": [ 234728.807100887817796, 900082.490676026442088 ] } },
{ "type": "Feature", "properties": { "category": "arts_venue" }, "geometry": { "type": "Point", "coordinates": [ 228472.612202194519341, 894251.372494204202667 ] } },
{ "type": "Feature", "properties": { "category": "arts_venue" }, "geometry": { "type": "Point", "coordinates": [ 234948.367076803580858, 899025.452075604349375 ] } },
{ "type": "Feature", "properties": { "category": "arts_venue" }, "geometry": { "type": "Point", "coordinates": [ 228955.262124450935517, 906626.496667437255383 ] } },
{ "type": "Feature", "properties": { "category": "arts_venue" }, "geometry": { "type": "Point", "coordinates": [ 237346.267659943609033, 909064.219857308082283 ] } },
{ "type": "Feature", "properties": { "category": "arts_venue" }, "geometry": { "type": "Point", "coordinates": [ 220634.012660911947023, 899785.601974793942645 ] } },
{ "type": "Feature", "properties": { "category": "arts_venue" }, "geometry": { "type": "Point", "coordinates": [ 221849.814276476681698, 891965.736704658949748 ] } },
{ "type": "Feature", "properties": { "category": "arts_venue" }, "geometry": { "type": "Point", "coordinates": [ 233200.518907360150479, 908005.233462047995999 ] } },
{ "type": "Feature", "properties": { "category": "arts_venue" }, "geometry": { "type": "Point", "coordinates": [ 239070.296319648361532, 901544.751473017851822 ] } },
{ "type": "Feature", "properties": { "category": "arts_venue" }, "geometry": { "type": "Point", "coordinates": [ 227621.741397387377219, 901414.884201382054016 ] } },
{ "type": "Feature", "properties": { "category": "arts_venue" }, "geometry": { "type": "Point", "coordinates": [ 231872.702613183122594, 902216.315158641664311 ] } },
{ "type": "Feature", "properties": { "category": "arts_venue" }, "geometry": { "type": "Point", "coordinates": [ 236537.052262132841861, 900453.77375829371158 ] } },
{ "type": "Feature", "properties": { "category": "arts_venue" }, "geometry": { "type": "Point", "coordinates": [ 236087.510276116110617, 900940.638916349271312 ] } },
{ "type": "Feature", "properties": { "category": "arts_venue" }, "geometry": { "type": "Point", "coordinates": [ 231581.593485346180387, 900058.423188400454819 ] } },
{ "type": "Feature", "properties": { "category": "arts_venue" }, "geometry": { "type": "Point", "coordinates": [ 235513.97557149711065, 901719.818621268961579 ] } },
{ "type": "Feature", "properties": { "category": "arts_venue" }, "geometry": { "type": "Point", "coordinates": [ 221556.448727441602387, 893540.660216239397414 ] } },
{ "type": "Feature", "properties": { "category": "arts_venue" }, "geometry": { "type": "Point", "coordinates": [ 235311.140461132687051, 899463.356493870262057 ] } },
{ "type": "Feature", "properties": { "category": "arts_venue" }, "geometry": { "type": "Point", "coordinates": [ 237071.53122297077789, 900027.811507560894825 ] } },
{ "type": "Feature", "properties": { "category": "arts_venue" }, "geometry": { "type": "Point", "coordinates": [ 234451.45472396252444, 903664.177326217177324 ] } },
{ "type": "Feature", "properties": { "category": "arts_venue" }, "geometry": { "type": "Point", "coordinates": [ 222127.621891612216132, 901659.242642317083664 ] } },
{ "type": "Feature", "properties": { "category": "arts_venue" }, "geometry": { "type": "Point", "coordinates": [ 236167.227872453862801, 903634.258054846897721 ] } },
{ "type": "Feature", "properties": { "category": "arts_venue" }, "geometry": { "type": "Point", "coordinates": [ 235598.457644151058048, 898863.875235251616687 ] } },
{ "type": "Feature", "properties": { "category": "arts_venue" }, "geometry": { "type": "Point", "coordinates": [ 235396.485956197371706, 900956.118345905328169 ] } },
{ "type": "Feature", "properties": { "category": "arts_venue" }, "geometry": { "type": "Point", "coordinates": [ 235651.863429120538058, 901169.01335820928216 ] } },
{ "type": "Feature", "properties": { "category": "arts_venue" }, "geometry": { "type": "Point", "coordinates": [ 236210.884282582323067, 896452.512431165901944 ] } },
{ "type": "Feature", "properties": { "category": "arts_venue" }, "geometry": { "type": "Point", "coordinates": [ 242558.015766658063512, 890296.846871458459646 ] } },
{ "type": "Feature", "properties": { "category": "arts_venue" }, "geometry": { "type": "Point", "coordinates": [ 221510.359267666208325, 902936.606054881587625 ] } },
{ "type": "Feature", "properties": { "category": "arts_venue" }, "geometry": { "type": "Point", "coordinates": [ 228186.70782116256305, 902085.594153964193538 ] } },
{ "type": "Feature", "properties": { "category": "arts_venue" }, "geometry": { "type": "Point", "coordinates": [ 227523.846435065555852, 899592.940327051095665 ] } },
{ "type": "Feature", "properties": { "category": "arts_venue" }, "geometry": { "type": "Point", "coordinates": [ 244482.549057078489568, 912272.857637629727833 ] } },
{ "type": "Feature", "properties": { "category": "arts_venue" }, "geometry": { "type": "Point", "coordinates": [ 231177.668865006417036, 903500.371180177317001 ] } },
{ "type": "Feature", "properties": { "category": "arts_venue" }, "geometry": { "type": "Point", "coordinates": [ 228643.299630456167506, 900200.897181948996149 ] } },
{ "type": "Feature", "properties": { "category": "arts_venue" }, "geometry": { "type": "Point", "coordinates": [ 235759.103564487915719, 900978.503811504109763 ] } },
{ "type": "Feature", "properties": { "category": "arts_venue" }, "geometry": { "type": "Point", "coordinates": [ 236144.859281183016719, 899913.4614525224315 ] } },
{ "type": "Feature", "properties": { "category": "arts_venue" }, "geometry": { "type": "Point", "coordinates": [ 234665.761499435000587, 902222.877017709310167 ] } },
{ "type": "Feature", "properties": { "category": "arts_venue" }, "geometry": { "type": "Point", "coordinates": [ 225713.13773820377537, 901488.504812072729692 ] } },
{ "type": "Feature", "properties": { "category": "arts_venue" }, "geometry": { "type": "Point", "coordinates": [ 235953.772221687424462, 899158.929017894552089 ] } },
{ "type": "Feature", "properties": { "category": "arts_venue" }, "geometry": { "type": "Point", "coordinates": [ 234743.631979312049225, 900083.674731575185433 ] } },
{ "type": "Feature", "properties": { "category": "arts_venue" }, "geometry": { "type": "Point", "coordinates": [ 235687.21210297360085, 898749.91528740990907 ] } },
{ "type": "Feature", "properties": { "category": "arts_venue" }, "geometry": { "type": "Point", "coordinates": [ 229426.103595225227764, 904250.147390387952328 ] } },
{ "type": "Feature", "properties": { "category": "arts_venue" }, "geometry": { "type": "Point", "coordinates": [ 231414.40797390777152, 900226.622982769389637 ] } },
{ "type": "Feature", "properties": { "category": "arts_venue" }, "geometry": { "type": "Point", "coordinates": [ 233842.809815651766257, 899968.201109683141112 ] } },
{ "type": "Feature", "properties": { "category": "arts_venue" }, "geometry": { "type": "Point", "coordinates": [ 231835.574656644341303, 904773.950238201068714 ] } },
{ "type": "Feature", "properties": { "category": "arts_venue" }, "geometry": { "type": "Point", "coordinates": [ 237346.267659943609033, 909064.219857308082283 ] } },
{ "type": "Feature", "properties": { "category": "arts_venue" }, "geometry": { "type": "Point", "coordinates": [ 237069.440303978568409, 899955.599740995327011 ] } },
{ "type": "Feature", "properties": { "category": "arts_venue" }, "geometry": { "type": "Point", "coordinates": [ 222176.946617920330027, 903438.751069603138603 ] } },
{ "type": "Feature", "properties": { "category": "arts_venue" }, "geometry": { "type": "Point", "coordinates": [ 229375.79767121389159, 906216.918159752385691 ] } },
{ "type": "Feature", "properties": { "category": "arts_venue" }, "geometry": { "type": "Point", "coordinates": [ 221330.119531072879909, 898471.530641210614704 ] } },
{ "type": "Feature", "properties": { "category": "arts_venue" }, "geometry": { "type": "Point", "coordinates": [ 235082.818981633230578, 900270.193504687631503 ] } },
{ "type": "Feature", "properties": { "category": "arts_venue" }, "geometry": { "type": "Point", "coordinates": [ 236300.654309998033568, 901782.044135004281998 ] } },
{ "type": "Feature", "properties": { "category": "arts_venue" }, "geometry": { "type": "Point", "coordinates": [ 231020.728037192136981, 895131.100512860459276 ] } },
{ "type": "Feature", "properties": { "category": "arts_venue" }, "geometry": { "type": "Point", "coordinates": [ 231647.848282886436209, 903219.779322265414521 ] } },
{ "type": "Feature", "properties": { "category": "arts_venue" }, "geometry": { "type": "Point", "coordinates": [ 233994.231209579622373, 905384.671403882326558 ] } },
{ "type": "Feature", "properties": { "category": "arts_venue" }, "geometry": { "type": "Point", "coordinates": [ 224001.895986711664591, 898585.779974044766277 ] } },
{ "type": "Feature", "properties": { "category": "arts_venue" }, "geometry": { "type": "Point", "coordinates": [ 235813.629924991866574, 911954.764726049499586 ] } },
{ "type": "Feature", "properties": { "category": "arts_venue" }, "geometry": { "type": "Point", "coordinates": [ 236579.932218888367061, 893792.685136768966913 ] } },
{ "type": "Feature", "properties": { "category": "arts_venue" }, "geometry": { "type": "Point", "coordinates": [ 227216.188638321647886, 898354.454026760067791 ] } },
{ "type": "Feature", "properties": { "category": "arts_venue" }, "geometry": { "type": "Point", "coordinates": [ 235181.110040965955704, 900303.341810876736417 ] } },
{ "type": "Feature", "properties": { "category": "arts_venue" }, "geometry": { "type": "Point", "coordinates": [ 244400.482779768790351, 915101.596347543760203 ] } },
{ "type": "Feature", "properties": { "category": "arts_venue" }, "geometry": { "type": "Point", "coordinates": [ 238403.247060426132521, 896304.859908390324563 ] } },
{ "type": "Feature", "properties": { "category": "arts_venue" }, "geometry": { "type": "Point", "coordinates": [ 236098.879031985416077, 903088.843090189038776 ] } },
{ "type": "Feature", "properties": { "category": "arts_venue" }, "geometry": { "type": "Point", "coordinates": [ 235566.887257520924322, 901030.845766108250245 ] } },
{ "type": "Feature", "properties": { "category": "arts_venue" }, "geometry": { "type": "Point", "coordinates": [ 237732.343556760635693, 898643.964586648857221 ] } },
{ "type": "Feature", "properties": { "category": "arts_venue" }, "geometry": { "type": "Point", "coordinates": [ 229666.145271581306588, 904130.74814251519274 ] } },
{ "type": "Feature", "properties": { "category": "arts_venue" }, "geometry": { "type": "Point", "coordinates": [ 236107.183610987791326, 901777.381611859076656 ] } },
{ "type": "Feature", "properties": { "category": "arts_venue" }, "geometry": { "type": "Point", "coordinates": [ 232658.350147341901902, 898363.858079989324324 ] } },
{ "type": "Feature", "properties": { "category": "arts_venue" }, "geometry": { "type": "Point", "coordinates": [ 236500.247099109023111, 900719.059252479928546 ] } },
{ "type": "Feature", "properties": { "category": "arts_venue" }, "geometry": { "type": "Point", "coordinates": [ 230220.596939182083588, 900391.558686726377346 ] } },
{ "type": "Feature", "properties": { "category": "arts_venue" }, "geometry": { "type": "Point", "coordinates": [ 240896.021170944877667, 889179.228765213629231 ] } },
{ "type": "Feature", "properties": { "category": "arts_venue" }, "geometry": { "type": "Point", "coordinates": [ 235012.253399598877877, 900244.960115600144491 ] } },
{ "type": "Feature", "properties": { "category": "arts_venue" }, "geometry": { "type": "Point", "coordinates": [ 225283.144857567880535, 897730.09267897112295 ] } },
{ "type": "Feature", "properties": { "category": "arts_venue" }, "geometry": { "type": "Point", "coordinates": [ 231647.848282886436209, 903219.779322265414521 ] } },
{ "type": "Feature", "properties": { "category": "arts_venue" }, "geometry": { "type": "Point", "coordinates": [ 238045.098338354902808, 904894.706917718518525 ] } },
{ "type": "Feature", "properties": { "category": "arts_venue" }, "geometry": { "type": "Point", "coordinates": [ 238127.996011367766187, 898780.50382211105898 ] } },
{ "type": "Feature", "properties": { "category": "arts_venue" }, "geometry": { "type": "Point", "coordinates": [ 227165.642278784274822, 900386.860472483909689 ] } },
{ "type": "Feature", "properties": { "category": "arts_venue" }, "geometry": { "type": "Point", "coordinates": [ 235953.772221687424462, 899158.929017894552089 ] } },
{ "type": "Feature", "properties": { "category": "arts_venue" }, "geometry": { "type": "Point", "coordinates": [ 228836.838243121484993, 894694.495662346016616 ] } },
{ "type": "Feature", "properties": { "category": "arts_venue" }, "geometry": { "type": "Point", "coordinates": [ 235892.702629942417843, 901257.6580476523377 ] } },
{ "type": "Feature", "properties": { "category": "arts_venue" }, "geometry": { "type": "Point", "coordinates": [ 230444.063856079272227, 900346.981413878267631 ] } },
{ "type": "Feature", "properties": { "category": "arts_venue" }, "geometry": { "type": "Point", "coordinates": [ 232303.972654994286131, 887156.300103092100471 ] } },
{ "type": "Feature", "properties": { "category": "arts_venue" }, "geometry": { "type": "Point", "coordinates": [ 240233.160195835924242, 890371.255088843288831 ] } },
{ "type": "Feature", "properties": { "category": "arts_venue" }, "geometry": { "type": "Point", "coordinates": [ 231741.216275715327356, 895525.305313932243735 ] } },
{ "type": "Feature", "properties": { "category": "arts_venue" }, "geometry": { "type": "Point", "coordinates": [ 235881.455637549748644, 900233.571339590009302 ] } },
{ "type": "Feature", "properties": { "category": "arts_venue" }, "geometry": { "type": "Point", "coordinates": [ 237214.774777615151834, 900455.330742451478727 ] } },
{ "type": "Feature", "properties": { "category": "arts_venue" }, "geometry": { "type": "Point", "coordinates": [ 236687.387282715702895, 900000.803060506470501 ] } },
{ "type": "Feature", "properties": { "category": "arts_venue" }, "geometry": { "type": "Point", "coordinates": [ 240873.089938948309282, 904576.469558159471489 ] } },
{ "type": "Feature", "properties": { "category": "arts_venue" }, "geometry": { "type": "Point", "coordinates": [ 231059.252816421038006, 889577.470491186250001 ] } },
{ "type": "Feature", "properties": { "category": "arts_venue" }, "geometry": { "type": "Point", "coordinates": [ 230665.010730784153566, 901654.439167316420935 ] } },
{ "type": "Feature", "properties": { "category": "arts_venue" }, "geometry": { "type": "Point", "coordinates": [ 228532.338025001809001, 908992.308283671154641 ] } },
{ "type": "Feature", "properties": { "category": "arts_venue" }, "geometry": { "type": "Point", "coordinates": [ 229133.320495552179636, 901144.627647649729624 ] } },
{ "type": "Feature", "properties": { "category": "arts_venue" }, "geometry": { "type": "Point", "coordinates": [ 233666.359333978849463, 900011.895802199142054 ] } },
{ "type": "Feature", "properties": { "category": "arts_venue" }, "geometry": { "type": "Point", "coordinates": [ 235257.150282276561484, 900041.801090583554469 ] } },
{ "type": "Feature", "properties": { "category": "arts_venue" }, "geometry": { "type": "Point", "coordinates": [ 220231.174211333942367, 902878.488595776259899 ] } },
{ "type": "Feature", "properties": { "category": "arts_venue" }, "geometry": { "type": "Point", "coordinates": [ 231052.655734173953533, 902774.253885187674314 ] } },
{ "type": "Feature", "properties": { "category": "arts_venue" }, "geometry": { "type": "Point", "coordinates": [ 235188.260406581743155, 910001.359959143330343 ] } },
{ "type": "Feature", "properties": { "category": "arts_venue" }, "geometry": { "type": "Point", "coordinates": [ 231491.139924187009456, 885407.187090760678984 ] } },
{ "type": "Feature", "properties": { "category": "arts_venue" }, "geometry": { "type": "Point", "coordinates": [ 232948.85501110253972, 891165.560027769999579 ] } },
{ "type": "Feature", "properties": { "category": "arts_venue" }, "geometry": { "type": "Point", "coordinates": [ 235881.455637549748644, 900233.571339590009302 ] } },
{ "type": "Feature", "properties": { "category": "arts_venue" }, "geometry": { "type": "Point", "coordinates": [ 234665.761499435000587, 902222.877017709310167 ] } },
{ "type": "Feature", "properties": { "category": "arts_venue" }, "geometry": { "type": "Point", "coordinates": [ 231960.76905734767206, 906935.338809032691643 ] } },
{ "type": "Feature", "properties": { "category": "arts_venue" }, "geometry": { "type": "Point", "coordinates": [ 230258.067302505834959, 900605.87765620124992 ] } },
{ "type": "Feature", "properties": { "category": "arts_venue" }, "geometry": { "type": "Point", "coordinates": [ 229897.432160047872458, 896311.533829634310678 ] } },
{ "type": "Feature", "properties": { "category": "arts_venue" }, "geometry": { "type": "Point", "coordinates": [ 236860.748753599997144, 900785.366414467338473 ] } },
{ "type": "Feature", "properties": { "category": "arts_venue" }, "geometry": { "type": "Point", "coordinates": [ 235130.463737986458, 899935.975884847226553 ] } },
{ "type": "Feature", "properties": { "category": "arts_venue" }, "geometry": { "type": "Point", "coordinates": [ 234464.800611136626685, 899985.664019065443426 ] } },
{ "type": "Feature", "properties": { "category": "arts_venue" }, "geometry": { "type": "Point", "coordinates": [ 224490.059753094479674, 904266.524277462158352 ] } },
{ "type": "Feature", "properties": { "category": "arts_venue" }, "geometry": { "type": "Point", "coordinates": [ 222108.18982414866332, 904195.086173113668337 ] } },
{ "type": "Feature", "properties": { "category": "arts_venue" }, "geometry": { "type": "Point", "coordinates": [ 231713.87645188823808, 895371.896152388188057 ] } },
{ "type": "Feature", "properties": { "category": "arts_venue" }, "geometry": { "type": "Point", "coordinates": [ 231885.341538712265901, 903841.226524452446029 ] } },
{ "type": "Feature", "properties": { "category": "arts_venue" }, "geometry": { "type": "Point", "coordinates": [ 220158.747179857629817, 892427.87115470552817 ] } },
{ "type": "Feature", "properties": { "category": "arts_venue" }, "geometry": { "type": "Point", "coordinates": [ 235269.678097534168046, 899449.930044156033546 ] } },
{ "type": "Feature", "properties": { "category": "arts_venue" }, "geometry": { "type": "Point", "coordinates": [ 231316.116129583446309, 898358.638820729218423 ] } },
{ "type": "Feature", "properties": { "category": "arts_venue" }, "geometry": { "type": "Point", "coordinates": [ 226829.718562541005667, 903391.778305799234658 ] } },
{ "type": "Feature", "properties": { "category": "arts_venue" }, "geometry": { "type": "Point", "coordinates": [ 230693.781910930672893, 905550.306248605833389 ] } },
{ "type": "Feature", "properties": { "category": "arts_venue" }, "geometry": { "type": "Point", "coordinates": [ 232719.57765925815329, 895265.204630342079327 ] } },
{ "type": "Feature", "properties": { "category": "arts_venue" }, "geometry": { "type": "Point", "coordinates": [ 235200.055886929942062, 900254.784533353056759 ] } },
{ "type": "Feature", "properties": { "category": "arts_venue" }, "geometry": { "type": "Point", "coordinates": [ 222966.862340988009237, 901073.11441852687858 ] } },
{ "type": "Feature", "properties": { "category": "arts_venue" }, "geometry": { "type": "Point", "coordinates": [ 235461.149260485399282, 894388.991433980176225 ] } },
{ "type": "Feature", "properties": { "category": "arts_venue" }, "geometry": { "type": "Point", "coordinates": [ 229820.990655179135501, 888143.687473924830556 ] } },
{ "type": "Feature", "properties": { "category": "arts_venue" }, "geometry": { "type": "Point", "coordinates": [ 236986.6407221116242, 899562.835991029627621 ] } },
{ "type": "Feature", "properties": { "category": "arts_venue" }, "geometry": { "type": "Point", "coordinates": [ 228609.899062324751867, 907305.106790442718193 ] } },
{ "type": "Feature", "properties": { "category": "arts_venue" }, "geometry": { "type": "Point", "coordinates": [ 231282.44280629963032, 907118.008107970003039 ] } },
{ "type": "Feature", "properties": { "category": "arts_venue" }, "geometry": { "type": "Point", "coordinates": [ 235388.550912193546537, 898163.026397910551168 ] } },
{ "type": "Feature", "properties": { "category": "arts_venue" }, "geometry": { "type": "Point", "coordinates": [ 239990.620661628927337, 890859.16399809718132 ] } },
{ "type": "Feature", "properties": { "category": "arts_venue" }, "geometry": { "type": "Point", "coordinates": [ 225926.857659300672822, 907300.01721313840244 ] } },
{ "type": "Feature", "properties": { "category": "arts_venue" }, "geometry": { "type": "Point", "coordinates": [ 231826.764911263890099, 894019.716213449602947 ] } },
{ "type": "Feature", "properties": { "category": "arts_venue" }, "geometry": { "type": "Point", "coordinates": [ 242339.136604033352342, 903066.255105835967697 ] } },
{ "type": "Feature", "properties": { "category": "arts_venue" }, "geometry": { "type": "Point", "coordinates": [ 235848.770714054262498, 899227.260903492569923 ] } },
{ "type": "Feature", "properties": { "category": "arts_venue" }, "geometry": { "type": "Point", "coordinates": [ 236480.645045961253345, 900051.37810277286917 ] } },
{ "type": "Feature", "properties": { "category": "arts_venue" }, "geometry": { "type": "Point", "coordinates": [ 228298.015375273214886, 888720.100319389719516 ] } },
{ "type": "Feature", "properties": { "category": "arts_venue" }, "geometry": { "type": "Point", "coordinates": [ 237619.317538570903707, 890049.116190173546784 ] } },
{ "type": "Feature", "properties": { "category": "arts_venue" }, "geometry": { "type": "Point", "coordinates": [ 231057.802909446472768, 902615.990190723561682 ] } },
{ "type": "Feature", "properties": { "category": "arts_venue" }, "geometry": { "type": "Point", "coordinates": [ 231897.431762152904412, 887213.316300338949077 ] } },
{ "type": "Feature", "properties": { "category": "arts_venue" }, "geometry": { "type": "Point", "coordinates": [ 231130.974766788596753, 901864.870640512555838 ] } },
{ "type": "Feature", "properties": { "category": "arts_venue" }, "geometry": { "type": "Point", "coordinates": [ 232525.337938938406296, 901781.436212188797072 ] } },
{ "type": "Feature", "properties": { "category": "arts_venue" }, "geometry": { "type": "Point", "coordinates": [ 244715.704198814375559, 914457.322349677444436 ] } },
{ "type": "Feature", "properties": { "category": "arts_venue" }, "geometry": { "type": "Point", "coordinates": [ 229803.866872687911382, 906410.222264210577123 ] } },
{ "type": "Feature", "properties": { "category": "arts_venue" }, "geometry": { "type": "Point", "coordinates": [ 232239.521882627042942, 896963.351910728029907 ] } },
{ "type": "Feature", "properties": { "category": "arts_venue" }, "geometry": { "type": "Point", "coordinates": [ 236948.005501113773789, 901582.256174152251333 ] } },
{ "type": "Feature", "properties": { "category": "arts_venue" }, "geometry": { "type": "Point", "coordinates": [ 235469.742556870449334, 900038.427745334221981 ] } },
{ "type": "Feature", "properties": { "category": "arts_venue" }, "geometry": { "type": "Point", "coordinates": [ 224993.464057511824649, 893524.819194624549709 ] } },
{ "type": "Feature", "properties": { "category": "arts_venue" }, "geometry": { "type": "Point", "coordinates": [ 232974.962286998110358, 898525.843037258367985 ] } },
{ "type": "Feature", "properties": { "category": "arts_venue" }, "geometry": { "type": "Point", "coordinates": [ 238135.423417529265862, 898778.544713745475747 ] } },
{ "type": "Feature", "properties": { "category": "arts_venue" }, "geometry": { "type": "Point", "coordinates": [ 233130.257975198241184, 909813.392186503857374 ] } },
{ "type": "Feature", "properties": { "category": "arts_venue" }, "geometry": { "type": "Point", "coordinates": [ 230258.067302505834959, 900605.87765620124992 ] } },
{ "type": "Feature", "properties": { "category": "arts_venue" }, "geometry": { "type": "Point", "coordinates": [ 245779.087956468370976, 912687.313552535604686 ] } },
{ "type": "Feature", "properties": { "category": "arts_venue" }, "geometry": { "type": "Point", "coordinates": [ 235070.410025768069318, 892379.879888424184173 ] } },
{ "type": "Feature", "properties": { "category": "arts_venue" }, "geometry": { "type": "Point", "coordinates": [ 235446.359708319127094, 897158.84455346269533 ] } },
{ "type": "Feature", "properties": { "category": "arts_venue" }, "geometry": { "type": "Point", "coordinates": [ 232403.09288566178293, 896992.317439448903315 ] } },
{ "type": "Feature", "properties": { "category": "arts_venue" }, "geometry": { "type": "Point", "coordinates": [ 234891.356679747957969, 908505.073331929859705 ] } },
{ "type": "Feature", "properties": { "category": "arts_venue" }, "geometry": { "type": "Point", "coordinates": [ 233776.212494253064506, 899595.770248917979188 ] } },
{ "type": "Feature", "properties": { "category": "arts_venue" }, "geometry": { "type": "Point", "coordinates": [ 231416.456151500344276, 902918.940242286305875 ] } },
{ "type": "Feature", "properties": { "category": "arts_venue" }, "geometry": { "type": "Point", "coordinates": [ 232830.577207407040987, 902211.839816197752953 ] } },
{ "type": "Feature", "properties": { "category": "arts_venue" }, "geometry": { "type": "Point", "coordinates": [ 236337.701759996503824, 901069.223928401712328 ] } },
{ "type": "Feature", "properties": { "category": "arts_venue" }, "geometry": { "type": "Point", "coordinates": [ 232279.90477755246684, 900804.928579046507366 ] } },
{ "type": "Feature", "properties": { "category": "arts_venue" }, "geometry": { "type": "Point", "coordinates": [ 240188.983247958007269, 912613.960010576643981 ] } },
{ "type": "Feature", "properties": { "category": "arts_venue" }, "geometry": { "type": "Point", "coordinates": [ 236491.611476626276271, 902603.570243044989184 ] } },
{ "type": "Feature", "properties": { "category": "arts_venue" }, "geometry": { "type": "Point", "coordinates": [ 231764.175418224360328, 902700.791081341565587 ] } },
{ "type": "Feature", "properties": { "category": "arts_venue" }, "geometry": { "type": "Point", "coordinates": [ 225393.614697399287252, 896718.360428435960785 ] } },
{ "type": "Feature", "properties": { "category": "arts_venue" }, "geometry": { "type": "Point", "coordinates": [ 236210.884282582323067, 896452.512431165901944 ] } },
{ "type": "Feature", "properties": { "category": "arts_venue" }, "geometry": { "type": "Point", "coordinates": [ 233489.547145314805675, 904624.35496726736892 ] } },
{ "type": "Feature", "properties": { "category": "arts_venue" }, "geometry": { "type": "Point", "coordinates": [ 233055.596825289132539, 890043.528682376258075 ] } },
{ "type": "Feature", "properties": { "category": "arts_venue" }, "geometry": { "type": "Point", "coordinates": [ 232652.055838448664872, 901668.946466336026788 ] } },
{ "type": "Feature", "properties": { "category": "arts_venue" }, "geometry": { "type": "Point", "coordinates": [ 239055.676116892078426, 903433.453850188525394 ] } },
{ "type": "Feature", "properties": { "category": "arts_venue" }, "geometry": { "type": "Point", "coordinates": [ 236053.878302868222818, 900912.363492167321965 ] } },
{ "type": "Feature", "properties": { "category": "arts_venue" }, "geometry": { "type": "Point", "coordinates": [ 237294.90586609361344, 893173.299431296647526 ] } },
{ "type": "Feature", "properties": { "category": "arts_venue" }, "geometry": { "type": "Point", "coordinates": [ 231270.98647773952689, 903479.125710994005203 ] } },
{ "type": "Feature", "properties": { "category": "arts_venue" }, "geometry": { "type": "Point", "coordinates": [ 235161.440575719811022, 899870.817004158161581 ] } },
{ "type": "Feature", "properties": { "category": "arts_venue" }, "geometry": { "type": "Point", "coordinates": [ 231872.744113397289766, 894882.766507060267031 ] } },
{ "type": "Feature", "properties": { "category": "arts_venue" }, "geometry": { "type": "Point", "coordinates": [ 235520.101027957629412, 900181.972659633727744 ] } },
{ "type": "Feature", "properties": { "category": "arts_venue" }, "geometry": { "type": "Point", "coordinates": [ 226502.736840715951985, 908331.537829929846339 ] } },
{ "type": "Feature", "properties": { "category": "arts_venue" }, "geometry": { "type": "Point", "coordinates": [ 233181.235372538212687, 902207.933303636847995 ] } },
{ "type": "Feature", "properties": { "category": "arts_venue" }, "geometry": { "type": "Point", "coordinates": [ 220936.04272504671826, 897665.484821314690635 ] } },
{ "type": "Feature", "properties": { "category": "arts_venue" }, "geometry": { "type": "Point", "coordinates": [ 236641.574064855143661, 900017.003594496287405 ] } },
{ "type": "Feature", "properties": { "category": "arts_venue" }, "geometry": { "type": "Point", "coordinates": [ 232134.998698047129437, 900929.338093443890102 ] } },
{ "type": "Feature", "properties": { "category": "arts_venue" }, "geometry": { "type": "Point", "coordinates": [ 225899.162901661911746, 902398.914524333318695 ] } },
{ "type": "Feature", "properties": { "category": "arts_venue" }, "geometry": { "type": "Point", "coordinates": [ 219683.491234689630801, 901407.378059050999582 ] } },
{ "type": "Feature", "properties": { "category": "arts_venue" }, "geometry": { "type": "Point", "coordinates": [ 231484.021808087301906, 894043.499094709288329 ] } },
{ "type": "Feature", "properties": { "category": "arts_venue" }, "geometry": { "type": "Point", "coordinates": [ 234170.117032487120014, 899587.677347889635712 ] } },
{ "type": "Feature", "properties": { "category": "arts_venue" }, "geometry": { "type": "Point", "coordinates": [ 240982.687272526614834, 887758.51499743713066 ] } },
{ "type": "Feature", "properties": { "category": "arts_venue" }, "geometry": { "type": "Point", "coordinates": [ 235729.926972555753309, 899263.31141417811159 ] } },
{ "type": "Feature", "properties": { "category": "arts_venue" }, "geometry": { "type": "Point", "coordinates": [ 235170.549862892134115, 908084.252268449636176 ] } },
{ "type": "Feature", "properties": { "category": "arts_venue" }, "geometry": { "type": "Point", "coordinates": [ 236056.82764057040913, 900482.061944469693117 ] } },
{ "type": "Feature", "properties": { "category": "arts_venue" }, "geometry": { "type": "Point", "coordinates": [ 236867.741423173400108, 912653.925533151486889 ] } },
{ "type": "Feature", "properties": { "category": "arts_venue" }, "geometry": { "type": "Point", "coordinates": [ 229561.966769667138578, 906148.164099122281186 ] } },
{ "type": "Feature", "properties": { "category": "arts_venue" }, "geometry": { "type": "Point", "coordinates": [ 225756.275610900222091, 901900.316577990655787 ] } },
{ "type": "Feature", "properties": { "category": "arts_venue" }, "geometry": { "type": "Point", "coordinates": [ 231698.858983363199513, 902902.325282842153683 ] } },
{ "type": "Feature", "properties": { "category": "arts_venue" }, "geometry": { "type": "Point", "coordinates": [ 234564.084667876653839, 902430.870171350077726 ] } },
{ "type": "Feature", "properties": { "category": "arts_venue" }, "geometry": { "type": "Point", "coordinates": [ 236986.6407221116242, 899562.835991029627621 ] } },
{ "type": "Feature", "properties": { "category": "arts_venue" }, "geometry": { "type": "Point", "coordinates": [ 236808.787855324830161, 901598.520448524621315 ] } },
{ "type": "Feature", "properties": { "category": "arts_venue" }, "geometry": { "type": "Point", "coordinates": [ 230188.272084766504122, 902833.023197358008474 ] } },
{ "type": "Feature", "properties": { "category": "arts_venue" }, "geometry": { "type": "Point", "coordinates": [ 231764.175418224360328, 902700.791081341565587 ] } },
{ "type": "Feature", "properties": { "category": "arts_venue" }, "geometry": { "type": "Point", "coordinates": [ 226341.59682660017279, 902055.551856486592442 ] } },
{ "type": "Feature", "properties": { "category": "arts_venue" }, "geometry": { "type": "Point", "coordinates": [ 233640.227910926652839, 904607.302490912610665 ] } },
{ "type": "Feature", "properties": { "category": "arts_venue" }, "geometry": { "type": "Point", "coordinates": [ 236799.060610937740421, 900766.159795301035047 ] } },
{ "type": "Feature", "properties": { "category": "arts_venue" }, "geometry": { "type": "Point", "coordinates": [ 230247.053883521322859, 900580.615608390886337 ] } },
{ "type": "Feature", "properties": { "category": "arts_venue" }, "geometry": { "type": "Point", "coordinates": [ 232384.123425765137654, 896296.666033776942641 ] } },
{ "type": "Feature", "properties": { "category": "arts_venue" }, "geometry": { "type": "Point", "coordinates": [ 234821.674760476045776, 908981.815533007145859 ] } },
{ "type": "Feature", "properties": { "category": "arts_venue" }, "geometry": { "type": "Point", "coordinates": [ 236028.37020601745462, 900440.372785668936558 ] } },
{ "type": "Feature", "properties": { "category": "arts_venue" }, "geometry": { "type": "Point", "coordinates": [ 221952.655260412837379, 902082.898709544213489 ] } },
{ "type": "Feature", "properties": { "category": "arts_venue" }, "geometry": { "type": "Point", "coordinates": [ 233226.908965957030887, 907993.806046943878755 ] } },
{ "type": "Feature", "properties": { "category": "arts_venue" }, "geometry": { "type": "Point", "coordinates": [ 238014.379987691616407, 904500.431553328409791 ] } },
{ "type": "Feature", "properties": { "category": "arts_venue" }, "geometry": { "type": "Point", "coordinates": [ 241111.30755853431765, 904533.428196587250568 ] } },
{ "type": "Feature", "properties": { "category": "arts_venue" }, "geometry": { "type": "Point", "coordinates": [ 234690.726324564951938, 900118.958297474542633 ] } },
{ "type": "Feature", "properties": { "category": "arts_venue" }, "geometry": { "type": "Point", "coordinates": [ 236056.82764057040913, 900482.061944469693117 ] } },
{ "type": "Feature", "properties": { "category": "arts_venue" }, "geometry": { "type": "Point", "coordinates": [ 222176.946617920330027, 903438.751069603138603 ] } },
{ "type": "Feature", "properties": { "category": "arts_venue" }, "geometry": { "type": "Point", "coordinates": [ 232231.620053270948119, 901578.809185436461121 ] } },
{ "type": "Feature", "properties": { "category": "arts_venue" }, "geometry": { "type": "Point", "coordinates": [ 236315.684771176544018, 900611.023672737530433 ] } },
{ "type": "Feature", "properties": { "category": "arts_venue" }, "geometry": { "type": "Point", "coordinates": [ 236413.352569517213851, 901080.390147828962654 ] } },
{ "type": "Feature", "properties": { "category": "arts_venue" }, "geometry": { "type": "Point", "coordinates": [ 225102.793468411487993, 902924.421043380396441 ] } },
{ "type": "Feature", "properties": { "category": "arts_venue" }, "geometry": { "type": "Point", "coordinates": [ 230871.444990237767342, 899065.234010590240359 ] } },
{ "type": "Feature", "properties": { "category": "arts_venue" }, "geometry": { "type": "Point", "coordinates": [ 221634.264308981306385, 902683.507276738295332 ] } },
{ "type": "Feature", "properties": { "category": "arts_venue" }, "geometry": { "type": "Point", "coordinates": [ 232847.468131500878371, 901505.906068390468135 ] } },
{ "type": "Feature", "properties": { "category": "arts_venue" }, "geometry": { "type": "Point", "coordinates": [ 241112.533965850598179, 888731.187123286537826 ] } },
{ "type": "Feature", "properties": { "category": "arts_venue" }, "geometry": { "type": "Point", "coordinates": [ 236078.156254739616998, 900500.054986504837871 ] } },
{ "type": "Feature", "properties": { "category": "arts_venue" }, "geometry": { "type": "Point", "coordinates": [ 233872.288677418022417, 899339.421015802072361 ] } },
{ "type": "Feature", "properties": { "category": "arts_venue" }, "geometry": { "type": "Point", "coordinates": [ 228198.10115680101444, 902017.438057650113478 ] } },
{ "type": "Feature", "properties": { "category": "arts_venue" }, "geometry": { "type": "Point", "coordinates": [ 235092.478386072616559, 899870.250157141825184 ] } },
{ "type": "Feature", "properties": { "category": "arts_venue" }, "geometry": { "type": "Point", "coordinates": [ 232241.876708805997623, 903938.381659704609774 ] } },
{ "type": "Feature", "properties": { "category": "arts_venue" }, "geometry": { "type": "Point", "coordinates": [ 235319.780635482195066, 900695.254221284412779 ] } },
{ "type": "Feature", "properties": { "category": "arts_venue" }, "geometry": { "type": "Point", "coordinates": [ 241102.103738659934606, 889061.688762114732526 ] } },
{ "type": "Feature", "properties": { "category": "arts_venue" }, "geometry": { "type": "Point", "coordinates": [ 232309.768002340540988, 905183.219706247095019 ] } },
{ "type": "Feature", "properties": { "category": "arts_venue" }, "geometry": { "type": "Point", "coordinates": [ 238899.097712499904446, 899420.095170391374268 ] } },
{ "type": "Feature", "properties": { "category": "arts_venue" }, "geometry": { "type": "Point", "coordinates": [ 227160.418255164317088, 904422.077998963184655 ] } },
{ "type": "Feature", "properties": { "category": "arts_venue" }, "geometry": { "type": "Point", "coordinates": [ 240039.543940163828665, 887232.475597480428405 ] } },
{ "type": "Feature", "properties": { "category": "arts_venue" }, "geometry": { "type": "Point", "coordinates": [ 234034.60093045711983, 892683.584698765538633 ] } },
{ "type": "Feature", "properties": { "category": "arts_venue" }, "geometry": { "type": "Point", "coordinates": [ 231129.325937328627333, 889592.219882597681135 ] } },
{ "type": "Feature", "properties": { "category": "arts_venue" }, "geometry": { "type": "Point", "coordinates": [ 236037.744688026228687, 894349.713021922856569 ] } },
{ "type": "Feature", "properties": { "category": "arts_venue" }, "geometry": { "type": "Point", "coordinates": [ 236098.879031985416077, 903088.843090189038776 ] } },
{ "type": "Feature", "properties": { "category": "arts_venue" }, "geometry": { "type": "Point", "coordinates": [ 235161.466613273369148, 898762.038973895134404 ] } },
{ "type": "Feature", "properties": { "category": "arts_venue" }, "geometry": { "type": "Point", "coordinates": [ 235920.802611586230341, 901642.687916451948695 ] } },
{ "type": "Feature", "properties": { "category": "arts_venue" }, "geometry": { "type": "Point", "coordinates": [ 234140.277511105494341, 899233.749865617719479 ] } },
{ "type": "Feature", "properties": { "category": "arts_venue" }, "geometry": { "type": "Point", "coordinates": [ 232656.952486619906267, 900118.876900046365336 ] } },
{ "type": "Feature", "properties": { "category": "arts_venue" }, "geometry": { "type": "Point", "coordinates": [ 234118.174804510956164, 899492.231390897301026 ] } },
{ "type": "Feature", "properties": { "category": "arts_venue" }, "geometry": { "type": "Point", "coordinates": [ 235317.239811454317532, 899446.614393195603043 ] } },
{ "type": "Feature", "properties": { "category": "arts_venue" }, "geometry": { "type": "Point", "coordinates": [ 223932.87591311824508, 896758.555656346259639 ] } },
{ "type": "Feature", "properties": { "category": "arts_venue" }, "geometry": { "type": "Point", "coordinates": [ 231746.932114527386148, 902525.09843971778173 ] } },
{ "type": "Feature", "properties": { "category": "arts_venue" }, "geometry": { "type": "Point", "coordinates": [ 229849.860072574054357, 900737.647169480915181 ] } },
{ "type": "Feature", "properties": { "category": "arts_venue" }, "geometry": { "type": "Point", "coordinates": [ 237973.548460079910001, 896066.820106044993736 ] } },
{ "type": "Feature", "properties": { "category": "arts_venue" }, "geometry": { "type": "Point", "coordinates": [ 240039.543940163828665, 887232.475597480428405 ] } },
{ "type": "Feature", "properties": { "category": "arts_venue" }, "geometry": { "type": "Point", "coordinates": [ 231623.995906797645148, 898856.421815905719995 ] } },
{ "type": "Feature", "properties": { "category": "arts_venue" }, "geometry": { "type": "Point", "coordinates": [ 243343.304095743864309, 888103.993174645467661 ] } },
{ "type": "Feature", "properties": { "category": "arts_venue" }, "geometry": { "type": "Point", "coordinates": [ 231464.996050274407025, 905026.095086297835223 ] } },
{ "type": "Feature", "properties": { "category": "arts_venue" }, "geometry": { "type": "Point", "coordinates": [ 225896.566414681437891, 901829.631475875619799 ] } },
{ "type": "Feature", "properties": { "category": "arts_venue" }, "geometry": { "type": "Point", "coordinates": [ 235848.770714054262498, 899227.260903492569923 ] } },
{ "type": "Feature", "properties": { "category": "arts_venue" }, "geometry": { "type": "Point", "coordinates": [ 231044.017370616405969, 899676.92016965104267 ] } },
{ "type": "Feature", "properties": { "category": "arts_venue" }, "geometry": { "type": "Point", "coordinates": [ 233046.863449559430592, 898762.997827043989673 ] } },
{ "type": "Feature", "properties": { "category": "arts_venue" }, "geometry": { "type": "Point", "coordinates": [ 238293.83647088566795, 903278.969481238280423 ] } },
{ "type": "Feature", "properties": { "category": "arts_venue" }, "geometry": { "type": "Point", "coordinates": [ 232605.215655727632111, 901875.334225876955315 ] } },
{ "type": "Feature", "properties": { "category": "arts_venue" }, "geometry": { "type": "Point", "coordinates": [ 229612.018974173843162, 898585.626370071200654 ] } },
{ "type": "Feature", "properties": { "category": "arts_venue" }, "geometry": { "type": "Point", "coordinates": [ 235260.082763080921723, 900278.411835002363659 ] } },
{ "type": "Feature", "properties": { "category": "arts_venue" }, "geometry": { "type": "Point", "coordinates": [ 235317.239811454317532, 899446.614393195603043 ] } },
{ "type": "Feature", "properties": { "category": "arts_venue" }, "geometry": { "type": "Point", "coordinates": [ 232507.941822563501773, 901606.74095187918283 ] } },
{ "type": "Feature", "properties": { "category": "arts_venue" }, "geometry": { "type": "Point", "coordinates": [ 235465.134072765154997, 899106.57252185663674 ] } },
{ "type": "Feature", "properties": { "category": "arts_venue" }, "geometry": { "type": "Point", "coordinates": [ 234347.735910985822557, 895781.922668500454165 ] } },
{ "type": "Feature", "properties": { "category": "arts_venue" }, "geometry": { "type": "Point", "coordinates": [ 221799.30918237529113, 902606.152051717625 ] } },
{ "type": "Feature", "properties": { "category": "arts_venue" }, "geometry": { "type": "Point", "coordinates": [ 230679.411189386097249, 899582.125077999895439 ] } },
{ "type": "Feature", "properties": { "category": "arts_venue" }, "geometry": { "type": "Point", "coordinates": [ 236663.925591213366715, 900707.470597171224654 ] } },
{ "type": "Feature", "properties": { "category": "arts_venue" }, "geometry": { "type": "Point", "coordinates": [ 234398.677801531070145, 890875.814311791444197 ] } },
{ "type": "Feature", "properties": { "category": "arts_venue" }, "geometry": { "type": "Point", "coordinates": [ 236056.82764057040913, 900482.061944469693117 ] } },
{ "type": "Feature", "properties": { "category": "arts_venue" }, "geometry": { "type": "Point", "coordinates": [ 236608.297212322329869, 901169.488163398462348 ] } },
{ "type": "Feature", "properties": { "category": "arts_venue" }, "geometry": { "type": "Point", "coordinates": [ 234447.793711847509257, 899706.775314695900306 ] } },
{ "type": "Feature", "properties": { "category": "arts_venue" }, "geometry": { "type": "Point", "coordinates": [ 234323.771626855857903, 901446.982453758479096 ] } },
{ "type": "Feature", "properties": { "category": "arts_venue" }, "geometry": { "type": "Point", "coordinates": [ 234926.310142512898892, 896315.720782528631389 ] } },
{ "type": "Feature", "properties": { "category": "arts_venue" }, "geometry": { "type": "Point", "coordinates": [ 235779.926751943479758, 900286.593279936467297 ] } },
{ "type": "Feature", "properties": { "category": "arts_venue" }, "geometry": { "type": "Point", "coordinates": [ 240474.777991368871881, 913243.324326509493403 ] } },
{ "type": "Feature", "properties": { "category": "arts_venue" }, "geometry": { "type": "Point", "coordinates": [ 233993.229252899182029, 902443.96898235369008 ] } },
{ "type": "Feature", "properties": { "category": "arts_venue" }, "geometry": { "type": "Point", "coordinates": [ 235559.874837736046175, 899160.257447584648617 ] } },
{ "type": "Feature", "properties": { "category": "arts_venue" }, "geometry": { "type": "Point", "coordinates": [ 228993.60832936357474, 900424.822037939564325 ] } },
{ "type": "Feature", "properties": { "category": "arts_venue" }, "geometry": { "type": "Point", "coordinates": [ 233477.878965600481024, 899727.524993026163429 ] } },
{ "type": "Feature", "properties": { "category": "arts_venue" }, "geometry": { "type": "Point", "coordinates": [ 231044.017370616405969, 899676.92016965104267 ] } },
{ "type": "Feature", "properties": { "category": "arts_venue" }, "geometry": { "type": "Point", "coordinates": [ 239210.362739135627635, 914388.169141300604679 ] } },
{ "type": "Feature", "properties": { "category": "arts_venue" }, "geometry": { "type": "Point", "coordinates": [ 231229.096499527222477, 902713.387612275430001 ] } },
{ "type": "Feature", "properties": { "category": "arts_venue" }, "geometry": { "type": "Point", "coordinates": [ 233745.059068690257845, 899734.467753591830842 ] } },
{ "type": "Feature", "properties": { "category": "arts_venue" }, "geometry": { "type": "Point", "coordinates": [ 236384.720324629277457, 900118.638404052122496 ] } },
{ "type": "Feature", "properties": { "category": "arts_venue" }, "geometry": { "type": "Point", "coordinates": [ 238016.90831558345235, 913635.241670864052139 ] } },
{ "type": "Feature", "properties": { "category": "arts_venue" }, "geometry": { "type": "Point", "coordinates": [ 225727.895525779022137, 900765.110949628753588 ] } },
{ "type": "Feature", "properties": { "category": "arts_venue" }, "geometry": { "type": "Point", "coordinates": [ 221877.907737356115831, 892162.538542207330465 ] } },
{ "type": "Feature", "properties": { "category": "arts_venue" }, "geometry": { "type": "Point", "coordinates": [ 228874.941117184527684, 903117.416045866906643 ] } },
{ "type": "Feature", "properties": { "category": "arts_venue" }, "geometry": { "type": "Point", "coordinates": [ 235572.844327083410462, 900016.733283894369379 ] } },
{ "type": "Feature", "properties": { "category": "arts_venue" }, "geometry": { "type": "Point", "coordinates": [ 228643.299630456167506, 900200.897181948996149 ] } },
{ "type": "Feature", "properties": { "category": "arts_venue" }, "geometry": { "type": "Point", "coordinates": [ 230708.37227328348672, 895478.510090593365021 ] } },
{ "type": "Feature", "properties": { "category": "arts_venue" }, "geometry": { "type": "Point", "coordinates": [ 233165.850656643451657, 896668.75223974022083 ] } },
{ "type": "Feature", "properties": { "category": "arts_venue" }, "geometry": { "type": "Point", "coordinates": [ 236415.397570097935386, 900781.156041773152538 ] } },
{ "type": "Feature", "properties": { "category": "arts_venue" }, "geometry": { "type": "Point", "coordinates": [ 230848.95676877713413, 901859.738969185622409 ] } },
{ "type": "Feature", "properties": { "category": "arts_venue" }, "geometry": { "type": "Point", "coordinates": [ 234508.029118863341864, 905960.012625300325453 ] } },
{ "type": "Feature", "properties": { "category": "arts_venue" }, "geometry": { "type": "Point", "coordinates": [ 231746.932114527386148, 902525.09843971778173 ] } },
{ "type": "Feature", "properties": { "category": "arts_venue" }, "geometry": { "type": "Point", "coordinates": [ 226460.233245874289423, 908800.354294968768954 ] } },
{ "type": "Feature", "properties": { "category": "arts_venue" }, "geometry": { "type": "Point", "coordinates": [ 229560.972634778299835, 889587.901512601994909 ] } },
{ "type": "Feature", "properties": { "category": "arts_venue" }, "geometry": { "type": "Point", "coordinates": [ 236060.14748834312195, 901649.177774355513975 ] } },
{ "type": "Feature", "properties": { "category": "arts_venue" }, "geometry": { "type": "Point", "coordinates": [ 231361.829236976307584, 903514.298263080650941 ] } },
{ "type": "Feature", "properties": { "category": "arts_venue" }, "geometry": { "type": "Point", "coordinates": [ 231396.235460510128178, 902688.917845987481996 ] } },
{ "type": "Feature", "properties": { "category": "arts_venue" }, "geometry": { "type": "Point", "coordinates": [ 236491.363412481267005, 898383.488901760312729 ] } },
{ "type": "Feature", "properties": { "category": "arts_venue" }, "geometry": { "type": "Point", "coordinates": [ 235572.283782396581955, 900778.503551561385393 ] } },
{ "type": "Feature", "properties": { "category": "arts_venue" }, "geometry": { "type": "Point", "coordinates": [ 236217.345410247566178, 900780.910020308452658 ] } },
{ "type": "Feature", "properties": { "category": "arts_venue" }, "geometry": { "type": "Point", "coordinates": [ 231647.061408189823851, 903028.832095682388172 ] } },
{ "type": "Feature", "properties": { "category": "arts_venue" }, "geometry": { "type": "Point", "coordinates": [ 230109.775651917414507, 901066.4354080602061 ] } },
{ "type": "Feature", "properties": { "category": "arts_venue" }, "geometry": { "type": "Point", "coordinates": [ 239990.620661628927337, 890859.16399809718132 ] } },
{ "type": "Feature", "properties": { "category": "arts_venue" }, "geometry": { "type": "Point", "coordinates": [ 235562.684094164258568, 899093.625013618264347 ] } },
{ "type": "Feature", "properties": { "category": "arts_venue" }, "geometry": { "type": "Point", "coordinates": [ 231834.630121907684952, 895105.857820664416067 ] } },
{ "type": "Feature", "properties": { "category": "arts_venue" }, "geometry": { "type": "Point", "coordinates": [ 231950.154049812146695, 907712.290598257561214 ] } },
{ "type": "Feature", "properties": { "category": "arts_venue" }, "geometry": { "type": "Point", "coordinates": [ 235569.210584859363735, 891771.464530313853174 ] } },
{ "type": "Feature", "properties": { "category": "arts_venue" }, "geometry": { "type": "Point", "coordinates": [ 231244.705236987705575, 889717.246761740650982 ] } },
{ "type": "Feature", "properties": { "category": "arts_venue" }, "geometry": { "type": "Point", "coordinates": [ 236101.772735855600331, 900184.936751361936331 ] } },
{ "type": "Feature", "properties": { "category": "arts_venue" }, "geometry": { "type": "Point", "coordinates": [ 241809.125456651672721, 907206.573531648144126 ] } },
{ "type": "Feature", "properties": { "category": "arts_venue" }, "geometry": { "type": "Point", "coordinates": [ 232516.129808365425561, 896416.12755308044143 ] } },
{ "type": "Feature", "properties": { "category": "arts_venue" }, "geometry": { "type": "Point", "coordinates": [ 233415.779683516535442, 896895.755312296212651 ] } },
{ "type": "Feature", "properties": { "category": "arts_venue" }, "geometry": { "type": "Point", "coordinates": [ 235753.276094834756805, 900828.518650992191397 ] } },
{ "type": "Feature", "properties": { "category": "arts_venue" }, "geometry": { "type": "Point", "coordinates": [ 229530.248000457097078, 901433.642829595948569 ] } },
{ "type": "Feature", "properties": { "category": "arts_venue" }, "geometry": { "type": "Point", "coordinates": [ 233986.265556798723992, 901210.189455933170393 ] } },
{ "type": "Feature", "properties": { "category": "arts_venue" }, "geometry": { "type": "Point", "coordinates": [ 235938.875845136091812, 900959.760136800818145 ] } },
{ "type": "Feature", "properties": { "category": "arts_venue" }, "geometry": { "type": "Point", "coordinates": [ 230110.427108992647845, 895623.434106097673066 ] } },
{ "type": "Feature", "properties": { "category": "arts_venue" }, "geometry": { "type": "Point", "coordinates": [ 227747.464649591012858, 901181.227824726491235 ] } },
{ "type": "Feature", "properties": { "category": "arts_venue" }, "geometry": { "type": "Point", "coordinates": [ 235855.188894651917508, 900068.930764324963093 ] } },
{ "type": "Feature", "properties": { "category": "arts_venue" }, "geometry": { "type": "Point", "coordinates": [ 233526.051383918209467, 901046.24891418335028 ] } },
{ "type": "Feature", "properties": { "category": "arts_venue" }, "geometry": { "type": "Point", "coordinates": [ 231057.802909446472768, 902615.990190723561682 ] } },
{ "type": "Feature", "properties": { "category": "arts_venue" }, "geometry": { "type": "Point", "coordinates": [ 238078.242176249128534, 903549.940807542065158 ] } },
{ "type": "Feature", "properties": { "category": "arts_venue" }, "geometry": { "type": "Point", "coordinates": [ 231272.440240319439908, 889510.658484601881355 ] } },
{ "type": "Feature", "properties": { "category": "arts_venue" }, "geometry": { "type": "Point", "coordinates": [ 234922.400724265840836, 906416.486704698298126 ] } },
{ "type": "Feature", "properties": { "category": "arts_venue" }, "geometry": { "type": "Point", "coordinates": [ 223172.735023897577776, 904117.986161879030988 ] } },
{ "type": "Feature", "properties": { "category": "arts_venue" }, "geometry": { "type": "Point", "coordinates": [ 231004.350655771268066, 900524.933799660997465 ] } },
{ "type": "Feature", "properties": { "category": "arts_venue" }, "geometry": { "type": "Point", "coordinates": [ 231854.886983845033683, 896094.421242821845226 ] } },
{ "type": "Feature", "properties": { "category": "arts_venue" }, "geometry": { "type": "Point", "coordinates": [ 236270.7722319153836, 901044.218759360839613 ] } },
{ "type": "Feature", "properties": { "category": "arts_venue" }, "geometry": { "type": "Point", "coordinates": [ 221617.008050645148614, 902135.286234052386135 ] } },
{ "type": "Feature", "properties": { "category": "arts_venue" }, "geometry": { "type": "Point", "coordinates": [ 233223.434195130190346, 909110.36322039202787 ] } },
{ "type": "Feature", "properties": { "category": "arts_venue" }, "geometry": { "type": "Point", "coordinates": [ 235917.084164774540113, 900371.712261653272435 ] } },
{ "type": "Feature", "properties": { "category": "arts_venue" }, "geometry": { "type": "Point", "coordinates": [ 236955.348942675394937, 900561.818563531152904 ] } },
{ "type": "Feature", "properties": { "category": "arts_venue" }, "geometry": { "type": "Point", "coordinates": [ 232384.123425765137654, 896296.666033776942641 ] } },
{ "type": "Feature", "properties": { "category": "arts_venue" }, "geometry": { "type": "Point", "coordinates": [ 244846.129794395412318, 914699.20368246815633 ] } },
{ "type": "Feature", "properties": { "category": "arts_venue" }, "geometry": { "type": "Point", "coordinates": [ 224613.643543228623457, 903494.741449286346324 ] } },
{ "type": "Feature", "properties": { "category": "arts_venue" }, "geometry": { "type": "Point", "coordinates": [ 230656.327793917473173, 904247.633898546104319 ] } },
{ "type": "Feature", "properties": { "category": "arts_venue" }, "geometry": { "type": "Point", "coordinates": [ 235270.776562487415504, 900281.797838554834016 ] } },
{ "type": "Feature", "properties": { "category": "arts_venue" }, "geometry": { "type": "Point", "coordinates": [ 235856.962430524756201, 890519.986537292483263 ] } },
{ "type": "Feature", "properties": { "category": "arts_venue" }, "geometry": { "type": "Point", "coordinates": [ 234140.277511105494341, 899233.749865617719479 ] } },
{ "type": "Feature", "properties": { "category": "arts_venue" }, "geometry": { "type": "Point", "coordinates": [ 231052.655734173953533, 902774.253885187674314 ] } },
{ "type": "Feature", "properties": { "category": "arts_venue" }, "geometry": { "type": "Point", "coordinates": [ 228096.221260545193218, 907345.242274175747298 ] } },
{ "type": "Feature", "properties": { "category": "arts_venue" }, "geometry": { "type": "Point", "coordinates": [ 235369.174208014330361, 901962.905133064719848 ] } },
{ "type": "Feature", "properties": { "category": "arts_venue" }, "geometry": { "type": "Point", "coordinates": [ 235825.317277396272402, 901419.044091869029216 ] } },
{ "type": "Feature", "properties": { "category": "arts_venue" }, "geometry": { "type": "Point", "coordinates": [ 236451.690979676845018, 901820.703854156541638 ] } },
{ "type": "Feature", "properties": { "category": "arts_venue" }, "geometry": { "type": "Point", "coordinates": [ 239212.354292516654823, 913193.498247363604605 ] } },
{ "type": "Feature", "properties": { "category": "arts_venue" }, "geometry": { "type": "Point", "coordinates": [ 235269.678097534168046, 899449.930044156033546 ] } },
{ "type": "Feature", "properties": { "category": "arts_venue" }, "geometry": { "type": "Point", "coordinates": [ 233480.733970476489048, 902638.116532206535339 ] } },
{ "type": "Feature", "properties": { "category": "arts_venue" }, "geometry": { "type": "Point", "coordinates": [ 232899.727979977964424, 903521.333085141261108 ] } },
{ "type": "Feature", "properties": { "category": "arts_venue" }, "geometry": { "type": "Point", "coordinates": [ 243056.985921657120343, 911761.097765913582407 ] } },
{ "type": "Feature", "properties": { "category": "arts_venue" }, "geometry": { "type": "Point", "coordinates": [ 230638.405886185792042, 898611.352070989320055 ] } },
{ "type": "Feature", "properties": { "category": "arts_venue" }, "geometry": { "type": "Point", "coordinates": [ 233267.941983622382395, 897130.75986740400549 ] } },
{ "type": "Feature", "properties": { "category": "arts_venue" }, "geometry": { "type": "Point", "coordinates": [ 231417.726946136157494, 902432.201121376361698 ] } },
{ "type": "Feature", "properties": { "category": "arts_venue" }, "geometry": { "type": "Point", "coordinates": [ 240024.339930447051302, 889804.35295879165642 ] } },
{ "type": "Feature", "properties": { "category": "arts_venue" }, "geometry": { "type": "Point", "coordinates": [ 231217.152492759632878, 902528.389317065360956 ] } },
{ "type": "Feature", "properties": { "category": "arts_venue" }, "geometry": { "type": "Point", "coordinates": [ 236381.59965231991373, 900816.859225317253731 ] } },
{ "type": "Feature", "properties": { "category": "arts_venue" }, "geometry": { "type": "Point", "coordinates": [ 245382.310270642279647, 912664.962886362452991 ] } },
{ "type": "Feature", "properties": { "category": "arts_venue" }, "geometry": { "type": "Point", "coordinates": [ 234222.913335189368809, 899896.61938015720807 ] } },
{ "type": "Feature", "properties": { "category": "arts_venue" }, "geometry": { "type": "Point", "coordinates": [ 235791.777826657664264, 896177.894251582096331 ] } },
{ "type": "Feature", "properties": { "category": "arts_venue" }, "geometry": { "type": "Point", "coordinates": [ 237097.545334084017668, 898689.459840813884512 ] } },
{ "type": "Feature", "properties": { "category": "arts_venue" }, "geometry": { "type": "Point", "coordinates": [ 234592.792727444582852, 900028.946773712756112 ] } },
{ "type": "Feature", "properties": { "category": "arts_venue" }, "geometry": { "type": "Point", "coordinates": [ 221858.920863595179981, 902532.692807373590767 ] } },
{ "type": "Feature", "properties": { "category": "arts_venue" }, "geometry": { "type": "Point", "coordinates": [ 235638.673204923019512, 900033.728498220909387 ] } },
{ "type": "Feature", "properties": { "category": "arts_venue" }, "geometry": { "type": "Point", "coordinates": [ 235848.770714054262498, 899227.260903492569923 ] } },
{ "type": "Feature", "properties": { "category": "arts_venue" }, "geometry": { "type": "Point", "coordinates": [ 232714.839751099410933, 900108.593752750079148 ] } },
{ "type": "Feature", "properties": { "category": "arts_venue" }, "geometry": { "type": "Point", "coordinates": [ 235161.466613273369148, 898762.038973895134404 ] } },
{ "type": "Feature", "properties": { "category": "arts_venue" }, "geometry": { "type": "Point", "coordinates": [ 231038.825886070640991, 905195.148790864273906 ] } },
{ "type": "Feature", "properties": { "category": "arts_venue" }, "geometry": { "type": "Point", "coordinates": [ 235042.254769216291606, 896705.06766052020248 ] } },
{ "type": "Feature", "properties": { "category": "arts_venue" }, "geometry": { "type": "Point", "coordinates": [ 228826.957019548717653, 897908.458323075785302 ] } },
{ "type": "Feature", "properties": { "category": "arts_venue" }, "geometry": { "type": "Point", "coordinates": [ 235996.660399334999966, 902705.541606235434301 ] } },
{ "type": "Feature", "properties": { "category": "arts_venue" }, "geometry": { "type": "Point", "coordinates": [ 235715.896168615552597, 900289.155589719186537 ] } },
{ "type": "Feature", "properties": { "category": "arts_venue" }, "geometry": { "type": "Point", "coordinates": [ 234991.888509423559299, 898708.653012169292197 ] } },
{ "type": "Feature", "properties": { "category": "arts_venue" }, "geometry": { "type": "Point", "coordinates": [ 231279.372137615660904, 900466.614930467912927 ] } },
{ "type": "Feature", "properties": { "category": "arts_venue" }, "geometry": { "type": "Point", "coordinates": [ 235953.772221687424462, 899158.929017894552089 ] } },
{ "type": "Feature", "properties": { "category": "arts_venue" }, "geometry": { "type": "Point", "coordinates": [ 231325.097807728336193, 898691.799665468279272 ] } },
{ "type": "Feature", "properties": { "category": "arts_venue" }, "geometry": { "type": "Point", "coordinates": [ 235297.491818089853041, 897094.003973911167122 ] } },
{ "type": "Feature", "properties": { "category": "arts_venue" }, "geometry": { "type": "Point", "coordinates": [ 229873.767812847101595, 904704.237971836235374 ] } },
{ "type": "Feature", "properties": { "category": "arts_venue" }, "geometry": { "type": "Point", "coordinates": [ 235294.344662286224775, 898705.722108196699992 ] } },
{ "type": "Feature", "properties": { "category": "arts_venue" }, "geometry": { "type": "Point", "coordinates": [ 221952.655260412837379, 902082.898709544213489 ] } },
{ "type": "Feature", "properties": { "category": "arts_venue" }, "geometry": { "type": "Point", "coordinates": [ 233364.045931068307254, 896159.29113774059806 ] } },
{ "type": "Feature", "properties": { "category": "arts_venue" }, "geometry": { "type": "Point", "coordinates": [ 221194.932725566672161, 893614.31555478903465 ] } },
{ "type": "Feature", "properties": { "category": "arts_venue" }, "geometry": { "type": "Point", "coordinates": [ 234025.633409314934397, 893173.387921555433422 ] } },
{ "type": "Feature", "properties": { "category": "arts_venue" }, "geometry": { "type": "Point", "coordinates": [ 232481.531917521671858, 903523.60777829575818 ] } },
{ "type": "Feature", "properties": { "category": "arts_venue" }, "geometry": { "type": "Point", "coordinates": [ 236505.395122621383052, 900996.781503047794104 ] } },
{ "type": "Feature", "properties": { "category": "arts_venue" }, "geometry": { "type": "Point", "coordinates": [ 231670.773374774958938, 895606.073695684899576 ] } },
{ "type": "Feature", "properties": { "category": "arts_venue" }, "geometry": { "type": "Point", "coordinates": [ 233526.051383918209467, 901046.24891418335028 ] } },
{ "type": "Feature", "properties": { "category": "arts_venue" }, "geometry": { "type": "Point", "coordinates": [ 242271.747783777915174, 907924.700741147040389 ] } },
{ "type": "Feature", "properties": { "category": "arts_venue" }, "geometry": { "type": "Point", "coordinates": [ 231320.45749866598635, 902634.595572334132157 ] } },
{ "type": "Feature", "properties": { "category": "arts_venue" }, "geometry": { "type": "Point", "coordinates": [ 234094.982675313309301, 899890.665833295206539 ] } },
{ "type": "Feature", "properties": { "category": "arts_venue" }, "geometry": { "type": "Point", "coordinates": [ 232773.629179422190646, 895838.834617337211967 ] } },
{ "type": "Feature", "properties": { "category": "arts_venue" }, "geometry": { "type": "Point", "coordinates": [ 234371.033654348546406, 897930.268883454846218 ] } },
{ "type": "Feature", "properties": { "category": "arts_venue" }, "geometry": { "type": "Point", "coordinates": [ 224664.163038023660192, 901208.272366301505826 ] } },
{ "type": "Feature", "properties": { "category": "arts_venue" }, "geometry": { "type": "Point", "coordinates": [ 236122.648730063257972, 902886.802130716270767 ] } },
{ "type": "Feature", "properties": { "category": "arts_venue" }, "geometry": { "type": "Point", "coordinates": [ 233200.855745434295386, 896727.232896139263175 ] } },
{ "type": "Feature", "properties": { "category": "arts_venue" }, "geometry": { "type": "Point", "coordinates": [ 234984.671965189481853, 901862.564591686823405 ] } },
{ "type": "Feature", "properties": { "category": "arts_venue" }, "geometry": { "type": "Point", "coordinates": [ 222345.329923074285034, 899924.904780371580273 ] } },
{ "type": "Feature", "properties": { "category": "arts_venue" }, "geometry": { "type": "Point", "coordinates": [ 224192.786079821526073, 896924.615934935049154 ] } },
{ "type": "Feature", "properties": { "category": "arts_venue" }, "geometry": { "type": "Point", "coordinates": [ 237770.82830258901231, 912633.625522897113115 ] } },
{ "type": "Feature", "properties": { "category": "arts_venue" }, "geometry": { "type": "Point", "coordinates": [ 235848.770714054262498, 899227.260903492569923 ] } },
{ "type": "Feature", "properties": { "category": "arts_venue" }, "geometry": { "type": "Point", "coordinates": [ 231790.944056364824064, 903137.338856562273577 ] } },
{ "type": "Feature", "properties": { "category": "arts_venue" }, "geometry": { "type": "Point", "coordinates": [ 233872.288677418022417, 899339.421015802072361 ] } },
{ "type": "Feature", "properties": { "category": "arts_venue" }, "geometry": { "type": "Point", "coordinates": [ 230128.159481663256884, 903080.24737353657838 ] } },
{ "type": "Feature", "properties": { "category": "arts_venue" }, "geometry": { "type": "Point", "coordinates": [ 230230.683189437782858, 903924.772134112892672 ] } },
{ "type": "Feature", "properties": { "category": "arts_venue" }, "geometry": { "type": "Point", "coordinates": [ 231396.876862001605332, 892080.504824492731132 ] } },
{ "type": "Feature", "properties": { "category": "arts_venue" }, "geometry": { "type": "Point", "coordinates": [ 228836.838243121484993, 894694.495662346016616 ] } },
{ "type": "Feature", "properties": { "category": "arts_venue" }, "geometry": { "type": "Point", "coordinates": [ 229813.060961772484006, 906532.559283272363245 ] } },
{ "type": "Feature", "properties": { "category": "arts_venue" }, "geometry": { "type": "Point", "coordinates": [ 236270.7722319153836, 901044.218759360839613 ] } },
{ "type": "Feature", "properties": { "category": "arts_venue" }, "geometry": { "type": "Point", "coordinates": [ 231294.476490545814158, 902587.382627358427271 ] } },
{ "type": "Feature", "properties": { "category": "arts_venue" }, "geometry": { "type": "Point", "coordinates": [ 233872.288677418022417, 899339.421015802072361 ] } },
{ "type": "Feature", "properties": { "category": "arts_venue" }, "geometry": { "type": "Point", "coordinates": [ 235271.099307701893849, 891358.204495207755826 ] } },
{ "type": "Feature", "properties": { "category": "arts_venue" }, "geometry": { "type": "Point", "coordinates": [ 234367.747997166181449, 900000.961784808081575 ] } },
{ "type": "Feature", "properties": { "category": "arts_venue" }, "geometry": { "type": "Point", "coordinates": [ 231923.483752321044449, 895148.469714484643191 ] } },
{ "type": "Feature", "properties": { "category": "arts_venue" }, "geometry": { "type": "Point", "coordinates": [ 232130.846269876230508, 902143.512968650087714 ] } },
{ "type": "Feature", "properties": { "category": "arts_venue" }, "geometry": { "type": "Point", "coordinates": [ 235479.463078877335647, 912192.668123774346896 ] } },
{ "type": "Feature", "properties": { "category": "arts_venue" }, "geometry": { "type": "Point", "coordinates": [ 224733.499417406652356, 900279.575973366387188 ] } },
{ "type": "Feature", "properties": { "category": "arts_venue" }, "geometry": { "type": "Point", "coordinates": [ 234286.860470469575375, 895923.804075208492577 ] } },
{ "type": "Feature", "properties": { "category": "arts_venue" }, "geometry": { "type": "Point", "coordinates": [ 231411.59123451274354, 899179.260040946770459 ] } },
{ "type": "Feature", "properties": { "category": "arts_venue" }, "geometry": { "type": "Point", "coordinates": [ 231904.373728521517478, 900084.318235996877775 ] } },
{ "type": "Feature", "properties": { "category": "arts_venue" }, "geometry": { "type": "Point", "coordinates": [ 236631.856629768008133, 900853.704410614445806 ] } },
{ "type": "Feature", "properties": { "category": "arts_venue" }, "geometry": { "type": "Point", "coordinates": [ 234009.856012623582501, 898990.746189577970654 ] } },
{ "type": "Feature", "properties": { "category": "arts_venue" }, "geometry": { "type": "Point", "coordinates": [ 234924.444573627813952, 901782.399658023146912 ] } },
{ "type": "Feature", "properties": { "category": "arts_venue" }, "geometry": { "type": "Point", "coordinates": [ 229982.257308264728636, 892520.748315522097982 ] } },
{ "type": "Feature", "properties": { "category": "arts_venue" }, "geometry": { "type": "Point", "coordinates": [ 235803.006864080089144, 900284.489269317593426 ] } },
{ "type": "Feature", "properties": { "category": "arts_venue" }, "geometry": { "type": "Point", "coordinates": [ 244846.129794395412318, 914699.20368246815633 ] } },
{ "type": "Feature", "properties": { "category": "arts_venue" }, "geometry": { "type": "Point", "coordinates": [ 233073.450006917177234, 899662.740158055443317 ] } },
{ "type": "Feature", "properties": { "category": "arts_venue" }, "geometry": { "type": "Point", "coordinates": [ 224645.573872041422874, 902444.723167031886987 ] } },
{ "type": "Feature", "properties": { "category": "arts_venue" }, "geometry": { "type": "Point", "coordinates": [ 234769.001486501889303, 899718.798372902325355 ] } },
{ "type": "Feature", "properties": { "category": "arts_venue" }, "geometry": { "type": "Point", "coordinates": [ 225202.397839631070383, 899102.49099004175514 ] } },
{ "type": "Feature", "properties": { "category": "arts_venue" }, "geometry": { "type": "Point", "coordinates": [ 226996.466737594339065, 888666.004100422607735 ] } },
{ "type": "Feature", "properties": { "category": "arts_venue" }, "geometry": { "type": "Point", "coordinates": [ 235825.317277396272402, 901419.044091869029216 ] } },
{ "type": "Feature", "properties": { "category": "arts_venue" }, "geometry": { "type": "Point", "coordinates": [ 231572.411542887828546, 900213.224204320693389 ] } },
{ "type": "Feature", "properties": { "category": "arts_venue" }, "geometry": { "type": "Point", "coordinates": [ 233982.562421217677183, 892357.879747118335217 ] } },
{ "type": "Feature", "properties": { "category": "arts_venue" }, "geometry": { "type": "Point", "coordinates": [ 228263.692600568989292, 888389.291921142954379 ] } },
{ "type": "Feature", "properties": { "category": "arts_venue" }, "geometry": { "type": "Point", "coordinates": [ 235187.736480417341227, 900246.947379538905807 ] } },
{ "type": "Feature", "properties": { "category": "arts_venue" }, "geometry": { "type": "Point", "coordinates": [ 236851.453443483827868, 901992.072859789943323 ] } },
{ "type": "Feature", "properties": { "category": "arts_venue" }, "geometry": { "type": "Point", "coordinates": [ 225842.090953764534788, 899328.078821990871802 ] } },
{ "type": "Feature", "properties": { "category": "arts_venue" }, "geometry": { "type": "Point", "coordinates": [ 230318.656445219006855, 905177.562401269096881 ] } },
{ "type": "Feature", "properties": { "category": "arts_venue" }, "geometry": { "type": "Point", "coordinates": [ 234553.63747227343265, 902377.945461935712956 ] } },
{ "type": "Feature", "properties": { "category": "arts_venue" }, "geometry": { "type": "Point", "coordinates": [ 234980.259276344469981, 894916.419383581029251 ] } },
{ "type": "Feature", "properties": { "category": "arts_venue" }, "geometry": { "type": "Point", "coordinates": [ 236750.845269854238722, 900659.71671334002167 ] } },
{ "type": "Feature", "properties": { "category": "arts_venue" }, "geometry": { "type": "Point", "coordinates": [ 235392.00105654305662, 901372.194628675933927 ] } },
{ "type": "Feature", "properties": { "category": "arts_venue" }, "geometry": { "type": "Point", "coordinates": [ 234868.36466767109232, 900185.373401733231731 ] } },
{ "type": "Feature", "properties": { "category": "arts_venue" }, "geometry": { "type": "Point", "coordinates": [ 234019.109391609439626, 897759.719440247979946 ] } },
{ "type": "Feature", "properties": { "category": "arts_venue" }, "geometry": { "type": "Point", "coordinates": [ 234259.483693149872124, 902872.803247554344125 ] } },
{ "type": "Feature", "properties": { "category": "arts_venue" }, "geometry": { "type": "Point", "coordinates": [ 226873.774601413286291, 901174.721801835112274 ] } },
{ "type": "Feature", "properties": { "category": "arts_venue" }, "geometry": { "type": "Point", "coordinates": [ 225574.541668119345559, 898443.038210529368371 ] } },
{ "type": "Feature", "properties": { "category": "arts_venue" }, "geometry": { "type": "Point", "coordinates": [ 230376.842873530054931, 901412.148332595359534 ] } },
{ "type": "Feature", "properties": { "category": "arts_venue" }, "geometry": { "type": "Point", "coordinates": [ 237619.317538570903707, 890049.116190173546784 ] } },
{ "type": "Feature", "properties": { "category": "arts_venue" }, "geometry": { "type": "Point", "coordinates": [ 230283.064198652195046, 903980.203767489874735 ] } },
{ "type": "Feature", "properties": { "category": "arts_venue" }, "geometry": { "type": "Point", "coordinates": [ 236302.802428370167036, 901047.383280621492304 ] } },
{ "type": "Feature", "properties": { "category": "arts_venue" }, "geometry": { "type": "Point", "coordinates": [ 229896.383117108955048, 900878.91363498638384 ] } },
{ "type": "Feature", "properties": { "category": "arts_venue" }, "geometry": { "type": "Point", "coordinates": [ 235816.733068462810479, 901147.636180066037923 ] } },
{ "type": "Feature", "properties": { "category": "arts_venue" }, "geometry": { "type": "Point", "coordinates": [ 235427.407163047493668, 900917.952219669241458 ] } },
{ "type": "Feature", "properties": { "category": "arts_venue" }, "geometry": { "type": "Point", "coordinates": [ 227159.408563857083209, 893252.381797799607739 ] } },
{ "type": "Feature", "properties": { "category": "arts_venue" }, "geometry": { "type": "Point", "coordinates": [ 236276.905644477228634, 900893.406213304493576 ] } },
{ "type": "Feature", "properties": { "category": "arts_venue" }, "geometry": { "type": "Point", "coordinates": [ 222056.065701280196663, 892586.292351088020951 ] } },
{ "type": "Feature", "properties": { "category": "arts_venue" }, "geometry": { "type": "Point", "coordinates": [ 229903.275793458393309, 898406.581108601763844 ] } },
{ "type": "Feature", "properties": { "category": "arts_venue" }, "geometry": { "type": "Point", "coordinates": [ 238387.07290495390771, 902493.484665463096462 ] } },
{ "type": "Feature", "properties": { "category": "arts_venue" }, "geometry": { "type": "Point", "coordinates": [ 231374.563574750936823, 895658.062691238126718 ] } },
{ "type": "Feature", "properties": { "category": "arts_venue" }, "geometry": { "type": "Point", "coordinates": [ 239990.620661628927337, 890859.16399809718132 ] } },
{ "type": "Feature", "properties": { "category": "arts_venue" }, "geometry": { "type": "Point", "coordinates": [ 236865.864140558522195, 896525.783692185766995 ] } },
{ "type": "Feature", "properties": { "category": "arts_venue" }, "geometry": { "type": "Point", "coordinates": [ 233206.267947925894987, 892209.77389352931641 ] } },
{ "type": "Feature", "properties": { "category": "arts_venue" }, "geometry": { "type": "Point", "coordinates": [ 244400.482779768790351, 915101.596347543760203 ] } },
{ "type": "Feature", "properties": { "category": "arts_venue" }, "geometry": { "type": "Point", "coordinates": [ 245779.087956468370976, 912687.313552535604686 ] } },
{ "type": "Feature", "properties": { "category": "arts_venue" }, "geometry": { "type": "Point", "coordinates": [ 221952.655260412837379, 902082.898709544213489 ] } },
{ "type": "Feature", "properties": { "category": "arts_venue" }, "geometry": { "type": "Point", "coordinates": [ 233745.059068690257845, 899734.467753591830842 ] } },
{ "type": "Feature", "properties": { "category": "arts_venue" }, "geometry": { "type": "Point", "coordinates": [ 233027.021807279728819, 897303.015402803546749 ] } },
{ "type": "Feature", "properties": { "category": "arts_venue" }, "geometry": { "type": "Point", "coordinates": [ 219497.205702288105385, 892621.277213921886869 ] } },
{ "type": "Feature", "properties": { "category": "arts_venue" }, "geometry": { "type": "Point", "coordinates": [ 234665.761499435000587, 902222.877017709310167 ] } },
{ "type": "Feature", "properties": { "category": "arts_venue" }, "geometry": { "type": "Point", "coordinates": [ 225756.275610900222091, 901900.316577990655787 ] } },
{ "type": "Feature", "properties": { "category": "arts_venue" }, "geometry": { "type": "Point", "coordinates": [ 236837.913547324656975, 893032.045715093496256 ] } },
{ "type": "Feature", "properties": { "category": "arts_venue" }, "geometry": { "type": "Point", "coordinates": [ 226174.487171334127197, 893750.266900463029742 ] } },
{ "type": "Feature", "properties": { "category": "arts_venue" }, "geometry": { "type": "Point", "coordinates": [ 236491.229028511763318, 900075.870218048570678 ] } },
{ "type": "Feature", "properties": { "category": "arts_venue" }, "geometry": { "type": "Point", "coordinates": [ 226972.669669032213278, 896482.871307933935896 ] } },
{ "type": "Feature", "properties": { "category": "arts_venue" }, "geometry": { "type": "Point", "coordinates": [ 236337.888182413065806, 893074.986420237459242 ] } },
{ "type": "Feature", "properties": { "category": "arts_venue" }, "geometry": { "type": "Point", "coordinates": [ 232737.679431703669252, 895237.741851924452931 ] } },
{ "type": "Feature", "properties": { "category": "arts_venue" }, "geometry": { "type": "Point", "coordinates": [ 230097.618928766576573, 904864.147251627407968 ] } },
{ "type": "Feature", "properties": { "category": "arts_venue" }, "geometry": { "type": "Point", "coordinates": [ 233547.458419980597682, 902618.662900622934103 ] } },
{ "type": "Feature", "properties": { "category": "arts_venue" }, "geometry": { "type": "Point", "coordinates": [ 230491.875733600347303, 905084.784090251894668 ] } },
{ "type": "Feature", "properties": { "category": "arts_venue" }, "geometry": { "type": "Point", "coordinates": [ 235741.383970880822744, 899278.920557388686575 ] } },
{ "type": "Feature", "properties": { "category": "arts_venue" }, "geometry": { "type": "Point", "coordinates": [ 234446.57909073238261, 890309.228337856708094 ] } },
{ "type": "Feature", "properties": { "category": "arts_venue" }, "geometry": { "type": "Point", "coordinates": [ 225630.984329911967507, 894895.347856348962523 ] } },
{ "type": "Feature", "properties": { "category": "arts_venue" }, "geometry": { "type": "Point", "coordinates": [ 236847.155664125515614, 901335.132590877008624 ] } },
{ "type": "Feature", "properties": { "category": "arts_venue" }, "geometry": { "type": "Point", "coordinates": [ 231331.201550211437279, 902478.5786149634514 ] } },
{ "type": "Feature", "properties": { "category": "arts_venue" }, "geometry": { "type": "Point", "coordinates": [ 241238.96704323173617, 889054.825049687526189 ] } },
{ "type": "Feature", "properties": { "category": "arts_venue" }, "geometry": { "type": "Point", "coordinates": [ 230314.044573799095815, 907923.305766090750694 ] } },
{ "type": "Feature", "properties": { "category": "arts_venue" }, "geometry": { "type": "Point", "coordinates": [ 232146.901605735125486, 907756.843046584166586 ] } },
{ "type": "Feature", "properties": { "category": "arts_venue" }, "geometry": { "type": "Point", "coordinates": [ 230971.973880099947564, 905866.658584286342375 ] } },
{ "type": "Feature", "properties": { "category": "arts_venue" }, "geometry": { "type": "Point", "coordinates": [ 232400.451196430221898, 904104.84065488295164 ] } },
{ "type": "Feature", "properties": { "category": "arts_venue" }, "geometry": { "type": "Point", "coordinates": [ 232516.129808365425561, 896416.12755308044143 ] } },
{ "type": "Feature", "properties": { "category": "arts_venue" }, "geometry": { "type": "Point", "coordinates": [ 233742.876347957615508, 896858.551619803416543 ] } },
{ "type": "Feature", "properties": { "category": "arts_venue" }, "geometry": { "type": "Point", "coordinates": [ 233526.051383918209467, 901046.24891418335028 ] } },
{ "type": "Feature", "properties": { "category": "arts_venue" }, "geometry": { "type": "Point", "coordinates": [ 233613.853028697456466, 891496.379466169979423 ] } },
{ "type": "Feature", "properties": { "category": "arts_venue" }, "geometry": { "type": "Point", "coordinates": [ 228716.627749687148025, 907230.564138129702769 ] } },
{ "type": "Feature", "properties": { "category": "arts_venue" }, "geometry": { "type": "Point", "coordinates": [ 235698.986273163056467, 896268.505787446745671 ] } },
{ "type": "Feature", "properties": { "category": "arts_venue" }, "geometry": { "type": "Point", "coordinates": [ 236290.065930546901654, 901535.506543248775415 ] } },
{ "type": "Feature", "properties": { "category": "arts_venue" }, "geometry": { "type": "Point", "coordinates": [ 234036.647444721369538, 899073.850849280250259 ] } },
{ "type": "Feature", "properties": { "category": "arts_venue" }, "geometry": { "type": "Point", "coordinates": [ 234443.944188017776469, 897667.150221587042324 ] } },
{ "type": "Feature", "properties": { "category": "arts_venue" }, "geometry": { "type": "Point", "coordinates": [ 230848.95676877713413, 901859.738969185622409 ] } },
{ "type": "Feature", "properties": { "category": "arts_venue" }, "geometry": { "type": "Point", "coordinates": [ 239990.620661628927337, 890859.16399809718132 ] } },
{ "type": "Feature", "properties": { "category": "arts_venue" }, "geometry": { "type": "Point", "coordinates": [ 235298.384078474366106, 895931.030548163689673 ] } },
{ "type": "Feature", "properties": { "category": "arts_venue" }, "geometry": { "type": "Point", "coordinates": [ 220159.815577920293435, 906419.11821385694202 ] } },
{ "type": "Feature", "properties": { "category": "arts_venue" }, "geometry": { "type": "Point", "coordinates": [ 230973.58967363127158, 899391.473497576429509 ] } },
{ "type": "Feature", "properties": { "category": "arts_venue" }, "geometry": { "type": "Point", "coordinates": [ 230848.95676877713413, 901859.738969185622409 ] } },
{ "type": "Feature", "properties": { "category": "arts_venue" }, "geometry": { "type": "Point", "coordinates": [ 230258.067302505834959, 900605.87765620124992 ] } },
{ "type": "Feature", "properties": { "category": "arts_venue" }, "geometry": { "type": "Point", "coordinates": [ 233328.979940518736839, 899729.149919110466726 ] } },
{ "type": "Feature", "properties": { "category": "arts_venue" }, "geometry": { "type": "Point", "coordinates": [ 230427.96599326809519, 903739.678731447085738 ] } },
{ "type": "Feature", "properties": { "category": "arts_venue" }, "geometry": { "type": "Point", "coordinates": [ 236334.188540234550601, 900649.330203467281535 ] } },
{ "type": "Feature", "properties": { "category": "arts_venue" }, "geometry": { "type": "Point", "coordinates": [ 229953.430068650486646, 902628.300612074555829 ] } },
{ "type": "Feature", "properties": { "category": "arts_venue" }, "geometry": { "type": "Point", "coordinates": [ 237814.85355183048523, 899820.057035996578634 ] } },
{ "type": "Feature", "properties": { "category": "arts_venue" }, "geometry": { "type": "Point", "coordinates": [ 235048.740974975778954, 903665.243949314113706 ] } },
{ "type": "Feature", "properties": { "category": "arts_venue" }, "geometry": { "type": "Point", "coordinates": [ 228836.838243121484993, 894694.495662346016616 ] } },
{ "type": "Feature", "properties": { "category": "arts_venue" }, "geometry": { "type": "Point", "coordinates": [ 233226.908965957030887, 907993.806046943878755 ] } },
{ "type": "Feature", "properties": { "category": "arts_venue" }, "geometry": { "type": "Point", "coordinates": [ 231764.175418224360328, 902700.791081341565587 ] } },
{ "type": "Feature", "properties": { "category": "arts_venue" }, "geometry": { "type": "Point", "coordinates": [ 240361.581072271481389, 889630.667422224301845 ] } },
{ "type": "Feature", "properties": { "category": "arts_venue" }, "geometry": { "type": "Point", "coordinates": [ 236107.674452706705779, 894381.17317683598958 ] } },
{ "type": "Feature", "properties": { "category": "arts_venue" }, "geometry": { "type": "Point", "coordinates": [ 235659.150345073459903, 911535.31458681402728 ] } },
{ "type": "Feature", "properties": { "category": "arts_venue" }, "geometry": { "type": "Point", "coordinates": [ 228754.887721616076306, 893138.760648570489138 ] } },
{ "type": "Feature", "properties": { "category": "arts_venue" }, "geometry": { "type": "Point", "coordinates": [ 221787.214487723365892, 903000.440334263024852 ] } },
{ "type": "Feature", "properties": { "category": "arts_venue" }, "geometry": { "type": "Point", "coordinates": [ 235082.818981633230578, 900270.193504687631503 ] } },
{ "type": "Feature", "properties": { "category": "arts_venue" }, "geometry": { "type": "Point", "coordinates": [ 230338.852910634130239, 900194.238993225153536 ] } },
{ "type": "Feature", "properties": { "category": "arts_venue" }, "geometry": { "type": "Point", "coordinates": [ 235890.733977387426421, 901497.910290299798362 ] } },
{ "type": "Feature", "properties": { "category": "arts_venue" }, "geometry": { "type": "Point", "coordinates": [ 234229.333073516463628, 899576.635571190272458 ] } },
{ "type": "Feature", "properties": { "category": "arts_venue" }, "geometry": { "type": "Point", "coordinates": [ 230414.715482045110548, 901493.065791783388704 ] } },
{ "type": "Feature", "properties": { "category": "arts_venue" }, "geometry": { "type": "Point", "coordinates": [ 235651.863429120538058, 901169.01335820928216 ] } },
{ "type": "Feature", "properties": { "category": "arts_venue" }, "geometry": { "type": "Point", "coordinates": [ 235783.968010606768075, 899169.170230659889057 ] } },
{ "type": "Feature", "properties": { "category": "arts_venue" }, "geometry": { "type": "Point", "coordinates": [ 233440.027381272404455, 898868.159390324028209 ] } },
{ "type": "Feature", "properties": { "category": "arts_venue" }, "geometry": { "type": "Point", "coordinates": [ 232003.239358404942323, 905147.825967325363308 ] } },
{ "type": "Feature", "properties": { "category": "arts_venue" }, "geometry": { "type": "Point", "coordinates": [ 242956.85308168764459, 903695.271017106599174 ] } },
{ "type": "Feature", "properties": { "category": "arts_venue" }, "geometry": { "type": "Point", "coordinates": [ 237708.586512643989408, 898463.891068965778686 ] } },
{ "type": "Feature", "properties": { "category": "arts_venue" }, "geometry": { "type": "Point", "coordinates": [ 233048.804109041404445, 897035.310797719750553 ] } },
{ "type": "Feature", "properties": { "category": "arts_venue" }, "geometry": { "type": "Point", "coordinates": [ 235290.071495586133096, 899409.044708595029078 ] } },
{ "type": "Feature", "properties": { "category": "arts_venue" }, "geometry": { "type": "Point", "coordinates": [ 234678.851492595946183, 893001.07710553961806 ] } },
{ "type": "Feature", "properties": { "category": "arts_venue" }, "geometry": { "type": "Point", "coordinates": [ 234084.949502654373646, 899020.212278543040156 ] } },
{ "type": "Feature", "properties": { "category": "arts_venue" }, "geometry": { "type": "Point", "coordinates": [ 236663.925591213366715, 900707.470597171224654 ] } },
{ "type": "Feature", "properties": { "category": "arts_venue" }, "geometry": { "type": "Point", "coordinates": [ 233872.288677418022417, 899339.421015802072361 ] } },
{ "type": "Feature", "properties": { "category": "arts_venue" }, "geometry": { "type": "Point", "coordinates": [ 232942.716936700802762, 899796.530145013472065 ] } },
{ "type": "Feature", "properties": { "category": "arts_venue" }, "geometry": { "type": "Point", "coordinates": [ 222892.708163956471253, 899559.334690135205165 ] } },
{ "type": "Feature", "properties": { "category": "arts_venue" }, "geometry": { "type": "Point", "coordinates": [ 235186.62338679691311, 900304.702350084087811 ] } },
{ "type": "Feature", "properties": { "category": "arts_venue" }, "geometry": { "type": "Point", "coordinates": [ 231563.240165642695501, 898127.148341125342995 ] } },
{ "type": "Feature", "properties": { "category": "arts_venue" }, "geometry": { "type": "Point", "coordinates": [ 233535.695729450788349, 898005.765628443681635 ] } },
{ "type": "Feature", "properties": { "category": "arts_venue" }, "geometry": { "type": "Point", "coordinates": [ 233823.581165526731638, 899649.315362489316612 ] } },
{ "type": "Feature", "properties": { "category": "arts_venue" }, "geometry": { "type": "Point", "coordinates": [ 227874.794874195416924, 897178.286687523010187 ] } },
{ "type": "Feature", "properties": { "category": "arts_venue" }, "geometry": { "type": "Point", "coordinates": [ 238168.259999517380493, 898832.262487754458562 ] } },
{ "type": "Feature", "properties": { "category": "arts_venue" }, "geometry": { "type": "Point", "coordinates": [ 234445.139321402122732, 897204.519148229621351 ] } },
{ "type": "Feature", "properties": { "category": "arts_venue" }, "geometry": { "type": "Point", "coordinates": [ 231907.217001443641493, 894499.486637385329232 ] } },
{ "type": "Feature", "properties": { "category": "arts_venue" }, "geometry": { "type": "Point", "coordinates": [ 230480.235542703652754, 892949.420177499298006 ] } },
{ "type": "Feature", "properties": { "category": "arts_venue" }, "geometry": { "type": "Point", "coordinates": [ 226972.844217809557449, 888671.245142616564408 ] } },
{ "type": "Feature", "properties": { "category": "arts_venue" }, "geometry": { "type": "Point", "coordinates": [ 228836.838243121484993, 894694.495662346016616 ] } },
{ "type": "Feature", "properties": { "category": "arts_venue" }, "geometry": { "type": "Point", "coordinates": [ 234836.977543899905868, 891714.484373653889634 ] } },
{ "type": "Feature", "properties": { "category": "arts_venue" }, "geometry": { "type": "Point", "coordinates": [ 231388.572470440733014, 902689.661150297150016 ] } },
{ "type": "Feature", "properties": { "category": "arts_venue" }, "geometry": { "type": "Point", "coordinates": [ 235661.628582102362998, 891521.677671842393465 ] } },
{ "type": "Feature", "properties": { "category": "arts_venue" }, "geometry": { "type": "Point", "coordinates": [ 237179.700462542648893, 900139.461027820711024 ] } },
{ "type": "Feature", "properties": { "category": "arts_venue" }, "geometry": { "type": "Point", "coordinates": [ 234690.726324564951938, 900118.958297474542633 ] } },
{ "type": "Feature", "properties": { "category": "arts_venue" }, "geometry": { "type": "Point", "coordinates": [ 235848.770714054262498, 899227.260903492569923 ] } },
{ "type": "Feature", "properties": { "category": "arts_venue" }, "geometry": { "type": "Point", "coordinates": [ 235290.071495586133096, 899409.044708595029078 ] } },
{ "type": "Feature", "properties": { "category": "arts_venue" }, "geometry": { "type": "Point", "coordinates": [ 235350.638251231779577, 899457.779003180796281 ] } },
{ "type": "Feature", "properties": { "category": "arts_venue" }, "geometry": { "type": "Point", "coordinates": [ 236332.948348832927877, 901860.965651686885394 ] } },
{ "type": "Feature", "properties": { "category": "arts_venue" }, "geometry": { "type": "Point", "coordinates": [ 236396.594608037121361, 900848.483083139639348 ] } },
{ "type": "Feature", "properties": { "category": "arts_venue" }, "geometry": { "type": "Point", "coordinates": [ 235666.376720381347695, 900289.681634208420292 ] } },
{ "type": "Feature", "properties": { "category": "arts_venue" }, "geometry": { "type": "Point", "coordinates": [ 236847.155664125515614, 901335.132590877008624 ] } },
{ "type": "Feature", "properties": { "category": "arts_venue" }, "geometry": { "type": "Point", "coordinates": [ 236102.295125283650123, 901879.104294944787398 ] } },
{ "type": "Feature", "properties": { "category": "arts_venue" }, "geometry": { "type": "Point", "coordinates": [ 228728.705687556008343, 898535.863668772741221 ] } },
{ "type": "Feature", "properties": { "category": "arts_venue" }, "geometry": { "type": "Point", "coordinates": [ 236056.82764057040913, 900482.061944469693117 ] } },
{ "type": "Feature", "properties": { "category": "arts_venue" }, "geometry": { "type": "Point", "coordinates": [ 235247.400649597839219, 900507.168893437949009 ] } },
{ "type": "Feature", "properties": { "category": "arts_venue" }, "geometry": { "type": "Point", "coordinates": [ 228757.740872628230136, 907220.513149270555004 ] } },
{ "type": "Feature", "properties": { "category": "arts_venue" }, "geometry": { "type": "Point", "coordinates": [ 231953.619526757363928, 895048.637620289344341 ] } },
{ "type": "Feature", "properties": { "category": "arts_venue" }, "geometry": { "type": "Point", "coordinates": [ 235419.417688419227488, 903809.284170194994658 ] } },
{ "type": "Feature", "properties": { "category": "arts_venue" }, "geometry": { "type": "Point", "coordinates": [ 242860.919818827969721, 903086.858840549946763 ] } },
{ "type": "Feature", "properties": { "category": "arts_venue" }, "geometry": { "type": "Point", "coordinates": [ 232632.449847533251159, 901757.828935501282103 ] } },
{ "type": "Feature", "properties": { "category": "arts_venue" }, "geometry": { "type": "Point", "coordinates": [ 232821.322285815171199, 901865.565869527403265 ] } },
{ "type": "Feature", "properties": { "category": "arts_venue" }, "geometry": { "type": "Point", "coordinates": [ 231320.142098927026382, 899507.974504300043918 ] } },
{ "type": "Feature", "properties": { "category": "arts_venue" }, "geometry": { "type": "Point", "coordinates": [ 229523.58424395439215, 906153.112236803979613 ] } },
{ "type": "Feature", "properties": { "category": "arts_venue" }, "geometry": { "type": "Point", "coordinates": [ 230862.05967153023812, 903451.991252968786284 ] } },
{ "type": "Feature", "properties": { "category": "arts_venue" }, "geometry": { "type": "Point", "coordinates": [ 233226.908965957030887, 907993.806046943878755 ] } },
{ "type": "Feature", "properties": { "category": "arts_venue" }, "geometry": { "type": "Point", "coordinates": [ 238149.478239765681792, 899529.28585811285302 ] } },
{ "type": "Feature", "properties": { "category": "arts_venue" }, "geometry": { "type": "Point", "coordinates": [ 231168.013756950618699, 902521.062131977058016 ] } },
{ "type": "Feature", "properties": { "category": "arts_venue" }, "geometry": { "type": "Point", "coordinates": [ 235375.061446172068827, 901169.835910966969095 ] } },
{ "type": "Feature", "properties": { "category": "arts_venue" }, "geometry": { "type": "Point", "coordinates": [ 227069.241032276826445, 888841.226771421497688 ] } },
{ "type": "Feature", "properties": { "category": "arts_venue" }, "geometry": { "type": "Point", "coordinates": [ 236597.202739071130054, 896495.277935700607486 ] } },
{ "type": "Feature", "properties": { "category": "arts_venue" }, "geometry": { "type": "Point", "coordinates": [ 233480.733970476489048, 902638.116532206535339 ] } },
{ "type": "Feature", "properties": { "category": "arts_venue" }, "geometry": { "type": "Point", "coordinates": [ 231213.806698005122598, 897902.545064798789099 ] } },
{ "type": "Feature", "properties": { "category": "arts_venue" }, "geometry": { "type": "Point", "coordinates": [ 227216.188638321647886, 898354.454026760067791 ] } },
{ "type": "Feature", "properties": { "category": "arts_venue" }, "geometry": { "type": "Point", "coordinates": [ 233602.486673485196661, 896291.497389873606153 ] } },
{ "type": "Feature", "properties": { "category": "arts_venue" }, "geometry": { "type": "Point", "coordinates": [ 233633.081569279631367, 901386.992497270577587 ] } },
{ "type": "Feature", "properties": { "category": "arts_venue" }, "geometry": { "type": "Point", "coordinates": [ 235083.000012809468899, 910928.576120135374367 ] } },
{ "type": "Feature", "properties": { "category": "arts_venue" }, "geometry": { "type": "Point", "coordinates": [ 233182.634134711581282, 901388.516341634443961 ] } },
{ "type": "Feature", "properties": { "category": "arts_venue" }, "geometry": { "type": "Point", "coordinates": [ 231364.432905343186576, 899129.175670334370807 ] } },
{ "type": "Feature", "properties": { "category": "arts_venue" }, "geometry": { "type": "Point", "coordinates": [ 236557.369252044678433, 901156.893324220902286 ] } },
{ "type": "Feature", "properties": { "category": "arts_venue" }, "geometry": { "type": "Point", "coordinates": [ 235848.770714054262498, 899227.260903492569923 ] } },
{ "type": "Feature", "properties": { "category": "arts_venue" }, "geometry": { "type": "Point", "coordinates": [ 232160.427932330785552, 899548.980340040987357 ] } },
{ "type": "Feature", "properties": { "category": "arts_venue" }, "geometry": { "type": "Point", "coordinates": [ 235350.638251231779577, 899457.779003180796281 ] } },
{ "type": "Feature", "properties": { "category": "arts_venue" }, "geometry": { "type": "Point", "coordinates": [ 231399.460532432276523, 898998.705015991465189 ] } },
{ "type": "Feature", "properties": { "category": "arts_venue" }, "geometry": { "type": "Point", "coordinates": [ 235779.926751943479758, 900286.593279936467297 ] } },
{ "type": "Feature", "properties": { "category": "arts_venue" }, "geometry": { "type": "Point", "coordinates": [ 223807.760489066509763, 895975.153480627108365 ] } },
{ "type": "Feature", "properties": { "category": "arts_venue" }, "geometry": { "type": "Point", "coordinates": [ 231233.002020588464802, 899888.693792720558122 ] } },
{ "type": "Feature", "properties": { "category": "arts_venue" }, "geometry": { "type": "Point", "coordinates": [ 228416.727421352523379, 898039.747227041865699 ] } },
{ "type": "Feature", "properties": { "category": "arts_venue" }, "geometry": { "type": "Point", "coordinates": [ 237669.059042804845376, 900011.105934518855065 ] } },
{ "type": "Feature", "properties": { "category": "arts_venue" }, "geometry": { "type": "Point", "coordinates": [ 225261.030177127715433, 893813.017264937981963 ] } },
{ "type": "Feature", "properties": { "category": "arts_venue" }, "geometry": { "type": "Point", "coordinates": [ 232738.142057410092093, 899015.031949160154909 ] } },
{ "type": "Feature", "properties": { "category": "arts_venue" }, "geometry": { "type": "Point", "coordinates": [ 235006.326715638802852, 899946.130998341483064 ] } },
{ "type": "Feature", "properties": { "category": "arts_venue" }, "geometry": { "type": "Point", "coordinates": [ 231143.241014013154199, 905543.954300143290311 ] } },
{ "type": "Feature", "properties": { "category": "arts_venue" }, "geometry": { "type": "Point", "coordinates": [ 240515.484024327161023, 889958.560165656730533 ] } },
{ "type": "Feature", "properties": { "category": "arts_venue" }, "geometry": { "type": "Point", "coordinates": [ 231150.902937393111642, 893291.140303241787478 ] } },
{ "type": "Feature", "properties": { "category": "arts_venue" }, "geometry": { "type": "Point", "coordinates": [ 239759.43733819204499, 904051.22538790514227 ] } },
{ "type": "Feature", "properties": { "category": "arts_venue" }, "geometry": { "type": "Point", "coordinates": [ 242277.65173862647498, 912380.413464130018838 ] } },
{ "type": "Feature", "properties": { "category": "arts_venue" }, "geometry": { "type": "Point", "coordinates": [ 223896.160267038969323, 897762.785160019644536 ] } },
{ "type": "Feature", "properties": { "category": "arts_venue" }, "geometry": { "type": "Point", "coordinates": [ 231885.341538712265901, 903841.226524452446029 ] } },
{ "type": "Feature", "properties": { "category": "arts_venue" }, "geometry": { "type": "Point", "coordinates": [ 234026.925199807563331, 899703.281014375039376 ] } },
{ "type": "Feature", "properties": { "category": "arts_venue" }, "geometry": { "type": "Point", "coordinates": [ 235842.985652692324948, 899230.56373285013251 ] } },
{ "type": "Feature", "properties": { "category": "arts_venue" }, "geometry": { "type": "Point", "coordinates": [ 234334.638671923632501, 899947.704741453519091 ] } },
{ "type": "Feature", "properties": { "category": "arts_venue" }, "geometry": { "type": "Point", "coordinates": [ 235087.305654870637227, 900559.68515242729336 ] } },
{ "type": "Feature", "properties": { "category": "arts_venue" }, "geometry": { "type": "Point", "coordinates": [ 231465.038746528356569, 902516.499051909311675 ] } },
{ "type": "Feature", "properties": { "category": "arts_venue" }, "geometry": { "type": "Point", "coordinates": [ 228168.325263507955242, 902006.988371595507488 ] } },
{ "type": "Feature", "properties": { "category": "arts_venue" }, "geometry": { "type": "Point", "coordinates": [ 231684.025431712158024, 893762.263254809309728 ] } },
{ "type": "Feature", "properties": { "category": "arts_venue" }, "geometry": { "type": "Point", "coordinates": [ 234994.061486471415265, 900225.097629028139636 ] } },
{ "type": "Feature", "properties": { "category": "arts_venue" }, "geometry": { "type": "Point", "coordinates": [ 221294.572151426255004, 902885.075029942439869 ] } },
{ "type": "Feature", "properties": { "category": "arts_venue" }, "geometry": { "type": "Point", "coordinates": [ 236609.954462473717285, 901483.848434094106779 ] } },
{ "type": "Feature", "properties": { "category": "arts_venue" }, "geometry": { "type": "Point", "coordinates": [ 233872.288677418022417, 899339.421015802072361 ] } },
{ "type": "Feature", "properties": { "category": "arts_venue" }, "geometry": { "type": "Point", "coordinates": [ 231108.478649678174406, 904303.050819508265704 ] } },
{ "type": "Feature", "properties": { "category": "arts_venue" }, "geometry": { "type": "Point", "coordinates": [ 234508.029118863341864, 905960.012625300325453 ] } },
{ "type": "Feature", "properties": { "category": "arts_venue" }, "geometry": { "type": "Point", "coordinates": [ 235644.656910462974338, 899016.285834214068018 ] } },
{ "type": "Feature", "properties": { "category": "arts_venue" }, "geometry": { "type": "Point", "coordinates": [ 222176.946617920330027, 903438.751069603138603 ] } },
{ "type": "Feature", "properties": { "category": "arts_venue" }, "geometry": { "type": "Point", "coordinates": [ 237619.317538570903707, 890049.116190173546784 ] } },
{ "type": "Feature", "properties": { "category": "arts_venue" }, "geometry": { "type": "Point", "coordinates": [ 234059.581227799819317, 899459.73466005991213 ] } },
{ "type": "Feature", "properties": { "category": "arts_venue" }, "geometry": { "type": "Point", "coordinates": [ 230770.809975009848131, 903020.162756573408842 ] } },
{ "type": "Feature", "properties": { "category": "arts_venue" }, "geometry": { "type": "Point", "coordinates": [ 235306.615306705760304, 898034.653106865356676 ] } },
{ "type": "Feature", "properties": { "category": "arts_venue" }, "geometry": { "type": "Point", "coordinates": [ 232137.897427199524827, 897123.281890804180875 ] } },
{ "type": "Feature", "properties": { "category": "arts_venue" }, "geometry": { "type": "Point", "coordinates": [ 236595.941178328648675, 901137.655412070336752 ] } },
{ "type": "Feature", "properties": { "category": "arts_venue" }, "geometry": { "type": "Point", "coordinates": [ 240757.547665614751168, 889379.140188036835752 ] } },
{ "type": "Feature", "properties": { "category": "arts_venue" }, "geometry": { "type": "Point", "coordinates": [ 222176.946617920330027, 903438.751069603138603 ] } },
{ "type": "Feature", "properties": { "category": "arts_venue" }, "geometry": { "type": "Point", "coordinates": [ 232546.343780129565857, 904127.730913392966613 ] } },
{ "type": "Feature", "properties": { "category": "arts_venue" }, "geometry": { "type": "Point", "coordinates": [ 239652.642942403617781, 901466.815390035044402 ] } },
{ "type": "Feature", "properties": { "category": "arts_venue" }, "geometry": { "type": "Point", "coordinates": [ 241523.091316563542932, 911102.027179913246073 ] } },
{ "type": "Feature", "properties": { "category": "arts_venue" }, "geometry": { "type": "Point", "coordinates": [ 231329.306478451035218, 903014.300515657640062 ] } },
{ "type": "Feature", "properties": { "category": "arts_venue" }, "geometry": { "type": "Point", "coordinates": [ 236671.310217952268431, 901186.811722412821837 ] } },
{ "type": "Feature", "properties": { "category": "arts_venue" }, "geometry": { "type": "Point", "coordinates": [ 232956.064632666268153, 898126.986638121074066 ] } },
{ "type": "Feature", "properties": { "category": "arts_venue" }, "geometry": { "type": "Point", "coordinates": [ 245943.345538694993593, 912622.84908422967419 ] } },
{ "type": "Feature", "properties": { "category": "arts_venue" }, "geometry": { "type": "Point", "coordinates": [ 226749.82923194108298, 897982.999829718377441 ] } },
{ "type": "Feature", "properties": { "category": "arts_venue" }, "geometry": { "type": "Point", "coordinates": [ 230857.331206900766119, 904715.599670643452555 ] } },
{ "type": "Feature", "properties": { "category": "arts_venue" }, "geometry": { "type": "Point", "coordinates": [ 235356.243286041310057, 898523.643740063766018 ] } },
{ "type": "Feature", "properties": { "category": "arts_venue" }, "geometry": { "type": "Point", "coordinates": [ 228639.788348331319867, 907261.90780177724082 ] } },
{ "type": "Feature", "properties": { "category": "arts_venue" }, "geometry": { "type": "Point", "coordinates": [ 231592.502072233415674, 904227.456339250784367 ] } },
{ "type": "Feature", "properties": { "category": "arts_venue" }, "geometry": { "type": "Point", "coordinates": [ 235475.847469513624674, 899155.389715901343152 ] } },
{ "type": "Feature", "properties": { "category": "arts_venue" }, "geometry": { "type": "Point", "coordinates": [ 232615.101649069576524, 898430.970163143007085 ] } },
{ "type": "Feature", "properties": { "category": "arts_venue" }, "geometry": { "type": "Point", "coordinates": [ 235744.226336624706164, 900032.376246107160114 ] } },
{ "type": "Feature", "properties": { "category": "arts_venue" }, "geometry": { "type": "Point", "coordinates": [ 222985.809265687305015, 892752.994064952479675 ] } },
{ "type": "Feature", "properties": { "category": "arts_venue" }, "geometry": { "type": "Point", "coordinates": [ 243204.461491740628844, 903444.639422229025513 ] } },
{ "type": "Feature", "properties": { "category": "arts_venue" }, "geometry": { "type": "Point", "coordinates": [ 238016.90831558345235, 913635.241670864052139 ] } },
{ "type": "Feature", "properties": { "category": "arts_venue" }, "geometry": { "type": "Point", "coordinates": [ 236636.453308249241672, 901457.327751441043802 ] } },
{ "type": "Feature", "properties": { "category": "arts_venue" }, "geometry": { "type": "Point", "coordinates": [ 233205.179108375392389, 903607.190100294188596 ] } },
{ "type": "Feature", "properties": { "category": "arts_venue" }, "geometry": { "type": "Point", "coordinates": [ 224322.76423090181197, 904021.459963940898888 ] } },
{ "type": "Feature", "properties": { "category": "arts_venue" }, "geometry": { "type": "Point", "coordinates": [ 232507.941822563501773, 901606.74095187918283 ] } },
{ "type": "Feature", "properties": { "category": "arts_venue" }, "geometry": { "type": "Point", "coordinates": [ 233347.071723857428879, 899754.006069274037145 ] } },
{ "type": "Feature", "properties": { "category": "arts_venue" }, "geometry": { "type": "Point", "coordinates": [ 229554.812058715266176, 904855.399374605854973 ] } },
{ "type": "Feature", "properties": { "category": "arts_venue" }, "geometry": { "type": "Point", "coordinates": [ 228711.527795611822512, 899916.484067559009418 ] } },
{ "type": "Feature", "properties": { "category": "arts_venue" }, "geometry": { "type": "Point", "coordinates": [ 230258.067302505834959, 900605.87765620124992 ] } },
{ "type": "Feature", "properties": { "category": "arts_venue" }, "geometry": { "type": "Point", "coordinates": [ 236276.905644477228634, 900893.406213304493576 ] } },
{ "type": "Feature", "properties": { "category": "arts_venue" }, "geometry": { "type": "Point", "coordinates": [ 231859.11233581250417, 902797.414777330355719 ] } },
{ "type": "Feature", "properties": { "category": "arts_venue" }, "geometry": { "type": "Point", "coordinates": [ 235865.876605589408427, 892655.471952058142051 ] } },
{ "type": "Feature", "properties": { "category": "arts_venue" }, "geometry": { "type": "Point", "coordinates": [ 235993.398419152304996, 900271.021703512291424 ] } },
{ "type": "Feature", "properties": { "category": "arts_venue" }, "geometry": { "type": "Point", "coordinates": [ 234994.061486471415265, 900225.097629028139636 ] } },
{ "type": "Feature", "properties": { "category": "arts_venue" }, "geometry": { "type": "Point", "coordinates": [ 221952.655260412837379, 902082.898709544213489 ] } },
{ "type": "Feature", "properties": { "category": "arts_venue" }, "geometry": { "type": "Point", "coordinates": [ 233226.908965957030887, 907993.806046943878755 ] } },
{ "type": "Feature", "properties": { "category": "arts_venue" }, "geometry": { "type": "Point", "coordinates": [ 231108.478649678174406, 904303.050819508265704 ] } },
{ "type": "Feature", "properties": { "category": "arts_venue" }, "geometry": { "type": "Point", "coordinates": [ 231044.017370616405969, 899676.92016965104267 ] } },
{ "type": "Feature", "properties": { "category": "arts_venue" }, "geometry": { "type": "Point", "coordinates": [ 232303.972654994286131, 887156.300103092100471 ] } },
{ "type": "Feature", "properties": { "category": "arts_venue" }, "geometry": { "type": "Point", "coordinates": [ 232440.451761438540416, 904429.930401777732186 ] } },
{ "type": "Feature", "properties": { "category": "arts_venue" }, "geometry": { "type": "Point", "coordinates": [ 236454.804671757185133, 900188.314308031927794 ] } },
{ "type": "Feature", "properties": { "category": "arts_venue" }, "geometry": { "type": "Point", "coordinates": [ 237973.548460079910001, 896066.820106044993736 ] } },
{ "type": "Feature", "properties": { "category": "arts_venue" }, "geometry": { "type": "Point", "coordinates": [ 231824.691229186719283, 895844.472810640116222 ] } },
{ "type": "Feature", "properties": { "category": "arts_venue" }, "geometry": { "type": "Point", "coordinates": [ 246516.865428847435396, 912435.56774308742024 ] } },
{ "type": "Feature", "properties": { "category": "arts_venue" }, "geometry": { "type": "Point", "coordinates": [ 234373.920890354784206, 899951.784491776837967 ] } },
{ "type": "Feature", "properties": { "category": "arts_venue" }, "geometry": { "type": "Point", "coordinates": [ 233872.288677418022417, 899339.421015802072361 ] } },
{ "type": "Feature", "properties": { "category": "arts_venue" }, "geometry": { "type": "Point", "coordinates": [ 235848.770714054262498, 899227.260903492569923 ] } },
{ "type": "Feature", "properties": { "category": "arts_venue" }, "geometry": { "type": "Point", "coordinates": [ 222390.005257807293674, 900048.564692954183556 ] } },
{ "type": "Feature", "properties": { "category": "arts_venue" }, "geometry": { "type": "Point", "coordinates": [ 227621.741397387377219, 901414.884201382054016 ] } },
{ "type": "Feature", "properties": { "category": "arts_venue" }, "geometry": { "type": "Point", "coordinates": [ 227564.397725579328835, 899022.717699171509594 ] } },
{ "type": "Feature", "properties": { "category": "arts_venue" }, "geometry": { "type": "Point", "coordinates": [ 230040.622198452852899, 900477.427571947220713 ] } },
{ "type": "Feature", "properties": { "category": "arts_venue" }, "geometry": { "type": "Point", "coordinates": [ 234467.378333916887641, 903053.878487049834803 ] } },
{ "type": "Feature", "properties": { "category": "arts_venue" }, "geometry": { "type": "Point", "coordinates": [ 238634.298760334873805, 899413.080685535212979 ] } },
{ "type": "Feature", "properties": { "category": "arts_venue" }, "geometry": { "type": "Point", "coordinates": [ 231591.769687662628712, 902925.502544211922213 ] } },
{ "type": "Feature", "properties": { "category": "arts_venue" }, "geometry": { "type": "Point", "coordinates": [ 231217.152492759632878, 902528.389317065360956 ] } },
{ "type": "Feature", "properties": { "category": "arts_venue" }, "geometry": { "type": "Point", "coordinates": [ 231366.517833356949268, 906078.015987569699064 ] } },
{ "type": "Feature", "properties": { "category": "arts_venue" }, "geometry": { "type": "Point", "coordinates": [ 227621.741397387377219, 901414.884201382054016 ] } },
{ "type": "Feature", "properties": { "category": "arts_venue" }, "geometry": { "type": "Point", "coordinates": [ 246457.483670346322469, 912758.089411017484963 ] } },
{ "type": "Feature", "properties": { "category": "arts_venue" }, "geometry": { "type": "Point", "coordinates": [ 235406.295787121722242, 906297.167167205014266 ] } },
{ "type": "Feature", "properties": { "category": "arts_venue" }, "geometry": { "type": "Point", "coordinates": [ 224649.480208994587883, 907290.528505779569969 ] } },
{ "type": "Feature", "properties": { "category": "arts_venue" }, "geometry": { "type": "Point", "coordinates": [ 235803.006864080089144, 900284.489269317593426 ] } },
{ "type": "Feature", "properties": { "category": "arts_venue" }, "geometry": { "type": "Point", "coordinates": [ 225149.115560926264152, 900589.957116411998868 ] } },
{ "type": "Feature", "properties": { "category": "arts_venue" }, "geometry": { "type": "Point", "coordinates": [ 235369.174208014330361, 901962.905133064719848 ] } },
{ "type": "Feature", "properties": { "category": "arts_venue" }, "geometry": { "type": "Point", "coordinates": [ 232383.893900687340647, 903498.830765345366672 ] } },
{ "type": "Feature", "properties": { "category": "arts_venue" }, "geometry": { "type": "Point", "coordinates": [ 240178.441706681071082, 894634.623486447962932 ] } },
{ "type": "Feature", "properties": { "category": "arts_venue" }, "geometry": { "type": "Point", "coordinates": [ 229825.126108383235987, 901537.746433107880875 ] } },
{ "type": "Feature", "properties": { "category": "arts_venue" }, "geometry": { "type": "Point", "coordinates": [ 229849.860072574054357, 900737.647169480915181 ] } },
{ "type": "Feature", "properties": { "category": "arts_venue" }, "geometry": { "type": "Point", "coordinates": [ 232612.629176225484116, 901768.844715875340626 ] } },
{ "type": "Feature", "properties": { "category": "arts_venue" }, "geometry": { "type": "Point", "coordinates": [ 228884.682461440388579, 900487.021213062340394 ] } },
{ "type": "Feature", "properties": { "category": "arts_venue" }, "geometry": { "type": "Point", "coordinates": [ 237542.700467695627594, 899757.949318201979622 ] } },
{ "type": "Feature", "properties": { "category": "arts_venue" }, "geometry": { "type": "Point", "coordinates": [ 222633.525653550575953, 896065.024196017649956 ] } },
{ "type": "Feature", "properties": { "category": "arts_venue" }, "geometry": { "type": "Point", "coordinates": [ 232507.941822563501773, 901606.74095187918283 ] } },
{ "type": "Feature", "properties": { "category": "arts_venue" }, "geometry": { "type": "Point", "coordinates": [ 231405.10950456050341, 903614.68438220594544 ] } },
{ "type": "Feature", "properties": { "category": "arts_venue" }, "geometry": { "type": "Point", "coordinates": [ 235762.345456993789412, 894994.77438333677128 ] } },
{ "type": "Feature", "properties": { "category": "arts_venue" }, "geometry": { "type": "Point", "coordinates": [ 236061.92421663145069, 901848.683641403680667 ] } },
{ "type": "Feature", "properties": { "category": "arts_venue" }, "geometry": { "type": "Point", "coordinates": [ 235806.519851234479574, 900080.123653218382969 ] } },
{ "type": "Feature", "properties": { "category": "arts_venue" }, "geometry": { "type": "Point", "coordinates": [ 234884.337093633570476, 900137.911320230923593 ] } },
{ "type": "Feature", "properties": { "category": "arts_venue" }, "geometry": { "type": "Point", "coordinates": [ 236961.927496906340821, 908543.44123565859627 ] } },
{ "type": "Feature", "properties": { "category": "arts_venue" }, "geometry": { "type": "Point", "coordinates": [ 231050.824296867212979, 902610.960823272471316 ] } }
]
}
