{
"type": "FeatureCollection",
"name": "innercore_personal_services_category_only",
"crs": { "type": "name", "properties": { "name": "urn:ogc:def:crs:EPSG::6491" } },
"features": [
{ "type": "Feature", "properties": { "category": "personal_service" }, "geometry": { "type": "Point", "coordinates": [ 232146.009393739164807, 892750.455350749893114 ] } },
{ "type": "Feature", "properties": { "category": "personal_service" }, "geometry": { "type": "Point", "coordinates": [ 235123.789497293444583, 899672.243685115128756 ] } },
{ "type": "Feature", "properties": { "category": "personal_service" }, "geometry": { "type": "Point", "coordinates": [ 236558.367168312892318, 900315.814532820950262 ] } },
{ "type": "Feature", "properties": { "category": "personal_service" }, "geometry": { "type": "Point", "coordinates": [ 236591.507042130106129, 909067.242397329304367 ] } },
{ "type": "Feature", "properties": { "category": "personal_service" }, "geometry": { "type": "Point", "coordinates": [ 235727.310710216668667, 911703.171034809784032 ] } },
{ "type": "Feature", "properties": { "category": "personal_service" }, "geometry": { "type": "Point", "coordinates": [ 231175.356727167789359, 891308.542120509315282 ] } },
{ "type": "Feature", "properties": { "category": "personal_service" }, "geometry": { "type": "Point", "coordinates": [ 240826.264126241963822, 888372.744701922405511 ] } },
{ "type": "Feature", "properties": { "category": "personal_service" }, "geometry": { "type": "Point", "coordinates": [ 235449.38828956411453, 912789.131605832721107 ] } },
{ "type": "Feature", "properties": { "category": "personal_service" }, "geometry": { "type": "Point", "coordinates": [ 236056.240666716417763, 905554.465872502420098 ] } },
{ "type": "Feature", "properties": { "category": "personal_service" }, "geometry": { "type": "Point", "coordinates": [ 239238.04562189776334, 904827.069866384495981 ] } },
{ "type": "Feature", "properties": { "category": "personal_service" }, "geometry": { "type": "Point", "coordinates": [ 236510.040446364262607, 900245.361946686636657 ] } },
{ "type": "Feature", "properties": { "category": "personal_service" }, "geometry": { "type": "Point", "coordinates": [ 232245.570413540350273, 899579.583568049361929 ] } },
{ "type": "Feature", "properties": { "category": "personal_service" }, "geometry": { "type": "Point", "coordinates": [ 231713.856415286572883, 895376.339128384017386 ] } },
{ "type": "Feature", "properties": { "category": "personal_service" }, "geometry": { "type": "Point", "coordinates": [ 230396.173305679461919, 899990.21501829882618 ] } },
{ "type": "Feature", "properties": { "category": "personal_service" }, "geometry": { "type": "Point", "coordinates": [ 221657.941739615605911, 891673.570678406278603 ] } },
{ "type": "Feature", "properties": { "category": "personal_service" }, "geometry": { "type": "Point", "coordinates": [ 234590.1459059859626, 895877.08202234946657 ] } },
{ "type": "Feature", "properties": { "category": "personal_service" }, "geometry": { "type": "Point", "coordinates": [ 235161.466613273369148, 898762.038973895134404 ] } },
{ "type": "Feature", "properties": { "category": "personal_service" }, "geometry": { "type": "Point", "coordinates": [ 233911.183769663766725, 899014.595428910804912 ] } },
{ "type": "Feature", "properties": { "category": "personal_service" }, "geometry": { "type": "Point", "coordinates": [ 230323.20420088202809, 903628.258374177501537 ] } },
{ "type": "Feature", "properties": { "category": "personal_service" }, "geometry": { "type": "Point", "coordinates": [ 243006.569853221502854, 912202.670466799056157 ] } },
{ "type": "Feature", "properties": { "category": "personal_service" }, "geometry": { "type": "Point", "coordinates": [ 236306.595001561683603, 894823.172284900327213 ] } },
{ "type": "Feature", "properties": { "category": "personal_service" }, "geometry": { "type": "Point", "coordinates": [ 235587.454782480868744, 903150.32591862580739 ] } },
{ "type": "Feature", "properties": { "category": "personal_service" }, "geometry": { "type": "Point", "coordinates": [ 237699.034897831268609, 898431.627281680121087 ] } },
{ "type": "Feature", "properties": { "category": "personal_service" }, "geometry": { "type": "Point", "coordinates": [ 244432.247789485263638, 911942.404361016815528 ] } },
{ "type": "Feature", "properties": { "category": "personal_service" }, "geometry": { "type": "Point", "coordinates": [ 237444.800564916309668, 893553.311527791549452 ] } },
{ "type": "Feature", "properties": { "category": "personal_service" }, "geometry": { "type": "Point", "coordinates": [ 234901.248848984309006, 900199.976770524517633 ] } },
{ "type": "Feature", "properties": { "category": "personal_service" }, "geometry": { "type": "Point", "coordinates": [ 233818.342583694757195, 908091.048157163430005 ] } },
{ "type": "Feature", "properties": { "category": "personal_service" }, "geometry": { "type": "Point", "coordinates": [ 221889.139625124895247, 902958.325500831357203 ] } },
{ "type": "Feature", "properties": { "category": "personal_service" }, "geometry": { "type": "Point", "coordinates": [ 226113.786529943696223, 896616.030977240530774 ] } },
{ "type": "Feature", "properties": { "category": "personal_service" }, "geometry": { "type": "Point", "coordinates": [ 236320.283372122474248, 900805.212054508505389 ] } },
{ "type": "Feature", "properties": { "category": "personal_service" }, "geometry": { "type": "Point", "coordinates": [ 235973.618317205400672, 893022.018997944425792 ] } },
{ "type": "Feature", "properties": { "category": "personal_service" }, "geometry": { "type": "Point", "coordinates": [ 228597.649997126223752, 893068.141801120480523 ] } },
{ "type": "Feature", "properties": { "category": "personal_service" }, "geometry": { "type": "Point", "coordinates": [ 236871.27248861946282, 901919.753674391889945 ] } },
{ "type": "Feature", "properties": { "category": "personal_service" }, "geometry": { "type": "Point", "coordinates": [ 227450.784664051607251, 902201.422402456752025 ] } },
{ "type": "Feature", "properties": { "category": "personal_service" }, "geometry": { "type": "Point", "coordinates": [ 224831.910430889518466, 896372.905719425529242 ] } },
{ "type": "Feature", "properties": { "category": "personal_service" }, "geometry": { "type": "Point", "coordinates": [ 234541.433541532082018, 903553.207321393187158 ] } },
{ "type": "Feature", "properties": { "category": "personal_service" }, "geometry": { "type": "Point", "coordinates": [ 234073.477812174911378, 898717.803498608642258 ] } },
{ "type": "Feature", "properties": { "category": "personal_service" }, "geometry": { "type": "Point", "coordinates": [ 234531.479035432974342, 902562.670987958088517 ] } },
{ "type": "Feature", "properties": { "category": "personal_service" }, "geometry": { "type": "Point", "coordinates": [ 225809.44471122304094, 900521.372917000437155 ] } },
{ "type": "Feature", "properties": { "category": "personal_service" }, "geometry": { "type": "Point", "coordinates": [ 236175.554165481007658, 900097.009144853334874 ] } },
{ "type": "Feature", "properties": { "category": "personal_service" }, "geometry": { "type": "Point", "coordinates": [ 230904.301043463201495, 892730.228945858427323 ] } },
{ "type": "Feature", "properties": { "category": "personal_service" }, "geometry": { "type": "Point", "coordinates": [ 228253.764577457099222, 892258.897381358547136 ] } },
{ "type": "Feature", "properties": { "category": "personal_service" }, "geometry": { "type": "Point", "coordinates": [ 230537.875401559693273, 887590.052475955337286 ] } },
{ "type": "Feature", "properties": { "category": "personal_service" }, "geometry": { "type": "Point", "coordinates": [ 238894.936205458885524, 903267.054296668618917 ] } },
{ "type": "Feature", "properties": { "category": "personal_service" }, "geometry": { "type": "Point", "coordinates": [ 240354.848139764420921, 912732.991686118999496 ] } },
{ "type": "Feature", "properties": { "category": "personal_service" }, "geometry": { "type": "Point", "coordinates": [ 236530.35313540205243, 897937.825876631075516 ] } },
{ "type": "Feature", "properties": { "category": "personal_service" }, "geometry": { "type": "Point", "coordinates": [ 236054.626081035326933, 893421.087432519299909 ] } },
{ "type": "Feature", "properties": { "category": "personal_service" }, "geometry": { "type": "Point", "coordinates": [ 237630.848777229926782, 908137.776681334711611 ] } },
{ "type": "Feature", "properties": { "category": "personal_service" }, "geometry": { "type": "Point", "coordinates": [ 226049.659837734652683, 903904.68889065971598 ] } },
{ "type": "Feature", "properties": { "category": "personal_service" }, "geometry": { "type": "Point", "coordinates": [ 234723.388941204524599, 894838.503455110592768 ] } },
{ "type": "Feature", "properties": { "category": "personal_service" }, "geometry": { "type": "Point", "coordinates": [ 236891.912333080632379, 900514.388098838506266 ] } },
{ "type": "Feature", "properties": { "category": "personal_service" }, "geometry": { "type": "Point", "coordinates": [ 239811.675532583351014, 907777.577008199412376 ] } },
{ "type": "Feature", "properties": { "category": "personal_service" }, "geometry": { "type": "Point", "coordinates": [ 237364.0540137377684, 909309.24642213829793 ] } },
{ "type": "Feature", "properties": { "category": "personal_service" }, "geometry": { "type": "Point", "coordinates": [ 236564.040534915926401, 901268.006323755602352 ] } },
{ "type": "Feature", "properties": { "category": "personal_service" }, "geometry": { "type": "Point", "coordinates": [ 235106.937092505977489, 900093.255710515193641 ] } },
{ "type": "Feature", "properties": { "category": "personal_service" }, "geometry": { "type": "Point", "coordinates": [ 233389.60206431010738, 902923.48751035798341 ] } },
{ "type": "Feature", "properties": { "category": "personal_service" }, "geometry": { "type": "Point", "coordinates": [ 234541.433541532082018, 903553.207321393187158 ] } },
{ "type": "Feature", "properties": { "category": "personal_service" }, "geometry": { "type": "Point", "coordinates": [ 230486.741730128065683, 888971.828099650330842 ] } },
{ "type": "Feature", "properties": { "category": "personal_service" }, "geometry": { "type": "Point", "coordinates": [ 233417.174301464983728, 901455.386130625382066 ] } },
{ "type": "Feature", "properties": { "category": "personal_service" }, "geometry": { "type": "Point", "coordinates": [ 236681.952696816850221, 892731.324117453652434 ] } },
{ "type": "Feature", "properties": { "category": "personal_service" }, "geometry": { "type": "Point", "coordinates": [ 234626.111521840619389, 904117.126642917632125 ] } },
{ "type": "Feature", "properties": { "category": "personal_service" }, "geometry": { "type": "Point", "coordinates": [ 231287.858734959358117, 895485.285386370611377 ] } },
{ "type": "Feature", "properties": { "category": "personal_service" }, "geometry": { "type": "Point", "coordinates": [ 235975.450538204546319, 913088.174010833725333 ] } },
{ "type": "Feature", "properties": { "category": "personal_service" }, "geometry": { "type": "Point", "coordinates": [ 227443.861240346974228, 901633.23241427692119 ] } },
{ "type": "Feature", "properties": { "category": "personal_service" }, "geometry": { "type": "Point", "coordinates": [ 236847.155664125515614, 901335.132590877008624 ] } },
{ "type": "Feature", "properties": { "category": "personal_service" }, "geometry": { "type": "Point", "coordinates": [ 225814.516977135674097, 904453.657925858162344 ] } },
{ "type": "Feature", "properties": { "category": "personal_service" }, "geometry": { "type": "Point", "coordinates": [ 235549.566767216019798, 895004.803278172272258 ] } },
{ "type": "Feature", "properties": { "category": "personal_service" }, "geometry": { "type": "Point", "coordinates": [ 232228.442285374621861, 902038.102513150312006 ] } },
{ "type": "Feature", "properties": { "category": "personal_service" }, "geometry": { "type": "Point", "coordinates": [ 243296.885549168771831, 904055.590147950570099 ] } },
{ "type": "Feature", "properties": { "category": "personal_service" }, "geometry": { "type": "Point", "coordinates": [ 234261.711138803628273, 893301.160882201511413 ] } },
{ "type": "Feature", "properties": { "category": "personal_service" }, "geometry": { "type": "Point", "coordinates": [ 233602.11212946975138, 892227.426157340756617 ] } },
{ "type": "Feature", "properties": { "category": "personal_service" }, "geometry": { "type": "Point", "coordinates": [ 244573.293894041824387, 914948.177064009942114 ] } },
{ "type": "Feature", "properties": { "category": "personal_service" }, "geometry": { "type": "Point", "coordinates": [ 233452.320528531214222, 891550.592257810058072 ] } },
{ "type": "Feature", "properties": { "category": "personal_service" }, "geometry": { "type": "Point", "coordinates": [ 243832.087103024445241, 912907.70515175932087 ] } },
{ "type": "Feature", "properties": { "category": "personal_service" }, "geometry": { "type": "Point", "coordinates": [ 234792.398608315386809, 908098.141119400970638 ] } },
{ "type": "Feature", "properties": { "category": "personal_service" }, "geometry": { "type": "Point", "coordinates": [ 230801.615573846560437, 897812.64277640695218 ] } },
{ "type": "Feature", "properties": { "category": "personal_service" }, "geometry": { "type": "Point", "coordinates": [ 221577.010014831175795, 891541.919948334689252 ] } },
{ "type": "Feature", "properties": { "category": "personal_service" }, "geometry": { "type": "Point", "coordinates": [ 234588.824482107855147, 907874.198081858688965 ] } },
{ "type": "Feature", "properties": { "category": "personal_service" }, "geometry": { "type": "Point", "coordinates": [ 244097.01663695712341, 912799.505714986473322 ] } },
{ "type": "Feature", "properties": { "category": "personal_service" }, "geometry": { "type": "Point", "coordinates": [ 222109.672504039888736, 899823.856865790905431 ] } },
{ "type": "Feature", "properties": { "category": "personal_service" }, "geometry": { "type": "Point", "coordinates": [ 230911.116621697554365, 900293.703633724828251 ] } },
{ "type": "Feature", "properties": { "category": "personal_service" }, "geometry": { "type": "Point", "coordinates": [ 237633.156989144219551, 898545.017918850528076 ] } },
{ "type": "Feature", "properties": { "category": "personal_service" }, "geometry": { "type": "Point", "coordinates": [ 243626.490896814910229, 912178.172318025608547 ] } },
{ "type": "Feature", "properties": { "category": "personal_service" }, "geometry": { "type": "Point", "coordinates": [ 235275.945373360271333, 903895.20359980489593 ] } },
{ "type": "Feature", "properties": { "category": "personal_service" }, "geometry": { "type": "Point", "coordinates": [ 244321.792398678109748, 912981.763451225589961 ] } },
{ "type": "Feature", "properties": { "category": "personal_service" }, "geometry": { "type": "Point", "coordinates": [ 242336.343799126014346, 903010.365432771737687 ] } },
{ "type": "Feature", "properties": { "category": "personal_service" }, "geometry": { "type": "Point", "coordinates": [ 243026.75723050662782, 890200.83900749462191 ] } },
{ "type": "Feature", "properties": { "category": "personal_service" }, "geometry": { "type": "Point", "coordinates": [ 244193.197077468998032, 911919.01141491450835 ] } },
{ "type": "Feature", "properties": { "category": "personal_service" }, "geometry": { "type": "Point", "coordinates": [ 222633.525653550575953, 896065.024196017649956 ] } },
{ "type": "Feature", "properties": { "category": "personal_service" }, "geometry": { "type": "Point", "coordinates": [ 235340.591095603827853, 901144.114473818801343 ] } },
{ "type": "Feature", "properties": { "category": "personal_service" }, "geometry": { "type": "Point", "coordinates": [ 233565.208467016200302, 890280.088431633543223 ] } },
{ "type": "Feature", "properties": { "category": "personal_service" }, "geometry": { "type": "Point", "coordinates": [ 237923.563028336386196, 902302.799988746410236 ] } },
{ "type": "Feature", "properties": { "category": "personal_service" }, "geometry": { "type": "Point", "coordinates": [ 236301.082339257205604, 894613.208546488778666 ] } },
{ "type": "Feature", "properties": { "category": "personal_service" }, "geometry": { "type": "Point", "coordinates": [ 231268.775905756338034, 899200.172251016600057 ] } },
{ "type": "Feature", "properties": { "category": "personal_service" }, "geometry": { "type": "Point", "coordinates": [ 232084.015619424753822, 903848.462707308121026 ] } },
{ "type": "Feature", "properties": { "category": "personal_service" }, "geometry": { "type": "Point", "coordinates": [ 236663.925591213366715, 900707.470597171224654 ] } },
{ "type": "Feature", "properties": { "category": "personal_service" }, "geometry": { "type": "Point", "coordinates": [ 234942.291000913275639, 897081.121918951626867 ] } },
{ "type": "Feature", "properties": { "category": "personal_service" }, "geometry": { "type": "Point", "coordinates": [ 235614.536364797095302, 908460.829960342962295 ] } },
{ "type": "Feature", "properties": { "category": "personal_service" }, "geometry": { "type": "Point", "coordinates": [ 238548.40925946101197, 888704.903830472845584 ] } },
{ "type": "Feature", "properties": { "category": "personal_service" }, "geometry": { "type": "Point", "coordinates": [ 236112.171882876544259, 901576.133269315119833 ] } },
{ "type": "Feature", "properties": { "category": "personal_service" }, "geometry": { "type": "Point", "coordinates": [ 238461.874034563952591, 902220.195865762187168 ] } },
{ "type": "Feature", "properties": { "category": "personal_service" }, "geometry": { "type": "Point", "coordinates": [ 244418.139495729235932, 889008.412343147792853 ] } },
{ "type": "Feature", "properties": { "category": "personal_service" }, "geometry": { "type": "Point", "coordinates": [ 238852.796417639998253, 905212.261676845373586 ] } },
{ "type": "Feature", "properties": { "category": "personal_service" }, "geometry": { "type": "Point", "coordinates": [ 236463.15666856255848, 895797.016823078854941 ] } },
{ "type": "Feature", "properties": { "category": "personal_service" }, "geometry": { "type": "Point", "coordinates": [ 233011.263944965379778, 905827.074840000481345 ] } },
{ "type": "Feature", "properties": { "category": "personal_service" }, "geometry": { "type": "Point", "coordinates": [ 233695.184327093913453, 892565.765080922050402 ] } },
{ "type": "Feature", "properties": { "category": "personal_service" }, "geometry": { "type": "Point", "coordinates": [ 233077.80501995285158, 901415.569414195604622 ] } },
{ "type": "Feature", "properties": { "category": "personal_service" }, "geometry": { "type": "Point", "coordinates": [ 233178.041693753999425, 903442.110217369045131 ] } },
{ "type": "Feature", "properties": { "category": "personal_service" }, "geometry": { "type": "Point", "coordinates": [ 231246.843966405373067, 891186.675843722652644 ] } },
{ "type": "Feature", "properties": { "category": "personal_service" }, "geometry": { "type": "Point", "coordinates": [ 221679.276449911762029, 891817.256781994132325 ] } },
{ "type": "Feature", "properties": { "category": "personal_service" }, "geometry": { "type": "Point", "coordinates": [ 235302.815191372996196, 900136.446582115953788 ] } },
{ "type": "Feature", "properties": { "category": "personal_service" }, "geometry": { "type": "Point", "coordinates": [ 234575.789166550792288, 905089.041320741875097 ] } },
{ "type": "Feature", "properties": { "category": "personal_service" }, "geometry": { "type": "Point", "coordinates": [ 225782.649149427539669, 905328.838535775081255 ] } },
{ "type": "Feature", "properties": { "category": "personal_service" }, "geometry": { "type": "Point", "coordinates": [ 238194.151434241997777, 913735.844628867809661 ] } },
{ "type": "Feature", "properties": { "category": "personal_service" }, "geometry": { "type": "Point", "coordinates": [ 221740.170591313537443, 892639.069612298859283 ] } },
{ "type": "Feature", "properties": { "category": "personal_service" }, "geometry": { "type": "Point", "coordinates": [ 234541.433541532082018, 903553.207321393187158 ] } },
{ "type": "Feature", "properties": { "category": "personal_service" }, "geometry": { "type": "Point", "coordinates": [ 236887.865275896008825, 906616.372553541208617 ] } },
{ "type": "Feature", "properties": { "category": "personal_service" }, "geometry": { "type": "Point", "coordinates": [ 234394.938369354757015, 904190.30247781786602 ] } },
{ "type": "Feature", "properties": { "category": "personal_service" }, "geometry": { "type": "Point", "coordinates": [ 227241.248328870278783, 896821.357556776376441 ] } },
{ "type": "Feature", "properties": { "category": "personal_service" }, "geometry": { "type": "Point", "coordinates": [ 221849.814276476681698, 891965.736704658949748 ] } },
{ "type": "Feature", "properties": { "category": "personal_service" }, "geometry": { "type": "Point", "coordinates": [ 219055.845677819277626, 904906.926387924700975 ] } },
{ "type": "Feature", "properties": { "category": "personal_service" }, "geometry": { "type": "Point", "coordinates": [ 232024.06286046927562, 891708.894526843214408 ] } },
{ "type": "Feature", "properties": { "category": "personal_service" }, "geometry": { "type": "Point", "coordinates": [ 226869.410248457017587, 903370.936261951224878 ] } },
{ "type": "Feature", "properties": { "category": "personal_service" }, "geometry": { "type": "Point", "coordinates": [ 242319.950186515663518, 887940.816207049880177 ] } },
{ "type": "Feature", "properties": { "category": "personal_service" }, "geometry": { "type": "Point", "coordinates": [ 237844.714742805343121, 889930.584662886103615 ] } },
{ "type": "Feature", "properties": { "category": "personal_service" }, "geometry": { "type": "Point", "coordinates": [ 231192.339550182921812, 899192.612579044187441 ] } },
{ "type": "Feature", "properties": { "category": "personal_service" }, "geometry": { "type": "Point", "coordinates": [ 231261.748604280117434, 898834.807411332731135 ] } },
{ "type": "Feature", "properties": { "category": "personal_service" }, "geometry": { "type": "Point", "coordinates": [ 228728.705687556008343, 898535.863668772741221 ] } },
{ "type": "Feature", "properties": { "category": "personal_service" }, "geometry": { "type": "Point", "coordinates": [ 233771.064396661211504, 902706.375413368456066 ] } },
{ "type": "Feature", "properties": { "category": "personal_service" }, "geometry": { "type": "Point", "coordinates": [ 233659.210885909094941, 898579.626510100439191 ] } },
{ "type": "Feature", "properties": { "category": "personal_service" }, "geometry": { "type": "Point", "coordinates": [ 234148.313921683933586, 906459.443618975230493 ] } },
{ "type": "Feature", "properties": { "category": "personal_service" }, "geometry": { "type": "Point", "coordinates": [ 232566.344326646300033, 901642.55639155220706 ] } },
{ "type": "Feature", "properties": { "category": "personal_service" }, "geometry": { "type": "Point", "coordinates": [ 234871.100916509021772, 900132.069577736314386 ] } },
{ "type": "Feature", "properties": { "category": "personal_service" }, "geometry": { "type": "Point", "coordinates": [ 227301.230667648487724, 888773.589439271017909 ] } },
{ "type": "Feature", "properties": { "category": "personal_service" }, "geometry": { "type": "Point", "coordinates": [ 233226.908965957030887, 907993.806046943878755 ] } },
{ "type": "Feature", "properties": { "category": "personal_service" }, "geometry": { "type": "Point", "coordinates": [ 233587.267994578083744, 890896.1091585989343 ] } },
{ "type": "Feature", "properties": { "category": "personal_service" }, "geometry": { "type": "Point", "coordinates": [ 236040.267459094931837, 893390.578868407872505 ] } },
{ "type": "Feature", "properties": { "category": "personal_service" }, "geometry": { "type": "Point", "coordinates": [ 234470.887613126891665, 899886.945674473419785 ] } },
{ "type": "Feature", "properties": { "category": "personal_service" }, "geometry": { "type": "Point", "coordinates": [ 229850.815498657582793, 898805.569656036794186 ] } },
{ "type": "Feature", "properties": { "category": "personal_service" }, "geometry": { "type": "Point", "coordinates": [ 236555.602961473719915, 903269.264211817644536 ] } },
{ "type": "Feature", "properties": { "category": "personal_service" }, "geometry": { "type": "Point", "coordinates": [ 232096.82747388491407, 903819.974056009668857 ] } },
{ "type": "Feature", "properties": { "category": "personal_service" }, "geometry": { "type": "Point", "coordinates": [ 220758.856421615142608, 903349.220378100639209 ] } },
{ "type": "Feature", "properties": { "category": "personal_service" }, "geometry": { "type": "Point", "coordinates": [ 230711.679680731554981, 905938.160921980510466 ] } },
{ "type": "Feature", "properties": { "category": "personal_service" }, "geometry": { "type": "Point", "coordinates": [ 235424.031527890532743, 908116.851375222438946 ] } },
{ "type": "Feature", "properties": { "category": "personal_service" }, "geometry": { "type": "Point", "coordinates": [ 233045.663340096827596, 899351.258832665043883 ] } },
{ "type": "Feature", "properties": { "category": "personal_service" }, "geometry": { "type": "Point", "coordinates": [ 236143.606564518646337, 900701.664865791215561 ] } },
{ "type": "Feature", "properties": { "category": "personal_service" }, "geometry": { "type": "Point", "coordinates": [ 238421.568987674603704, 907522.678153610089794 ] } },
{ "type": "Feature", "properties": { "category": "personal_service" }, "geometry": { "type": "Point", "coordinates": [ 234894.679745142930187, 900195.501031762803905 ] } },
{ "type": "Feature", "properties": { "category": "personal_service" }, "geometry": { "type": "Point", "coordinates": [ 243218.315674408833729, 903548.694963478134014 ] } },
{ "type": "Feature", "properties": { "category": "personal_service" }, "geometry": { "type": "Point", "coordinates": [ 221718.328714253089856, 892206.696438522660173 ] } },
{ "type": "Feature", "properties": { "category": "personal_service" }, "geometry": { "type": "Point", "coordinates": [ 236350.728604441042989, 900637.19714952330105 ] } },
{ "type": "Feature", "properties": { "category": "personal_service" }, "geometry": { "type": "Point", "coordinates": [ 238726.74829598137876, 907927.686467689927667 ] } },
{ "type": "Feature", "properties": { "category": "personal_service" }, "geometry": { "type": "Point", "coordinates": [ 239850.139415522804484, 916923.669303199276328 ] } },
{ "type": "Feature", "properties": { "category": "personal_service" }, "geometry": { "type": "Point", "coordinates": [ 240233.998223227070412, 906997.870268229744397 ] } },
{ "type": "Feature", "properties": { "category": "personal_service" }, "geometry": { "type": "Point", "coordinates": [ 226689.884332008921774, 904084.817682167049497 ] } },
{ "type": "Feature", "properties": { "category": "personal_service" }, "geometry": { "type": "Point", "coordinates": [ 232899.727979977964424, 903521.333085141261108 ] } },
{ "type": "Feature", "properties": { "category": "personal_service" }, "geometry": { "type": "Point", "coordinates": [ 226535.896308814146323, 887021.90023498958908 ] } },
{ "type": "Feature", "properties": { "category": "personal_service" }, "geometry": { "type": "Point", "coordinates": [ 221462.299602756946115, 894071.425397551851347 ] } },
{ "type": "Feature", "properties": { "category": "personal_service" }, "geometry": { "type": "Point", "coordinates": [ 236978.99439718897338, 898102.900282832095399 ] } },
{ "type": "Feature", "properties": { "category": "personal_service" }, "geometry": { "type": "Point", "coordinates": [ 236943.783212576934602, 901868.260938256513327 ] } },
{ "type": "Feature", "properties": { "category": "personal_service" }, "geometry": { "type": "Point", "coordinates": [ 221542.168798367638374, 891686.322151013882831 ] } },
{ "type": "Feature", "properties": { "category": "personal_service" }, "geometry": { "type": "Point", "coordinates": [ 233702.064675102359615, 892851.264021742390469 ] } },
{ "type": "Feature", "properties": { "category": "personal_service" }, "geometry": { "type": "Point", "coordinates": [ 240591.658810543973232, 887952.409513595979661 ] } },
{ "type": "Feature", "properties": { "category": "personal_service" }, "geometry": { "type": "Point", "coordinates": [ 241354.663638679194264, 906554.285856779431924 ] } },
{ "type": "Feature", "properties": { "category": "personal_service" }, "geometry": { "type": "Point", "coordinates": [ 243044.251388422853779, 890200.501680990564637 ] } },
{ "type": "Feature", "properties": { "category": "personal_service" }, "geometry": { "type": "Point", "coordinates": [ 240296.816881790582556, 912698.445030608447269 ] } },
{ "type": "Feature", "properties": { "category": "personal_service" }, "geometry": { "type": "Point", "coordinates": [ 223158.850421684415778, 903034.375093905255198 ] } },
{ "type": "Feature", "properties": { "category": "personal_service" }, "geometry": { "type": "Point", "coordinates": [ 227183.762538870447315, 901538.138463163748384 ] } },
{ "type": "Feature", "properties": { "category": "personal_service" }, "geometry": { "type": "Point", "coordinates": [ 223220.419947957649129, 902072.756492430111393 ] } },
{ "type": "Feature", "properties": { "category": "personal_service" }, "geometry": { "type": "Point", "coordinates": [ 228822.008886480005458, 893061.282137886155397 ] } },
{ "type": "Feature", "properties": { "category": "personal_service" }, "geometry": { "type": "Point", "coordinates": [ 231844.369403907621745, 894229.508156822295859 ] } },
{ "type": "Feature", "properties": { "category": "personal_service" }, "geometry": { "type": "Point", "coordinates": [ 236289.115921974123921, 900762.397009804844856 ] } },
{ "type": "Feature", "properties": { "category": "personal_service" }, "geometry": { "type": "Point", "coordinates": [ 240553.579152794933179, 906662.581394134322181 ] } },
{ "type": "Feature", "properties": { "category": "personal_service" }, "geometry": { "type": "Point", "coordinates": [ 238106.549870572227519, 904586.017694124602713 ] } },
{ "type": "Feature", "properties": { "category": "personal_service" }, "geometry": { "type": "Point", "coordinates": [ 237504.697153447254095, 898726.721077540656552 ] } },
{ "type": "Feature", "properties": { "category": "personal_service" }, "geometry": { "type": "Point", "coordinates": [ 238382.163034976518247, 909069.475077331764624 ] } },
{ "type": "Feature", "properties": { "category": "personal_service" }, "geometry": { "type": "Point", "coordinates": [ 231366.033508055843413, 889432.211392462952062 ] } },
{ "type": "Feature", "properties": { "category": "personal_service" }, "geometry": { "type": "Point", "coordinates": [ 235270.776562487415504, 900281.797838554834016 ] } },
{ "type": "Feature", "properties": { "category": "personal_service" }, "geometry": { "type": "Point", "coordinates": [ 221849.814276476681698, 891965.736704658949748 ] } },
{ "type": "Feature", "properties": { "category": "personal_service" }, "geometry": { "type": "Point", "coordinates": [ 241668.275567455566488, 906196.907565166242421 ] } },
{ "type": "Feature", "properties": { "category": "personal_service" }, "geometry": { "type": "Point", "coordinates": [ 232036.032353042886825, 899416.563150832662359 ] } },
{ "type": "Feature", "properties": { "category": "personal_service" }, "geometry": { "type": "Point", "coordinates": [ 232608.879421571968123, 906549.09738429740537 ] } },
{ "type": "Feature", "properties": { "category": "personal_service" }, "geometry": { "type": "Point", "coordinates": [ 222535.704535499826306, 901503.47618198802229 ] } },
{ "type": "Feature", "properties": { "category": "personal_service" }, "geometry": { "type": "Point", "coordinates": [ 235651.589641233411385, 894559.901644012075849 ] } },
{ "type": "Feature", "properties": { "category": "personal_service" }, "geometry": { "type": "Point", "coordinates": [ 231289.738721998612164, 893783.824284195667133 ] } },
{ "type": "Feature", "properties": { "category": "personal_service" }, "geometry": { "type": "Point", "coordinates": [ 229866.83020093201776, 905522.303007492562756 ] } },
{ "type": "Feature", "properties": { "category": "personal_service" }, "geometry": { "type": "Point", "coordinates": [ 228703.123680539196357, 888337.865049281623214 ] } },
{ "type": "Feature", "properties": { "category": "personal_service" }, "geometry": { "type": "Point", "coordinates": [ 231107.061903563910164, 889588.789180942927487 ] } },
{ "type": "Feature", "properties": { "category": "personal_service" }, "geometry": { "type": "Point", "coordinates": [ 220994.52515905443579, 902476.294855129905045 ] } },
{ "type": "Feature", "properties": { "category": "personal_service" }, "geometry": { "type": "Point", "coordinates": [ 229849.860072574054357, 900737.647169480915181 ] } },
{ "type": "Feature", "properties": { "category": "personal_service" }, "geometry": { "type": "Point", "coordinates": [ 236944.323892935877666, 906931.246853835647926 ] } },
{ "type": "Feature", "properties": { "category": "personal_service" }, "geometry": { "type": "Point", "coordinates": [ 245928.052914345258614, 913149.610625670175068 ] } },
{ "type": "Feature", "properties": { "category": "personal_service" }, "geometry": { "type": "Point", "coordinates": [ 240364.964683729573153, 912461.344930425984785 ] } },
{ "type": "Feature", "properties": { "category": "personal_service" }, "geometry": { "type": "Point", "coordinates": [ 238665.564215697260806, 903074.399031917448156 ] } },
{ "type": "Feature", "properties": { "category": "personal_service" }, "geometry": { "type": "Point", "coordinates": [ 232245.570413540350273, 899579.583568049361929 ] } },
{ "type": "Feature", "properties": { "category": "personal_service" }, "geometry": { "type": "Point", "coordinates": [ 226599.102945624326821, 887508.646066989982501 ] } },
{ "type": "Feature", "properties": { "category": "personal_service" }, "geometry": { "type": "Point", "coordinates": [ 233547.000048146175686, 904680.279665165231563 ] } },
{ "type": "Feature", "properties": { "category": "personal_service" }, "geometry": { "type": "Point", "coordinates": [ 235955.163376633980079, 893244.077683251583949 ] } },
{ "type": "Feature", "properties": { "category": "personal_service" }, "geometry": { "type": "Point", "coordinates": [ 233829.441999071452301, 906778.141697872546501 ] } },
{ "type": "Feature", "properties": { "category": "personal_service" }, "geometry": { "type": "Point", "coordinates": [ 232408.084249936189735, 899538.676972051733173 ] } },
{ "type": "Feature", "properties": { "category": "personal_service" }, "geometry": { "type": "Point", "coordinates": [ 234023.692506913357647, 903262.653622477548197 ] } },
{ "type": "Feature", "properties": { "category": "personal_service" }, "geometry": { "type": "Point", "coordinates": [ 231698.966973080707248, 897873.836563047138043 ] } },
{ "type": "Feature", "properties": { "category": "personal_service" }, "geometry": { "type": "Point", "coordinates": [ 223299.412598133843858, 895658.549575627199374 ] } },
{ "type": "Feature", "properties": { "category": "personal_service" }, "geometry": { "type": "Point", "coordinates": [ 237080.177953522361349, 907064.370021184789948 ] } },
{ "type": "Feature", "properties": { "category": "personal_service" }, "geometry": { "type": "Point", "coordinates": [ 235555.771606987633277, 899156.904356520273723 ] } },
{ "type": "Feature", "properties": { "category": "personal_service" }, "geometry": { "type": "Point", "coordinates": [ 237542.700467695627594, 899757.949318201979622 ] } },
{ "type": "Feature", "properties": { "category": "personal_service" }, "geometry": { "type": "Point", "coordinates": [ 222682.673261309537338, 895038.283543962053955 ] } },
{ "type": "Feature", "properties": { "category": "personal_service" }, "geometry": { "type": "Point", "coordinates": [ 235167.806243727507535, 900113.554077776614577 ] } },
{ "type": "Feature", "properties": { "category": "personal_service" }, "geometry": { "type": "Point", "coordinates": [ 234641.794398739759345, 899130.791116557782516 ] } },
{ "type": "Feature", "properties": { "category": "personal_service" }, "geometry": { "type": "Point", "coordinates": [ 230374.01496314216638, 887480.04578596772626 ] } },
{ "type": "Feature", "properties": { "category": "personal_service" }, "geometry": { "type": "Point", "coordinates": [ 229202.148709230299573, 888087.443885918706656 ] } },
{ "type": "Feature", "properties": { "category": "personal_service" }, "geometry": { "type": "Point", "coordinates": [ 225042.923430748167448, 902368.596078164177015 ] } },
{ "type": "Feature", "properties": { "category": "personal_service" }, "geometry": { "type": "Point", "coordinates": [ 233296.922845057095401, 891180.527588690863922 ] } },
{ "type": "Feature", "properties": { "category": "personal_service" }, "geometry": { "type": "Point", "coordinates": [ 227460.794368870148901, 898922.564883860293776 ] } },
{ "type": "Feature", "properties": { "category": "personal_service" }, "geometry": { "type": "Point", "coordinates": [ 235753.180663219885901, 912017.883542510913685 ] } },
{ "type": "Feature", "properties": { "category": "personal_service" }, "geometry": { "type": "Point", "coordinates": [ 239801.996373235713691, 891053.255815398646519 ] } },
{ "type": "Feature", "properties": { "category": "personal_service" }, "geometry": { "type": "Point", "coordinates": [ 232584.955915124271996, 901448.256082716630772 ] } },
{ "type": "Feature", "properties": { "category": "personal_service" }, "geometry": { "type": "Point", "coordinates": [ 239267.745307436038274, 908908.086582239251584 ] } },
{ "type": "Feature", "properties": { "category": "personal_service" }, "geometry": { "type": "Point", "coordinates": [ 238590.736056020657998, 889684.936812043655664 ] } },
{ "type": "Feature", "properties": { "category": "personal_service" }, "geometry": { "type": "Point", "coordinates": [ 232982.769241230562329, 896070.852365440805443 ] } },
{ "type": "Feature", "properties": { "category": "personal_service" }, "geometry": { "type": "Point", "coordinates": [ 238186.785432797187241, 906093.467319330433384 ] } },
{ "type": "Feature", "properties": { "category": "personal_service" }, "geometry": { "type": "Point", "coordinates": [ 233275.795866633066908, 897909.448377036373131 ] } },
{ "type": "Feature", "properties": { "category": "personal_service" }, "geometry": { "type": "Point", "coordinates": [ 224402.091851485747611, 901025.523564999690279 ] } },
{ "type": "Feature", "properties": { "category": "personal_service" }, "geometry": { "type": "Point", "coordinates": [ 226422.085755312989932, 902489.724055686616339 ] } },
{ "type": "Feature", "properties": { "category": "personal_service" }, "geometry": { "type": "Point", "coordinates": [ 236887.865275896008825, 906616.372553541208617 ] } },
{ "type": "Feature", "properties": { "category": "personal_service" }, "geometry": { "type": "Point", "coordinates": [ 239608.118072046636371, 904030.48725595290307 ] } },
{ "type": "Feature", "properties": { "category": "personal_service" }, "geometry": { "type": "Point", "coordinates": [ 221915.11549008169095, 902340.481455862289295 ] } },
{ "type": "Feature", "properties": { "category": "personal_service" }, "geometry": { "type": "Point", "coordinates": [ 235748.501473216427257, 911822.357527720509097 ] } },
{ "type": "Feature", "properties": { "category": "personal_service" }, "geometry": { "type": "Point", "coordinates": [ 232168.856549585325411, 907653.417559452820569 ] } },
{ "type": "Feature", "properties": { "category": "personal_service" }, "geometry": { "type": "Point", "coordinates": [ 236807.722264453943353, 901157.200604277430102 ] } },
{ "type": "Feature", "properties": { "category": "personal_service" }, "geometry": { "type": "Point", "coordinates": [ 236577.171472344489302, 900929.397042852127925 ] } },
{ "type": "Feature", "properties": { "category": "personal_service" }, "geometry": { "type": "Point", "coordinates": [ 245256.409804051043466, 912445.207311101607047 ] } },
{ "type": "Feature", "properties": { "category": "personal_service" }, "geometry": { "type": "Point", "coordinates": [ 235626.046864673699019, 891461.849522264790721 ] } },
{ "type": "Feature", "properties": { "category": "personal_service" }, "geometry": { "type": "Point", "coordinates": [ 221499.399767553026322, 901512.002982791396789 ] } },
{ "type": "Feature", "properties": { "category": "personal_service" }, "geometry": { "type": "Point", "coordinates": [ 235386.922259055107133, 908621.411119976313785 ] } },
{ "type": "Feature", "properties": { "category": "personal_service" }, "geometry": { "type": "Point", "coordinates": [ 237107.671776198403677, 906020.478452690527774 ] } },
{ "type": "Feature", "properties": { "category": "personal_service" }, "geometry": { "type": "Point", "coordinates": [ 238618.703314344631508, 903658.416517341509461 ] } },
{ "type": "Feature", "properties": { "category": "personal_service" }, "geometry": { "type": "Point", "coordinates": [ 230564.554803629929665, 892809.941250874428079 ] } },
{ "type": "Feature", "properties": { "category": "personal_service" }, "geometry": { "type": "Point", "coordinates": [ 237060.297957014292479, 893715.224440186750144 ] } },
{ "type": "Feature", "properties": { "category": "personal_service" }, "geometry": { "type": "Point", "coordinates": [ 227951.854605084954528, 902235.499617800116539 ] } },
{ "type": "Feature", "properties": { "category": "personal_service" }, "geometry": { "type": "Point", "coordinates": [ 235842.985652692324948, 899230.56373285013251 ] } },
{ "type": "Feature", "properties": { "category": "personal_service" }, "geometry": { "type": "Point", "coordinates": [ 241189.457739819656126, 888447.6153069838183 ] } },
{ "type": "Feature", "properties": { "category": "personal_service" }, "geometry": { "type": "Point", "coordinates": [ 232727.135266822820995, 906256.065299509675242 ] } },
{ "type": "Feature", "properties": { "category": "personal_service" }, "geometry": { "type": "Point", "coordinates": [ 231409.346336194401374, 897929.630235435906798 ] } },
{ "type": "Feature", "properties": { "category": "personal_service" }, "geometry": { "type": "Point", "coordinates": [ 235567.468093247211073, 896518.873673073016107 ] } },
{ "type": "Feature", "properties": { "category": "personal_service" }, "geometry": { "type": "Point", "coordinates": [ 236217.219462212116923, 900805.346567597938702 ] } },
{ "type": "Feature", "properties": { "category": "personal_service" }, "geometry": { "type": "Point", "coordinates": [ 238732.916436675761361, 902972.910748836584389 ] } },
{ "type": "Feature", "properties": { "category": "personal_service" }, "geometry": { "type": "Point", "coordinates": [ 231401.048528591782087, 904154.618847490288317 ] } },
{ "type": "Feature", "properties": { "category": "personal_service" }, "geometry": { "type": "Point", "coordinates": [ 236087.759103506046813, 906229.879012253601104 ] } },
{ "type": "Feature", "properties": { "category": "personal_service" }, "geometry": { "type": "Point", "coordinates": [ 221790.666123209171928, 892446.732008958468214 ] } },
{ "type": "Feature", "properties": { "category": "personal_service" }, "geometry": { "type": "Point", "coordinates": [ 236696.595790833642241, 892770.277260246104561 ] } },
{ "type": "Feature", "properties": { "category": "personal_service" }, "geometry": { "type": "Point", "coordinates": [ 235912.402725253778044, 911925.388897421653382 ] } },
{ "type": "Feature", "properties": { "category": "personal_service" }, "geometry": { "type": "Point", "coordinates": [ 243119.085681784257758, 912725.333378212177195 ] } },
{ "type": "Feature", "properties": { "category": "personal_service" }, "geometry": { "type": "Point", "coordinates": [ 224052.418589892302407, 896415.959542278666049 ] } },
{ "type": "Feature", "properties": { "category": "personal_service" }, "geometry": { "type": "Point", "coordinates": [ 225909.952365913777612, 904028.912929205689579 ] } },
{ "type": "Feature", "properties": { "category": "personal_service" }, "geometry": { "type": "Point", "coordinates": [ 231236.770048954349477, 906782.90090642310679 ] } },
{ "type": "Feature", "properties": { "category": "personal_service" }, "geometry": { "type": "Point", "coordinates": [ 235925.200148949195864, 900186.253440804546699 ] } },
{ "type": "Feature", "properties": { "category": "personal_service" }, "geometry": { "type": "Point", "coordinates": [ 223794.165369395748712, 899722.835198711371049 ] } },
{ "type": "Feature", "properties": { "category": "personal_service" }, "geometry": { "type": "Point", "coordinates": [ 235881.584184864506824, 901499.085419229930267 ] } },
{ "type": "Feature", "properties": { "category": "personal_service" }, "geometry": { "type": "Point", "coordinates": [ 234388.061837216286222, 900008.614449101267383 ] } },
{ "type": "Feature", "properties": { "category": "personal_service" }, "geometry": { "type": "Point", "coordinates": [ 226002.832585177355213, 901716.50257498701103 ] } },
{ "type": "Feature", "properties": { "category": "personal_service" }, "geometry": { "type": "Point", "coordinates": [ 234160.323927614081185, 899873.321765323053114 ] } },
{ "type": "Feature", "properties": { "category": "personal_service" }, "geometry": { "type": "Point", "coordinates": [ 232472.391827485262183, 906728.413163937511854 ] } },
{ "type": "Feature", "properties": { "category": "personal_service" }, "geometry": { "type": "Point", "coordinates": [ 239415.57556324696634, 891346.655037428950891 ] } },
{ "type": "Feature", "properties": { "category": "personal_service" }, "geometry": { "type": "Point", "coordinates": [ 229906.787383638555184, 887491.818802038906142 ] } },
{ "type": "Feature", "properties": { "category": "personal_service" }, "geometry": { "type": "Point", "coordinates": [ 233807.541811483795755, 893076.810744239366613 ] } },
{ "type": "Feature", "properties": { "category": "personal_service" }, "geometry": { "type": "Point", "coordinates": [ 232263.339993979199789, 906113.29270705464296 ] } },
{ "type": "Feature", "properties": { "category": "personal_service" }, "geometry": { "type": "Point", "coordinates": [ 238168.259999517380493, 898832.262487754458562 ] } },
{ "type": "Feature", "properties": { "category": "personal_service" }, "geometry": { "type": "Point", "coordinates": [ 228348.703717402182519, 899620.545019322773442 ] } },
{ "type": "Feature", "properties": { "category": "personal_service" }, "geometry": { "type": "Point", "coordinates": [ 240949.770860641263425, 903993.749571756692603 ] } },
{ "type": "Feature", "properties": { "category": "personal_service" }, "geometry": { "type": "Point", "coordinates": [ 226689.884332008921774, 904084.817682167049497 ] } },
{ "type": "Feature", "properties": { "category": "personal_service" }, "geometry": { "type": "Point", "coordinates": [ 234871.100916509021772, 900132.069577736314386 ] } },
{ "type": "Feature", "properties": { "category": "personal_service" }, "geometry": { "type": "Point", "coordinates": [ 226603.893077544664266, 902003.222861600341275 ] } },
{ "type": "Feature", "properties": { "category": "personal_service" }, "geometry": { "type": "Point", "coordinates": [ 221783.595460276468657, 893344.978192326263525 ] } },
{ "type": "Feature", "properties": { "category": "personal_service" }, "geometry": { "type": "Point", "coordinates": [ 222521.636607327905949, 899929.799578081117943 ] } },
{ "type": "Feature", "properties": { "category": "personal_service" }, "geometry": { "type": "Point", "coordinates": [ 236135.041281976358732, 900604.982843938283622 ] } },
{ "type": "Feature", "properties": { "category": "personal_service" }, "geometry": { "type": "Point", "coordinates": [ 233452.320528531214222, 891550.592257810058072 ] } },
{ "type": "Feature", "properties": { "category": "personal_service" }, "geometry": { "type": "Point", "coordinates": [ 237056.419119749771198, 901518.401647435268387 ] } },
{ "type": "Feature", "properties": { "category": "personal_service" }, "geometry": { "type": "Point", "coordinates": [ 235466.518147042690543, 899191.553979329532012 ] } },
{ "type": "Feature", "properties": { "category": "personal_service" }, "geometry": { "type": "Point", "coordinates": [ 222771.367596458352637, 896267.405919829383492 ] } },
{ "type": "Feature", "properties": { "category": "personal_service" }, "geometry": { "type": "Point", "coordinates": [ 221787.224741860933136, 892279.552788465400226 ] } },
{ "type": "Feature", "properties": { "category": "personal_service" }, "geometry": { "type": "Point", "coordinates": [ 234560.674949641776038, 908058.562827329616994 ] } },
{ "type": "Feature", "properties": { "category": "personal_service" }, "geometry": { "type": "Point", "coordinates": [ 235940.600492632860551, 898979.13783073623199 ] } },
{ "type": "Feature", "properties": { "category": "personal_service" }, "geometry": { "type": "Point", "coordinates": [ 224522.139126103313174, 901067.484448611852713 ] } },
{ "type": "Feature", "properties": { "category": "personal_service" }, "geometry": { "type": "Point", "coordinates": [ 236209.017468524631113, 894397.244933065259829 ] } },
{ "type": "Feature", "properties": { "category": "personal_service" }, "geometry": { "type": "Point", "coordinates": [ 235161.466613273369148, 898762.038973895134404 ] } },
{ "type": "Feature", "properties": { "category": "personal_service" }, "geometry": { "type": "Point", "coordinates": [ 235839.097896728577325, 908319.901740051689558 ] } },
{ "type": "Feature", "properties": { "category": "personal_service" }, "geometry": { "type": "Point", "coordinates": [ 236206.210986577410949, 900079.727774584433064 ] } },
{ "type": "Feature", "properties": { "category": "personal_service" }, "geometry": { "type": "Point", "coordinates": [ 239165.976190422807122, 904654.16139754652977 ] } },
{ "type": "Feature", "properties": { "category": "personal_service" }, "geometry": { "type": "Point", "coordinates": [ 231196.614176139177289, 889583.631780706811696 ] } },
{ "type": "Feature", "properties": { "category": "personal_service" }, "geometry": { "type": "Point", "coordinates": [ 244418.494872981333174, 911931.986689863377251 ] } },
{ "type": "Feature", "properties": { "category": "personal_service" }, "geometry": { "type": "Point", "coordinates": [ 232978.837312941759592, 901317.244440795038827 ] } },
{ "type": "Feature", "properties": { "category": "personal_service" }, "geometry": { "type": "Point", "coordinates": [ 235504.832410670642275, 913209.298318556626327 ] } },
{ "type": "Feature", "properties": { "category": "personal_service" }, "geometry": { "type": "Point", "coordinates": [ 224832.743099732033443, 900336.353231041575782 ] } },
{ "type": "Feature", "properties": { "category": "personal_service" }, "geometry": { "type": "Point", "coordinates": [ 233542.324163713230519, 892830.062527648871765 ] } },
{ "type": "Feature", "properties": { "category": "personal_service" }, "geometry": { "type": "Point", "coordinates": [ 224178.391361770307412, 903644.740136228268966 ] } },
{ "type": "Feature", "properties": { "category": "personal_service" }, "geometry": { "type": "Point", "coordinates": [ 232471.321479281672509, 906764.064654720248654 ] } },
{ "type": "Feature", "properties": { "category": "personal_service" }, "geometry": { "type": "Point", "coordinates": [ 237619.317538570903707, 890049.116190173546784 ] } },
{ "type": "Feature", "properties": { "category": "personal_service" }, "geometry": { "type": "Point", "coordinates": [ 226775.344019101554295, 896541.987385128857568 ] } },
{ "type": "Feature", "properties": { "category": "personal_service" }, "geometry": { "type": "Point", "coordinates": [ 237261.200853498885408, 898287.113271365873516 ] } },
{ "type": "Feature", "properties": { "category": "personal_service" }, "geometry": { "type": "Point", "coordinates": [ 243750.027519245282747, 912957.290746788494289 ] } },
{ "type": "Feature", "properties": { "category": "personal_service" }, "geometry": { "type": "Point", "coordinates": [ 223517.806284553051228, 891786.062759867636487 ] } },
{ "type": "Feature", "properties": { "category": "personal_service" }, "geometry": { "type": "Point", "coordinates": [ 236400.817402335087536, 900669.446942423703149 ] } },
{ "type": "Feature", "properties": { "category": "personal_service" }, "geometry": { "type": "Point", "coordinates": [ 236249.617641155025922, 900929.032566706999205 ] } },
{ "type": "Feature", "properties": { "category": "personal_service" }, "geometry": { "type": "Point", "coordinates": [ 229581.238478099490749, 900396.613674592110328 ] } },
{ "type": "Feature", "properties": { "category": "personal_service" }, "geometry": { "type": "Point", "coordinates": [ 238532.567834786954336, 891281.22747684456408 ] } },
{ "type": "Feature", "properties": { "category": "personal_service" }, "geometry": { "type": "Point", "coordinates": [ 233767.020812535658479, 903273.41157439770177 ] } },
{ "type": "Feature", "properties": { "category": "personal_service" }, "geometry": { "type": "Point", "coordinates": [ 233730.701183194061741, 903136.388342220452614 ] } },
{ "type": "Feature", "properties": { "category": "personal_service" }, "geometry": { "type": "Point", "coordinates": [ 233102.589301726140548, 895905.799779273336753 ] } },
{ "type": "Feature", "properties": { "category": "personal_service" }, "geometry": { "type": "Point", "coordinates": [ 229864.056724443391431, 899684.469962151022628 ] } },
{ "type": "Feature", "properties": { "category": "personal_service" }, "geometry": { "type": "Point", "coordinates": [ 234507.832189980661497, 896757.963001438765787 ] } },
{ "type": "Feature", "properties": { "category": "personal_service" }, "geometry": { "type": "Point", "coordinates": [ 232775.62585079978453, 902655.785248315660283 ] } },
{ "type": "Feature", "properties": { "category": "personal_service" }, "geometry": { "type": "Point", "coordinates": [ 243998.58962458523456, 912048.753378188470379 ] } },
{ "type": "Feature", "properties": { "category": "personal_service" }, "geometry": { "type": "Point", "coordinates": [ 223256.665373114927206, 902071.76560477016028 ] } },
{ "type": "Feature", "properties": { "category": "personal_service" }, "geometry": { "type": "Point", "coordinates": [ 229121.637510637578089, 900624.180324904853478 ] } },
{ "type": "Feature", "properties": { "category": "personal_service" }, "geometry": { "type": "Point", "coordinates": [ 234459.934094650961924, 899465.796090262476355 ] } },
{ "type": "Feature", "properties": { "category": "personal_service" }, "geometry": { "type": "Point", "coordinates": [ 235130.463737986458, 899935.975884847226553 ] } },
{ "type": "Feature", "properties": { "category": "personal_service" }, "geometry": { "type": "Point", "coordinates": [ 235188.023322185210418, 900041.565704625449143 ] } },
{ "type": "Feature", "properties": { "category": "personal_service" }, "geometry": { "type": "Point", "coordinates": [ 232238.115657969348831, 906192.376246208325028 ] } },
{ "type": "Feature", "properties": { "category": "personal_service" }, "geometry": { "type": "Point", "coordinates": [ 234944.452633968030568, 902015.985757435439155 ] } },
{ "type": "Feature", "properties": { "category": "personal_service" }, "geometry": { "type": "Point", "coordinates": [ 227791.081599740020465, 903003.96572608302813 ] } },
{ "type": "Feature", "properties": { "category": "personal_service" }, "geometry": { "type": "Point", "coordinates": [ 228713.221252875518985, 893041.954342358745635 ] } },
{ "type": "Feature", "properties": { "category": "personal_service" }, "geometry": { "type": "Point", "coordinates": [ 228695.869401941425167, 907576.935150683159009 ] } },
{ "type": "Feature", "properties": { "category": "personal_service" }, "geometry": { "type": "Point", "coordinates": [ 232325.434027848154074, 900632.18965969781857 ] } },
{ "type": "Feature", "properties": { "category": "personal_service" }, "geometry": { "type": "Point", "coordinates": [ 221214.818475019506877, 902813.299700481933542 ] } },
{ "type": "Feature", "properties": { "category": "personal_service" }, "geometry": { "type": "Point", "coordinates": [ 226791.086773101735162, 905315.063014060491696 ] } },
{ "type": "Feature", "properties": { "category": "personal_service" }, "geometry": { "type": "Point", "coordinates": [ 234799.700146502204007, 898411.121790291275829 ] } },
{ "type": "Feature", "properties": { "category": "personal_service" }, "geometry": { "type": "Point", "coordinates": [ 223735.580139676254475, 895793.188679649727419 ] } },
{ "type": "Feature", "properties": { "category": "personal_service" }, "geometry": { "type": "Point", "coordinates": [ 236217.244307470769854, 900161.093734684283845 ] } },
{ "type": "Feature", "properties": { "category": "personal_service" }, "geometry": { "type": "Point", "coordinates": [ 234478.540240001544589, 900040.159562919987366 ] } },
{ "type": "Feature", "properties": { "category": "personal_service" }, "geometry": { "type": "Point", "coordinates": [ 231121.835461202426814, 890353.054165215580724 ] } },
{ "type": "Feature", "properties": { "category": "personal_service" }, "geometry": { "type": "Point", "coordinates": [ 236242.820591624476947, 901591.91263400297612 ] } },
{ "type": "Feature", "properties": { "category": "personal_service" }, "geometry": { "type": "Point", "coordinates": [ 231172.084451538510621, 902494.643587647355162 ] } },
{ "type": "Feature", "properties": { "category": "personal_service" }, "geometry": { "type": "Point", "coordinates": [ 237793.62183042691322, 906122.109146209899336 ] } },
{ "type": "Feature", "properties": { "category": "personal_service" }, "geometry": { "type": "Point", "coordinates": [ 227522.210834424302448, 900010.584688183036633 ] } },
{ "type": "Feature", "properties": { "category": "personal_service" }, "geometry": { "type": "Point", "coordinates": [ 240852.460467815719312, 908008.049820111016743 ] } },
{ "type": "Feature", "properties": { "category": "personal_service" }, "geometry": { "type": "Point", "coordinates": [ 230305.82056438899599, 905385.557508960366249 ] } },
{ "type": "Feature", "properties": { "category": "personal_service" }, "geometry": { "type": "Point", "coordinates": [ 230315.083601798018208, 900451.947586857248098 ] } },
{ "type": "Feature", "properties": { "category": "personal_service" }, "geometry": { "type": "Point", "coordinates": [ 230320.43458795294282, 892711.026874145492911 ] } },
{ "type": "Feature", "properties": { "category": "personal_service" }, "geometry": { "type": "Point", "coordinates": [ 230301.908002052572556, 905471.848846141947433 ] } },
{ "type": "Feature", "properties": { "category": "personal_service" }, "geometry": { "type": "Point", "coordinates": [ 242846.444157146150246, 911351.029620399698615 ] } },
{ "type": "Feature", "properties": { "category": "personal_service" }, "geometry": { "type": "Point", "coordinates": [ 228192.090260873781517, 892191.22697199031245 ] } },
{ "type": "Feature", "properties": { "category": "personal_service" }, "geometry": { "type": "Point", "coordinates": [ 237542.700467695627594, 899757.949318201979622 ] } },
{ "type": "Feature", "properties": { "category": "personal_service" }, "geometry": { "type": "Point", "coordinates": [ 245895.845012107602088, 912931.234800002886914 ] } },
{ "type": "Feature", "properties": { "category": "personal_service" }, "geometry": { "type": "Point", "coordinates": [ 225331.967597531882348, 897881.777151751099154 ] } },
{ "type": "Feature", "properties": { "category": "personal_service" }, "geometry": { "type": "Point", "coordinates": [ 237866.644762917363551, 893444.04872051125858 ] } },
{ "type": "Feature", "properties": { "category": "personal_service" }, "geometry": { "type": "Point", "coordinates": [ 234522.524803945358144, 908067.81687837280333 ] } },
{ "type": "Feature", "properties": { "category": "personal_service" }, "geometry": { "type": "Point", "coordinates": [ 225977.641602986870566, 901712.410593567881733 ] } },
{ "type": "Feature", "properties": { "category": "personal_service" }, "geometry": { "type": "Point", "coordinates": [ 230278.691557772952365, 907895.827659201342613 ] } },
{ "type": "Feature", "properties": { "category": "personal_service" }, "geometry": { "type": "Point", "coordinates": [ 235704.377442756842356, 895206.636725807446055 ] } },
{ "type": "Feature", "properties": { "category": "personal_service" }, "geometry": { "type": "Point", "coordinates": [ 235460.936113011470297, 911448.111395106650889 ] } },
{ "type": "Feature", "properties": { "category": "personal_service" }, "geometry": { "type": "Point", "coordinates": [ 236171.60276935659931, 900224.395296306465752 ] } },
{ "type": "Feature", "properties": { "category": "personal_service" }, "geometry": { "type": "Point", "coordinates": [ 237448.539231807866599, 908434.162910552462563 ] } },
{ "type": "Feature", "properties": { "category": "personal_service" }, "geometry": { "type": "Point", "coordinates": [ 231031.131952121737413, 897350.571818682132289 ] } },
{ "type": "Feature", "properties": { "category": "personal_service" }, "geometry": { "type": "Point", "coordinates": [ 235130.463737986458, 899935.975884847226553 ] } },
{ "type": "Feature", "properties": { "category": "personal_service" }, "geometry": { "type": "Point", "coordinates": [ 239603.882190062024165, 905861.940523490542546 ] } },
{ "type": "Feature", "properties": { "category": "personal_service" }, "geometry": { "type": "Point", "coordinates": [ 236619.035029719030717, 892617.698323447490111 ] } },
{ "type": "Feature", "properties": { "category": "personal_service" }, "geometry": { "type": "Point", "coordinates": [ 225621.592138672189321, 903099.242462917463854 ] } },
{ "type": "Feature", "properties": { "category": "personal_service" }, "geometry": { "type": "Point", "coordinates": [ 233587.267994578083744, 890896.1091585989343 ] } },
{ "type": "Feature", "properties": { "category": "personal_service" }, "geometry": { "type": "Point", "coordinates": [ 225666.897169240488438, 903006.657764851115644 ] } },
{ "type": "Feature", "properties": { "category": "personal_service" }, "geometry": { "type": "Point", "coordinates": [ 239200.674514737998834, 913620.541124501265585 ] } },
{ "type": "Feature", "properties": { "category": "personal_service" }, "geometry": { "type": "Point", "coordinates": [ 236257.833990452956641, 901396.270083621144295 ] } },
{ "type": "Feature", "properties": { "category": "personal_service" }, "geometry": { "type": "Point", "coordinates": [ 240695.646380174497608, 907899.835474718594924 ] } },
{ "type": "Feature", "properties": { "category": "personal_service" }, "geometry": { "type": "Point", "coordinates": [ 224728.628456539561739, 901218.829152321326546 ] } },
{ "type": "Feature", "properties": { "category": "personal_service" }, "geometry": { "type": "Point", "coordinates": [ 239848.041015145310666, 912271.662093564169481 ] } },
{ "type": "Feature", "properties": { "category": "personal_service" }, "geometry": { "type": "Point", "coordinates": [ 235785.927199118479621, 902990.270177465165034 ] } },
{ "type": "Feature", "properties": { "category": "personal_service" }, "geometry": { "type": "Point", "coordinates": [ 235376.887965212838026, 901134.300089497119188 ] } },
{ "type": "Feature", "properties": { "category": "personal_service" }, "geometry": { "type": "Point", "coordinates": [ 232425.651731583522633, 905816.126329300925136 ] } },
{ "type": "Feature", "properties": { "category": "personal_service" }, "geometry": { "type": "Point", "coordinates": [ 244233.191827212460339, 910193.504159016418271 ] } },
{ "type": "Feature", "properties": { "category": "personal_service" }, "geometry": { "type": "Point", "coordinates": [ 245323.628055916458834, 912492.962105941609479 ] } },
{ "type": "Feature", "properties": { "category": "personal_service" }, "geometry": { "type": "Point", "coordinates": [ 221060.89571734063793, 903497.519718157942407 ] } },
{ "type": "Feature", "properties": { "category": "personal_service" }, "geometry": { "type": "Point", "coordinates": [ 228510.70324371921015, 888185.465658893575892 ] } },
{ "type": "Feature", "properties": { "category": "personal_service" }, "geometry": { "type": "Point", "coordinates": [ 240640.075464709254447, 904233.103962575551122 ] } },
{ "type": "Feature", "properties": { "category": "personal_service" }, "geometry": { "type": "Point", "coordinates": [ 239330.006614629266551, 893356.996686175465584 ] } },
{ "type": "Feature", "properties": { "category": "personal_service" }, "geometry": { "type": "Point", "coordinates": [ 226032.741893336293288, 901758.822847792762332 ] } },
{ "type": "Feature", "properties": { "category": "personal_service" }, "geometry": { "type": "Point", "coordinates": [ 227642.529053481470328, 900004.392271595890634 ] } },
{ "type": "Feature", "properties": { "category": "personal_service" }, "geometry": { "type": "Point", "coordinates": [ 230314.044573799095815, 907923.305766090750694 ] } },
{ "type": "Feature", "properties": { "category": "personal_service" }, "geometry": { "type": "Point", "coordinates": [ 234887.526736719824839, 900192.46641349978745 ] } },
{ "type": "Feature", "properties": { "category": "personal_service" }, "geometry": { "type": "Point", "coordinates": [ 231174.441767449316103, 900255.101035666302778 ] } },
{ "type": "Feature", "properties": { "category": "personal_service" }, "geometry": { "type": "Point", "coordinates": [ 222035.717528225068236, 893763.297056215000339 ] } },
{ "type": "Feature", "properties": { "category": "personal_service" }, "geometry": { "type": "Point", "coordinates": [ 239840.072890177951194, 915498.204847065033391 ] } },
{ "type": "Feature", "properties": { "category": "personal_service" }, "geometry": { "type": "Point", "coordinates": [ 224435.531236621376593, 901051.298658008803613 ] } },
{ "type": "Feature", "properties": { "category": "personal_service" }, "geometry": { "type": "Point", "coordinates": [ 236484.191303002124187, 894300.808304781909101 ] } },
{ "type": "Feature", "properties": { "category": "personal_service" }, "geometry": { "type": "Point", "coordinates": [ 239630.220867040159646, 903761.800371771561913 ] } },
{ "type": "Feature", "properties": { "category": "personal_service" }, "geometry": { "type": "Point", "coordinates": [ 234261.300523094600067, 898630.631996924523264 ] } },
{ "type": "Feature", "properties": { "category": "personal_service" }, "geometry": { "type": "Point", "coordinates": [ 228265.179640514630591, 890217.707053705118597 ] } },
{ "type": "Feature", "properties": { "category": "personal_service" }, "geometry": { "type": "Point", "coordinates": [ 229261.548803090554429, 906905.353012710344046 ] } },
{ "type": "Feature", "properties": { "category": "personal_service" }, "geometry": { "type": "Point", "coordinates": [ 231788.764784135797527, 895037.893623610259965 ] } },
{ "type": "Feature", "properties": { "category": "personal_service" }, "geometry": { "type": "Point", "coordinates": [ 232912.617222382832551, 903811.086362354224548 ] } },
{ "type": "Feature", "properties": { "category": "personal_service" }, "geometry": { "type": "Point", "coordinates": [ 222955.610827555705328, 902247.499951461213641 ] } },
{ "type": "Feature", "properties": { "category": "personal_service" }, "geometry": { "type": "Point", "coordinates": [ 236849.297275228658691, 901555.078980368212797 ] } },
{ "type": "Feature", "properties": { "category": "personal_service" }, "geometry": { "type": "Point", "coordinates": [ 222384.247777157259407, 904465.991351193049923 ] } },
{ "type": "Feature", "properties": { "category": "personal_service" }, "geometry": { "type": "Point", "coordinates": [ 227555.240404990210664, 889638.188557449728251 ] } },
{ "type": "Feature", "properties": { "category": "personal_service" }, "geometry": { "type": "Point", "coordinates": [ 229648.260510144609725, 904797.699151494773105 ] } },
{ "type": "Feature", "properties": { "category": "personal_service" }, "geometry": { "type": "Point", "coordinates": [ 223694.763317699776962, 896553.923909850651398 ] } },
{ "type": "Feature", "properties": { "category": "personal_service" }, "geometry": { "type": "Point", "coordinates": [ 233035.39328302355716, 901535.556355585111305 ] } },
{ "type": "Feature", "properties": { "category": "personal_service" }, "geometry": { "type": "Point", "coordinates": [ 243722.945044855587184, 914531.042033265461214 ] } },
{ "type": "Feature", "properties": { "category": "personal_service" }, "geometry": { "type": "Point", "coordinates": [ 231919.440118608239572, 899361.160372042912059 ] } },
{ "type": "Feature", "properties": { "category": "personal_service" }, "geometry": { "type": "Point", "coordinates": [ 238064.711653729726095, 898749.059020556742325 ] } },
{ "type": "Feature", "properties": { "category": "personal_service" }, "geometry": { "type": "Point", "coordinates": [ 237533.745285651588347, 893390.836027989396825 ] } },
{ "type": "Feature", "properties": { "category": "personal_service" }, "geometry": { "type": "Point", "coordinates": [ 235298.39726300840266, 893628.408498517703265 ] } },
{ "type": "Feature", "properties": { "category": "personal_service" }, "geometry": { "type": "Point", "coordinates": [ 233215.698151556513039, 891085.729178133769892 ] } },
{ "type": "Feature", "properties": { "category": "personal_service" }, "geometry": { "type": "Point", "coordinates": [ 232315.894448175036814, 900843.415866504539736 ] } },
{ "type": "Feature", "properties": { "category": "personal_service" }, "geometry": { "type": "Point", "coordinates": [ 236380.70430160529213, 900098.623567746020854 ] } },
{ "type": "Feature", "properties": { "category": "personal_service" }, "geometry": { "type": "Point", "coordinates": [ 238477.396195009612711, 889678.3181550266454 ] } },
{ "type": "Feature", "properties": { "category": "personal_service" }, "geometry": { "type": "Point", "coordinates": [ 236671.310217952268431, 901186.811722412821837 ] } },
{ "type": "Feature", "properties": { "category": "personal_service" }, "geometry": { "type": "Point", "coordinates": [ 236887.865275896008825, 906616.372553541208617 ] } },
{ "type": "Feature", "properties": { "category": "personal_service" }, "geometry": { "type": "Point", "coordinates": [ 230505.929703950649127, 888162.172856916673481 ] } },
{ "type": "Feature", "properties": { "category": "personal_service" }, "geometry": { "type": "Point", "coordinates": [ 236500.247099109023111, 900719.059252479928546 ] } },
{ "type": "Feature", "properties": { "category": "personal_service" }, "geometry": { "type": "Point", "coordinates": [ 235671.555045102431905, 908236.404888946563005 ] } },
{ "type": "Feature", "properties": { "category": "personal_service" }, "geometry": { "type": "Point", "coordinates": [ 236754.78180364985019, 900883.670962162083015 ] } },
{ "type": "Feature", "properties": { "category": "personal_service" }, "geometry": { "type": "Point", "coordinates": [ 237648.309185363468714, 904957.549924334511161 ] } },
{ "type": "Feature", "properties": { "category": "personal_service" }, "geometry": { "type": "Point", "coordinates": [ 245188.81334182532737, 912277.260299980756827 ] } },
{ "type": "Feature", "properties": { "category": "personal_service" }, "geometry": { "type": "Point", "coordinates": [ 230544.200504991662456, 907402.563771274406463 ] } },
{ "type": "Feature", "properties": { "category": "personal_service" }, "geometry": { "type": "Point", "coordinates": [ 231845.005418526212452, 905617.525733275106177 ] } },
{ "type": "Feature", "properties": { "category": "personal_service" }, "geometry": { "type": "Point", "coordinates": [ 222343.379558774438919, 900227.361537921940908 ] } },
{ "type": "Feature", "properties": { "category": "personal_service" }, "geometry": { "type": "Point", "coordinates": [ 238045.098338354902808, 904894.706917718518525 ] } },
{ "type": "Feature", "properties": { "category": "personal_service" }, "geometry": { "type": "Point", "coordinates": [ 243395.537013820925495, 915950.862020901287906 ] } },
{ "type": "Feature", "properties": { "category": "personal_service" }, "geometry": { "type": "Point", "coordinates": [ 235751.991293269005837, 903023.420968649559654 ] } },
{ "type": "Feature", "properties": { "category": "personal_service" }, "geometry": { "type": "Point", "coordinates": [ 235961.495129647664726, 905422.906544821104035 ] } },
{ "type": "Feature", "properties": { "category": "personal_service" }, "geometry": { "type": "Point", "coordinates": [ 232395.101130672323052, 904639.88202730123885 ] } },
{ "type": "Feature", "properties": { "category": "personal_service" }, "geometry": { "type": "Point", "coordinates": [ 235325.644975958246505, 898741.535266848863102 ] } },
{ "type": "Feature", "properties": { "category": "personal_service" }, "geometry": { "type": "Point", "coordinates": [ 235778.343228084064322, 896225.922279687016271 ] } },
{ "type": "Feature", "properties": { "category": "personal_service" }, "geometry": { "type": "Point", "coordinates": [ 230258.067302505834959, 900605.87765620124992 ] } },
{ "type": "Feature", "properties": { "category": "personal_service" }, "geometry": { "type": "Point", "coordinates": [ 230884.201198733528145, 889247.139424075372517 ] } },
{ "type": "Feature", "properties": { "category": "personal_service" }, "geometry": { "type": "Point", "coordinates": [ 238732.916436675761361, 902972.910748836584389 ] } },
{ "type": "Feature", "properties": { "category": "personal_service" }, "geometry": { "type": "Point", "coordinates": [ 222176.946617920330027, 903438.751069603138603 ] } },
{ "type": "Feature", "properties": { "category": "personal_service" }, "geometry": { "type": "Point", "coordinates": [ 231416.456151500344276, 902918.940242286305875 ] } },
{ "type": "Feature", "properties": { "category": "personal_service" }, "geometry": { "type": "Point", "coordinates": [ 226695.542219906288665, 908183.422261594096199 ] } },
{ "type": "Feature", "properties": { "category": "personal_service" }, "geometry": { "type": "Point", "coordinates": [ 224595.591792487772182, 900982.100472501246259 ] } },
{ "type": "Feature", "properties": { "category": "personal_service" }, "geometry": { "type": "Point", "coordinates": [ 239710.763581391714979, 890714.957071754033677 ] } },
{ "type": "Feature", "properties": { "category": "personal_service" }, "geometry": { "type": "Point", "coordinates": [ 224108.752495631517377, 896839.686982116894796 ] } },
{ "type": "Feature", "properties": { "category": "personal_service" }, "geometry": { "type": "Point", "coordinates": [ 228643.299630456167506, 900200.897181948996149 ] } },
{ "type": "Feature", "properties": { "category": "personal_service" }, "geometry": { "type": "Point", "coordinates": [ 226609.843999769655056, 887374.730489688576199 ] } },
{ "type": "Feature", "properties": { "category": "personal_service" }, "geometry": { "type": "Point", "coordinates": [ 237439.695462420175318, 898367.260111078503542 ] } },
{ "type": "Feature", "properties": { "category": "personal_service" }, "geometry": { "type": "Point", "coordinates": [ 243183.22148421528982, 903483.608755623456091 ] } },
{ "type": "Feature", "properties": { "category": "personal_service" }, "geometry": { "type": "Point", "coordinates": [ 246204.045819477760233, 913250.841570869786665 ] } },
{ "type": "Feature", "properties": { "category": "personal_service" }, "geometry": { "type": "Point", "coordinates": [ 240316.445622047234792, 908335.858858180115931 ] } },
{ "type": "Feature", "properties": { "category": "personal_service" }, "geometry": { "type": "Point", "coordinates": [ 231168.33368402114138, 903117.220495368470438 ] } },
{ "type": "Feature", "properties": { "category": "personal_service" }, "geometry": { "type": "Point", "coordinates": [ 236505.395122621383052, 900996.781503047794104 ] } },
{ "type": "Feature", "properties": { "category": "personal_service" }, "geometry": { "type": "Point", "coordinates": [ 230904.301043463201495, 892730.228945858427323 ] } },
{ "type": "Feature", "properties": { "category": "personal_service" }, "geometry": { "type": "Point", "coordinates": [ 234365.982421310152858, 897614.784485772484913 ] } },
{ "type": "Feature", "properties": { "category": "personal_service" }, "geometry": { "type": "Point", "coordinates": [ 229619.966066184686497, 902095.60045620566234 ] } },
{ "type": "Feature", "properties": { "category": "personal_service" }, "geometry": { "type": "Point", "coordinates": [ 226218.212481017777463, 904172.681290542124771 ] } },
{ "type": "Feature", "properties": { "category": "personal_service" }, "geometry": { "type": "Point", "coordinates": [ 221777.081737180706114, 902948.202381833805703 ] } },
{ "type": "Feature", "properties": { "category": "personal_service" }, "geometry": { "type": "Point", "coordinates": [ 224325.67383597814478, 901611.303406924474984 ] } },
{ "type": "Feature", "properties": { "category": "personal_service" }, "geometry": { "type": "Point", "coordinates": [ 238990.839275372331031, 911188.582252492778935 ] } },
{ "type": "Feature", "properties": { "category": "personal_service" }, "geometry": { "type": "Point", "coordinates": [ 236262.209194797091186, 900229.083212521276437 ] } },
{ "type": "Feature", "properties": { "category": "personal_service" }, "geometry": { "type": "Point", "coordinates": [ 225413.296359601692529, 902625.516138098435476 ] } },
{ "type": "Feature", "properties": { "category": "personal_service" }, "geometry": { "type": "Point", "coordinates": [ 233003.383104283595458, 903491.939222327200696 ] } },
{ "type": "Feature", "properties": { "category": "personal_service" }, "geometry": { "type": "Point", "coordinates": [ 229319.544469776796177, 906854.498595845536329 ] } },
{ "type": "Feature", "properties": { "category": "personal_service" }, "geometry": { "type": "Point", "coordinates": [ 230810.741879590321332, 893094.481378632364795 ] } },
{ "type": "Feature", "properties": { "category": "personal_service" }, "geometry": { "type": "Point", "coordinates": [ 230545.73256338678766, 905120.23009856895078 ] } },
{ "type": "Feature", "properties": { "category": "personal_service" }, "geometry": { "type": "Point", "coordinates": [ 226540.955207122460706, 902005.206374821253121 ] } },
{ "type": "Feature", "properties": { "category": "personal_service" }, "geometry": { "type": "Point", "coordinates": [ 247214.80697059087106, 913698.568727296544239 ] } },
{ "type": "Feature", "properties": { "category": "personal_service" }, "geometry": { "type": "Point", "coordinates": [ 235379.227312291681301, 900833.29010399337858 ] } },
{ "type": "Feature", "properties": { "category": "personal_service" }, "geometry": { "type": "Point", "coordinates": [ 232420.430740513489582, 895627.484356720233336 ] } },
{ "type": "Feature", "properties": { "category": "personal_service" }, "geometry": { "type": "Point", "coordinates": [ 235525.807623874250567, 894974.692465210799128 ] } },
{ "type": "Feature", "properties": { "category": "personal_service" }, "geometry": { "type": "Point", "coordinates": [ 245214.49534953260445, 912057.261859612888657 ] } },
{ "type": "Feature", "properties": { "category": "personal_service" }, "geometry": { "type": "Point", "coordinates": [ 222175.864559358655242, 897385.374799735611305 ] } },
{ "type": "Feature", "properties": { "category": "personal_service" }, "geometry": { "type": "Point", "coordinates": [ 236082.594360208284343, 901673.285938841523603 ] } },
{ "type": "Feature", "properties": { "category": "personal_service" }, "geometry": { "type": "Point", "coordinates": [ 226195.480286525620613, 896593.119864730862901 ] } },
{ "type": "Feature", "properties": { "category": "personal_service" }, "geometry": { "type": "Point", "coordinates": [ 233125.61946966778487, 896932.037367481621914 ] } },
{ "type": "Feature", "properties": { "category": "personal_service" }, "geometry": { "type": "Point", "coordinates": [ 236120.533974740130361, 900221.688905545743182 ] } },
{ "type": "Feature", "properties": { "category": "personal_service" }, "geometry": { "type": "Point", "coordinates": [ 233268.95768973545637, 903338.237497383495793 ] } },
{ "type": "Feature", "properties": { "category": "personal_service" }, "geometry": { "type": "Point", "coordinates": [ 229252.678741301293485, 906446.226465658401139 ] } },
{ "type": "Feature", "properties": { "category": "personal_service" }, "geometry": { "type": "Point", "coordinates": [ 230493.612737819610629, 893002.794671278446913 ] } },
{ "type": "Feature", "properties": { "category": "personal_service" }, "geometry": { "type": "Point", "coordinates": [ 226023.794191697234055, 901728.243339538574219 ] } },
{ "type": "Feature", "properties": { "category": "personal_service" }, "geometry": { "type": "Point", "coordinates": [ 235472.588274366804399, 900780.443290060153231 ] } },
{ "type": "Feature", "properties": { "category": "personal_service" }, "geometry": { "type": "Point", "coordinates": [ 226057.442569640435977, 901761.8024326285813 ] } },
{ "type": "Feature", "properties": { "category": "personal_service" }, "geometry": { "type": "Point", "coordinates": [ 225458.800574715220137, 897861.24182536569424 ] } },
{ "type": "Feature", "properties": { "category": "personal_service" }, "geometry": { "type": "Point", "coordinates": [ 236454.804671757185133, 900188.314308031927794 ] } },
{ "type": "Feature", "properties": { "category": "personal_service" }, "geometry": { "type": "Point", "coordinates": [ 243039.257191381620942, 911567.040946869179606 ] } },
{ "type": "Feature", "properties": { "category": "personal_service" }, "geometry": { "type": "Point", "coordinates": [ 238480.211435097153299, 906148.609595742309466 ] } },
{ "type": "Feature", "properties": { "category": "personal_service" }, "geometry": { "type": "Point", "coordinates": [ 235839.097896728577325, 908319.901740051689558 ] } },
{ "type": "Feature", "properties": { "category": "personal_service" }, "geometry": { "type": "Point", "coordinates": [ 234707.418076590547571, 893897.605213457718492 ] } },
{ "type": "Feature", "properties": { "category": "personal_service" }, "geometry": { "type": "Point", "coordinates": [ 231251.72841986673302, 891015.640860919142142 ] } },
{ "type": "Feature", "properties": { "category": "personal_service" }, "geometry": { "type": "Point", "coordinates": [ 220392.728411248186603, 898688.791556577547453 ] } },
{ "type": "Feature", "properties": { "category": "personal_service" }, "geometry": { "type": "Point", "coordinates": [ 231164.480937802378321, 890597.609284862410277 ] } },
{ "type": "Feature", "properties": { "category": "personal_service" }, "geometry": { "type": "Point", "coordinates": [ 242424.070263878791593, 903076.320347633794881 ] } },
{ "type": "Feature", "properties": { "category": "personal_service" }, "geometry": { "type": "Point", "coordinates": [ 235394.475422734481981, 900095.808791470830329 ] } },
{ "type": "Feature", "properties": { "category": "personal_service" }, "geometry": { "type": "Point", "coordinates": [ 235269.087539268017281, 893388.336152413394302 ] } },
{ "type": "Feature", "properties": { "category": "personal_service" }, "geometry": { "type": "Point", "coordinates": [ 237813.049144332588185, 905388.422981380834244 ] } },
{ "type": "Feature", "properties": { "category": "personal_service" }, "geometry": { "type": "Point", "coordinates": [ 241215.007144348870497, 889017.36312027880922 ] } },
{ "type": "Feature", "properties": { "category": "personal_service" }, "geometry": { "type": "Point", "coordinates": [ 236663.925591213366715, 900707.470597171224654 ] } },
{ "type": "Feature", "properties": { "category": "personal_service" }, "geometry": { "type": "Point", "coordinates": [ 221456.348698425746989, 901447.890814808546565 ] } },
{ "type": "Feature", "properties": { "category": "personal_service" }, "geometry": { "type": "Point", "coordinates": [ 222833.66508691344643, 899928.584909066790715 ] } },
{ "type": "Feature", "properties": { "category": "personal_service" }, "geometry": { "type": "Point", "coordinates": [ 239097.531224811216816, 891588.249128903611563 ] } },
{ "type": "Feature", "properties": { "category": "personal_service" }, "geometry": { "type": "Point", "coordinates": [ 221294.572151426255004, 902885.075029942439869 ] } },
{ "type": "Feature", "properties": { "category": "personal_service" }, "geometry": { "type": "Point", "coordinates": [ 235124.377740172087215, 892309.060291311936453 ] } },
{ "type": "Feature", "properties": { "category": "personal_service" }, "geometry": { "type": "Point", "coordinates": [ 236887.865275896008825, 906616.372553541208617 ] } },
{ "type": "Feature", "properties": { "category": "personal_service" }, "geometry": { "type": "Point", "coordinates": [ 231191.69713035991299, 902603.698340008617379 ] } },
{ "type": "Feature", "properties": { "category": "personal_service" }, "geometry": { "type": "Point", "coordinates": [ 232428.97059419931611, 898708.580011029727757 ] } },
{ "type": "Feature", "properties": { "category": "personal_service" }, "geometry": { "type": "Point", "coordinates": [ 238135.650677275873022, 902122.223392994725145 ] } },
{ "type": "Feature", "properties": { "category": "personal_service" }, "geometry": { "type": "Point", "coordinates": [ 237086.412612844840623, 892672.352604115731083 ] } },
{ "type": "Feature", "properties": { "category": "personal_service" }, "geometry": { "type": "Point", "coordinates": [ 229967.385577954788459, 892913.893979255110025 ] } },
{ "type": "Feature", "properties": { "category": "personal_service" }, "geometry": { "type": "Point", "coordinates": [ 227361.079409352387302, 907845.638142776442692 ] } },
{ "type": "Feature", "properties": { "category": "personal_service" }, "geometry": { "type": "Point", "coordinates": [ 242831.579783846187638, 887508.825541846454144 ] } },
{ "type": "Feature", "properties": { "category": "personal_service" }, "geometry": { "type": "Point", "coordinates": [ 226710.954780585161643, 905299.762157541350462 ] } },
{ "type": "Feature", "properties": { "category": "personal_service" }, "geometry": { "type": "Point", "coordinates": [ 231138.296431001246674, 905173.706623981473967 ] } },
{ "type": "Feature", "properties": { "category": "personal_service" }, "geometry": { "type": "Point", "coordinates": [ 232472.96968129160814, 890423.583015225129202 ] } },
{ "type": "Feature", "properties": { "category": "personal_service" }, "geometry": { "type": "Point", "coordinates": [ 225929.283540879870998, 898900.30886359885335 ] } },
{ "type": "Feature", "properties": { "category": "personal_service" }, "geometry": { "type": "Point", "coordinates": [ 221458.926457788678817, 902653.533918242785148 ] } },
{ "type": "Feature", "properties": { "category": "personal_service" }, "geometry": { "type": "Point", "coordinates": [ 236571.886672367079882, 893912.606150578241795 ] } },
{ "type": "Feature", "properties": { "category": "personal_service" }, "geometry": { "type": "Point", "coordinates": [ 237583.816594665171579, 899434.376670667435974 ] } },
{ "type": "Feature", "properties": { "category": "personal_service" }, "geometry": { "type": "Point", "coordinates": [ 235215.681951592443511, 900260.416719105443917 ] } },
{ "type": "Feature", "properties": { "category": "personal_service" }, "geometry": { "type": "Point", "coordinates": [ 230375.325251799542457, 892605.741452719201334 ] } },
{ "type": "Feature", "properties": { "category": "personal_service" }, "geometry": { "type": "Point", "coordinates": [ 222102.15023899555672, 901874.541685140458867 ] } },
{ "type": "Feature", "properties": { "category": "personal_service" }, "geometry": { "type": "Point", "coordinates": [ 238635.807207208854379, 889561.445373097783886 ] } },
{ "type": "Feature", "properties": { "category": "personal_service" }, "geometry": { "type": "Point", "coordinates": [ 235334.933654882188421, 893578.60748663765844 ] } },
{ "type": "Feature", "properties": { "category": "personal_service" }, "geometry": { "type": "Point", "coordinates": [ 228405.326524631585926, 892902.970179220545106 ] } },
{ "type": "Feature", "properties": { "category": "personal_service" }, "geometry": { "type": "Point", "coordinates": [ 238095.161854093836155, 902859.677397541352548 ] } },
{ "type": "Feature", "properties": { "category": "personal_service" }, "geometry": { "type": "Point", "coordinates": [ 236219.623923644481692, 900338.830870943958871 ] } },
{ "type": "Feature", "properties": { "category": "personal_service" }, "geometry": { "type": "Point", "coordinates": [ 237325.97805354729644, 899994.057666863547638 ] } },
{ "type": "Feature", "properties": { "category": "personal_service" }, "geometry": { "type": "Point", "coordinates": [ 230396.173305679461919, 899990.21501829882618 ] } },
{ "type": "Feature", "properties": { "category": "personal_service" }, "geometry": { "type": "Point", "coordinates": [ 232084.436675159464357, 899426.892009062110446 ] } },
{ "type": "Feature", "properties": { "category": "personal_service" }, "geometry": { "type": "Point", "coordinates": [ 237712.877444189449307, 898432.145846050814725 ] } },
{ "type": "Feature", "properties": { "category": "personal_service" }, "geometry": { "type": "Point", "coordinates": [ 235853.037813450588146, 905025.244000823120587 ] } },
{ "type": "Feature", "properties": { "category": "personal_service" }, "geometry": { "type": "Point", "coordinates": [ 232669.557569936907385, 904263.930005983565934 ] } },
{ "type": "Feature", "properties": { "category": "personal_service" }, "geometry": { "type": "Point", "coordinates": [ 226751.304848396917805, 908170.971519203158095 ] } },
{ "type": "Feature", "properties": { "category": "personal_service" }, "geometry": { "type": "Point", "coordinates": [ 236663.925591213366715, 900707.470597171224654 ] } },
{ "type": "Feature", "properties": { "category": "personal_service" }, "geometry": { "type": "Point", "coordinates": [ 236824.867657219583634, 901925.397454120917246 ] } },
{ "type": "Feature", "properties": { "category": "personal_service" }, "geometry": { "type": "Point", "coordinates": [ 234830.357175730838208, 896048.659881152096204 ] } },
{ "type": "Feature", "properties": { "category": "personal_service" }, "geometry": { "type": "Point", "coordinates": [ 232723.283430349722039, 906376.012852162471972 ] } },
{ "type": "Feature", "properties": { "category": "personal_service" }, "geometry": { "type": "Point", "coordinates": [ 230381.956322909478331, 906151.219963260926306 ] } },
{ "type": "Feature", "properties": { "category": "personal_service" }, "geometry": { "type": "Point", "coordinates": [ 235673.696241311728954, 903034.130786283756606 ] } },
{ "type": "Feature", "properties": { "category": "personal_service" }, "geometry": { "type": "Point", "coordinates": [ 244492.795777914667269, 913289.765204619849101 ] } },
{ "type": "Feature", "properties": { "category": "personal_service" }, "geometry": { "type": "Point", "coordinates": [ 236660.09482783896965, 892652.345874789869413 ] } },
{ "type": "Feature", "properties": { "category": "personal_service" }, "geometry": { "type": "Point", "coordinates": [ 241444.130044544755947, 888324.149534178897738 ] } },
{ "type": "Feature", "properties": { "category": "personal_service" }, "geometry": { "type": "Point", "coordinates": [ 237275.711054682033136, 898348.282941005425528 ] } },
{ "type": "Feature", "properties": { "category": "personal_service" }, "geometry": { "type": "Point", "coordinates": [ 235623.712442151329014, 901034.465972977341153 ] } },
{ "type": "Feature", "properties": { "category": "personal_service" }, "geometry": { "type": "Point", "coordinates": [ 231241.379919584345771, 892602.869548733346164 ] } },
{ "type": "Feature", "properties": { "category": "personal_service" }, "geometry": { "type": "Point", "coordinates": [ 230011.472377235942986, 893792.694092797115445 ] } },
{ "type": "Feature", "properties": { "category": "personal_service" }, "geometry": { "type": "Point", "coordinates": [ 233225.006926779518835, 908013.124896922847256 ] } },
{ "type": "Feature", "properties": { "category": "personal_service" }, "geometry": { "type": "Point", "coordinates": [ 230340.855065419978928, 888279.421245159581304 ] } },
{ "type": "Feature", "properties": { "category": "personal_service" }, "geometry": { "type": "Point", "coordinates": [ 228496.264582344156224, 900782.012522024218924 ] } },
{ "type": "Feature", "properties": { "category": "personal_service" }, "geometry": { "type": "Point", "coordinates": [ 236236.060802330874139, 894429.929712809273042 ] } },
{ "type": "Feature", "properties": { "category": "personal_service" }, "geometry": { "type": "Point", "coordinates": [ 233883.273789192258846, 908330.293739191954955 ] } },
{ "type": "Feature", "properties": { "category": "personal_service" }, "geometry": { "type": "Point", "coordinates": [ 237475.511676164693199, 905446.374234512448311 ] } },
{ "type": "Feature", "properties": { "category": "personal_service" }, "geometry": { "type": "Point", "coordinates": [ 228850.744629003864247, 907381.95949010993354 ] } },
{ "type": "Feature", "properties": { "category": "personal_service" }, "geometry": { "type": "Point", "coordinates": [ 235394.11805792915402, 912691.767760626738891 ] } },
{ "type": "Feature", "properties": { "category": "personal_service" }, "geometry": { "type": "Point", "coordinates": [ 231284.781539622170385, 903580.601732892915606 ] } },
{ "type": "Feature", "properties": { "category": "personal_service" }, "geometry": { "type": "Point", "coordinates": [ 234718.998080767545616, 899232.697065865504555 ] } },
{ "type": "Feature", "properties": { "category": "personal_service" }, "geometry": { "type": "Point", "coordinates": [ 234672.19355336757144, 902471.72436068742536 ] } },
{ "type": "Feature", "properties": { "category": "personal_service" }, "geometry": { "type": "Point", "coordinates": [ 236018.012925398652442, 909586.241560759721324 ] } },
{ "type": "Feature", "properties": { "category": "personal_service" }, "geometry": { "type": "Point", "coordinates": [ 224950.55895489701652, 901635.71018498763442 ] } },
{ "type": "Feature", "properties": { "category": "personal_service" }, "geometry": { "type": "Point", "coordinates": [ 234682.100215558108175, 898861.515511788893491 ] } },
{ "type": "Feature", "properties": { "category": "personal_service" }, "geometry": { "type": "Point", "coordinates": [ 242310.739885262213647, 902803.603906873380765 ] } },
{ "type": "Feature", "properties": { "category": "personal_service" }, "geometry": { "type": "Point", "coordinates": [ 230148.812279047619086, 899840.19452865968924 ] } },
{ "type": "Feature", "properties": { "category": "personal_service" }, "geometry": { "type": "Point", "coordinates": [ 237943.53207175253192, 902570.607424672576599 ] } },
{ "type": "Feature", "properties": { "category": "personal_service" }, "geometry": { "type": "Point", "coordinates": [ 221060.89571734063793, 903497.519718157942407 ] } },
{ "type": "Feature", "properties": { "category": "personal_service" }, "geometry": { "type": "Point", "coordinates": [ 236260.020875576679828, 894580.784445071942173 ] } },
{ "type": "Feature", "properties": { "category": "personal_service" }, "geometry": { "type": "Point", "coordinates": [ 240495.713834440190112, 907518.229790565790609 ] } },
{ "type": "Feature", "properties": { "category": "personal_service" }, "geometry": { "type": "Point", "coordinates": [ 231723.16328113921918, 902389.808896466391161 ] } },
{ "type": "Feature", "properties": { "category": "personal_service" }, "geometry": { "type": "Point", "coordinates": [ 234371.326626515889075, 904219.622769473702647 ] } },
{ "type": "Feature", "properties": { "category": "personal_service" }, "geometry": { "type": "Point", "coordinates": [ 235654.279882661066949, 891425.337397306924686 ] } },
{ "type": "Feature", "properties": { "category": "personal_service" }, "geometry": { "type": "Point", "coordinates": [ 231462.279833310691174, 889166.837472217623144 ] } },
{ "type": "Feature", "properties": { "category": "personal_service" }, "geometry": { "type": "Point", "coordinates": [ 236277.886528817354701, 894474.242821564315818 ] } },
{ "type": "Feature", "properties": { "category": "personal_service" }, "geometry": { "type": "Point", "coordinates": [ 233478.367301859456347, 908263.258183618774638 ] } },
{ "type": "Feature", "properties": { "category": "personal_service" }, "geometry": { "type": "Point", "coordinates": [ 221975.445927394204773, 906854.107016594032757 ] } },
{ "type": "Feature", "properties": { "category": "personal_service" }, "geometry": { "type": "Point", "coordinates": [ 229520.412054372922285, 899382.220523552270606 ] } },
{ "type": "Feature", "properties": { "category": "personal_service" }, "geometry": { "type": "Point", "coordinates": [ 236388.854881533712614, 900449.894605518435128 ] } },
{ "type": "Feature", "properties": { "category": "personal_service" }, "geometry": { "type": "Point", "coordinates": [ 237791.539189797244035, 910101.205758745432831 ] } },
{ "type": "Feature", "properties": { "category": "personal_service" }, "geometry": { "type": "Point", "coordinates": [ 236085.016787659435067, 913067.964626893517561 ] } },
{ "type": "Feature", "properties": { "category": "personal_service" }, "geometry": { "type": "Point", "coordinates": [ 226727.851716363540618, 903455.593099887599237 ] } },
{ "type": "Feature", "properties": { "category": "personal_service" }, "geometry": { "type": "Point", "coordinates": [ 229200.071137344115414, 907100.929494675947353 ] } },
{ "type": "Feature", "properties": { "category": "personal_service" }, "geometry": { "type": "Point", "coordinates": [ 232502.737221917865099, 895407.71019290597178 ] } },
{ "type": "Feature", "properties": { "category": "personal_service" }, "geometry": { "type": "Point", "coordinates": [ 232957.927484530897345, 903789.638497108477168 ] } },
{ "type": "Feature", "properties": { "category": "personal_service" }, "geometry": { "type": "Point", "coordinates": [ 236887.865275896008825, 906616.372553541208617 ] } },
{ "type": "Feature", "properties": { "category": "personal_service" }, "geometry": { "type": "Point", "coordinates": [ 232210.549715929810191, 896774.054973624763079 ] } },
{ "type": "Feature", "properties": { "category": "personal_service" }, "geometry": { "type": "Point", "coordinates": [ 234819.766551586799324, 893191.713863914133981 ] } },
{ "type": "Feature", "properties": { "category": "personal_service" }, "geometry": { "type": "Point", "coordinates": [ 225377.763609359157272, 897843.95406677457504 ] } },
{ "type": "Feature", "properties": { "category": "personal_service" }, "geometry": { "type": "Point", "coordinates": [ 236468.715876705711707, 895154.242825272260234 ] } },
{ "type": "Feature", "properties": { "category": "personal_service" }, "geometry": { "type": "Point", "coordinates": [ 241229.775114576506894, 888567.147027866332792 ] } },
{ "type": "Feature", "properties": { "category": "personal_service" }, "geometry": { "type": "Point", "coordinates": [ 242603.642829254444223, 903614.475567360641435 ] } },
{ "type": "Feature", "properties": { "category": "personal_service" }, "geometry": { "type": "Point", "coordinates": [ 228336.807490454782965, 893942.36551867146045 ] } },
{ "type": "Feature", "properties": { "category": "personal_service" }, "geometry": { "type": "Point", "coordinates": [ 231842.00208811199991, 902320.367266673012637 ] } },
{ "type": "Feature", "properties": { "category": "personal_service" }, "geometry": { "type": "Point", "coordinates": [ 240566.549324758292641, 904174.695500224363059 ] } },
{ "type": "Feature", "properties": { "category": "personal_service" }, "geometry": { "type": "Point", "coordinates": [ 234797.379436218325282, 899728.713670149678364 ] } },
{ "type": "Feature", "properties": { "category": "personal_service" }, "geometry": { "type": "Point", "coordinates": [ 232509.681444852933055, 901871.670257862540893 ] } },
{ "type": "Feature", "properties": { "category": "personal_service" }, "geometry": { "type": "Point", "coordinates": [ 239606.096867562446278, 914842.828946471447125 ] } },
{ "type": "Feature", "properties": { "category": "personal_service" }, "geometry": { "type": "Point", "coordinates": [ 236887.865275896008825, 906616.372553541208617 ] } },
{ "type": "Feature", "properties": { "category": "personal_service" }, "geometry": { "type": "Point", "coordinates": [ 242668.343928252113983, 911202.761669512139633 ] } },
{ "type": "Feature", "properties": { "category": "personal_service" }, "geometry": { "type": "Point", "coordinates": [ 241215.007144348870497, 889017.36312027880922 ] } },
{ "type": "Feature", "properties": { "category": "personal_service" }, "geometry": { "type": "Point", "coordinates": [ 235137.992196019622497, 904096.675537697505206 ] } },
{ "type": "Feature", "properties": { "category": "personal_service" }, "geometry": { "type": "Point", "coordinates": [ 231175.743000225047581, 899218.753219067002647 ] } },
{ "type": "Feature", "properties": { "category": "personal_service" }, "geometry": { "type": "Point", "coordinates": [ 238193.068683961464558, 902878.537022397853434 ] } },
{ "type": "Feature", "properties": { "category": "personal_service" }, "geometry": { "type": "Point", "coordinates": [ 238045.098338354902808, 904894.706917718518525 ] } },
{ "type": "Feature", "properties": { "category": "personal_service" }, "geometry": { "type": "Point", "coordinates": [ 245887.247803715261398, 913377.95041125966236 ] } },
{ "type": "Feature", "properties": { "category": "personal_service" }, "geometry": { "type": "Point", "coordinates": [ 235427.210554620221956, 900793.543737574247643 ] } },
{ "type": "Feature", "properties": { "category": "personal_service" }, "geometry": { "type": "Point", "coordinates": [ 231673.764217195741367, 901471.747839519870467 ] } },
{ "type": "Feature", "properties": { "category": "personal_service" }, "geometry": { "type": "Point", "coordinates": [ 235475.847469513624674, 899155.389715901343152 ] } },
{ "type": "Feature", "properties": { "category": "personal_service" }, "geometry": { "type": "Point", "coordinates": [ 223880.293677190260496, 894012.462634709547274 ] } },
{ "type": "Feature", "properties": { "category": "personal_service" }, "geometry": { "type": "Point", "coordinates": [ 241229.775114576506894, 888567.147027866332792 ] } },
{ "type": "Feature", "properties": { "category": "personal_service" }, "geometry": { "type": "Point", "coordinates": [ 220722.527804169774754, 899721.993162926635705 ] } },
{ "type": "Feature", "properties": { "category": "personal_service" }, "geometry": { "type": "Point", "coordinates": [ 244735.87503169363481, 914504.883102336898446 ] } },
{ "type": "Feature", "properties": { "category": "personal_service" }, "geometry": { "type": "Point", "coordinates": [ 228892.959575116663473, 902821.35584474215284 ] } },
{ "type": "Feature", "properties": { "category": "personal_service" }, "geometry": { "type": "Point", "coordinates": [ 228836.838243121484993, 894694.495662346016616 ] } },
{ "type": "Feature", "properties": { "category": "personal_service" }, "geometry": { "type": "Point", "coordinates": [ 237974.212009357783245, 889862.859366287128069 ] } },
{ "type": "Feature", "properties": { "category": "personal_service" }, "geometry": { "type": "Point", "coordinates": [ 230992.687918024690589, 905370.227370413718745 ] } },
{ "type": "Feature", "properties": { "category": "personal_service" }, "geometry": { "type": "Point", "coordinates": [ 235284.099940190848429, 893831.717994468286633 ] } },
{ "type": "Feature", "properties": { "category": "personal_service" }, "geometry": { "type": "Point", "coordinates": [ 245570.33314806924318, 912676.623475372674875 ] } },
{ "type": "Feature", "properties": { "category": "personal_service" }, "geometry": { "type": "Point", "coordinates": [ 230619.135932562203379, 905865.333306291373447 ] } },
{ "type": "Feature", "properties": { "category": "personal_service" }, "geometry": { "type": "Point", "coordinates": [ 236210.884282582323067, 896452.512431165901944 ] } },
{ "type": "Feature", "properties": { "category": "personal_service" }, "geometry": { "type": "Point", "coordinates": [ 231979.040871884004446, 896529.406440146733075 ] } },
{ "type": "Feature", "properties": { "category": "personal_service" }, "geometry": { "type": "Point", "coordinates": [ 236654.491733140166616, 900999.779242010088637 ] } },
{ "type": "Feature", "properties": { "category": "personal_service" }, "geometry": { "type": "Point", "coordinates": [ 224494.361289587861393, 901001.07433626241982 ] } },
{ "type": "Feature", "properties": { "category": "personal_service" }, "geometry": { "type": "Point", "coordinates": [ 240580.560989383346168, 912912.357284010620788 ] } },
{ "type": "Feature", "properties": { "category": "personal_service" }, "geometry": { "type": "Point", "coordinates": [ 224514.900903610687237, 900308.578708141576499 ] } },
{ "type": "Feature", "properties": { "category": "personal_service" }, "geometry": { "type": "Point", "coordinates": [ 227645.833466935204342, 900002.183722180547193 ] } },
{ "type": "Feature", "properties": { "category": "personal_service" }, "geometry": { "type": "Point", "coordinates": [ 227095.426796312793158, 888705.927042730967514 ] } },
{ "type": "Feature", "properties": { "category": "personal_service" }, "geometry": { "type": "Point", "coordinates": [ 238544.298837245762115, 908135.179542817175388 ] } },
{ "type": "Feature", "properties": { "category": "personal_service" }, "geometry": { "type": "Point", "coordinates": [ 236394.239926378591917, 900444.146431330475025 ] } },
{ "type": "Feature", "properties": { "category": "personal_service" }, "geometry": { "type": "Point", "coordinates": [ 240091.061295200343011, 908792.218830998637713 ] } },
{ "type": "Feature", "properties": { "category": "personal_service" }, "geometry": { "type": "Point", "coordinates": [ 234932.420470846816897, 899067.138010432594456 ] } },
{ "type": "Feature", "properties": { "category": "personal_service" }, "geometry": { "type": "Point", "coordinates": [ 238544.298837245762115, 908135.179542817175388 ] } },
{ "type": "Feature", "properties": { "category": "personal_service" }, "geometry": { "type": "Point", "coordinates": [ 232701.699483548145508, 898186.669095856836066 ] } },
{ "type": "Feature", "properties": { "category": "personal_service" }, "geometry": { "type": "Point", "coordinates": [ 225268.392255630489672, 898096.815193607937545 ] } },
{ "type": "Feature", "properties": { "category": "personal_service" }, "geometry": { "type": "Point", "coordinates": [ 232038.472715251555201, 903777.164558795513585 ] } },
{ "type": "Feature", "properties": { "category": "personal_service" }, "geometry": { "type": "Point", "coordinates": [ 245541.923867857141886, 912441.167677752557211 ] } },
{ "type": "Feature", "properties": { "category": "personal_service" }, "geometry": { "type": "Point", "coordinates": [ 238256.085437639674637, 906187.040302476845682 ] } },
{ "type": "Feature", "properties": { "category": "personal_service" }, "geometry": { "type": "Point", "coordinates": [ 222689.642064310261048, 902045.807659949641675 ] } },
{ "type": "Feature", "properties": { "category": "personal_service" }, "geometry": { "type": "Point", "coordinates": [ 235982.610451729095075, 899803.328165399143472 ] } },
{ "type": "Feature", "properties": { "category": "personal_service" }, "geometry": { "type": "Point", "coordinates": [ 238538.608285612659529, 888550.56580912694335 ] } },
{ "type": "Feature", "properties": { "category": "personal_service" }, "geometry": { "type": "Point", "coordinates": [ 227928.9109646466095, 901708.232938806526363 ] } },
{ "type": "Feature", "properties": { "category": "personal_service" }, "geometry": { "type": "Point", "coordinates": [ 234445.139321402122732, 897204.519148229621351 ] } },
{ "type": "Feature", "properties": { "category": "personal_service" }, "geometry": { "type": "Point", "coordinates": [ 235614.536364797095302, 908460.829960342962295 ] } },
{ "type": "Feature", "properties": { "category": "personal_service" }, "geometry": { "type": "Point", "coordinates": [ 244643.074401100602699, 914293.235560365137644 ] } },
{ "type": "Feature", "properties": { "category": "personal_service" }, "geometry": { "type": "Point", "coordinates": [ 230340.855065419978928, 888279.421245159581304 ] } },
{ "type": "Feature", "properties": { "category": "personal_service" }, "geometry": { "type": "Point", "coordinates": [ 241449.021615501667839, 888642.744530402938835 ] } },
{ "type": "Feature", "properties": { "category": "personal_service" }, "geometry": { "type": "Point", "coordinates": [ 232729.688702623272547, 906238.082378420629539 ] } },
{ "type": "Feature", "properties": { "category": "personal_service" }, "geometry": { "type": "Point", "coordinates": [ 228469.969819885329343, 892642.536332388059236 ] } },
{ "type": "Feature", "properties": { "category": "personal_service" }, "geometry": { "type": "Point", "coordinates": [ 223646.589937721757451, 894577.604982274002396 ] } },
{ "type": "Feature", "properties": { "category": "personal_service" }, "geometry": { "type": "Point", "coordinates": [ 237439.695462420175318, 898367.260111078503542 ] } },
{ "type": "Feature", "properties": { "category": "personal_service" }, "geometry": { "type": "Point", "coordinates": [ 236552.278129298589192, 897668.021426419029012 ] } },
{ "type": "Feature", "properties": { "category": "personal_service" }, "geometry": { "type": "Point", "coordinates": [ 232389.143398948188405, 895904.809998152311891 ] } },
{ "type": "Feature", "properties": { "category": "personal_service" }, "geometry": { "type": "Point", "coordinates": [ 235926.319289806182496, 905169.465978727559559 ] } },
{ "type": "Feature", "properties": { "category": "personal_service" }, "geometry": { "type": "Point", "coordinates": [ 243603.071326641918859, 901451.898018857347779 ] } },
{ "type": "Feature", "properties": { "category": "personal_service" }, "geometry": { "type": "Point", "coordinates": [ 235644.796157368225977, 894598.744086285005324 ] } },
{ "type": "Feature", "properties": { "category": "personal_service" }, "geometry": { "type": "Point", "coordinates": [ 246229.488848104665522, 913495.723084944649599 ] } },
{ "type": "Feature", "properties": { "category": "personal_service" }, "geometry": { "type": "Point", "coordinates": [ 224077.936996749194805, 896835.804782828898169 ] } },
{ "type": "Feature", "properties": { "category": "personal_service" }, "geometry": { "type": "Point", "coordinates": [ 236552.919163096899865, 901188.860716858762316 ] } },
{ "type": "Feature", "properties": { "category": "personal_service" }, "geometry": { "type": "Point", "coordinates": [ 233679.0292764447222, 901786.205289644887671 ] } },
{ "type": "Feature", "properties": { "category": "personal_service" }, "geometry": { "type": "Point", "coordinates": [ 237110.141868176899152, 906004.829305958002806 ] } },
{ "type": "Feature", "properties": { "category": "personal_service" }, "geometry": { "type": "Point", "coordinates": [ 223012.045010045316303, 894842.748997116694227 ] } },
{ "type": "Feature", "properties": { "category": "personal_service" }, "geometry": { "type": "Point", "coordinates": [ 230884.201198733528145, 889247.139424075372517 ] } },
{ "type": "Feature", "properties": { "category": "personal_service" }, "geometry": { "type": "Point", "coordinates": [ 234031.719412887352519, 899070.494658176903613 ] } },
{ "type": "Feature", "properties": { "category": "personal_service" }, "geometry": { "type": "Point", "coordinates": [ 234445.139321402122732, 897204.519148229621351 ] } },
{ "type": "Feature", "properties": { "category": "personal_service" }, "geometry": { "type": "Point", "coordinates": [ 241002.232852347136941, 888979.798540255287662 ] } },
{ "type": "Feature", "properties": { "category": "personal_service" }, "geometry": { "type": "Point", "coordinates": [ 230396.173305679461919, 899990.21501829882618 ] } },
{ "type": "Feature", "properties": { "category": "personal_service" }, "geometry": { "type": "Point", "coordinates": [ 245179.399494989484083, 912538.463944496470504 ] } },
{ "type": "Feature", "properties": { "category": "personal_service" }, "geometry": { "type": "Point", "coordinates": [ 231079.237245983880712, 899277.419016549363732 ] } },
{ "type": "Feature", "properties": { "category": "personal_service" }, "geometry": { "type": "Point", "coordinates": [ 232365.889210544963134, 906475.6604968465399 ] } },
{ "type": "Feature", "properties": { "category": "personal_service" }, "geometry": { "type": "Point", "coordinates": [ 222994.882600816898048, 894922.112221596064046 ] } },
{ "type": "Feature", "properties": { "category": "personal_service" }, "geometry": { "type": "Point", "coordinates": [ 238006.66655954089947, 907111.64588802237995 ] } },
{ "type": "Feature", "properties": { "category": "personal_service" }, "geometry": { "type": "Point", "coordinates": [ 226318.18305696581956, 903600.002844087546691 ] } },
{ "type": "Feature", "properties": { "category": "personal_service" }, "geometry": { "type": "Point", "coordinates": [ 232444.61670586411492, 896389.36089649097994 ] } },
{ "type": "Feature", "properties": { "category": "personal_service" }, "geometry": { "type": "Point", "coordinates": [ 232132.133303202950628, 907566.94064966449514 ] } },
{ "type": "Feature", "properties": { "category": "personal_service" }, "geometry": { "type": "Point", "coordinates": [ 237458.906463750230614, 900174.600401132018305 ] } },
{ "type": "Feature", "properties": { "category": "personal_service" }, "geometry": { "type": "Point", "coordinates": [ 235012.253399598877877, 900244.960115600144491 ] } },
{ "type": "Feature", "properties": { "category": "personal_service" }, "geometry": { "type": "Point", "coordinates": [ 231961.476578025089111, 898035.531761686550453 ] } },
{ "type": "Feature", "properties": { "category": "personal_service" }, "geometry": { "type": "Point", "coordinates": [ 231487.364854232320795, 905344.102916126255877 ] } },
{ "type": "Feature", "properties": { "category": "personal_service" }, "geometry": { "type": "Point", "coordinates": [ 234708.258737065014429, 900072.392151060630567 ] } },
{ "type": "Feature", "properties": { "category": "personal_service" }, "geometry": { "type": "Point", "coordinates": [ 236089.653850680944743, 900138.221738285967149 ] } },
{ "type": "Feature", "properties": { "category": "personal_service" }, "geometry": { "type": "Point", "coordinates": [ 230108.718743580044247, 907958.411813727812842 ] } },
{ "type": "Feature", "properties": { "category": "personal_service" }, "geometry": { "type": "Point", "coordinates": [ 225374.45471934278612, 897870.156243167351931 ] } },
{ "type": "Feature", "properties": { "category": "personal_service" }, "geometry": { "type": "Point", "coordinates": [ 233548.61940753745148, 890990.672531677410007 ] } },
{ "type": "Feature", "properties": { "category": "personal_service" }, "geometry": { "type": "Point", "coordinates": [ 222963.63365290890215, 899918.233907692367211 ] } },
{ "type": "Feature", "properties": { "category": "personal_service" }, "geometry": { "type": "Point", "coordinates": [ 234227.060690689366311, 904270.014492505346425 ] } },
{ "type": "Feature", "properties": { "category": "personal_service" }, "geometry": { "type": "Point", "coordinates": [ 240389.442852051084628, 912452.599313374026679 ] } },
{ "type": "Feature", "properties": { "category": "personal_service" }, "geometry": { "type": "Point", "coordinates": [ 244515.295005192921963, 915873.014485073392279 ] } },
{ "type": "Feature", "properties": { "category": "personal_service" }, "geometry": { "type": "Point", "coordinates": [ 235378.624400966713438, 905711.306547161540948 ] } },
{ "type": "Feature", "properties": { "category": "personal_service" }, "geometry": { "type": "Point", "coordinates": [ 235316.325488902104553, 893605.505639828159474 ] } },
{ "type": "Feature", "properties": { "category": "personal_service" }, "geometry": { "type": "Point", "coordinates": [ 232518.483760880713817, 890429.902348203002475 ] } },
{ "type": "Feature", "properties": { "category": "personal_service" }, "geometry": { "type": "Point", "coordinates": [ 234839.609019058349077, 896793.588806650135666 ] } },
{ "type": "Feature", "properties": { "category": "personal_service" }, "geometry": { "type": "Point", "coordinates": [ 227103.628156513907015, 888376.288013638579287 ] } },
{ "type": "Feature", "properties": { "category": "personal_service" }, "geometry": { "type": "Point", "coordinates": [ 238993.998356056545163, 903402.786621316336095 ] } },
{ "type": "Feature", "properties": { "category": "personal_service" }, "geometry": { "type": "Point", "coordinates": [ 240580.724156432435848, 906808.363999239751138 ] } },
{ "type": "Feature", "properties": { "category": "personal_service" }, "geometry": { "type": "Point", "coordinates": [ 236812.366128452122211, 901685.957899546134286 ] } },
{ "type": "Feature", "properties": { "category": "personal_service" }, "geometry": { "type": "Point", "coordinates": [ 234887.779583668685518, 899095.796483958140016 ] } },
{ "type": "Feature", "properties": { "category": "personal_service" }, "geometry": { "type": "Point", "coordinates": [ 233473.753186812333297, 903256.123706859303638 ] } },
{ "type": "Feature", "properties": { "category": "personal_service" }, "geometry": { "type": "Point", "coordinates": [ 236069.170764206384774, 900709.724335253820755 ] } },
{ "type": "Feature", "properties": { "category": "personal_service" }, "geometry": { "type": "Point", "coordinates": [ 237325.303973518195562, 909292.600356916314922 ] } },
{ "type": "Feature", "properties": { "category": "personal_service" }, "geometry": { "type": "Point", "coordinates": [ 240099.769127857056446, 906604.768168474547565 ] } },
{ "type": "Feature", "properties": { "category": "personal_service" }, "geometry": { "type": "Point", "coordinates": [ 246204.045819477760233, 913250.841570869786665 ] } },
{ "type": "Feature", "properties": { "category": "personal_service" }, "geometry": { "type": "Point", "coordinates": [ 236571.977992122789146, 894386.682296114973724 ] } },
{ "type": "Feature", "properties": { "category": "personal_service" }, "geometry": { "type": "Point", "coordinates": [ 221639.300825243291911, 903855.726714319433086 ] } },
{ "type": "Feature", "properties": { "category": "personal_service" }, "geometry": { "type": "Point", "coordinates": [ 238451.512920121720526, 905045.211246869061142 ] } },
{ "type": "Feature", "properties": { "category": "personal_service" }, "geometry": { "type": "Point", "coordinates": [ 233539.28156702616252, 906640.788498219451867 ] } },
{ "type": "Feature", "properties": { "category": "personal_service" }, "geometry": { "type": "Point", "coordinates": [ 236210.884282582323067, 896452.512431165901944 ] } },
{ "type": "Feature", "properties": { "category": "personal_service" }, "geometry": { "type": "Point", "coordinates": [ 232759.977391587919556, 898520.394701131153852 ] } },
{ "type": "Feature", "properties": { "category": "personal_service" }, "geometry": { "type": "Point", "coordinates": [ 238666.662050096027087, 909512.24785918626003 ] } },
{ "type": "Feature", "properties": { "category": "personal_service" }, "geometry": { "type": "Point", "coordinates": [ 237053.842457191, 900101.029747631051578 ] } },
{ "type": "Feature", "properties": { "category": "personal_service" }, "geometry": { "type": "Point", "coordinates": [ 229850.815498657582793, 898805.569656036794186 ] } },
{ "type": "Feature", "properties": { "category": "personal_service" }, "geometry": { "type": "Point", "coordinates": [ 240457.928040184517158, 911045.26273150567431 ] } },
{ "type": "Feature", "properties": { "category": "personal_service" }, "geometry": { "type": "Point", "coordinates": [ 225122.674752161285141, 897799.051427762024105 ] } },
{ "type": "Feature", "properties": { "category": "personal_service" }, "geometry": { "type": "Point", "coordinates": [ 235507.788936650729738, 908267.787727873423137 ] } },
{ "type": "Feature", "properties": { "category": "personal_service" }, "geometry": { "type": "Point", "coordinates": [ 231366.584421603649389, 903924.754428052809089 ] } },
{ "type": "Feature", "properties": { "category": "personal_service" }, "geometry": { "type": "Point", "coordinates": [ 231322.324488712096354, 889611.9589860860724 ] } },
{ "type": "Feature", "properties": { "category": "personal_service" }, "geometry": { "type": "Point", "coordinates": [ 233723.158952480618609, 892958.664815451251343 ] } },
{ "type": "Feature", "properties": { "category": "personal_service" }, "geometry": { "type": "Point", "coordinates": [ 224279.825312951084925, 903817.705287974793464 ] } },
{ "type": "Feature", "properties": { "category": "personal_service" }, "geometry": { "type": "Point", "coordinates": [ 232472.391827485262183, 906728.413163937511854 ] } },
{ "type": "Feature", "properties": { "category": "personal_service" }, "geometry": { "type": "Point", "coordinates": [ 226972.326221762778005, 907921.555855094804429 ] } },
{ "type": "Feature", "properties": { "category": "personal_service" }, "geometry": { "type": "Point", "coordinates": [ 230943.173279956157785, 905433.990420372225344 ] } },
{ "type": "Feature", "properties": { "category": "personal_service" }, "geometry": { "type": "Point", "coordinates": [ 234711.285549182503019, 900126.835268307942897 ] } },
{ "type": "Feature", "properties": { "category": "personal_service" }, "geometry": { "type": "Point", "coordinates": [ 236713.190122780099045, 894015.532878840342164 ] } },
{ "type": "Feature", "properties": { "category": "personal_service" }, "geometry": { "type": "Point", "coordinates": [ 235130.463737986458, 899935.975884847226553 ] } },
{ "type": "Feature", "properties": { "category": "personal_service" }, "geometry": { "type": "Point", "coordinates": [ 224077.936996749194805, 896835.804782828898169 ] } },
{ "type": "Feature", "properties": { "category": "personal_service" }, "geometry": { "type": "Point", "coordinates": [ 232395.101130672323052, 904639.88202730123885 ] } },
{ "type": "Feature", "properties": { "category": "personal_service" }, "geometry": { "type": "Point", "coordinates": [ 226217.569046378892381, 908335.354412904009223 ] } },
{ "type": "Feature", "properties": { "category": "personal_service" }, "geometry": { "type": "Point", "coordinates": [ 245071.85488094977336, 912097.555313055869192 ] } },
{ "type": "Feature", "properties": { "category": "personal_service" }, "geometry": { "type": "Point", "coordinates": [ 244759.539433033700334, 914391.508049959898926 ] } },
{ "type": "Feature", "properties": { "category": "personal_service" }, "geometry": { "type": "Point", "coordinates": [ 224673.43244240040076, 904596.068669617059641 ] } },
{ "type": "Feature", "properties": { "category": "personal_service" }, "geometry": { "type": "Point", "coordinates": [ 231248.433901352866087, 898845.411632095230743 ] } },
{ "type": "Feature", "properties": { "category": "personal_service" }, "geometry": { "type": "Point", "coordinates": [ 229159.767041793937096, 900111.604430240462534 ] } },
{ "type": "Feature", "properties": { "category": "personal_service" }, "geometry": { "type": "Point", "coordinates": [ 240814.104046529828338, 889331.149780638050288 ] } },
{ "type": "Feature", "properties": { "category": "personal_service" }, "geometry": { "type": "Point", "coordinates": [ 235178.96300290763611, 908392.540924254106358 ] } },
{ "type": "Feature", "properties": { "category": "personal_service" }, "geometry": { "type": "Point", "coordinates": [ 236663.925591213366715, 900707.470597171224654 ] } },
{ "type": "Feature", "properties": { "category": "personal_service" }, "geometry": { "type": "Point", "coordinates": [ 230247.053883521322859, 900580.615608390886337 ] } },
{ "type": "Feature", "properties": { "category": "personal_service" }, "geometry": { "type": "Point", "coordinates": [ 241760.48517158429604, 903716.93687569652684 ] } },
{ "type": "Feature", "properties": { "category": "personal_service" }, "geometry": { "type": "Point", "coordinates": [ 232887.54016402317211, 896989.679456254467368 ] } },
{ "type": "Feature", "properties": { "category": "personal_service" }, "geometry": { "type": "Point", "coordinates": [ 238625.323607981088571, 905344.413190377643332 ] } },
{ "type": "Feature", "properties": { "category": "personal_service" }, "geometry": { "type": "Point", "coordinates": [ 237870.307176655740477, 904450.000834346981719 ] } },
{ "type": "Feature", "properties": { "category": "personal_service" }, "geometry": { "type": "Point", "coordinates": [ 245186.646956910088193, 890672.456654653418809 ] } },
{ "type": "Feature", "properties": { "category": "personal_service" }, "geometry": { "type": "Point", "coordinates": [ 233178.226140634156764, 899198.596278881188482 ] } },
{ "type": "Feature", "properties": { "category": "personal_service" }, "geometry": { "type": "Point", "coordinates": [ 243113.728174574091099, 904085.121419356320985 ] } },
{ "type": "Feature", "properties": { "category": "personal_service" }, "geometry": { "type": "Point", "coordinates": [ 241297.595507196441758, 889048.504223756375723 ] } },
{ "type": "Feature", "properties": { "category": "personal_service" }, "geometry": { "type": "Point", "coordinates": [ 222058.072346182423644, 899620.534863563021645 ] } },
{ "type": "Feature", "properties": { "category": "personal_service" }, "geometry": { "type": "Point", "coordinates": [ 237395.060982067952864, 893725.882328581763431 ] } },
{ "type": "Feature", "properties": { "category": "personal_service" }, "geometry": { "type": "Point", "coordinates": [ 240670.037844901613425, 912927.204985543037765 ] } },
{ "type": "Feature", "properties": { "category": "personal_service" }, "geometry": { "type": "Point", "coordinates": [ 243215.195566614333075, 903480.250856919563375 ] } },
{ "type": "Feature", "properties": { "category": "personal_service" }, "geometry": { "type": "Point", "coordinates": [ 230976.80226312490413, 889562.667311682365835 ] } },
{ "type": "Feature", "properties": { "category": "personal_service" }, "geometry": { "type": "Point", "coordinates": [ 242928.631752131448593, 911430.399696358828805 ] } },
{ "type": "Feature", "properties": { "category": "personal_service" }, "geometry": { "type": "Point", "coordinates": [ 226236.287978579290211, 901757.802738486905582 ] } },
{ "type": "Feature", "properties": { "category": "personal_service" }, "geometry": { "type": "Point", "coordinates": [ 235385.940139242040459, 899663.672788775293157 ] } },
{ "type": "Feature", "properties": { "category": "personal_service" }, "geometry": { "type": "Point", "coordinates": [ 236146.872384299349505, 892385.328306776704267 ] } },
{ "type": "Feature", "properties": { "category": "personal_service" }, "geometry": { "type": "Point", "coordinates": [ 234645.514261271047872, 894076.133336750091985 ] } },
{ "type": "Feature", "properties": { "category": "personal_service" }, "geometry": { "type": "Point", "coordinates": [ 223910.295939260162413, 897847.362586397328414 ] } },
{ "type": "Feature", "properties": { "category": "personal_service" }, "geometry": { "type": "Point", "coordinates": [ 224795.517946198844584, 901382.793122378643602 ] } },
{ "type": "Feature", "properties": { "category": "personal_service" }, "geometry": { "type": "Point", "coordinates": [ 246950.452905038371682, 912993.532980772666633 ] } },
{ "type": "Feature", "properties": { "category": "personal_service" }, "geometry": { "type": "Point", "coordinates": [ 237886.620856635563541, 903348.962605368462391 ] } },
{ "type": "Feature", "properties": { "category": "personal_service" }, "geometry": { "type": "Point", "coordinates": [ 232331.605990125826793, 896943.114437928772531 ] } },
{ "type": "Feature", "properties": { "category": "personal_service" }, "geometry": { "type": "Point", "coordinates": [ 231876.171635816048365, 898127.227461861097254 ] } },
{ "type": "Feature", "properties": { "category": "personal_service" }, "geometry": { "type": "Point", "coordinates": [ 240530.045509001764003, 887930.950097055756487 ] } },
{ "type": "Feature", "properties": { "category": "personal_service" }, "geometry": { "type": "Point", "coordinates": [ 228578.028724207979394, 899921.493805519770831 ] } },
{ "type": "Feature", "properties": { "category": "personal_service" }, "geometry": { "type": "Point", "coordinates": [ 237163.254107962362468, 909966.442275713314302 ] } },
{ "type": "Feature", "properties": { "category": "personal_service" }, "geometry": { "type": "Point", "coordinates": [ 243307.916556942393072, 903000.959146820008755 ] } },
{ "type": "Feature", "properties": { "category": "personal_service" }, "geometry": { "type": "Point", "coordinates": [ 224043.644471725245239, 896354.171057029510848 ] } },
{ "type": "Feature", "properties": { "category": "personal_service" }, "geometry": { "type": "Point", "coordinates": [ 232421.183241068036295, 900003.597352753742598 ] } },
{ "type": "Feature", "properties": { "category": "personal_service" }, "geometry": { "type": "Point", "coordinates": [ 229410.975801439519273, 901313.400692082708701 ] } },
{ "type": "Feature", "properties": { "category": "personal_service" }, "geometry": { "type": "Point", "coordinates": [ 239848.041015145310666, 912271.662093564169481 ] } },
{ "type": "Feature", "properties": { "category": "personal_service" }, "geometry": { "type": "Point", "coordinates": [ 238255.53078440646641, 904686.909995446680114 ] } },
{ "type": "Feature", "properties": { "category": "personal_service" }, "geometry": { "type": "Point", "coordinates": [ 231739.576829576661112, 892050.830137392971665 ] } },
{ "type": "Feature", "properties": { "category": "personal_service" }, "geometry": { "type": "Point", "coordinates": [ 232592.033785774721764, 901502.939307163702324 ] } },
{ "type": "Feature", "properties": { "category": "personal_service" }, "geometry": { "type": "Point", "coordinates": [ 219960.862089141941397, 897341.748468836769462 ] } },
{ "type": "Feature", "properties": { "category": "personal_service" }, "geometry": { "type": "Point", "coordinates": [ 245181.685056975955376, 914315.790854687686078 ] } },
{ "type": "Feature", "properties": { "category": "personal_service" }, "geometry": { "type": "Point", "coordinates": [ 240975.733819839166244, 887832.895379135385156 ] } },
{ "type": "Feature", "properties": { "category": "personal_service" }, "geometry": { "type": "Point", "coordinates": [ 231174.432157609728165, 905472.335751879727468 ] } },
{ "type": "Feature", "properties": { "category": "personal_service" }, "geometry": { "type": "Point", "coordinates": [ 225989.643661264242837, 908282.07741625001654 ] } },
{ "type": "Feature", "properties": { "category": "personal_service" }, "geometry": { "type": "Point", "coordinates": [ 221488.267883361608256, 901434.881230745930225 ] } },
{ "type": "Feature", "properties": { "category": "personal_service" }, "geometry": { "type": "Point", "coordinates": [ 234984.959430215822067, 894468.80342223693151 ] } },
{ "type": "Feature", "properties": { "category": "personal_service" }, "geometry": { "type": "Point", "coordinates": [ 235241.709659874089994, 896859.462202113470994 ] } },
{ "type": "Feature", "properties": { "category": "personal_service" }, "geometry": { "type": "Point", "coordinates": [ 229762.947045372537104, 887036.357403266709298 ] } },
{ "type": "Feature", "properties": { "category": "personal_service" }, "geometry": { "type": "Point", "coordinates": [ 221025.189461861387827, 901174.225814736215398 ] } },
{ "type": "Feature", "properties": { "category": "personal_service" }, "geometry": { "type": "Point", "coordinates": [ 232615.520797456614673, 899708.030249470262788 ] } },
{ "type": "Feature", "properties": { "category": "personal_service" }, "geometry": { "type": "Point", "coordinates": [ 234988.995566716359463, 899653.909948739805259 ] } },
{ "type": "Feature", "properties": { "category": "personal_service" }, "geometry": { "type": "Point", "coordinates": [ 234876.95949515409302, 900097.109109255485237 ] } },
{ "type": "Feature", "properties": { "category": "personal_service" }, "geometry": { "type": "Point", "coordinates": [ 233148.012452045077225, 905023.507154825609177 ] } },
{ "type": "Feature", "properties": { "category": "personal_service" }, "geometry": { "type": "Point", "coordinates": [ 230340.855065419978928, 888279.421245159581304 ] } },
{ "type": "Feature", "properties": { "category": "personal_service" }, "geometry": { "type": "Point", "coordinates": [ 238149.821183330728672, 908910.80762963485904 ] } },
{ "type": "Feature", "properties": { "category": "personal_service" }, "geometry": { "type": "Point", "coordinates": [ 238194.151434241997777, 913735.844628867809661 ] } },
{ "type": "Feature", "properties": { "category": "personal_service" }, "geometry": { "type": "Point", "coordinates": [ 233077.80501995285158, 901415.569414195604622 ] } },
{ "type": "Feature", "properties": { "category": "personal_service" }, "geometry": { "type": "Point", "coordinates": [ 234394.938369354757015, 904190.30247781786602 ] } },
{ "type": "Feature", "properties": { "category": "personal_service" }, "geometry": { "type": "Point", "coordinates": [ 243350.570126648090081, 912797.963411992765032 ] } },
{ "type": "Feature", "properties": { "category": "personal_service" }, "geometry": { "type": "Point", "coordinates": [ 234459.934094650961924, 899465.796090262476355 ] } },
{ "type": "Feature", "properties": { "category": "personal_service" }, "geometry": { "type": "Point", "coordinates": [ 225623.118967991642421, 901596.58770023228135 ] } },
{ "type": "Feature", "properties": { "category": "personal_service" }, "geometry": { "type": "Point", "coordinates": [ 235812.431312600994715, 895343.699717076611705 ] } },
{ "type": "Feature", "properties": { "category": "personal_service" }, "geometry": { "type": "Point", "coordinates": [ 235130.463737986458, 899935.975884847226553 ] } },
{ "type": "Feature", "properties": { "category": "personal_service" }, "geometry": { "type": "Point", "coordinates": [ 246506.559050689713331, 913642.628013447625563 ] } },
{ "type": "Feature", "properties": { "category": "personal_service" }, "geometry": { "type": "Point", "coordinates": [ 244735.87503169363481, 914504.883102336898446 ] } },
{ "type": "Feature", "properties": { "category": "personal_service" }, "geometry": { "type": "Point", "coordinates": [ 242225.315573534549912, 902847.188339711050503 ] } },
{ "type": "Feature", "properties": { "category": "personal_service" }, "geometry": { "type": "Point", "coordinates": [ 239607.257431841222569, 903745.008977439953014 ] } },
{ "type": "Feature", "properties": { "category": "personal_service" }, "geometry": { "type": "Point", "coordinates": [ 242308.749144088593312, 902792.26184382638894 ] } },
{ "type": "Feature", "properties": { "category": "personal_service" }, "geometry": { "type": "Point", "coordinates": [ 230096.710196271364111, 898769.185198910068721 ] } },
{ "type": "Feature", "properties": { "category": "personal_service" }, "geometry": { "type": "Point", "coordinates": [ 234360.921417354053119, 899998.484691348741762 ] } },
{ "type": "Feature", "properties": { "category": "personal_service" }, "geometry": { "type": "Point", "coordinates": [ 235575.433487347996561, 900172.588767402339727 ] } },
{ "type": "Feature", "properties": { "category": "personal_service" }, "geometry": { "type": "Point", "coordinates": [ 240337.31096206131042, 912707.675351330311969 ] } },
{ "type": "Feature", "properties": { "category": "personal_service" }, "geometry": { "type": "Point", "coordinates": [ 236230.3299008886097, 894261.841011086595245 ] } },
{ "type": "Feature", "properties": { "category": "personal_service" }, "geometry": { "type": "Point", "coordinates": [ 243213.128343595570186, 904057.184841581853107 ] } },
{ "type": "Feature", "properties": { "category": "personal_service" }, "geometry": { "type": "Point", "coordinates": [ 241516.381205266981851, 902493.17490443168208 ] } },
{ "type": "Feature", "properties": { "category": "personal_service" }, "geometry": { "type": "Point", "coordinates": [ 240938.481806148542091, 907920.464335301192477 ] } },
{ "type": "Feature", "properties": { "category": "personal_service" }, "geometry": { "type": "Point", "coordinates": [ 231416.456151500344276, 902918.940242286305875 ] } },
{ "type": "Feature", "properties": { "category": "personal_service" }, "geometry": { "type": "Point", "coordinates": [ 221541.80145778413862, 903399.230206959182397 ] } },
{ "type": "Feature", "properties": { "category": "personal_service" }, "geometry": { "type": "Point", "coordinates": [ 233711.926574701705249, 892893.075960078742355 ] } },
{ "type": "Feature", "properties": { "category": "personal_service" }, "geometry": { "type": "Point", "coordinates": [ 233883.300956557679456, 908103.024774329503998 ] } },
{ "type": "Feature", "properties": { "category": "personal_service" }, "geometry": { "type": "Point", "coordinates": [ 232277.216946644650307, 898914.485538228182122 ] } },
{ "type": "Feature", "properties": { "category": "personal_service" }, "geometry": { "type": "Point", "coordinates": [ 235745.381139438337414, 907184.744268776383251 ] } },
{ "type": "Feature", "properties": { "category": "personal_service" }, "geometry": { "type": "Point", "coordinates": [ 241334.957195618626429, 906853.419256742345169 ] } },
{ "type": "Feature", "properties": { "category": "personal_service" }, "geometry": { "type": "Point", "coordinates": [ 234416.072982241166756, 892311.891062931390479 ] } },
{ "type": "Feature", "properties": { "category": "personal_service" }, "geometry": { "type": "Point", "coordinates": [ 220889.577713972423226, 899599.85876077238936 ] } },
{ "type": "Feature", "properties": { "category": "personal_service" }, "geometry": { "type": "Point", "coordinates": [ 230430.542672246578149, 892615.976921380031854 ] } },
{ "type": "Feature", "properties": { "category": "personal_service" }, "geometry": { "type": "Point", "coordinates": [ 230937.383661277854117, 900203.624169336166233 ] } },
{ "type": "Feature", "properties": { "category": "personal_service" }, "geometry": { "type": "Point", "coordinates": [ 221498.761949093721341, 892204.800240223761648 ] } },
{ "type": "Feature", "properties": { "category": "personal_service" }, "geometry": { "type": "Point", "coordinates": [ 228696.920576217788039, 902786.340234201750718 ] } },
{ "type": "Feature", "properties": { "category": "personal_service" }, "geometry": { "type": "Point", "coordinates": [ 231157.036322627071058, 905125.248313901713118 ] } },
{ "type": "Feature", "properties": { "category": "personal_service" }, "geometry": { "type": "Point", "coordinates": [ 220734.633483465120662, 902850.743153666495346 ] } },
{ "type": "Feature", "properties": { "category": "personal_service" }, "geometry": { "type": "Point", "coordinates": [ 238784.821991364151472, 903103.714829059550539 ] } },
{ "type": "Feature", "properties": { "category": "personal_service" }, "geometry": { "type": "Point", "coordinates": [ 236012.466488122852752, 895582.314948753919452 ] } },
{ "type": "Feature", "properties": { "category": "personal_service" }, "geometry": { "type": "Point", "coordinates": [ 244321.916707387892529, 911972.698231656802818 ] } },
{ "type": "Feature", "properties": { "category": "personal_service" }, "geometry": { "type": "Point", "coordinates": [ 240812.063147055392619, 908105.010055111371912 ] } },
{ "type": "Feature", "properties": { "category": "personal_service" }, "geometry": { "type": "Point", "coordinates": [ 235591.690684505039826, 897107.705672822077759 ] } },
{ "type": "Feature", "properties": { "category": "personal_service" }, "geometry": { "type": "Point", "coordinates": [ 228245.637452406808734, 892413.593350403243676 ] } },
{ "type": "Feature", "properties": { "category": "personal_service" }, "geometry": { "type": "Point", "coordinates": [ 232653.758202953235013, 901763.481841368367895 ] } },
{ "type": "Feature", "properties": { "category": "personal_service" }, "geometry": { "type": "Point", "coordinates": [ 232778.896372721996158, 907300.229878911166452 ] } },
{ "type": "Feature", "properties": { "category": "personal_service" }, "geometry": { "type": "Point", "coordinates": [ 238374.789194543787744, 902329.687539339880459 ] } },
{ "type": "Feature", "properties": { "category": "personal_service" }, "geometry": { "type": "Point", "coordinates": [ 234943.614489077677717, 899136.061822823015973 ] } },
{ "type": "Feature", "properties": { "category": "personal_service" }, "geometry": { "type": "Point", "coordinates": [ 236276.552844878577162, 911016.51164069713559 ] } },
{ "type": "Feature", "properties": { "category": "personal_service" }, "geometry": { "type": "Point", "coordinates": [ 234377.838024006516207, 895560.582397694000974 ] } },
{ "type": "Feature", "properties": { "category": "personal_service" }, "geometry": { "type": "Point", "coordinates": [ 225782.507263921463164, 900767.532661989098415 ] } },
{ "type": "Feature", "properties": { "category": "personal_service" }, "geometry": { "type": "Point", "coordinates": [ 240091.061295200343011, 908792.218830998637713 ] } },
{ "type": "Feature", "properties": { "category": "personal_service" }, "geometry": { "type": "Point", "coordinates": [ 220392.728411248186603, 898688.791556577547453 ] } },
{ "type": "Feature", "properties": { "category": "personal_service" }, "geometry": { "type": "Point", "coordinates": [ 242477.269139888259815, 903022.657333021285012 ] } },
{ "type": "Feature", "properties": { "category": "personal_service" }, "geometry": { "type": "Point", "coordinates": [ 224537.698802098166198, 900315.433988654054701 ] } },
{ "type": "Feature", "properties": { "category": "personal_service" }, "geometry": { "type": "Point", "coordinates": [ 233872.288677418022417, 899339.421015802072361 ] } },
{ "type": "Feature", "properties": { "category": "personal_service" }, "geometry": { "type": "Point", "coordinates": [ 244271.136082403652836, 913267.590395515668206 ] } },
{ "type": "Feature", "properties": { "category": "personal_service" }, "geometry": { "type": "Point", "coordinates": [ 245188.81334182532737, 912277.260299980756827 ] } },
{ "type": "Feature", "properties": { "category": "personal_service" }, "geometry": { "type": "Point", "coordinates": [ 235690.687038537551416, 900012.887651945115067 ] } },
{ "type": "Feature", "properties": { "category": "personal_service" }, "geometry": { "type": "Point", "coordinates": [ 232015.465677301370306, 902193.86002774105873 ] } },
{ "type": "Feature", "properties": { "category": "personal_service" }, "geometry": { "type": "Point", "coordinates": [ 235420.06842049799161, 899431.692048354074359 ] } },
{ "type": "Feature", "properties": { "category": "personal_service" }, "geometry": { "type": "Point", "coordinates": [ 235586.679140011197887, 909507.729068867047317 ] } },
{ "type": "Feature", "properties": { "category": "personal_service" }, "geometry": { "type": "Point", "coordinates": [ 227706.207252560911002, 899944.661244319286197 ] } },
{ "type": "Feature", "properties": { "category": "personal_service" }, "geometry": { "type": "Point", "coordinates": [ 221789.193413510976825, 893774.192025452852249 ] } },
{ "type": "Feature", "properties": { "category": "personal_service" }, "geometry": { "type": "Point", "coordinates": [ 226751.933859463635599, 903446.35421480354853 ] } },
{ "type": "Feature", "properties": { "category": "personal_service" }, "geometry": { "type": "Point", "coordinates": [ 232384.123425765137654, 896296.666033776942641 ] } },
{ "type": "Feature", "properties": { "category": "personal_service" }, "geometry": { "type": "Point", "coordinates": [ 234132.3676803803246, 898537.810391974519007 ] } },
{ "type": "Feature", "properties": { "category": "personal_service" }, "geometry": { "type": "Point", "coordinates": [ 223001.394399231823627, 895452.077549769193865 ] } },
{ "type": "Feature", "properties": { "category": "personal_service" }, "geometry": { "type": "Point", "coordinates": [ 231496.438350626587635, 904330.550148680107668 ] } },
{ "type": "Feature", "properties": { "category": "personal_service" }, "geometry": { "type": "Point", "coordinates": [ 240515.783424588502385, 904138.968173862318508 ] } },
{ "type": "Feature", "properties": { "category": "personal_service" }, "geometry": { "type": "Point", "coordinates": [ 238635.807207208854379, 889561.445373097783886 ] } },
{ "type": "Feature", "properties": { "category": "personal_service" }, "geometry": { "type": "Point", "coordinates": [ 238732.916436675761361, 902972.910748836584389 ] } },
{ "type": "Feature", "properties": { "category": "personal_service" }, "geometry": { "type": "Point", "coordinates": [ 234797.379436218325282, 899728.713670149678364 ] } },
{ "type": "Feature", "properties": { "category": "personal_service" }, "geometry": { "type": "Point", "coordinates": [ 232918.430081072583562, 902588.139788618311286 ] } },
{ "type": "Feature", "properties": { "category": "personal_service" }, "geometry": { "type": "Point", "coordinates": [ 239323.944614550186088, 905602.662647636025213 ] } },
{ "type": "Feature", "properties": { "category": "personal_service" }, "geometry": { "type": "Point", "coordinates": [ 228830.09501307780738, 900578.769280659616925 ] } },
{ "type": "Feature", "properties": { "category": "personal_service" }, "geometry": { "type": "Point", "coordinates": [ 236880.829880145029165, 900506.776611351640895 ] } },
{ "type": "Feature", "properties": { "category": "personal_service" }, "geometry": { "type": "Point", "coordinates": [ 233257.987002088077134, 902576.520775619195774 ] } },
{ "type": "Feature", "properties": { "category": "personal_service" }, "geometry": { "type": "Point", "coordinates": [ 242373.196258438460063, 887911.70134448283352 ] } },
{ "type": "Feature", "properties": { "category": "personal_service" }, "geometry": { "type": "Point", "coordinates": [ 235379.227312291681301, 900833.29010399337858 ] } },
{ "type": "Feature", "properties": { "category": "personal_service" }, "geometry": { "type": "Point", "coordinates": [ 234549.87991070598946, 907576.423926606192254 ] } },
{ "type": "Feature", "properties": { "category": "personal_service" }, "geometry": { "type": "Point", "coordinates": [ 225283.536424259335035, 897781.633701928774826 ] } },
{ "type": "Feature", "properties": { "category": "personal_service" }, "geometry": { "type": "Point", "coordinates": [ 221695.075573256995995, 891749.549525211914442 ] } },
{ "type": "Feature", "properties": { "category": "personal_service" }, "geometry": { "type": "Point", "coordinates": [ 244768.458000330545474, 912749.217493696603924 ] } },
{ "type": "Feature", "properties": { "category": "personal_service" }, "geometry": { "type": "Point", "coordinates": [ 222035.717528225068236, 893763.297056215000339 ] } },
{ "type": "Feature", "properties": { "category": "personal_service" }, "geometry": { "type": "Point", "coordinates": [ 228498.904578275745735, 899927.837142711388879 ] } },
{ "type": "Feature", "properties": { "category": "personal_service" }, "geometry": { "type": "Point", "coordinates": [ 240216.267416780930944, 906974.997292243526317 ] } },
{ "type": "Feature", "properties": { "category": "personal_service" }, "geometry": { "type": "Point", "coordinates": [ 233082.658650696888799, 897425.684039329644293 ] } },
{ "type": "Feature", "properties": { "category": "personal_service" }, "geometry": { "type": "Point", "coordinates": [ 227241.248328870278783, 896821.357556776376441 ] } },
{ "type": "Feature", "properties": { "category": "personal_service" }, "geometry": { "type": "Point", "coordinates": [ 230532.198935835185694, 892758.594690422876738 ] } },
{ "type": "Feature", "properties": { "category": "personal_service" }, "geometry": { "type": "Point", "coordinates": [ 237010.815011113270884, 899713.362830818863586 ] } },
{ "type": "Feature", "properties": { "category": "personal_service" }, "geometry": { "type": "Point", "coordinates": [ 244490.171041972527746, 914364.689516615355387 ] } },
{ "type": "Feature", "properties": { "category": "personal_service" }, "geometry": { "type": "Point", "coordinates": [ 236734.070643711078446, 899014.119573315023445 ] } },
{ "type": "Feature", "properties": { "category": "personal_service" }, "geometry": { "type": "Point", "coordinates": [ 241013.113622237928212, 887862.88139497465454 ] } },
{ "type": "Feature", "properties": { "category": "personal_service" }, "geometry": { "type": "Point", "coordinates": [ 243781.034982635872439, 916368.263003392610699 ] } },
{ "type": "Feature", "properties": { "category": "personal_service" }, "geometry": { "type": "Point", "coordinates": [ 236526.166443989321124, 900170.468054382246919 ] } },
{ "type": "Feature", "properties": { "category": "personal_service" }, "geometry": { "type": "Point", "coordinates": [ 222637.057733413588721, 899933.61380138900131 ] } },
{ "type": "Feature", "properties": { "category": "personal_service" }, "geometry": { "type": "Point", "coordinates": [ 230974.234986981929978, 899095.454982843366452 ] } },
{ "type": "Feature", "properties": { "category": "personal_service" }, "geometry": { "type": "Point", "coordinates": [ 234611.420211392018246, 899994.160039766342379 ] } },
{ "type": "Feature", "properties": { "category": "personal_service" }, "geometry": { "type": "Point", "coordinates": [ 245929.499404918635264, 912614.649439198896289 ] } },
{ "type": "Feature", "properties": { "category": "personal_service" }, "geometry": { "type": "Point", "coordinates": [ 231326.420444317307556, 903365.961673870449886 ] } },
{ "type": "Feature", "properties": { "category": "personal_service" }, "geometry": { "type": "Point", "coordinates": [ 230476.427520750527037, 905191.574775230372325 ] } },
{ "type": "Feature", "properties": { "category": "personal_service" }, "geometry": { "type": "Point", "coordinates": [ 234399.384147562552243, 899715.424424112192355 ] } },
{ "type": "Feature", "properties": { "category": "personal_service" }, "geometry": { "type": "Point", "coordinates": [ 238793.706548045447562, 894400.474112659925595 ] } },
{ "type": "Feature", "properties": { "category": "personal_service" }, "geometry": { "type": "Point", "coordinates": [ 230570.436912327277241, 892879.833652766537853 ] } },
{ "type": "Feature", "properties": { "category": "personal_service" }, "geometry": { "type": "Point", "coordinates": [ 224035.269527149037458, 896826.661597355501726 ] } },
{ "type": "Feature", "properties": { "category": "personal_service" }, "geometry": { "type": "Point", "coordinates": [ 223744.256037400657078, 901837.245605468400754 ] } },
{ "type": "Feature", "properties": { "category": "personal_service" }, "geometry": { "type": "Point", "coordinates": [ 233051.292927675036481, 904091.100319219054654 ] } },
{ "type": "Feature", "properties": { "category": "personal_service" }, "geometry": { "type": "Point", "coordinates": [ 240246.518512310198275, 910885.423382780398242 ] } },
{ "type": "Feature", "properties": { "category": "personal_service" }, "geometry": { "type": "Point", "coordinates": [ 231541.923727704415796, 893636.108378810225986 ] } },
{ "type": "Feature", "properties": { "category": "personal_service" }, "geometry": { "type": "Point", "coordinates": [ 234887.526736719824839, 900192.46641349978745 ] } },
{ "type": "Feature", "properties": { "category": "personal_service" }, "geometry": { "type": "Point", "coordinates": [ 236127.133610642369604, 906081.012947245151736 ] } },
{ "type": "Feature", "properties": { "category": "personal_service" }, "geometry": { "type": "Point", "coordinates": [ 241316.418079957715236, 887697.374580184696242 ] } },
{ "type": "Feature", "properties": { "category": "personal_service" }, "geometry": { "type": "Point", "coordinates": [ 232620.538728929910576, 901786.209619942354038 ] } },
{ "type": "Feature", "properties": { "category": "personal_service" }, "geometry": { "type": "Point", "coordinates": [ 235820.481381297722692, 908258.82385848055128 ] } },
{ "type": "Feature", "properties": { "category": "personal_service" }, "geometry": { "type": "Point", "coordinates": [ 226185.688431715214392, 901697.632024129154161 ] } },
{ "type": "Feature", "properties": { "category": "personal_service" }, "geometry": { "type": "Point", "coordinates": [ 231124.380013438058086, 889591.087254066718742 ] } },
{ "type": "Feature", "properties": { "category": "personal_service" }, "geometry": { "type": "Point", "coordinates": [ 228700.565914099104702, 898968.949700014782138 ] } },
{ "type": "Feature", "properties": { "category": "personal_service" }, "geometry": { "type": "Point", "coordinates": [ 233278.202749693940859, 903055.586551247630268 ] } },
{ "type": "Feature", "properties": { "category": "personal_service" }, "geometry": { "type": "Point", "coordinates": [ 231139.26143500697799, 905104.619901211699471 ] } },
{ "type": "Feature", "properties": { "category": "personal_service" }, "geometry": { "type": "Point", "coordinates": [ 235359.086446842906298, 896483.388734233099967 ] } },
{ "type": "Feature", "properties": { "category": "personal_service" }, "geometry": { "type": "Point", "coordinates": [ 235825.317277396272402, 901419.044091869029216 ] } },
{ "type": "Feature", "properties": { "category": "personal_service" }, "geometry": { "type": "Point", "coordinates": [ 236893.697831783501897, 900676.460532167926431 ] } },
{ "type": "Feature", "properties": { "category": "personal_service" }, "geometry": { "type": "Point", "coordinates": [ 236887.865275896008825, 906616.372553541208617 ] } },
{ "type": "Feature", "properties": { "category": "personal_service" }, "geometry": { "type": "Point", "coordinates": [ 225121.98330865780008, 905778.866719884681515 ] } },
{ "type": "Feature", "properties": { "category": "personal_service" }, "geometry": { "type": "Point", "coordinates": [ 236527.830672903190134, 901783.776946710771881 ] } },
{ "type": "Feature", "properties": { "category": "personal_service" }, "geometry": { "type": "Point", "coordinates": [ 243006.569853221502854, 912202.670466799056157 ] } },
{ "type": "Feature", "properties": { "category": "personal_service" }, "geometry": { "type": "Point", "coordinates": [ 224052.418589892302407, 896415.959542278666049 ] } },
{ "type": "Feature", "properties": { "category": "personal_service" }, "geometry": { "type": "Point", "coordinates": [ 219657.09603948701988, 901154.825578946620226 ] } },
{ "type": "Feature", "properties": { "category": "personal_service" }, "geometry": { "type": "Point", "coordinates": [ 222509.698788385576336, 901598.586188046261668 ] } },
{ "type": "Feature", "properties": { "category": "personal_service" }, "geometry": { "type": "Point", "coordinates": [ 227283.971904176694807, 888733.868726790766232 ] } },
{ "type": "Feature", "properties": { "category": "personal_service" }, "geometry": { "type": "Point", "coordinates": [ 234735.108333556941943, 905038.620103860972449 ] } },
{ "type": "Feature", "properties": { "category": "personal_service" }, "geometry": { "type": "Point", "coordinates": [ 228917.508230152219767, 906339.646297803614289 ] } },
{ "type": "Feature", "properties": { "category": "personal_service" }, "geometry": { "type": "Point", "coordinates": [ 235643.778531666641356, 901252.503157338593155 ] } },
{ "type": "Feature", "properties": { "category": "personal_service" }, "geometry": { "type": "Point", "coordinates": [ 222293.728954378282651, 899854.095889353891835 ] } },
{ "type": "Feature", "properties": { "category": "personal_service" }, "geometry": { "type": "Point", "coordinates": [ 230866.018833980255295, 899437.652793163084425 ] } },
{ "type": "Feature", "properties": { "category": "personal_service" }, "geometry": { "type": "Point", "coordinates": [ 231952.098610018962063, 896834.745566257392056 ] } },
{ "type": "Feature", "properties": { "category": "personal_service" }, "geometry": { "type": "Point", "coordinates": [ 229636.935541679995367, 899888.113214165437967 ] } },
{ "type": "Feature", "properties": { "category": "personal_service" }, "geometry": { "type": "Point", "coordinates": [ 222329.488024411781225, 902109.523049694602378 ] } },
{ "type": "Feature", "properties": { "category": "personal_service" }, "geometry": { "type": "Point", "coordinates": [ 239772.855087233881932, 906160.03368755034171 ] } },
{ "type": "Feature", "properties": { "category": "personal_service" }, "geometry": { "type": "Point", "coordinates": [ 230243.840158954204526, 907923.780503764399327 ] } },
{ "type": "Feature", "properties": { "category": "personal_service" }, "geometry": { "type": "Point", "coordinates": [ 221849.814276476681698, 891965.736704658949748 ] } },
{ "type": "Feature", "properties": { "category": "personal_service" }, "geometry": { "type": "Point", "coordinates": [ 222856.461106472386746, 898467.219729566946626 ] } },
{ "type": "Feature", "properties": { "category": "personal_service" }, "geometry": { "type": "Point", "coordinates": [ 226218.152088905946584, 903372.58515390381217 ] } },
{ "type": "Feature", "properties": { "category": "personal_service" }, "geometry": { "type": "Point", "coordinates": [ 230353.587257244449575, 900121.102486232412048 ] } },
{ "type": "Feature", "properties": { "category": "personal_service" }, "geometry": { "type": "Point", "coordinates": [ 238793.706548045447562, 894400.474112659925595 ] } },
{ "type": "Feature", "properties": { "category": "personal_service" }, "geometry": { "type": "Point", "coordinates": [ 237244.066417652502423, 905852.693087135325186 ] } },
{ "type": "Feature", "properties": { "category": "personal_service" }, "geometry": { "type": "Point", "coordinates": [ 225374.45471934278612, 897870.156243167351931 ] } },
{ "type": "Feature", "properties": { "category": "personal_service" }, "geometry": { "type": "Point", "coordinates": [ 229349.862884811707772, 900561.149133301223628 ] } },
{ "type": "Feature", "properties": { "category": "personal_service" }, "geometry": { "type": "Point", "coordinates": [ 234905.843984400096815, 895290.378589281928726 ] } },
{ "type": "Feature", "properties": { "category": "personal_service" }, "geometry": { "type": "Point", "coordinates": [ 232507.941822563501773, 901606.74095187918283 ] } },
{ "type": "Feature", "properties": { "category": "personal_service" }, "geometry": { "type": "Point", "coordinates": [ 237059.331959157309029, 900700.547452322789468 ] } },
{ "type": "Feature", "properties": { "category": "personal_service" }, "geometry": { "type": "Point", "coordinates": [ 237127.123256677761674, 900110.302758218836971 ] } },
{ "type": "Feature", "properties": { "category": "personal_service" }, "geometry": { "type": "Point", "coordinates": [ 236400.250097867567092, 894411.561258527683094 ] } },
{ "type": "Feature", "properties": { "category": "personal_service" }, "geometry": { "type": "Point", "coordinates": [ 231416.456151500344276, 902918.940242286305875 ] } },
{ "type": "Feature", "properties": { "category": "personal_service" }, "geometry": { "type": "Point", "coordinates": [ 236584.460545072040986, 896250.841703727841377 ] } },
{ "type": "Feature", "properties": { "category": "personal_service" }, "geometry": { "type": "Point", "coordinates": [ 234204.463805034611141, 897778.391221566940658 ] } },
{ "type": "Feature", "properties": { "category": "personal_service" }, "geometry": { "type": "Point", "coordinates": [ 232225.544780177500797, 898142.260755581432022 ] } },
{ "type": "Feature", "properties": { "category": "personal_service" }, "geometry": { "type": "Point", "coordinates": [ 241327.032370616681874, 889235.285003808792681 ] } },
{ "type": "Feature", "properties": { "category": "personal_service" }, "geometry": { "type": "Point", "coordinates": [ 237866.490086297329981, 889886.049223823938519 ] } },
{ "type": "Feature", "properties": { "category": "personal_service" }, "geometry": { "type": "Point", "coordinates": [ 238464.515524839924183, 892607.663772492203861 ] } },
{ "type": "Feature", "properties": { "category": "personal_service" }, "geometry": { "type": "Point", "coordinates": [ 237962.529999307298567, 909017.206704123178497 ] } },
{ "type": "Feature", "properties": { "category": "personal_service" }, "geometry": { "type": "Point", "coordinates": [ 238593.115003581624478, 905377.448849604930729 ] } },
{ "type": "Feature", "properties": { "category": "personal_service" }, "geometry": { "type": "Point", "coordinates": [ 239177.381346945418045, 891544.373772067017853 ] } },
{ "type": "Feature", "properties": { "category": "personal_service" }, "geometry": { "type": "Point", "coordinates": [ 230258.067302505834959, 900605.87765620124992 ] } },
{ "type": "Feature", "properties": { "category": "personal_service" }, "geometry": { "type": "Point", "coordinates": [ 235665.470287320378702, 903113.288085146108642 ] } },
{ "type": "Feature", "properties": { "category": "personal_service" }, "geometry": { "type": "Point", "coordinates": [ 234090.96643288814812, 894293.577457585954107 ] } },
{ "type": "Feature", "properties": { "category": "personal_service" }, "geometry": { "type": "Point", "coordinates": [ 241215.007144348870497, 889017.36312027880922 ] } },
{ "type": "Feature", "properties": { "category": "personal_service" }, "geometry": { "type": "Point", "coordinates": [ 234061.811516631743871, 899832.633454585447907 ] } },
{ "type": "Feature", "properties": { "category": "personal_service" }, "geometry": { "type": "Point", "coordinates": [ 239990.620661628927337, 890859.16399809718132 ] } },
{ "type": "Feature", "properties": { "category": "personal_service" }, "geometry": { "type": "Point", "coordinates": [ 230569.399189536023187, 901459.414010745706037 ] } },
{ "type": "Feature", "properties": { "category": "personal_service" }, "geometry": { "type": "Point", "coordinates": [ 231457.369201842579059, 902463.480408143252134 ] } },
{ "type": "Feature", "properties": { "category": "personal_service" }, "geometry": { "type": "Point", "coordinates": [ 228291.122095744212857, 907407.118512665154412 ] } },
{ "type": "Feature", "properties": { "category": "personal_service" }, "geometry": { "type": "Point", "coordinates": [ 238417.304413052275777, 904826.64213290263433 ] } },
{ "type": "Feature", "properties": { "category": "personal_service" }, "geometry": { "type": "Point", "coordinates": [ 239267.745307436038274, 908908.086582239251584 ] } },
{ "type": "Feature", "properties": { "category": "personal_service" }, "geometry": { "type": "Point", "coordinates": [ 234593.052436767029576, 895353.257562405546196 ] } },
{ "type": "Feature", "properties": { "category": "personal_service" }, "geometry": { "type": "Point", "coordinates": [ 226026.535830652283039, 903922.708908933447674 ] } },
{ "type": "Feature", "properties": { "category": "personal_service" }, "geometry": { "type": "Point", "coordinates": [ 224164.633756326453295, 900005.901970650767908 ] } },
{ "type": "Feature", "properties": { "category": "personal_service" }, "geometry": { "type": "Point", "coordinates": [ 226887.75027162002516, 903291.363451468525454 ] } },
{ "type": "Feature", "properties": { "category": "personal_service" }, "geometry": { "type": "Point", "coordinates": [ 229861.375348264642525, 901381.724943973473273 ] } },
{ "type": "Feature", "properties": { "category": "personal_service" }, "geometry": { "type": "Point", "coordinates": [ 232747.721494226512732, 898214.652676419005729 ] } },
{ "type": "Feature", "properties": { "category": "personal_service" }, "geometry": { "type": "Point", "coordinates": [ 237138.33295595558593, 907305.165010532015003 ] } },
{ "type": "Feature", "properties": { "category": "personal_service" }, "geometry": { "type": "Point", "coordinates": [ 237124.089412729663309, 907212.560253862291574 ] } },
{ "type": "Feature", "properties": { "category": "personal_service" }, "geometry": { "type": "Point", "coordinates": [ 236045.934058594051749, 900630.184241939452477 ] } },
{ "type": "Feature", "properties": { "category": "personal_service" }, "geometry": { "type": "Point", "coordinates": [ 241243.467190403054701, 888427.604627337073907 ] } },
{ "type": "Feature", "properties": { "category": "personal_service" }, "geometry": { "type": "Point", "coordinates": [ 226540.955207122460706, 902005.206374821253121 ] } },
{ "type": "Feature", "properties": { "category": "personal_service" }, "geometry": { "type": "Point", "coordinates": [ 223011.057035275094677, 894842.301460373913869 ] } },
{ "type": "Feature", "properties": { "category": "personal_service" }, "geometry": { "type": "Point", "coordinates": [ 235575.981633478018921, 899396.934627668000758 ] } },
{ "type": "Feature", "properties": { "category": "personal_service" }, "geometry": { "type": "Point", "coordinates": [ 229995.793327566760127, 900363.936897878418677 ] } },
{ "type": "Feature", "properties": { "category": "personal_service" }, "geometry": { "type": "Point", "coordinates": [ 237439.695462420175318, 898367.260111078503542 ] } },
{ "type": "Feature", "properties": { "category": "personal_service" }, "geometry": { "type": "Point", "coordinates": [ 240290.065548106242204, 912255.747256440459751 ] } },
{ "type": "Feature", "properties": { "category": "personal_service" }, "geometry": { "type": "Point", "coordinates": [ 241792.675368888158118, 889475.404479291755706 ] } },
{ "type": "Feature", "properties": { "category": "personal_service" }, "geometry": { "type": "Point", "coordinates": [ 244438.579030601715203, 912085.628612580592744 ] } },
{ "type": "Feature", "properties": { "category": "personal_service" }, "geometry": { "type": "Point", "coordinates": [ 231788.764784135797527, 895037.893623610259965 ] } },
{ "type": "Feature", "properties": { "category": "personal_service" }, "geometry": { "type": "Point", "coordinates": [ 237400.687030264904024, 909367.98084319406189 ] } },
{ "type": "Feature", "properties": { "category": "personal_service" }, "geometry": { "type": "Point", "coordinates": [ 230676.960083024110645, 899615.104393406305462 ] } },
{ "type": "Feature", "properties": { "category": "personal_service" }, "geometry": { "type": "Point", "coordinates": [ 236887.865275896008825, 906616.372553541208617 ] } },
{ "type": "Feature", "properties": { "category": "personal_service" }, "geometry": { "type": "Point", "coordinates": [ 221829.480558501702035, 906041.556427725357935 ] } },
{ "type": "Feature", "properties": { "category": "personal_service" }, "geometry": { "type": "Point", "coordinates": [ 234009.67039506151923, 899063.167889437871054 ] } },
{ "type": "Feature", "properties": { "category": "personal_service" }, "geometry": { "type": "Point", "coordinates": [ 221294.572151426255004, 902885.075029942439869 ] } },
{ "type": "Feature", "properties": { "category": "personal_service" }, "geometry": { "type": "Point", "coordinates": [ 240044.597262826689985, 888114.446192373405211 ] } },
{ "type": "Feature", "properties": { "category": "personal_service" }, "geometry": { "type": "Point", "coordinates": [ 232856.257212095661089, 901599.363826667773537 ] } },
{ "type": "Feature", "properties": { "category": "personal_service" }, "geometry": { "type": "Point", "coordinates": [ 234817.30844618025003, 899747.584524154081009 ] } },
{ "type": "Feature", "properties": { "category": "personal_service" }, "geometry": { "type": "Point", "coordinates": [ 238640.421746988256928, 889893.254920284380205 ] } },
{ "type": "Feature", "properties": { "category": "personal_service" }, "geometry": { "type": "Point", "coordinates": [ 228161.471850328875007, 889948.488914780085906 ] } },
{ "type": "Feature", "properties": { "category": "personal_service" }, "geometry": { "type": "Point", "coordinates": [ 241082.207440667378251, 888879.296662998152897 ] } },
{ "type": "Feature", "properties": { "category": "personal_service" }, "geometry": { "type": "Point", "coordinates": [ 241215.007144348870497, 889017.36312027880922 ] } },
{ "type": "Feature", "properties": { "category": "personal_service" }, "geometry": { "type": "Point", "coordinates": [ 244910.477727158722701, 913227.444084407179616 ] } },
{ "type": "Feature", "properties": { "category": "personal_service" }, "geometry": { "type": "Point", "coordinates": [ 243194.297508248710074, 904079.618153291055933 ] } },
{ "type": "Feature", "properties": { "category": "personal_service" }, "geometry": { "type": "Point", "coordinates": [ 239150.265827654278837, 892681.313783955178224 ] } },
{ "type": "Feature", "properties": { "category": "personal_service" }, "geometry": { "type": "Point", "coordinates": [ 244900.771784118027426, 911929.835840574349277 ] } },
{ "type": "Feature", "properties": { "category": "personal_service" }, "geometry": { "type": "Point", "coordinates": [ 235770.927389282063814, 895739.033666700124741 ] } },
{ "type": "Feature", "properties": { "category": "personal_service" }, "geometry": { "type": "Point", "coordinates": [ 236346.164861270750407, 894505.696848598774523 ] } },
{ "type": "Feature", "properties": { "category": "personal_service" }, "geometry": { "type": "Point", "coordinates": [ 224491.313256721012294, 901308.303957792581059 ] } },
{ "type": "Feature", "properties": { "category": "personal_service" }, "geometry": { "type": "Point", "coordinates": [ 237614.692216053197626, 898915.474712722119875 ] } },
{ "type": "Feature", "properties": { "category": "personal_service" }, "geometry": { "type": "Point", "coordinates": [ 233674.182706369814696, 908205.322590201860294 ] } },
{ "type": "Feature", "properties": { "category": "personal_service" }, "geometry": { "type": "Point", "coordinates": [ 235587.454782480868744, 903150.32591862580739 ] } },
{ "type": "Feature", "properties": { "category": "personal_service" }, "geometry": { "type": "Point", "coordinates": [ 235771.420390952960588, 905094.474391267518513 ] } },
{ "type": "Feature", "properties": { "category": "personal_service" }, "geometry": { "type": "Point", "coordinates": [ 239168.578152853471693, 891495.673270585248247 ] } },
{ "type": "Feature", "properties": { "category": "personal_service" }, "geometry": { "type": "Point", "coordinates": [ 241215.007144348870497, 889017.36312027880922 ] } },
{ "type": "Feature", "properties": { "category": "personal_service" }, "geometry": { "type": "Point", "coordinates": [ 221071.304371023696149, 901592.014734897296876 ] } },
{ "type": "Feature", "properties": { "category": "personal_service" }, "geometry": { "type": "Point", "coordinates": [ 232786.766114943427965, 888682.040132313966751 ] } },
{ "type": "Feature", "properties": { "category": "personal_service" }, "geometry": { "type": "Point", "coordinates": [ 246015.816193770326208, 913110.196281156153418 ] } },
{ "type": "Feature", "properties": { "category": "personal_service" }, "geometry": { "type": "Point", "coordinates": [ 233939.764893468818627, 903962.931595255271532 ] } },
{ "type": "Feature", "properties": { "category": "personal_service" }, "geometry": { "type": "Point", "coordinates": [ 232384.123425765137654, 896296.666033776942641 ] } },
{ "type": "Feature", "properties": { "category": "personal_service" }, "geometry": { "type": "Point", "coordinates": [ 222711.839505541604012, 895172.55755588458851 ] } },
{ "type": "Feature", "properties": { "category": "personal_service" }, "geometry": { "type": "Point", "coordinates": [ 231177.566213556827279, 897153.835827802307904 ] } },
{ "type": "Feature", "properties": { "category": "personal_service" }, "geometry": { "type": "Point", "coordinates": [ 239188.395134548743954, 891062.807740027084947 ] } },
{ "type": "Feature", "properties": { "category": "personal_service" }, "geometry": { "type": "Point", "coordinates": [ 234276.648558416694868, 907673.167810272425413 ] } },
{ "type": "Feature", "properties": { "category": "personal_service" }, "geometry": { "type": "Point", "coordinates": [ 236289.76348412851803, 900972.004894750192761 ] } },
{ "type": "Feature", "properties": { "category": "personal_service" }, "geometry": { "type": "Point", "coordinates": [ 224175.091122728219489, 900055.700517098652199 ] } },
{ "type": "Feature", "properties": { "category": "personal_service" }, "geometry": { "type": "Point", "coordinates": [ 240261.119355872127926, 891786.196018109214492 ] } },
{ "type": "Feature", "properties": { "category": "personal_service" }, "geometry": { "type": "Point", "coordinates": [ 220362.745983353466727, 902834.659849365823902 ] } },
{ "type": "Feature", "properties": { "category": "personal_service" }, "geometry": { "type": "Point", "coordinates": [ 238366.848981936840573, 903029.440416059456766 ] } },
{ "type": "Feature", "properties": { "category": "personal_service" }, "geometry": { "type": "Point", "coordinates": [ 231665.771184039884247, 902459.19599915901199 ] } },
{ "type": "Feature", "properties": { "category": "personal_service" }, "geometry": { "type": "Point", "coordinates": [ 243844.355623633571668, 912484.338413955876604 ] } },
{ "type": "Feature", "properties": { "category": "personal_service" }, "geometry": { "type": "Point", "coordinates": [ 233574.28249412306468, 908065.772307279286906 ] } },
{ "type": "Feature", "properties": { "category": "personal_service" }, "geometry": { "type": "Point", "coordinates": [ 221824.135942680586595, 892239.680033948039636 ] } },
{ "type": "Feature", "properties": { "category": "personal_service" }, "geometry": { "type": "Point", "coordinates": [ 226744.150409528723685, 903479.092617912683636 ] } },
{ "type": "Feature", "properties": { "category": "personal_service" }, "geometry": { "type": "Point", "coordinates": [ 228267.762198305485072, 894050.609090234036557 ] } },
{ "type": "Feature", "properties": { "category": "personal_service" }, "geometry": { "type": "Point", "coordinates": [ 232636.710868856142042, 905201.171219204785302 ] } },
{ "type": "Feature", "properties": { "category": "personal_service" }, "geometry": { "type": "Point", "coordinates": [ 236580.577175904036267, 901113.915738302981481 ] } },
{ "type": "Feature", "properties": { "category": "personal_service" }, "geometry": { "type": "Point", "coordinates": [ 226049.659837734652683, 903904.68889065971598 ] } },
{ "type": "Feature", "properties": { "category": "personal_service" }, "geometry": { "type": "Point", "coordinates": [ 238568.210388581384905, 901905.315467681502923 ] } },
{ "type": "Feature", "properties": { "category": "personal_service" }, "geometry": { "type": "Point", "coordinates": [ 237444.718097423668951, 893553.311088793678209 ] } },
{ "type": "Feature", "properties": { "category": "personal_service" }, "geometry": { "type": "Point", "coordinates": [ 227341.928966816922184, 894225.89278928283602 ] } },
{ "type": "Feature", "properties": { "category": "personal_service" }, "geometry": { "type": "Point", "coordinates": [ 226462.143545697414083, 908249.96360127965454 ] } },
{ "type": "Feature", "properties": { "category": "personal_service" }, "geometry": { "type": "Point", "coordinates": [ 232592.384484287118539, 903202.771246001939289 ] } },
{ "type": "Feature", "properties": { "category": "personal_service" }, "geometry": { "type": "Point", "coordinates": [ 231856.491661994456081, 901649.743361889966764 ] } },
{ "type": "Feature", "properties": { "category": "personal_service" }, "geometry": { "type": "Point", "coordinates": [ 231522.966050557384733, 904914.609818691154942 ] } },
{ "type": "Feature", "properties": { "category": "personal_service" }, "geometry": { "type": "Point", "coordinates": [ 227688.478640711080516, 896956.396636068006046 ] } },
{ "type": "Feature", "properties": { "category": "personal_service" }, "geometry": { "type": "Point", "coordinates": [ 237439.695462420175318, 898367.260111078503542 ] } },
{ "type": "Feature", "properties": { "category": "personal_service" }, "geometry": { "type": "Point", "coordinates": [ 223237.828947827772936, 901715.255396968917921 ] } },
{ "type": "Feature", "properties": { "category": "personal_service" }, "geometry": { "type": "Point", "coordinates": [ 236651.207357450970449, 901787.307505853706971 ] } },
{ "type": "Feature", "properties": { "category": "personal_service" }, "geometry": { "type": "Point", "coordinates": [ 231176.336422494408907, 900199.459531523636542 ] } },
{ "type": "Feature", "properties": { "category": "personal_service" }, "geometry": { "type": "Point", "coordinates": [ 229859.423069149517687, 887508.056854880647734 ] } },
{ "type": "Feature", "properties": { "category": "personal_service" }, "geometry": { "type": "Point", "coordinates": [ 231274.401750044111395, 902730.473050772328861 ] } },
{ "type": "Feature", "properties": { "category": "personal_service" }, "geometry": { "type": "Point", "coordinates": [ 230240.505954210006166, 900608.912235644645989 ] } },
{ "type": "Feature", "properties": { "category": "personal_service" }, "geometry": { "type": "Point", "coordinates": [ 228245.431758928461932, 901636.075844052946195 ] } },
{ "type": "Feature", "properties": { "category": "personal_service" }, "geometry": { "type": "Point", "coordinates": [ 233846.722719923709519, 893161.417179276468232 ] } },
{ "type": "Feature", "properties": { "category": "personal_service" }, "geometry": { "type": "Point", "coordinates": [ 234612.861482644919306, 899032.233765525859781 ] } },
{ "type": "Feature", "properties": { "category": "personal_service" }, "geometry": { "type": "Point", "coordinates": [ 231248.433901352866087, 898845.411632095230743 ] } },
{ "type": "Feature", "properties": { "category": "personal_service" }, "geometry": { "type": "Point", "coordinates": [ 230288.144965731917182, 900394.071051081409678 ] } },
{ "type": "Feature", "properties": { "category": "personal_service" }, "geometry": { "type": "Point", "coordinates": [ 235613.796497775096213, 897299.981405872153118 ] } },
{ "type": "Feature", "properties": { "category": "personal_service" }, "geometry": { "type": "Point", "coordinates": [ 233923.217934578133281, 899355.439676170353778 ] } },
{ "type": "Feature", "properties": { "category": "personal_service" }, "geometry": { "type": "Point", "coordinates": [ 234159.660461282968754, 899874.207162838545628 ] } },
{ "type": "Feature", "properties": { "category": "personal_service" }, "geometry": { "type": "Point", "coordinates": [ 236167.305646271852311, 903635.147085759905167 ] } },
{ "type": "Feature", "properties": { "category": "personal_service" }, "geometry": { "type": "Point", "coordinates": [ 239545.242659044510219, 915384.232049830025062 ] } },
{ "type": "Feature", "properties": { "category": "personal_service" }, "geometry": { "type": "Point", "coordinates": [ 228477.644494842097629, 899887.763092266395688 ] } },
{ "type": "Feature", "properties": { "category": "personal_service" }, "geometry": { "type": "Point", "coordinates": [ 232505.585388378240168, 895326.637356444611214 ] } },
{ "type": "Feature", "properties": { "category": "personal_service" }, "geometry": { "type": "Point", "coordinates": [ 225019.994143777264981, 902053.720110660418868 ] } },
{ "type": "Feature", "properties": { "category": "personal_service" }, "geometry": { "type": "Point", "coordinates": [ 236934.822831857192796, 906124.203952067298815 ] } },
{ "type": "Feature", "properties": { "category": "personal_service" }, "geometry": { "type": "Point", "coordinates": [ 234570.629435038834345, 902389.692287858924828 ] } },
{ "type": "Feature", "properties": { "category": "personal_service" }, "geometry": { "type": "Point", "coordinates": [ 237026.271593708021101, 899923.159538257983513 ] } },
{ "type": "Feature", "properties": { "category": "personal_service" }, "geometry": { "type": "Point", "coordinates": [ 235221.491403223189991, 908494.614437526790425 ] } },
{ "type": "Feature", "properties": { "category": "personal_service" }, "geometry": { "type": "Point", "coordinates": [ 228695.092885850870516, 898815.862964814645238 ] } },
{ "type": "Feature", "properties": { "category": "personal_service" }, "geometry": { "type": "Point", "coordinates": [ 225574.541668119345559, 898443.038210529368371 ] } },
{ "type": "Feature", "properties": { "category": "personal_service" }, "geometry": { "type": "Point", "coordinates": [ 237710.960263627639506, 909004.409265149268322 ] } },
{ "type": "Feature", "properties": { "category": "personal_service" }, "geometry": { "type": "Point", "coordinates": [ 228643.299630456167506, 900200.897181948996149 ] } },
{ "type": "Feature", "properties": { "category": "personal_service" }, "geometry": { "type": "Point", "coordinates": [ 235476.266621056478471, 889672.214234583778307 ] } },
{ "type": "Feature", "properties": { "category": "personal_service" }, "geometry": { "type": "Point", "coordinates": [ 237346.267659943609033, 909064.219857308082283 ] } },
{ "type": "Feature", "properties": { "category": "personal_service" }, "geometry": { "type": "Point", "coordinates": [ 231408.303884662920609, 902531.796119032660499 ] } },
{ "type": "Feature", "properties": { "category": "personal_service" }, "geometry": { "type": "Point", "coordinates": [ 228267.762198305485072, 894050.609090234036557 ] } },
{ "type": "Feature", "properties": { "category": "personal_service" }, "geometry": { "type": "Point", "coordinates": [ 222056.597208476741798, 900300.544032163452357 ] } },
{ "type": "Feature", "properties": { "category": "personal_service" }, "geometry": { "type": "Point", "coordinates": [ 227345.004701559082605, 900449.759502601926215 ] } },
{ "type": "Feature", "properties": { "category": "personal_service" }, "geometry": { "type": "Point", "coordinates": [ 235947.988435805862537, 890370.165129474480636 ] } },
{ "type": "Feature", "properties": { "category": "personal_service" }, "geometry": { "type": "Point", "coordinates": [ 240365.500396484741941, 903995.921410233480856 ] } },
{ "type": "Feature", "properties": { "category": "personal_service" }, "geometry": { "type": "Point", "coordinates": [ 228680.555721025040839, 907215.532080165226944 ] } },
{ "type": "Feature", "properties": { "category": "personal_service" }, "geometry": { "type": "Point", "coordinates": [ 236166.404387156711891, 900257.914109036326408 ] } },
{ "type": "Feature", "properties": { "category": "personal_service" }, "geometry": { "type": "Point", "coordinates": [ 236044.047444106894545, 897302.174087103223428 ] } },
{ "type": "Feature", "properties": { "category": "personal_service" }, "geometry": { "type": "Point", "coordinates": [ 235839.097896728577325, 908319.901740051689558 ] } },
{ "type": "Feature", "properties": { "category": "personal_service" }, "geometry": { "type": "Point", "coordinates": [ 237124.549458997033071, 898257.510045778006315 ] } },
{ "type": "Feature", "properties": { "category": "personal_service" }, "geometry": { "type": "Point", "coordinates": [ 226607.263447278615786, 886288.299562657834031 ] } },
{ "type": "Feature", "properties": { "category": "personal_service" }, "geometry": { "type": "Point", "coordinates": [ 244987.203874421247747, 912099.455778456642292 ] } },
{ "type": "Feature", "properties": { "category": "personal_service" }, "geometry": { "type": "Point", "coordinates": [ 240019.967531573493034, 908574.651064548175782 ] } },
{ "type": "Feature", "properties": { "category": "personal_service" }, "geometry": { "type": "Point", "coordinates": [ 236320.283372122474248, 900805.212054508505389 ] } },
{ "type": "Feature", "properties": { "category": "personal_service" }, "geometry": { "type": "Point", "coordinates": [ 236249.617641155025922, 900929.032566706999205 ] } },
{ "type": "Feature", "properties": { "category": "personal_service" }, "geometry": { "type": "Point", "coordinates": [ 236781.095424163970165, 906617.367524320376106 ] } },
{ "type": "Feature", "properties": { "category": "personal_service" }, "geometry": { "type": "Point", "coordinates": [ 238636.645537567674182, 903390.814832415897399 ] } },
{ "type": "Feature", "properties": { "category": "personal_service" }, "geometry": { "type": "Point", "coordinates": [ 222994.882600816898048, 894922.112221596064046 ] } },
{ "type": "Feature", "properties": { "category": "personal_service" }, "geometry": { "type": "Point", "coordinates": [ 235649.947738416289212, 901059.48054101516027 ] } },
{ "type": "Feature", "properties": { "category": "personal_service" }, "geometry": { "type": "Point", "coordinates": [ 232237.114911703567486, 896913.022981781628914 ] } },
{ "type": "Feature", "properties": { "category": "personal_service" }, "geometry": { "type": "Point", "coordinates": [ 237383.83978458828642, 905886.537509354646318 ] } },
{ "type": "Feature", "properties": { "category": "personal_service" }, "geometry": { "type": "Point", "coordinates": [ 238086.085107231279835, 909737.676643088576384 ] } },
{ "type": "Feature", "properties": { "category": "personal_service" }, "geometry": { "type": "Point", "coordinates": [ 233728.750200462178327, 892686.999032345716842 ] } },
{ "type": "Feature", "properties": { "category": "personal_service" }, "geometry": { "type": "Point", "coordinates": [ 242259.413013599521946, 902874.607770723057911 ] } },
{ "type": "Feature", "properties": { "category": "personal_service" }, "geometry": { "type": "Point", "coordinates": [ 226873.616813567874487, 908080.242674055160023 ] } },
{ "type": "Feature", "properties": { "category": "personal_service" }, "geometry": { "type": "Point", "coordinates": [ 221502.247810837783618, 902734.530913414200768 ] } },
{ "type": "Feature", "properties": { "category": "personal_service" }, "geometry": { "type": "Point", "coordinates": [ 229121.637510637578089, 900624.180324904853478 ] } },
{ "type": "Feature", "properties": { "category": "personal_service" }, "geometry": { "type": "Point", "coordinates": [ 233587.267994578083744, 890896.1091585989343 ] } },
{ "type": "Feature", "properties": { "category": "personal_service" }, "geometry": { "type": "Point", "coordinates": [ 229935.069082937057829, 892949.300720924278721 ] } },
{ "type": "Feature", "properties": { "category": "personal_service" }, "geometry": { "type": "Point", "coordinates": [ 233056.722120902442839, 902447.275392948882654 ] } },
{ "type": "Feature", "properties": { "category": "personal_service" }, "geometry": { "type": "Point", "coordinates": [ 234227.060690689366311, 904270.014492505346425 ] } },
{ "type": "Feature", "properties": { "category": "personal_service" }, "geometry": { "type": "Point", "coordinates": [ 231390.127556366205681, 889395.44176100497134 ] } },
{ "type": "Feature", "properties": { "category": "personal_service" }, "geometry": { "type": "Point", "coordinates": [ 224914.319877030240605, 903886.796249559265561 ] } },
{ "type": "Feature", "properties": { "category": "personal_service" }, "geometry": { "type": "Point", "coordinates": [ 231949.316274908022024, 893091.451778480550274 ] } },
{ "type": "Feature", "properties": { "category": "personal_service" }, "geometry": { "type": "Point", "coordinates": [ 235228.796698990860023, 891140.50559791806154 ] } },
{ "type": "Feature", "properties": { "category": "personal_service" }, "geometry": { "type": "Point", "coordinates": [ 236089.653850680944743, 900138.221738285967149 ] } },
{ "type": "Feature", "properties": { "category": "personal_service" }, "geometry": { "type": "Point", "coordinates": [ 236351.367560993647203, 895094.431252685491927 ] } },
{ "type": "Feature", "properties": { "category": "personal_service" }, "geometry": { "type": "Point", "coordinates": [ 240314.960629974957556, 907060.983807442244142 ] } },
{ "type": "Feature", "properties": { "category": "personal_service" }, "geometry": { "type": "Point", "coordinates": [ 243505.52544852491701, 912863.350095615605824 ] } },
{ "type": "Feature", "properties": { "category": "personal_service" }, "geometry": { "type": "Point", "coordinates": [ 237439.695462420175318, 898367.260111078503542 ] } },
{ "type": "Feature", "properties": { "category": "personal_service" }, "geometry": { "type": "Point", "coordinates": [ 236659.278481242479756, 896605.567819433053955 ] } },
{ "type": "Feature", "properties": { "category": "personal_service" }, "geometry": { "type": "Point", "coordinates": [ 234175.301493877952453, 899927.93378699675668 ] } },
{ "type": "Feature", "properties": { "category": "personal_service" }, "geometry": { "type": "Point", "coordinates": [ 229130.525181952194544, 902831.889674040721729 ] } },
{ "type": "Feature", "properties": { "category": "personal_service" }, "geometry": { "type": "Point", "coordinates": [ 232982.769241230562329, 896070.852365440805443 ] } },
{ "type": "Feature", "properties": { "category": "personal_service" }, "geometry": { "type": "Point", "coordinates": [ 237965.786390583438333, 903177.217793279909529 ] } },
{ "type": "Feature", "properties": { "category": "personal_service" }, "geometry": { "type": "Point", "coordinates": [ 236633.557251713238657, 892679.976755362935364 ] } },
{ "type": "Feature", "properties": { "category": "personal_service" }, "geometry": { "type": "Point", "coordinates": [ 221664.193981981166871, 891598.725170126883313 ] } },
{ "type": "Feature", "properties": { "category": "personal_service" }, "geometry": { "type": "Point", "coordinates": [ 233085.004570752789732, 907945.482648274861276 ] } },
{ "type": "Feature", "properties": { "category": "personal_service" }, "geometry": { "type": "Point", "coordinates": [ 236745.113041856442578, 895797.040526605793275 ] } },
{ "type": "Feature", "properties": { "category": "personal_service" }, "geometry": { "type": "Point", "coordinates": [ 231452.962481210852275, 890106.827721828827634 ] } },
{ "type": "Feature", "properties": { "category": "personal_service" }, "geometry": { "type": "Point", "coordinates": [ 226986.79455504679936, 902162.413699570926838 ] } },
{ "type": "Feature", "properties": { "category": "personal_service" }, "geometry": { "type": "Point", "coordinates": [ 240917.204023379279533, 911498.470700683072209 ] } },
{ "type": "Feature", "properties": { "category": "personal_service" }, "geometry": { "type": "Point", "coordinates": [ 227481.998806803167099, 909038.88037394953426 ] } },
{ "type": "Feature", "properties": { "category": "personal_service" }, "geometry": { "type": "Point", "coordinates": [ 235550.929828123073094, 908296.886851897579618 ] } },
{ "type": "Feature", "properties": { "category": "personal_service" }, "geometry": { "type": "Point", "coordinates": [ 226839.932977315183962, 891062.853450896916911 ] } },
{ "type": "Feature", "properties": { "category": "personal_service" }, "geometry": { "type": "Point", "coordinates": [ 231281.853691437718226, 897890.851203782483935 ] } },
{ "type": "Feature", "properties": { "category": "personal_service" }, "geometry": { "type": "Point", "coordinates": [ 240591.658810543973232, 887952.409513595979661 ] } },
{ "type": "Feature", "properties": { "category": "personal_service" }, "geometry": { "type": "Point", "coordinates": [ 230508.182020922424272, 888023.338700433494523 ] } },
{ "type": "Feature", "properties": { "category": "personal_service" }, "geometry": { "type": "Point", "coordinates": [ 227712.787422517256346, 891977.723420189344324 ] } },
{ "type": "Feature", "properties": { "category": "personal_service" }, "geometry": { "type": "Point", "coordinates": [ 226989.802603972493671, 888768.278645504498854 ] } },
{ "type": "Feature", "properties": { "category": "personal_service" }, "geometry": { "type": "Point", "coordinates": [ 239045.164394833991537, 888417.511593960225582 ] } },
{ "type": "Feature", "properties": { "category": "personal_service" }, "geometry": { "type": "Point", "coordinates": [ 240215.17859054429573, 908343.164649958489463 ] } },
{ "type": "Feature", "properties": { "category": "personal_service" }, "geometry": { "type": "Point", "coordinates": [ 240529.79461951655685, 904136.827426261850633 ] } },
{ "type": "Feature", "properties": { "category": "personal_service" }, "geometry": { "type": "Point", "coordinates": [ 226301.058079136011656, 901574.988895142218098 ] } },
{ "type": "Feature", "properties": { "category": "personal_service" }, "geometry": { "type": "Point", "coordinates": [ 225814.516977135674097, 904453.657925858162344 ] } },
{ "type": "Feature", "properties": { "category": "personal_service" }, "geometry": { "type": "Point", "coordinates": [ 231445.905001786915818, 892055.065237845061347 ] } },
{ "type": "Feature", "properties": { "category": "personal_service" }, "geometry": { "type": "Point", "coordinates": [ 223602.822576841834234, 895456.958427038043737 ] } },
{ "type": "Feature", "properties": { "category": "personal_service" }, "geometry": { "type": "Point", "coordinates": [ 236799.060610937740421, 900766.159795301035047 ] } },
{ "type": "Feature", "properties": { "category": "personal_service" }, "geometry": { "type": "Point", "coordinates": [ 235954.95839293350582, 906892.231114351539873 ] } },
{ "type": "Feature", "properties": { "category": "personal_service" }, "geometry": { "type": "Point", "coordinates": [ 225341.026998351910152, 898157.946767114568502 ] } },
{ "type": "Feature", "properties": { "category": "personal_service" }, "geometry": { "type": "Point", "coordinates": [ 233508.533118102204753, 897842.796736775781028 ] } },
{ "type": "Feature", "properties": { "category": "personal_service" }, "geometry": { "type": "Point", "coordinates": [ 229192.19902584614465, 888138.274992255028337 ] } },
{ "type": "Feature", "properties": { "category": "personal_service" }, "geometry": { "type": "Point", "coordinates": [ 231142.814016260468634, 905231.820867024944164 ] } },
{ "type": "Feature", "properties": { "category": "personal_service" }, "geometry": { "type": "Point", "coordinates": [ 228643.299630456167506, 900200.897181948996149 ] } },
{ "type": "Feature", "properties": { "category": "personal_service" }, "geometry": { "type": "Point", "coordinates": [ 234721.408379601227352, 900079.121780521702021 ] } },
{ "type": "Feature", "properties": { "category": "personal_service" }, "geometry": { "type": "Point", "coordinates": [ 231378.529609017685289, 891626.011383827077225 ] } },
{ "type": "Feature", "properties": { "category": "personal_service" }, "geometry": { "type": "Point", "coordinates": [ 226438.263073446549242, 901955.389585618395358 ] } },
{ "type": "Feature", "properties": { "category": "personal_service" }, "geometry": { "type": "Point", "coordinates": [ 232108.853110479540192, 904611.908596989233047 ] } },
{ "type": "Feature", "properties": { "category": "personal_service" }, "geometry": { "type": "Point", "coordinates": [ 221047.112194730492774, 906035.39106150472071 ] } },
{ "type": "Feature", "properties": { "category": "personal_service" }, "geometry": { "type": "Point", "coordinates": [ 226947.910753523930907, 888717.134702936629765 ] } },
{ "type": "Feature", "properties": { "category": "personal_service" }, "geometry": { "type": "Point", "coordinates": [ 238450.134844241663814, 891133.711469995090738 ] } },
{ "type": "Feature", "properties": { "category": "personal_service" }, "geometry": { "type": "Point", "coordinates": [ 239177.381346945418045, 891544.373772067017853 ] } },
{ "type": "Feature", "properties": { "category": "personal_service" }, "geometry": { "type": "Point", "coordinates": [ 235463.086311255639885, 897764.633849083562382 ] } },
{ "type": "Feature", "properties": { "category": "personal_service" }, "geometry": { "type": "Point", "coordinates": [ 240157.907648643129505, 906615.208722892450169 ] } },
{ "type": "Feature", "properties": { "category": "personal_service" }, "geometry": { "type": "Point", "coordinates": [ 221553.988958145666402, 902379.463234799797647 ] } },
{ "type": "Feature", "properties": { "category": "personal_service" }, "geometry": { "type": "Point", "coordinates": [ 233459.776944579818519, 904737.624566682963632 ] } },
{ "type": "Feature", "properties": { "category": "personal_service" }, "geometry": { "type": "Point", "coordinates": [ 239861.07323238166282, 890993.720031388569623 ] } },
{ "type": "Feature", "properties": { "category": "personal_service" }, "geometry": { "type": "Point", "coordinates": [ 226632.43394063677988, 886770.680623666499741 ] } },
{ "type": "Feature", "properties": { "category": "personal_service" }, "geometry": { "type": "Point", "coordinates": [ 229850.204195326659828, 904591.504099919344299 ] } },
{ "type": "Feature", "properties": { "category": "personal_service" }, "geometry": { "type": "Point", "coordinates": [ 242692.161839350999799, 911195.575190811534412 ] } },
{ "type": "Feature", "properties": { "category": "personal_service" }, "geometry": { "type": "Point", "coordinates": [ 231848.518288510327693, 894387.699804639793001 ] } },
{ "type": "Feature", "properties": { "category": "personal_service" }, "geometry": { "type": "Point", "coordinates": [ 234361.433904443576466, 898899.262046791962348 ] } },
{ "type": "Feature", "properties": { "category": "personal_service" }, "geometry": { "type": "Point", "coordinates": [ 236315.684771176544018, 900611.023672737530433 ] } },
{ "type": "Feature", "properties": { "category": "personal_service" }, "geometry": { "type": "Point", "coordinates": [ 245330.186134994699387, 912152.650017018662766 ] } },
{ "type": "Feature", "properties": { "category": "personal_service" }, "geometry": { "type": "Point", "coordinates": [ 236519.947759017639328, 900431.691380788339302 ] } },
{ "type": "Feature", "properties": { "category": "personal_service" }, "geometry": { "type": "Point", "coordinates": [ 236243.529810923850164, 900032.823065938893706 ] } },
{ "type": "Feature", "properties": { "category": "personal_service" }, "geometry": { "type": "Point", "coordinates": [ 228202.590482950792648, 892246.80694697285071 ] } },
{ "type": "Feature", "properties": { "category": "personal_service" }, "geometry": { "type": "Point", "coordinates": [ 228714.897926298232051, 893035.296627416857518 ] } },
{ "type": "Feature", "properties": { "category": "personal_service" }, "geometry": { "type": "Point", "coordinates": [ 238834.467952301201876, 889523.773182200267911 ] } },
{ "type": "Feature", "properties": { "category": "personal_service" }, "geometry": { "type": "Point", "coordinates": [ 229015.809353070420912, 902809.088211938971654 ] } },
{ "type": "Feature", "properties": { "category": "personal_service" }, "geometry": { "type": "Point", "coordinates": [ 240091.061295200343011, 908792.218830998637713 ] } },
{ "type": "Feature", "properties": { "category": "personal_service" }, "geometry": { "type": "Point", "coordinates": [ 229691.706917352334131, 907218.29169139964506 ] } },
{ "type": "Feature", "properties": { "category": "personal_service" }, "geometry": { "type": "Point", "coordinates": [ 230316.032625466905301, 900040.964528300566599 ] } },
{ "type": "Feature", "properties": { "category": "personal_service" }, "geometry": { "type": "Point", "coordinates": [ 239169.425002367468551, 892691.86164122982882 ] } },
{ "type": "Feature", "properties": { "category": "personal_service" }, "geometry": { "type": "Point", "coordinates": [ 226234.117868607892888, 904301.480382988811471 ] } },
{ "type": "Feature", "properties": { "category": "personal_service" }, "geometry": { "type": "Point", "coordinates": [ 235907.353298103815177, 899470.376066823606379 ] } },
{ "type": "Feature", "properties": { "category": "personal_service" }, "geometry": { "type": "Point", "coordinates": [ 228361.275906230031978, 894029.992142699891701 ] } },
{ "type": "Feature", "properties": { "category": "personal_service" }, "geometry": { "type": "Point", "coordinates": [ 222102.15023899555672, 901874.541685140458867 ] } },
{ "type": "Feature", "properties": { "category": "personal_service" }, "geometry": { "type": "Point", "coordinates": [ 234447.948260749835754, 897859.22260352934245 ] } },
{ "type": "Feature", "properties": { "category": "personal_service" }, "geometry": { "type": "Point", "coordinates": [ 230508.182020922424272, 888023.338700433494523 ] } },
{ "type": "Feature", "properties": { "category": "personal_service" }, "geometry": { "type": "Point", "coordinates": [ 229435.288485751865664, 898674.745519411284477 ] } },
{ "type": "Feature", "properties": { "category": "personal_service" }, "geometry": { "type": "Point", "coordinates": [ 231381.218621770356549, 888802.481632295995951 ] } },
{ "type": "Feature", "properties": { "category": "personal_service" }, "geometry": { "type": "Point", "coordinates": [ 234358.229897431767313, 897345.939534329809248 ] } },
{ "type": "Feature", "properties": { "category": "personal_service" }, "geometry": { "type": "Point", "coordinates": [ 231405.319229383690981, 898093.117874926305376 ] } },
{ "type": "Feature", "properties": { "category": "personal_service" }, "geometry": { "type": "Point", "coordinates": [ 235476.266621056478471, 889672.214234583778307 ] } },
{ "type": "Feature", "properties": { "category": "personal_service" }, "geometry": { "type": "Point", "coordinates": [ 238005.568468327546725, 899887.066195825464092 ] } },
{ "type": "Feature", "properties": { "category": "personal_service" }, "geometry": { "type": "Point", "coordinates": [ 230096.710196271364111, 898769.185198910068721 ] } },
{ "type": "Feature", "properties": { "category": "personal_service" }, "geometry": { "type": "Point", "coordinates": [ 237160.187677815381903, 907048.242182050016709 ] } },
{ "type": "Feature", "properties": { "category": "personal_service" }, "geometry": { "type": "Point", "coordinates": [ 228643.299630456167506, 900200.897181948996149 ] } },
{ "type": "Feature", "properties": { "category": "personal_service" }, "geometry": { "type": "Point", "coordinates": [ 230541.934752772183856, 906012.287749705370516 ] } },
{ "type": "Feature", "properties": { "category": "personal_service" }, "geometry": { "type": "Point", "coordinates": [ 229728.555423572397558, 905863.505773610784672 ] } },
{ "type": "Feature", "properties": { "category": "personal_service" }, "geometry": { "type": "Point", "coordinates": [ 225299.788225572265219, 904138.211051389109343 ] } },
{ "type": "Feature", "properties": { "category": "personal_service" }, "geometry": { "type": "Point", "coordinates": [ 219110.143805769563187, 902894.899182715453207 ] } },
{ "type": "Feature", "properties": { "category": "personal_service" }, "geometry": { "type": "Point", "coordinates": [ 221542.168798367638374, 891686.322151013882831 ] } },
{ "type": "Feature", "properties": { "category": "personal_service" }, "geometry": { "type": "Point", "coordinates": [ 238448.980826308048563, 902769.965024680830538 ] } },
{ "type": "Feature", "properties": { "category": "personal_service" }, "geometry": { "type": "Point", "coordinates": [ 236320.283372122474248, 900805.212054508505389 ] } },
{ "type": "Feature", "properties": { "category": "personal_service" }, "geometry": { "type": "Point", "coordinates": [ 234446.040922111045802, 899459.174398566945456 ] } },
{ "type": "Feature", "properties": { "category": "personal_service" }, "geometry": { "type": "Point", "coordinates": [ 236098.879031985416077, 903088.843090189038776 ] } },
{ "type": "Feature", "properties": { "category": "personal_service" }, "geometry": { "type": "Point", "coordinates": [ 221662.017695815418847, 902123.317417735699564 ] } },
{ "type": "Feature", "properties": { "category": "personal_service" }, "geometry": { "type": "Point", "coordinates": [ 232254.937356095353607, 896963.089384344173595 ] } },
{ "type": "Feature", "properties": { "category": "personal_service" }, "geometry": { "type": "Point", "coordinates": [ 223857.496111304935766, 896259.566378958290443 ] } },
{ "type": "Feature", "properties": { "category": "personal_service" }, "geometry": { "type": "Point", "coordinates": [ 227429.798651217657607, 901880.436596786254086 ] } },
{ "type": "Feature", "properties": { "category": "personal_service" }, "geometry": { "type": "Point", "coordinates": [ 237720.669783836812712, 892829.010483449674211 ] } },
{ "type": "Feature", "properties": { "category": "personal_service" }, "geometry": { "type": "Point", "coordinates": [ 231238.988593291462166, 893327.075314426561818 ] } },
{ "type": "Feature", "properties": { "category": "personal_service" }, "geometry": { "type": "Point", "coordinates": [ 232113.61972528041224, 902524.432436227682047 ] } },
{ "type": "Feature", "properties": { "category": "personal_service" }, "geometry": { "type": "Point", "coordinates": [ 237974.212009357783245, 889862.859366287128069 ] } },
{ "type": "Feature", "properties": { "category": "personal_service" }, "geometry": { "type": "Point", "coordinates": [ 236388.854881533712614, 900449.894605518435128 ] } },
{ "type": "Feature", "properties": { "category": "personal_service" }, "geometry": { "type": "Point", "coordinates": [ 232838.670812987780664, 907806.476241188123822 ] } },
{ "type": "Feature", "properties": { "category": "personal_service" }, "geometry": { "type": "Point", "coordinates": [ 233892.748125338519458, 900052.083362303092144 ] } },
{ "type": "Feature", "properties": { "category": "personal_service" }, "geometry": { "type": "Point", "coordinates": [ 239858.209250082087237, 890902.176845866837539 ] } },
{ "type": "Feature", "properties": { "category": "personal_service" }, "geometry": { "type": "Point", "coordinates": [ 229349.862884811707772, 900561.149133301223628 ] } },
{ "type": "Feature", "properties": { "category": "personal_service" }, "geometry": { "type": "Point", "coordinates": [ 226057.442569640435977, 901761.8024326285813 ] } },
{ "type": "Feature", "properties": { "category": "personal_service" }, "geometry": { "type": "Point", "coordinates": [ 246889.565446503693238, 914264.684099430218339 ] } },
{ "type": "Feature", "properties": { "category": "personal_service" }, "geometry": { "type": "Point", "coordinates": [ 229858.674826247268356, 905678.3340436196886 ] } },
{ "type": "Feature", "properties": { "category": "personal_service" }, "geometry": { "type": "Point", "coordinates": [ 231116.412260319833877, 905262.916975915199146 ] } },
{ "type": "Feature", "properties": { "category": "personal_service" }, "geometry": { "type": "Point", "coordinates": [ 233321.756351880962029, 899862.408931849058717 ] } },
{ "type": "Feature", "properties": { "category": "personal_service" }, "geometry": { "type": "Point", "coordinates": [ 237930.170212281343993, 902299.503298491123132 ] } },
{ "type": "Feature", "properties": { "category": "personal_service" }, "geometry": { "type": "Point", "coordinates": [ 240580.560989383346168, 912912.357284010620788 ] } },
{ "type": "Feature", "properties": { "category": "personal_service" }, "geometry": { "type": "Point", "coordinates": [ 236484.608591867232462, 894395.225755675346591 ] } },
{ "type": "Feature", "properties": { "category": "personal_service" }, "geometry": { "type": "Point", "coordinates": [ 227757.689280806545867, 897005.654382576816715 ] } },
{ "type": "Feature", "properties": { "category": "personal_service" }, "geometry": { "type": "Point", "coordinates": [ 237947.152277677581878, 890948.371606366708875 ] } },
{ "type": "Feature", "properties": { "category": "personal_service" }, "geometry": { "type": "Point", "coordinates": [ 238544.298837245762115, 908135.179542817175388 ] } },
{ "type": "Feature", "properties": { "category": "personal_service" }, "geometry": { "type": "Point", "coordinates": [ 230321.903193949663546, 900379.887616683612578 ] } },
{ "type": "Feature", "properties": { "category": "personal_service" }, "geometry": { "type": "Point", "coordinates": [ 233859.122106498980429, 896067.242235267185606 ] } },
{ "type": "Feature", "properties": { "category": "personal_service" }, "geometry": { "type": "Point", "coordinates": [ 230103.094733118836302, 903759.383788200910203 ] } },
{ "type": "Feature", "properties": { "category": "personal_service" }, "geometry": { "type": "Point", "coordinates": [ 238007.900588230317226, 904876.066347284824587 ] } },
{ "type": "Feature", "properties": { "category": "personal_service" }, "geometry": { "type": "Point", "coordinates": [ 237943.53207175253192, 902570.607424672576599 ] } },
{ "type": "Feature", "properties": { "category": "personal_service" }, "geometry": { "type": "Point", "coordinates": [ 238261.688775506656384, 898594.064089708495885 ] } },
{ "type": "Feature", "properties": { "category": "personal_service" }, "geometry": { "type": "Point", "coordinates": [ 236037.261446604708908, 905290.222079103812575 ] } },
{ "type": "Feature", "properties": { "category": "personal_service" }, "geometry": { "type": "Point", "coordinates": [ 241629.615089883911423, 906455.494432672741823 ] } },
{ "type": "Feature", "properties": { "category": "personal_service" }, "geometry": { "type": "Point", "coordinates": [ 227866.4723414327309, 902995.600301689119078 ] } },
{ "type": "Feature", "properties": { "category": "personal_service" }, "geometry": { "type": "Point", "coordinates": [ 241538.882108077406883, 889316.062674972694367 ] } },
{ "type": "Feature", "properties": { "category": "personal_service" }, "geometry": { "type": "Point", "coordinates": [ 236248.212475028936751, 908985.594444690737873 ] } },
{ "type": "Feature", "properties": { "category": "personal_service" }, "geometry": { "type": "Point", "coordinates": [ 234399.384147562552243, 899715.424424112192355 ] } },
{ "type": "Feature", "properties": { "category": "personal_service" }, "geometry": { "type": "Point", "coordinates": [ 230278.691557772952365, 907895.827659201342613 ] } },
{ "type": "Feature", "properties": { "category": "personal_service" }, "geometry": { "type": "Point", "coordinates": [ 228716.627749687148025, 907230.564138129702769 ] } },
{ "type": "Feature", "properties": { "category": "personal_service" }, "geometry": { "type": "Point", "coordinates": [ 237028.300337884167675, 905585.51689947815612 ] } },
{ "type": "Feature", "properties": { "category": "personal_service" }, "geometry": { "type": "Point", "coordinates": [ 241145.951422700076364, 906658.807735158363357 ] } },
{ "type": "Feature", "properties": { "category": "personal_service" }, "geometry": { "type": "Point", "coordinates": [ 226803.958694770524744, 903430.557297079940327 ] } },
{ "type": "Feature", "properties": { "category": "personal_service" }, "geometry": { "type": "Point", "coordinates": [ 234839.572312352189329, 900176.344368260586634 ] } },
{ "type": "Feature", "properties": { "category": "personal_service" }, "geometry": { "type": "Point", "coordinates": [ 230614.813550660095643, 904760.63593323668465 ] } },
{ "type": "Feature", "properties": { "category": "personal_service" }, "geometry": { "type": "Point", "coordinates": [ 230198.053488327888772, 892399.487740381620824 ] } },
{ "type": "Feature", "properties": { "category": "personal_service" }, "geometry": { "type": "Point", "coordinates": [ 226809.771497393841855, 905078.981397621217184 ] } },
{ "type": "Feature", "properties": { "category": "personal_service" }, "geometry": { "type": "Point", "coordinates": [ 219657.09603948701988, 901154.825578946620226 ] } },
{ "type": "Feature", "properties": { "category": "personal_service" }, "geometry": { "type": "Point", "coordinates": [ 243246.941251869924599, 903166.202733948361129 ] } },
{ "type": "Feature", "properties": { "category": "personal_service" }, "geometry": { "type": "Point", "coordinates": [ 225133.464580542058684, 897616.590916446992196 ] } },
{ "type": "Feature", "properties": { "category": "personal_service" }, "geometry": { "type": "Point", "coordinates": [ 228501.036360690020956, 902733.002854156307876 ] } },
{ "type": "Feature", "properties": { "category": "personal_service" }, "geometry": { "type": "Point", "coordinates": [ 230037.456726444739616, 898866.124352306709625 ] } },
{ "type": "Feature", "properties": { "category": "personal_service" }, "geometry": { "type": "Point", "coordinates": [ 235460.041666018834803, 912097.040431909728795 ] } },
{ "type": "Feature", "properties": { "category": "personal_service" }, "geometry": { "type": "Point", "coordinates": [ 223228.74519659334328, 901622.475641964701936 ] } },
{ "type": "Feature", "properties": { "category": "personal_service" }, "geometry": { "type": "Point", "coordinates": [ 235285.046607565891463, 893823.836304316646419 ] } },
{ "type": "Feature", "properties": { "category": "personal_service" }, "geometry": { "type": "Point", "coordinates": [ 222684.543503021326615, 895071.945619000238366 ] } },
{ "type": "Feature", "properties": { "category": "personal_service" }, "geometry": { "type": "Point", "coordinates": [ 223731.624542116507655, 895719.420700287213549 ] } },
{ "type": "Feature", "properties": { "category": "personal_service" }, "geometry": { "type": "Point", "coordinates": [ 223199.633031869801925, 895140.604841508087702 ] } },
{ "type": "Feature", "properties": { "category": "personal_service" }, "geometry": { "type": "Point", "coordinates": [ 241075.389648710552137, 889085.969570631161332 ] } },
{ "type": "Feature", "properties": { "category": "personal_service" }, "geometry": { "type": "Point", "coordinates": [ 231828.612000326975249, 896071.087205523857847 ] } },
{ "type": "Feature", "properties": { "category": "personal_service" }, "geometry": { "type": "Point", "coordinates": [ 223876.960639133030782, 900138.877781595569104 ] } },
{ "type": "Feature", "properties": { "category": "personal_service" }, "geometry": { "type": "Point", "coordinates": [ 236922.51702863391256, 902670.247392227640375 ] } },
{ "type": "Feature", "properties": { "category": "personal_service" }, "geometry": { "type": "Point", "coordinates": [ 238450.134844241663814, 891133.711469995090738 ] } },
{ "type": "Feature", "properties": { "category": "personal_service" }, "geometry": { "type": "Point", "coordinates": [ 230305.82056438899599, 905385.557508960366249 ] } },
{ "type": "Feature", "properties": { "category": "personal_service" }, "geometry": { "type": "Point", "coordinates": [ 224673.409494189429097, 903758.761448433855549 ] } },
{ "type": "Feature", "properties": { "category": "personal_service" }, "geometry": { "type": "Point", "coordinates": [ 225621.592138672189321, 903099.242462917463854 ] } },
{ "type": "Feature", "properties": { "category": "personal_service" }, "geometry": { "type": "Point", "coordinates": [ 231113.201231136161368, 889506.620484030572698 ] } },
{ "type": "Feature", "properties": { "category": "personal_service" }, "geometry": { "type": "Point", "coordinates": [ 247210.765846059308387, 913101.585714117158204 ] } },
{ "type": "Feature", "properties": { "category": "personal_service" }, "geometry": { "type": "Point", "coordinates": [ 244583.257799361948855, 914156.779415567405522 ] } },
{ "type": "Feature", "properties": { "category": "personal_service" }, "geometry": { "type": "Point", "coordinates": [ 229811.296826264326228, 900350.933270992245525 ] } },
{ "type": "Feature", "properties": { "category": "personal_service" }, "geometry": { "type": "Point", "coordinates": [ 240092.639893158164341, 887562.339516576845199 ] } },
{ "type": "Feature", "properties": { "category": "personal_service" }, "geometry": { "type": "Point", "coordinates": [ 235628.468056138779502, 900096.435799119761214 ] } },
{ "type": "Feature", "properties": { "category": "personal_service" }, "geometry": { "type": "Point", "coordinates": [ 228128.39832469652174, 904859.982725127367303 ] } },
{ "type": "Feature", "properties": { "category": "personal_service" }, "geometry": { "type": "Point", "coordinates": [ 231011.754761968215462, 899276.343395243049599 ] } },
{ "type": "Feature", "properties": { "category": "personal_service" }, "geometry": { "type": "Point", "coordinates": [ 241229.775114576506894, 888567.147027866332792 ] } },
{ "type": "Feature", "properties": { "category": "personal_service" }, "geometry": { "type": "Point", "coordinates": [ 225284.694890449463855, 902245.943601573002525 ] } },
{ "type": "Feature", "properties": { "category": "personal_service" }, "geometry": { "type": "Point", "coordinates": [ 235550.929828123073094, 908296.886851897579618 ] } },
{ "type": "Feature", "properties": { "category": "personal_service" }, "geometry": { "type": "Point", "coordinates": [ 222292.89150378658087, 901702.085594272473827 ] } },
{ "type": "Feature", "properties": { "category": "personal_service" }, "geometry": { "type": "Point", "coordinates": [ 229670.632587742351461, 899810.612241229042411 ] } },
{ "type": "Feature", "properties": { "category": "personal_service" }, "geometry": { "type": "Point", "coordinates": [ 240039.543940163828665, 887232.475597480428405 ] } },
{ "type": "Feature", "properties": { "category": "personal_service" }, "geometry": { "type": "Point", "coordinates": [ 232939.82549803215079, 895963.684026978444308 ] } },
{ "type": "Feature", "properties": { "category": "personal_service" }, "geometry": { "type": "Point", "coordinates": [ 230482.723486004048027, 887898.713220291654579 ] } },
{ "type": "Feature", "properties": { "category": "personal_service" }, "geometry": { "type": "Point", "coordinates": [ 230471.949791010294575, 907038.909630497335456 ] } },
{ "type": "Feature", "properties": { "category": "personal_service" }, "geometry": { "type": "Point", "coordinates": [ 233317.213688181771431, 904814.590911313891411 ] } },
{ "type": "Feature", "properties": { "category": "personal_service" }, "geometry": { "type": "Point", "coordinates": [ 226962.511744429677492, 888417.065972465090454 ] } },
{ "type": "Feature", "properties": { "category": "personal_service" }, "geometry": { "type": "Point", "coordinates": [ 234434.314747581782285, 897630.6696812704904 ] } },
{ "type": "Feature", "properties": { "category": "personal_service" }, "geometry": { "type": "Point", "coordinates": [ 221829.480558501702035, 906041.556427725357935 ] } },
{ "type": "Feature", "properties": { "category": "personal_service" }, "geometry": { "type": "Point", "coordinates": [ 238726.994819207757246, 894385.777532515348867 ] } },
{ "type": "Feature", "properties": { "category": "personal_service" }, "geometry": { "type": "Point", "coordinates": [ 234306.687623389938381, 892365.006635428522713 ] } },
{ "type": "Feature", "properties": { "category": "personal_service" }, "geometry": { "type": "Point", "coordinates": [ 241215.007144348870497, 889017.36312027880922 ] } },
{ "type": "Feature", "properties": { "category": "personal_service" }, "geometry": { "type": "Point", "coordinates": [ 234356.009434507868718, 897749.694708611583337 ] } },
{ "type": "Feature", "properties": { "category": "personal_service" }, "geometry": { "type": "Point", "coordinates": [ 230611.051105902821291, 893023.298414589604363 ] } },
{ "type": "Feature", "properties": { "category": "personal_service" }, "geometry": { "type": "Point", "coordinates": [ 222358.985021220141789, 895345.038754163193516 ] } },
{ "type": "Feature", "properties": { "category": "personal_service" }, "geometry": { "type": "Point", "coordinates": [ 235290.071495586133096, 899409.044708595029078 ] } },
{ "type": "Feature", "properties": { "category": "personal_service" }, "geometry": { "type": "Point", "coordinates": [ 232283.407964237587294, 906063.621515265898779 ] } },
{ "type": "Feature", "properties": { "category": "personal_service" }, "geometry": { "type": "Point", "coordinates": [ 234180.069424068497028, 902758.227739995112643 ] } },
{ "type": "Feature", "properties": { "category": "personal_service" }, "geometry": { "type": "Point", "coordinates": [ 236887.865275896008825, 906616.372553541208617 ] } },
{ "type": "Feature", "properties": { "category": "personal_service" }, "geometry": { "type": "Point", "coordinates": [ 235406.417317584506236, 899197.24916031351313 ] } },
{ "type": "Feature", "properties": { "category": "personal_service" }, "geometry": { "type": "Point", "coordinates": [ 221655.785682660556631, 902087.531241956166923 ] } },
{ "type": "Feature", "properties": { "category": "personal_service" }, "geometry": { "type": "Point", "coordinates": [ 234175.301493877952453, 899927.93378699675668 ] } },
{ "type": "Feature", "properties": { "category": "personal_service" }, "geometry": { "type": "Point", "coordinates": [ 229523.58424395439215, 906153.112236803979613 ] } },
{ "type": "Feature", "properties": { "category": "personal_service" }, "geometry": { "type": "Point", "coordinates": [ 233452.320528531214222, 891550.592257810058072 ] } },
{ "type": "Feature", "properties": { "category": "personal_service" }, "geometry": { "type": "Point", "coordinates": [ 233775.787652009224985, 892870.944870107108727 ] } },
{ "type": "Feature", "properties": { "category": "personal_service" }, "geometry": { "type": "Point", "coordinates": [ 236826.803027721005492, 900817.40111192013137 ] } },
{ "type": "Feature", "properties": { "category": "personal_service" }, "geometry": { "type": "Point", "coordinates": [ 228892.368862935254583, 888015.188717183889821 ] } },
{ "type": "Feature", "properties": { "category": "personal_service" }, "geometry": { "type": "Point", "coordinates": [ 236115.860784955963027, 900329.410588584491052 ] } },
{ "type": "Feature", "properties": { "category": "personal_service" }, "geometry": { "type": "Point", "coordinates": [ 235897.470874262508005, 899920.96861275122501 ] } },
{ "type": "Feature", "properties": { "category": "personal_service" }, "geometry": { "type": "Point", "coordinates": [ 242928.631752131448593, 911430.399696358828805 ] } },
{ "type": "Feature", "properties": { "category": "personal_service" }, "geometry": { "type": "Point", "coordinates": [ 234657.036959916178603, 894080.633167844032869 ] } },
{ "type": "Feature", "properties": { "category": "personal_service" }, "geometry": { "type": "Point", "coordinates": [ 232686.752790987200569, 901806.844652561354451 ] } },
{ "type": "Feature", "properties": { "category": "personal_service" }, "geometry": { "type": "Point", "coordinates": [ 240358.598610150103923, 911909.456725315656513 ] } },
{ "type": "Feature", "properties": { "category": "personal_service" }, "geometry": { "type": "Point", "coordinates": [ 228297.181099515437381, 902858.474493463640101 ] } },
{ "type": "Feature", "properties": { "category": "personal_service" }, "geometry": { "type": "Point", "coordinates": [ 226829.718562541005667, 903391.778305799234658 ] } },
{ "type": "Feature", "properties": { "category": "personal_service" }, "geometry": { "type": "Point", "coordinates": [ 233679.0292764447222, 901786.205289644887671 ] } },
{ "type": "Feature", "properties": { "category": "personal_service" }, "geometry": { "type": "Point", "coordinates": [ 229488.018806144216796, 906192.95119353570044 ] } },
{ "type": "Feature", "properties": { "category": "personal_service" }, "geometry": { "type": "Point", "coordinates": [ 232510.647248442197451, 901805.361090630874969 ] } },
{ "type": "Feature", "properties": { "category": "personal_service" }, "geometry": { "type": "Point", "coordinates": [ 232872.627830915036611, 895471.632510915631428 ] } },
{ "type": "Feature", "properties": { "category": "personal_service" }, "geometry": { "type": "Point", "coordinates": [ 237121.442914712999482, 907152.674290906288661 ] } },
{ "type": "Feature", "properties": { "category": "personal_service" }, "geometry": { "type": "Point", "coordinates": [ 234042.199314508296084, 895543.843126202002168 ] } },
{ "type": "Feature", "properties": { "category": "personal_service" }, "geometry": { "type": "Point", "coordinates": [ 232196.280567251029424, 906483.100555791519582 ] } },
{ "type": "Feature", "properties": { "category": "personal_service" }, "geometry": { "type": "Point", "coordinates": [ 234605.507195822603535, 907712.215068779420108 ] } },
{ "type": "Feature", "properties": { "category": "personal_service" }, "geometry": { "type": "Point", "coordinates": [ 245595.583531203330494, 914599.396677028620616 ] } },
{ "type": "Feature", "properties": { "category": "personal_service" }, "geometry": { "type": "Point", "coordinates": [ 240497.284855913138017, 907431.37422995781526 ] } },
{ "type": "Feature", "properties": { "category": "personal_service" }, "geometry": { "type": "Point", "coordinates": [ 226934.297101677133469, 901611.377623827429488 ] } },
{ "type": "Feature", "properties": { "category": "personal_service" }, "geometry": { "type": "Point", "coordinates": [ 237742.869673327979399, 905731.613973319763318 ] } },
{ "type": "Feature", "properties": { "category": "personal_service" }, "geometry": { "type": "Point", "coordinates": [ 224494.361289587861393, 901001.07433626241982 ] } },
{ "type": "Feature", "properties": { "category": "personal_service" }, "geometry": { "type": "Point", "coordinates": [ 236820.235722404671833, 900812.923567992984317 ] } },
{ "type": "Feature", "properties": { "category": "personal_service" }, "geometry": { "type": "Point", "coordinates": [ 227103.628156513907015, 888376.288013638579287 ] } },
{ "type": "Feature", "properties": { "category": "personal_service" }, "geometry": { "type": "Point", "coordinates": [ 242644.882618604635354, 903536.192716084886342 ] } },
{ "type": "Feature", "properties": { "category": "personal_service" }, "geometry": { "type": "Point", "coordinates": [ 237944.500142016360769, 889818.268699891632423 ] } },
{ "type": "Feature", "properties": { "category": "personal_service" }, "geometry": { "type": "Point", "coordinates": [ 228558.32177746258094, 888714.931405806913972 ] } },
{ "type": "Feature", "properties": { "category": "personal_service" }, "geometry": { "type": "Point", "coordinates": [ 241349.945808296964969, 911112.334936847910285 ] } },
{ "type": "Feature", "properties": { "category": "personal_service" }, "geometry": { "type": "Point", "coordinates": [ 235904.711184541665716, 907189.000783531926572 ] } },
{ "type": "Feature", "properties": { "category": "personal_service" }, "geometry": { "type": "Point", "coordinates": [ 242356.860473964043194, 888843.309729545610026 ] } },
{ "type": "Feature", "properties": { "category": "personal_service" }, "geometry": { "type": "Point", "coordinates": [ 244515.295005192921963, 915873.014485073392279 ] } },
{ "type": "Feature", "properties": { "category": "personal_service" }, "geometry": { "type": "Point", "coordinates": [ 230654.83504435030045, 889105.737479010946117 ] } },
{ "type": "Feature", "properties": { "category": "personal_service" }, "geometry": { "type": "Point", "coordinates": [ 225899.162901661911746, 902398.914524333318695 ] } },
{ "type": "Feature", "properties": { "category": "personal_service" }, "geometry": { "type": "Point", "coordinates": [ 230966.750444084347691, 897857.576954744989052 ] } },
{ "type": "Feature", "properties": { "category": "personal_service" }, "geometry": { "type": "Point", "coordinates": [ 218559.76630496350117, 903041.378849195200019 ] } },
{ "type": "Feature", "properties": { "category": "personal_service" }, "geometry": { "type": "Point", "coordinates": [ 244476.076138558855746, 915692.367539041209966 ] } },
{ "type": "Feature", "properties": { "category": "personal_service" }, "geometry": { "type": "Point", "coordinates": [ 232898.882914936868474, 899514.742946546059102 ] } },
{ "type": "Feature", "properties": { "category": "personal_service" }, "geometry": { "type": "Point", "coordinates": [ 229570.665921437583165, 904277.524461352964863 ] } },
{ "type": "Feature", "properties": { "category": "personal_service" }, "geometry": { "type": "Point", "coordinates": [ 228503.407415492692962, 901417.627979965996929 ] } },
{ "type": "Feature", "properties": { "category": "personal_service" }, "geometry": { "type": "Point", "coordinates": [ 233868.401577051903587, 892632.798291615210474 ] } },
{ "type": "Feature", "properties": { "category": "personal_service" }, "geometry": { "type": "Point", "coordinates": [ 236502.483292015996994, 900605.771145584643818 ] } },
{ "type": "Feature", "properties": { "category": "personal_service" }, "geometry": { "type": "Point", "coordinates": [ 235189.556682585767703, 900212.522326536360197 ] } },
{ "type": "Feature", "properties": { "category": "personal_service" }, "geometry": { "type": "Point", "coordinates": [ 236632.202697154309135, 901766.992119917762466 ] } },
{ "type": "Feature", "properties": { "category": "personal_service" }, "geometry": { "type": "Point", "coordinates": [ 240561.295593453192851, 911379.435774777783081 ] } },
{ "type": "Feature", "properties": { "category": "personal_service" }, "geometry": { "type": "Point", "coordinates": [ 222633.525653550575953, 896065.024196017649956 ] } },
{ "type": "Feature", "properties": { "category": "personal_service" }, "geometry": { "type": "Point", "coordinates": [ 227571.002459422044922, 900006.777152185211889 ] } },
{ "type": "Feature", "properties": { "category": "personal_service" }, "geometry": { "type": "Point", "coordinates": [ 241698.140910636226181, 888188.470665315398946 ] } },
{ "type": "Feature", "properties": { "category": "personal_service" }, "geometry": { "type": "Point", "coordinates": [ 233452.320528531214222, 891550.592257810058072 ] } },
{ "type": "Feature", "properties": { "category": "personal_service" }, "geometry": { "type": "Point", "coordinates": [ 241355.700084073585458, 888976.868019127752632 ] } },
{ "type": "Feature", "properties": { "category": "personal_service" }, "geometry": { "type": "Point", "coordinates": [ 225624.190041528228903, 900376.627615866949782 ] } },
{ "type": "Feature", "properties": { "category": "personal_service" }, "geometry": { "type": "Point", "coordinates": [ 234831.77571368200006, 897592.63988897704985 ] } },
{ "type": "Feature", "properties": { "category": "personal_service" }, "geometry": { "type": "Point", "coordinates": [ 245950.241793150693411, 912687.543913424946368 ] } },
{ "type": "Feature", "properties": { "category": "personal_service" }, "geometry": { "type": "Point", "coordinates": [ 231784.772540306265, 905592.482234122697264 ] } },
{ "type": "Feature", "properties": { "category": "personal_service" }, "geometry": { "type": "Point", "coordinates": [ 243595.366791505424771, 901100.396486752433702 ] } },
{ "type": "Feature", "properties": { "category": "personal_service" }, "geometry": { "type": "Point", "coordinates": [ 234995.215516970172757, 892572.778232326265424 ] } },
{ "type": "Feature", "properties": { "category": "personal_service" }, "geometry": { "type": "Point", "coordinates": [ 236018.012925398652442, 909586.241560759721324 ] } },
{ "type": "Feature", "properties": { "category": "personal_service" }, "geometry": { "type": "Point", "coordinates": [ 231698.924305528751574, 895579.542127865483053 ] } },
{ "type": "Feature", "properties": { "category": "personal_service" }, "geometry": { "type": "Point", "coordinates": [ 233982.667204270139337, 904490.652131031849422 ] } },
{ "type": "Feature", "properties": { "category": "personal_service" }, "geometry": { "type": "Point", "coordinates": [ 235130.463737986458, 899935.975884847226553 ] } },
{ "type": "Feature", "properties": { "category": "personal_service" }, "geometry": { "type": "Point", "coordinates": [ 246360.663017331855372, 913146.45806672074832 ] } },
{ "type": "Feature", "properties": { "category": "personal_service" }, "geometry": { "type": "Point", "coordinates": [ 228565.076122627098812, 899864.791664131218567 ] } },
{ "type": "Feature", "properties": { "category": "personal_service" }, "geometry": { "type": "Point", "coordinates": [ 225590.556697098072618, 894947.739665799890645 ] } },
{ "type": "Feature", "properties": { "category": "personal_service" }, "geometry": { "type": "Point", "coordinates": [ 240610.980621011723997, 904195.057622910710052 ] } },
{ "type": "Feature", "properties": { "category": "personal_service" }, "geometry": { "type": "Point", "coordinates": [ 229467.301151514897356, 886673.787394293234684 ] } },
{ "type": "Feature", "properties": { "category": "personal_service" }, "geometry": { "type": "Point", "coordinates": [ 232403.045894885755843, 901167.276119900983758 ] } },
{ "type": "Feature", "properties": { "category": "personal_service" }, "geometry": { "type": "Point", "coordinates": [ 234276.165566214360297, 902188.308411096921191 ] } },
{ "type": "Feature", "properties": { "category": "personal_service" }, "geometry": { "type": "Point", "coordinates": [ 231423.18264889070997, 889384.703867563745007 ] } },
{ "type": "Feature", "properties": { "category": "personal_service" }, "geometry": { "type": "Point", "coordinates": [ 246073.863864592392929, 912661.695102638332173 ] } },
{ "type": "Feature", "properties": { "category": "personal_service" }, "geometry": { "type": "Point", "coordinates": [ 230031.630528399022296, 900364.423191168461926 ] } },
{ "type": "Feature", "properties": { "category": "personal_service" }, "geometry": { "type": "Point", "coordinates": [ 235215.101037265616469, 895605.157361511839554 ] } },
{ "type": "Feature", "properties": { "category": "personal_service" }, "geometry": { "type": "Point", "coordinates": [ 234723.388941204524599, 894838.503455110592768 ] } },
{ "type": "Feature", "properties": { "category": "personal_service" }, "geometry": { "type": "Point", "coordinates": [ 231452.421348864474567, 892811.52220328419935 ] } },
{ "type": "Feature", "properties": { "category": "personal_service" }, "geometry": { "type": "Point", "coordinates": [ 236563.19272081591771, 899229.830348497605883 ] } },
{ "type": "Feature", "properties": { "category": "personal_service" }, "geometry": { "type": "Point", "coordinates": [ 219566.275912852666806, 905337.424754024716094 ] } },
{ "type": "Feature", "properties": { "category": "personal_service" }, "geometry": { "type": "Point", "coordinates": [ 231292.357395947270561, 889485.199655156116933 ] } },
{ "type": "Feature", "properties": { "category": "personal_service" }, "geometry": { "type": "Point", "coordinates": [ 231460.157583221036475, 894032.284677725168876 ] } },
{ "type": "Feature", "properties": { "category": "personal_service" }, "geometry": { "type": "Point", "coordinates": [ 235410.596126240910962, 912294.958872329210863 ] } },
{ "type": "Feature", "properties": { "category": "personal_service" }, "geometry": { "type": "Point", "coordinates": [ 230162.422877174481982, 905514.68014349497389 ] } },
{ "type": "Feature", "properties": { "category": "personal_service" }, "geometry": { "type": "Point", "coordinates": [ 236901.700946557044517, 900831.12342675589025 ] } },
{ "type": "Feature", "properties": { "category": "personal_service" }, "geometry": { "type": "Point", "coordinates": [ 237373.746795122220647, 892770.509804112836719 ] } },
{ "type": "Feature", "properties": { "category": "personal_service" }, "geometry": { "type": "Point", "coordinates": [ 232026.210643336031353, 907656.319886506185867 ] } },
{ "type": "Feature", "properties": { "category": "personal_service" }, "geometry": { "type": "Point", "coordinates": [ 236623.170721063332167, 901634.983892825082876 ] } },
{ "type": "Feature", "properties": { "category": "personal_service" }, "geometry": { "type": "Point", "coordinates": [ 236386.62945153954206, 913045.306997654028237 ] } },
{ "type": "Feature", "properties": { "category": "personal_service" }, "geometry": { "type": "Point", "coordinates": [ 238122.98834580212133, 912394.817680307896808 ] } },
{ "type": "Feature", "properties": { "category": "personal_service" }, "geometry": { "type": "Point", "coordinates": [ 232927.088246428378625, 895972.510521082673222 ] } },
{ "type": "Feature", "properties": { "category": "personal_service" }, "geometry": { "type": "Point", "coordinates": [ 229735.806874729285482, 903450.46553894598037 ] } },
{ "type": "Feature", "properties": { "category": "personal_service" }, "geometry": { "type": "Point", "coordinates": [ 232982.769241230562329, 896070.852365440805443 ] } },
{ "type": "Feature", "properties": { "category": "personal_service" }, "geometry": { "type": "Point", "coordinates": [ 235335.807393231079914, 893733.008314437000081 ] } },
{ "type": "Feature", "properties": { "category": "personal_service" }, "geometry": { "type": "Point", "coordinates": [ 222199.505955007334705, 902267.618823205819353 ] } },
{ "type": "Feature", "properties": { "category": "personal_service" }, "geometry": { "type": "Point", "coordinates": [ 231340.512959100393346, 889418.768653195467778 ] } },
{ "type": "Feature", "properties": { "category": "personal_service" }, "geometry": { "type": "Point", "coordinates": [ 234602.617648870538687, 899104.383804948185571 ] } },
{ "type": "Feature", "properties": { "category": "personal_service" }, "geometry": { "type": "Point", "coordinates": [ 231142.814016260468634, 905231.820867024944164 ] } },
{ "type": "Feature", "properties": { "category": "personal_service" }, "geometry": { "type": "Point", "coordinates": [ 238101.868416215176694, 898431.577725627576001 ] } },
{ "type": "Feature", "properties": { "category": "personal_service" }, "geometry": { "type": "Point", "coordinates": [ 234071.677241318160668, 899837.124388933531009 ] } },
{ "type": "Feature", "properties": { "category": "personal_service" }, "geometry": { "type": "Point", "coordinates": [ 234604.010402487416286, 899993.01277179166209 ] } },
{ "type": "Feature", "properties": { "category": "personal_service" }, "geometry": { "type": "Point", "coordinates": [ 235277.18311443598941, 910005.027727695181966 ] } },
{ "type": "Feature", "properties": { "category": "personal_service" }, "geometry": { "type": "Point", "coordinates": [ 234993.559983370447299, 900209.988531762151979 ] } },
{ "type": "Feature", "properties": { "category": "personal_service" }, "geometry": { "type": "Point", "coordinates": [ 236313.68899356899783, 900455.170762873720378 ] } },
{ "type": "Feature", "properties": { "category": "personal_service" }, "geometry": { "type": "Point", "coordinates": [ 236400.100646660110215, 900489.718810696387663 ] } },
{ "type": "Feature", "properties": { "category": "personal_service" }, "geometry": { "type": "Point", "coordinates": [ 232036.032353042886825, 899416.563150832662359 ] } },
{ "type": "Feature", "properties": { "category": "personal_service" }, "geometry": { "type": "Point", "coordinates": [ 240917.204023379279533, 911498.470700683072209 ] } },
{ "type": "Feature", "properties": { "category": "personal_service" }, "geometry": { "type": "Point", "coordinates": [ 234613.794407076871721, 906682.326582864159718 ] } },
{ "type": "Feature", "properties": { "category": "personal_service" }, "geometry": { "type": "Point", "coordinates": [ 235170.798794771631947, 897011.838332426850684 ] } },
{ "type": "Feature", "properties": { "category": "personal_service" }, "geometry": { "type": "Point", "coordinates": [ 235903.770012607448734, 912101.407804717309773 ] } },
{ "type": "Feature", "properties": { "category": "personal_service" }, "geometry": { "type": "Point", "coordinates": [ 236210.884282582323067, 896452.512431165901944 ] } },
{ "type": "Feature", "properties": { "category": "personal_service" }, "geometry": { "type": "Point", "coordinates": [ 234697.047558551246766, 904259.768681047018617 ] } },
{ "type": "Feature", "properties": { "category": "personal_service" }, "geometry": { "type": "Point", "coordinates": [ 240953.965044820302865, 907904.559095849865116 ] } },
{ "type": "Feature", "properties": { "category": "personal_service" }, "geometry": { "type": "Point", "coordinates": [ 240988.024240310594905, 887649.913847316987813 ] } },
{ "type": "Feature", "properties": { "category": "personal_service" }, "geometry": { "type": "Point", "coordinates": [ 231848.518288510327693, 894387.699804639793001 ] } },
{ "type": "Feature", "properties": { "category": "personal_service" }, "geometry": { "type": "Point", "coordinates": [ 241114.943107744766166, 888841.499768255744129 ] } },
{ "type": "Feature", "properties": { "category": "personal_service" }, "geometry": { "type": "Point", "coordinates": [ 230169.092408994823927, 892344.047670098952949 ] } },
{ "type": "Feature", "properties": { "category": "personal_service" }, "geometry": { "type": "Point", "coordinates": [ 236319.162242417165544, 896061.745951915159822 ] } },
{ "type": "Feature", "properties": { "category": "personal_service" }, "geometry": { "type": "Point", "coordinates": [ 229940.560477626742795, 900371.476789387059398 ] } },
{ "type": "Feature", "properties": { "category": "personal_service" }, "geometry": { "type": "Point", "coordinates": [ 230434.181850236287573, 889103.78026032273192 ] } },
{ "type": "Feature", "properties": { "category": "personal_service" }, "geometry": { "type": "Point", "coordinates": [ 231022.244089539366541, 899252.174803400528617 ] } },
{ "type": "Feature", "properties": { "category": "personal_service" }, "geometry": { "type": "Point", "coordinates": [ 228097.955017066939035, 905204.53761642286554 ] } },
{ "type": "Feature", "properties": { "category": "personal_service" }, "geometry": { "type": "Point", "coordinates": [ 227314.415148935542675, 900053.094154074555263 ] } },
{ "type": "Feature", "properties": { "category": "personal_service" }, "geometry": { "type": "Point", "coordinates": [ 231346.029821377072949, 903659.185095466207713 ] } },
{ "type": "Feature", "properties": { "category": "personal_service" }, "geometry": { "type": "Point", "coordinates": [ 232899.727979977964424, 903521.333085141261108 ] } },
{ "type": "Feature", "properties": { "category": "personal_service" }, "geometry": { "type": "Point", "coordinates": [ 224504.012979497405468, 904090.625160001218319 ] } },
{ "type": "Feature", "properties": { "category": "personal_service" }, "geometry": { "type": "Point", "coordinates": [ 227434.389469295041636, 907808.712738267611712 ] } },
{ "type": "Feature", "properties": { "category": "personal_service" }, "geometry": { "type": "Point", "coordinates": [ 236887.865275896008825, 906616.372553541208617 ] } },
{ "type": "Feature", "properties": { "category": "personal_service" }, "geometry": { "type": "Point", "coordinates": [ 231218.869325642881449, 898599.79934491426684 ] } },
{ "type": "Feature", "properties": { "category": "personal_service" }, "geometry": { "type": "Point", "coordinates": [ 237974.212009357783245, 889862.859366287128069 ] } },
{ "type": "Feature", "properties": { "category": "personal_service" }, "geometry": { "type": "Point", "coordinates": [ 228949.384296103351517, 901839.99197691201698 ] } },
{ "type": "Feature", "properties": { "category": "personal_service" }, "geometry": { "type": "Point", "coordinates": [ 235504.976224553771317, 899587.851578372064978 ] } },
{ "type": "Feature", "properties": { "category": "personal_service" }, "geometry": { "type": "Point", "coordinates": [ 229777.0367322525708, 901144.77130421937909 ] } },
{ "type": "Feature", "properties": { "category": "personal_service" }, "geometry": { "type": "Point", "coordinates": [ 235298.39726300840266, 893628.408498517703265 ] } },
{ "type": "Feature", "properties": { "category": "personal_service" }, "geometry": { "type": "Point", "coordinates": [ 227245.192891923652496, 888774.483064408297651 ] } },
{ "type": "Feature", "properties": { "category": "personal_service" }, "geometry": { "type": "Point", "coordinates": [ 236887.865275896008825, 906616.372553541208617 ] } },
{ "type": "Feature", "properties": { "category": "personal_service" }, "geometry": { "type": "Point", "coordinates": [ 240309.644419396587182, 910923.664329047780484 ] } },
{ "type": "Feature", "properties": { "category": "personal_service" }, "geometry": { "type": "Point", "coordinates": [ 220828.5426696005743, 899620.448997766477987 ] } },
{ "type": "Feature", "properties": { "category": "personal_service" }, "geometry": { "type": "Point", "coordinates": [ 233509.209323148505064, 891990.168761649052612 ] } },
{ "type": "Feature", "properties": { "category": "personal_service" }, "geometry": { "type": "Point", "coordinates": [ 226947.910753523930907, 888717.134702936629765 ] } },
{ "type": "Feature", "properties": { "category": "personal_service" }, "geometry": { "type": "Point", "coordinates": [ 222916.333160652313381, 895040.151816951693036 ] } },
{ "type": "Feature", "properties": { "category": "personal_service" }, "geometry": { "type": "Point", "coordinates": [ 233664.541064465418458, 908190.835983416764066 ] } },
{ "type": "Feature", "properties": { "category": "personal_service" }, "geometry": { "type": "Point", "coordinates": [ 234276.165566214360297, 902188.308411096921191 ] } },
{ "type": "Feature", "properties": { "category": "personal_service" }, "geometry": { "type": "Point", "coordinates": [ 236675.379381048376672, 907834.692270424216986 ] } },
{ "type": "Feature", "properties": { "category": "personal_service" }, "geometry": { "type": "Point", "coordinates": [ 245230.17694114142796, 912980.230399594991468 ] } },
{ "type": "Feature", "properties": { "category": "personal_service" }, "geometry": { "type": "Point", "coordinates": [ 227008.860751573491143, 888489.997766493237577 ] } },
{ "type": "Feature", "properties": { "category": "personal_service" }, "geometry": { "type": "Point", "coordinates": [ 234937.275773855100852, 899880.69575270684436 ] } },
{ "type": "Feature", "properties": { "category": "personal_service" }, "geometry": { "type": "Point", "coordinates": [ 221473.23856333133881, 902659.68692134693265 ] } },
{ "type": "Feature", "properties": { "category": "personal_service" }, "geometry": { "type": "Point", "coordinates": [ 229942.118958438833943, 898825.840834388742223 ] } },
{ "type": "Feature", "properties": { "category": "personal_service" }, "geometry": { "type": "Point", "coordinates": [ 236342.917571718717227, 897367.026842741761357 ] } },
{ "type": "Feature", "properties": { "category": "personal_service" }, "geometry": { "type": "Point", "coordinates": [ 240580.724156432435848, 906808.363999239751138 ] } },
{ "type": "Feature", "properties": { "category": "personal_service" }, "geometry": { "type": "Point", "coordinates": [ 242294.490055821428541, 887631.316464355913922 ] } },
{ "type": "Feature", "properties": { "category": "personal_service" }, "geometry": { "type": "Point", "coordinates": [ 235986.501596106216311, 893083.176968763116747 ] } },
{ "type": "Feature", "properties": { "category": "personal_service" }, "geometry": { "type": "Point", "coordinates": [ 236446.713348378892988, 900938.160815313225612 ] } },
{ "type": "Feature", "properties": { "category": "personal_service" }, "geometry": { "type": "Point", "coordinates": [ 237070.750638295721728, 907493.532346307067201 ] } },
{ "type": "Feature", "properties": { "category": "personal_service" }, "geometry": { "type": "Point", "coordinates": [ 234641.794398739759345, 899130.791116557782516 ] } },
{ "type": "Feature", "properties": { "category": "personal_service" }, "geometry": { "type": "Point", "coordinates": [ 228983.601132163632428, 888187.730049327015877 ] } },
{ "type": "Feature", "properties": { "category": "personal_service" }, "geometry": { "type": "Point", "coordinates": [ 227437.052778663521167, 906010.799089651089162 ] } },
{ "type": "Feature", "properties": { "category": "personal_service" }, "geometry": { "type": "Point", "coordinates": [ 241464.891326495649992, 907445.575843188446015 ] } },
{ "type": "Feature", "properties": { "category": "personal_service" }, "geometry": { "type": "Point", "coordinates": [ 234750.22366061800858, 904596.267347248154692 ] } },
{ "type": "Feature", "properties": { "category": "personal_service" }, "geometry": { "type": "Point", "coordinates": [ 234927.133377713384107, 908641.657357809133828 ] } },
{ "type": "Feature", "properties": { "category": "personal_service" }, "geometry": { "type": "Point", "coordinates": [ 235839.097896728577325, 908319.901740051689558 ] } },
{ "type": "Feature", "properties": { "category": "personal_service" }, "geometry": { "type": "Point", "coordinates": [ 230598.203162714955397, 892943.267732656444423 ] } },
{ "type": "Feature", "properties": { "category": "personal_service" }, "geometry": { "type": "Point", "coordinates": [ 232562.108370054047555, 906481.344159733271226 ] } },
{ "type": "Feature", "properties": { "category": "personal_service" }, "geometry": { "type": "Point", "coordinates": [ 228270.50289745972259, 902877.361429318203591 ] } },
{ "type": "Feature", "properties": { "category": "personal_service" }, "geometry": { "type": "Point", "coordinates": [ 241464.770554626942612, 888939.299499884946272 ] } },
{ "type": "Feature", "properties": { "category": "personal_service" }, "geometry": { "type": "Point", "coordinates": [ 238875.681157811137382, 889442.359814382274635 ] } },
{ "type": "Feature", "properties": { "category": "personal_service" }, "geometry": { "type": "Point", "coordinates": [ 243354.265772375103552, 911907.112167203566059 ] } },
{ "type": "Feature", "properties": { "category": "personal_service" }, "geometry": { "type": "Point", "coordinates": [ 241829.912672859441955, 911644.481634627678432 ] } },
{ "type": "Feature", "properties": { "category": "personal_service" }, "geometry": { "type": "Point", "coordinates": [ 237530.634447423712118, 898452.941693222383037 ] } },
{ "type": "Feature", "properties": { "category": "personal_service" }, "geometry": { "type": "Point", "coordinates": [ 231218.869325642881449, 898599.79934491426684 ] } },
{ "type": "Feature", "properties": { "category": "personal_service" }, "geometry": { "type": "Point", "coordinates": [ 234661.711740334780188, 894972.602108416962437 ] } },
{ "type": "Feature", "properties": { "category": "personal_service" }, "geometry": { "type": "Point", "coordinates": [ 237919.292921415297315, 907134.611257637501694 ] } },
{ "type": "Feature", "properties": { "category": "personal_service" }, "geometry": { "type": "Point", "coordinates": [ 227786.411277355451602, 904642.351518169627525 ] } },
{ "type": "Feature", "properties": { "category": "personal_service" }, "geometry": { "type": "Point", "coordinates": [ 232404.106572741729906, 896951.223605206236243 ] } },
{ "type": "Feature", "properties": { "category": "personal_service" }, "geometry": { "type": "Point", "coordinates": [ 237136.663817828724859, 900175.889244656311348 ] } },
{ "type": "Feature", "properties": { "category": "personal_service" }, "geometry": { "type": "Point", "coordinates": [ 232103.920885550440289, 906626.969501312938519 ] } },
{ "type": "Feature", "properties": { "category": "personal_service" }, "geometry": { "type": "Point", "coordinates": [ 235843.032474290201208, 900029.21391691674944 ] } },
{ "type": "Feature", "properties": { "category": "personal_service" }, "geometry": { "type": "Point", "coordinates": [ 233560.915768444712739, 892044.842509338515811 ] } },
{ "type": "Feature", "properties": { "category": "personal_service" }, "geometry": { "type": "Point", "coordinates": [ 229381.104292195173912, 900576.830553564010188 ] } },
{ "type": "Feature", "properties": { "category": "personal_service" }, "geometry": { "type": "Point", "coordinates": [ 235539.50879312097095, 891445.861232024617493 ] } },
{ "type": "Feature", "properties": { "category": "personal_service" }, "geometry": { "type": "Point", "coordinates": [ 225989.70547672783141, 901724.562674215412699 ] } },
{ "type": "Feature", "properties": { "category": "personal_service" }, "geometry": { "type": "Point", "coordinates": [ 229735.806874729285482, 903450.46553894598037 ] } },
{ "type": "Feature", "properties": { "category": "personal_service" }, "geometry": { "type": "Point", "coordinates": [ 235486.857198343641357, 901250.264862221549265 ] } },
{ "type": "Feature", "properties": { "category": "personal_service" }, "geometry": { "type": "Point", "coordinates": [ 225180.172082090837648, 902291.776542664738372 ] } },
{ "type": "Feature", "properties": { "category": "personal_service" }, "geometry": { "type": "Point", "coordinates": [ 233183.320127017243067, 903405.590315527748317 ] } },
{ "type": "Feature", "properties": { "category": "personal_service" }, "geometry": { "type": "Point", "coordinates": [ 223990.162064646778163, 895285.545687239267863 ] } },
{ "type": "Feature", "properties": { "category": "personal_service" }, "geometry": { "type": "Point", "coordinates": [ 231329.371508143056417, 902519.558303343364969 ] } },
{ "type": "Feature", "properties": { "category": "personal_service" }, "geometry": { "type": "Point", "coordinates": [ 226761.991633771773195, 905085.908177475910634 ] } },
{ "type": "Feature", "properties": { "category": "personal_service" }, "geometry": { "type": "Point", "coordinates": [ 235976.91262367652962, 893184.207554342341609 ] } },
{ "type": "Feature", "properties": { "category": "personal_service" }, "geometry": { "type": "Point", "coordinates": [ 243534.01278555332101, 912116.169764995807782 ] } },
{ "type": "Feature", "properties": { "category": "personal_service" }, "geometry": { "type": "Point", "coordinates": [ 234564.027832569845486, 898405.51590470271185 ] } },
{ "type": "Feature", "properties": { "category": "personal_service" }, "geometry": { "type": "Point", "coordinates": [ 239086.974101790925488, 888393.751241748221219 ] } },
{ "type": "Feature", "properties": { "category": "personal_service" }, "geometry": { "type": "Point", "coordinates": [ 232036.032353042886825, 899416.563150832662359 ] } },
{ "type": "Feature", "properties": { "category": "personal_service" }, "geometry": { "type": "Point", "coordinates": [ 235433.184933295182418, 913245.259546328336 ] } },
{ "type": "Feature", "properties": { "category": "personal_service" }, "geometry": { "type": "Point", "coordinates": [ 236206.210986577410949, 900079.727774584433064 ] } },
{ "type": "Feature", "properties": { "category": "personal_service" }, "geometry": { "type": "Point", "coordinates": [ 237236.293581798003288, 905890.196706772199832 ] } },
{ "type": "Feature", "properties": { "category": "personal_service" }, "geometry": { "type": "Point", "coordinates": [ 235818.477933359041344, 901871.875553194782697 ] } },
{ "type": "Feature", "properties": { "category": "personal_service" }, "geometry": { "type": "Point", "coordinates": [ 229730.733983062527841, 892900.67148921941407 ] } },
{ "type": "Feature", "properties": { "category": "personal_service" }, "geometry": { "type": "Point", "coordinates": [ 234945.04105402296409, 906597.88090379955247 ] } },
{ "type": "Feature", "properties": { "category": "personal_service" }, "geometry": { "type": "Point", "coordinates": [ 233226.908965957030887, 907993.806046943878755 ] } },
{ "type": "Feature", "properties": { "category": "personal_service" }, "geometry": { "type": "Point", "coordinates": [ 223602.822576841834234, 895456.958427038043737 ] } },
{ "type": "Feature", "properties": { "category": "personal_service" }, "geometry": { "type": "Point", "coordinates": [ 240470.733155425812583, 913345.718158191652037 ] } },
{ "type": "Feature", "properties": { "category": "personal_service" }, "geometry": { "type": "Point", "coordinates": [ 243215.195566614333075, 903480.250856919563375 ] } },
{ "type": "Feature", "properties": { "category": "personal_service" }, "geometry": { "type": "Point", "coordinates": [ 237107.514541117416229, 900156.963068287936039 ] } },
{ "type": "Feature", "properties": { "category": "personal_service" }, "geometry": { "type": "Point", "coordinates": [ 232588.922435833053896, 897020.390226302435622 ] } },
{ "type": "Feature", "properties": { "category": "personal_service" }, "geometry": { "type": "Point", "coordinates": [ 227535.194734942633659, 889510.262520553544164 ] } },
{ "type": "Feature", "properties": { "category": "personal_service" }, "geometry": { "type": "Point", "coordinates": [ 234383.682040089450311, 895343.344610623666085 ] } },
{ "type": "Feature", "properties": { "category": "personal_service" }, "geometry": { "type": "Point", "coordinates": [ 237639.818218238477129, 892987.416977305430919 ] } },
{ "type": "Feature", "properties": { "category": "personal_service" }, "geometry": { "type": "Point", "coordinates": [ 235619.644303386536194, 891422.940453853458166 ] } },
{ "type": "Feature", "properties": { "category": "personal_service" }, "geometry": { "type": "Point", "coordinates": [ 231541.923727704415796, 893636.108378810225986 ] } },
{ "type": "Feature", "properties": { "category": "personal_service" }, "geometry": { "type": "Point", "coordinates": [ 236856.675995721016079, 894802.707384907407686 ] } },
{ "type": "Feature", "properties": { "category": "personal_service" }, "geometry": { "type": "Point", "coordinates": [ 228098.704915725626051, 902320.393559969030321 ] } },
{ "type": "Feature", "properties": { "category": "personal_service" }, "geometry": { "type": "Point", "coordinates": [ 235373.482177427853458, 900910.793705583433621 ] } },
{ "type": "Feature", "properties": { "category": "personal_service" }, "geometry": { "type": "Point", "coordinates": [ 230587.373368834494613, 905068.093261686386541 ] } },
{ "type": "Feature", "properties": { "category": "personal_service" }, "geometry": { "type": "Point", "coordinates": [ 229492.210885476641124, 899229.92616365745198 ] } },
{ "type": "Feature", "properties": { "category": "personal_service" }, "geometry": { "type": "Point", "coordinates": [ 231460.157583221036475, 894032.284677725168876 ] } },
{ "type": "Feature", "properties": { "category": "personal_service" }, "geometry": { "type": "Point", "coordinates": [ 242835.303626354900189, 917172.880412131082267 ] } },
{ "type": "Feature", "properties": { "category": "personal_service" }, "geometry": { "type": "Point", "coordinates": [ 234437.273824107687688, 898036.116607261588797 ] } },
{ "type": "Feature", "properties": { "category": "personal_service" }, "geometry": { "type": "Point", "coordinates": [ 224800.14717641111929, 901238.186543811578304 ] } },
{ "type": "Feature", "properties": { "category": "personal_service" }, "geometry": { "type": "Point", "coordinates": [ 236410.391548110201256, 900729.700907004531473 ] } },
{ "type": "Feature", "properties": { "category": "personal_service" }, "geometry": { "type": "Point", "coordinates": [ 238163.168134230654687, 902894.369867584900931 ] } },
{ "type": "Feature", "properties": { "category": "personal_service" }, "geometry": { "type": "Point", "coordinates": [ 234141.291075488377828, 899703.613505957531743 ] } },
{ "type": "Feature", "properties": { "category": "personal_service" }, "geometry": { "type": "Point", "coordinates": [ 235961.545639013464097, 897961.551671713474207 ] } },
{ "type": "Feature", "properties": { "category": "personal_service" }, "geometry": { "type": "Point", "coordinates": [ 224884.997146635898389, 900749.634712012019008 ] } },
{ "type": "Feature", "properties": { "category": "personal_service" }, "geometry": { "type": "Point", "coordinates": [ 236099.056618144968525, 893650.244198648259044 ] } },
{ "type": "Feature", "properties": { "category": "personal_service" }, "geometry": { "type": "Point", "coordinates": [ 225893.824386797932675, 893511.969923628261313 ] } },
{ "type": "Feature", "properties": { "category": "personal_service" }, "geometry": { "type": "Point", "coordinates": [ 235902.017864207737148, 908327.110228299279697 ] } },
{ "type": "Feature", "properties": { "category": "personal_service" }, "geometry": { "type": "Point", "coordinates": [ 241094.421206719882321, 907516.599259890732355 ] } },
{ "type": "Feature", "properties": { "category": "personal_service" }, "geometry": { "type": "Point", "coordinates": [ 239606.096867562446278, 914842.828946471447125 ] } },
{ "type": "Feature", "properties": { "category": "personal_service" }, "geometry": { "type": "Point", "coordinates": [ 226053.900727246247698, 908219.889112779055722 ] } },
{ "type": "Feature", "properties": { "category": "personal_service" }, "geometry": { "type": "Point", "coordinates": [ 227232.72515367824235, 889735.901271636015736 ] } },
{ "type": "Feature", "properties": { "category": "personal_service" }, "geometry": { "type": "Point", "coordinates": [ 235988.142120092961704, 912393.649577730451711 ] } },
{ "type": "Feature", "properties": { "category": "personal_service" }, "geometry": { "type": "Point", "coordinates": [ 241215.007144348870497, 889017.36312027880922 ] } },
{ "type": "Feature", "properties": { "category": "personal_service" }, "geometry": { "type": "Point", "coordinates": [ 233683.528167223703349, 891158.375226133037359 ] } },
{ "type": "Feature", "properties": { "category": "personal_service" }, "geometry": { "type": "Point", "coordinates": [ 237619.317538570903707, 890049.116190173546784 ] } },
{ "type": "Feature", "properties": { "category": "personal_service" }, "geometry": { "type": "Point", "coordinates": [ 237542.700467695627594, 899757.949318201979622 ] } },
{ "type": "Feature", "properties": { "category": "personal_service" }, "geometry": { "type": "Point", "coordinates": [ 234802.12879460293334, 894806.01393399736844 ] } },
{ "type": "Feature", "properties": { "category": "personal_service" }, "geometry": { "type": "Point", "coordinates": [ 230787.123218137450749, 897809.580210805055685 ] } },
{ "type": "Feature", "properties": { "category": "personal_service" }, "geometry": { "type": "Point", "coordinates": [ 238285.206711118953535, 904544.779241394950077 ] } },
{ "type": "Feature", "properties": { "category": "personal_service" }, "geometry": { "type": "Point", "coordinates": [ 235734.694636146508856, 893296.270991505822167 ] } },
{ "type": "Feature", "properties": { "category": "personal_service" }, "geometry": { "type": "Point", "coordinates": [ 227964.738206069014268, 907396.258000144967809 ] } },
{ "type": "Feature", "properties": { "category": "personal_service" }, "geometry": { "type": "Point", "coordinates": [ 233699.705748170119477, 908220.218676747288555 ] } },
{ "type": "Feature", "properties": { "category": "personal_service" }, "geometry": { "type": "Point", "coordinates": [ 232696.036630271119066, 904289.268085936200805 ] } },
{ "type": "Feature", "properties": { "category": "personal_service" }, "geometry": { "type": "Point", "coordinates": [ 242644.882618604635354, 903536.192716084886342 ] } },
{ "type": "Feature", "properties": { "category": "personal_service" }, "geometry": { "type": "Point", "coordinates": [ 238732.916436675761361, 902972.910748836584389 ] } },
{ "type": "Feature", "properties": { "category": "personal_service" }, "geometry": { "type": "Point", "coordinates": [ 241215.007144348870497, 889017.36312027880922 ] } },
{ "type": "Feature", "properties": { "category": "personal_service" }, "geometry": { "type": "Point", "coordinates": [ 247214.80697059087106, 913698.568727296544239 ] } },
{ "type": "Feature", "properties": { "category": "personal_service" }, "geometry": { "type": "Point", "coordinates": [ 238045.098338354902808, 904894.706917718518525 ] } },
{ "type": "Feature", "properties": { "category": "personal_service" }, "geometry": { "type": "Point", "coordinates": [ 239249.757662801246624, 905294.890649791690521 ] } },
{ "type": "Feature", "properties": { "category": "personal_service" }, "geometry": { "type": "Point", "coordinates": [ 231029.87583637755597, 889502.920364072779194 ] } },
{ "type": "Feature", "properties": { "category": "personal_service" }, "geometry": { "type": "Point", "coordinates": [ 236601.834817184397252, 901619.321738740545698 ] } },
{ "type": "Feature", "properties": { "category": "personal_service" }, "geometry": { "type": "Point", "coordinates": [ 232507.941822563501773, 901606.74095187918283 ] } },
{ "type": "Feature", "properties": { "category": "personal_service" }, "geometry": { "type": "Point", "coordinates": [ 231117.336165945394896, 903976.519131800276227 ] } },
{ "type": "Feature", "properties": { "category": "personal_service" }, "geometry": { "type": "Point", "coordinates": [ 237774.690328550292179, 890140.475433881860226 ] } },
{ "type": "Feature", "properties": { "category": "personal_service" }, "geometry": { "type": "Point", "coordinates": [ 230388.207479102304205, 907787.887421716470271 ] } },
{ "type": "Feature", "properties": { "category": "personal_service" }, "geometry": { "type": "Point", "coordinates": [ 235354.607484694919549, 892453.50193816202227 ] } },
{ "type": "Feature", "properties": { "category": "personal_service" }, "geometry": { "type": "Point", "coordinates": [ 245316.015004041284556, 914282.222024747519754 ] } },
{ "type": "Feature", "properties": { "category": "personal_service" }, "geometry": { "type": "Point", "coordinates": [ 227688.478640711080516, 896956.396636068006046 ] } },
{ "type": "Feature", "properties": { "category": "personal_service" }, "geometry": { "type": "Point", "coordinates": [ 235406.295787121722242, 906297.167167205014266 ] } },
{ "type": "Feature", "properties": { "category": "personal_service" }, "geometry": { "type": "Point", "coordinates": [ 244018.927912844432285, 915347.348902773810551 ] } },
{ "type": "Feature", "properties": { "category": "personal_service" }, "geometry": { "type": "Point", "coordinates": [ 238352.618436766264495, 898709.303078076569363 ] } },
{ "type": "Feature", "properties": { "category": "personal_service" }, "geometry": { "type": "Point", "coordinates": [ 234379.34156430020812, 895556.590980038512498 ] } },
{ "type": "Feature", "properties": { "category": "personal_service" }, "geometry": { "type": "Point", "coordinates": [ 222855.440613959595794, 899921.324604362016544 ] } },
{ "type": "Feature", "properties": { "category": "personal_service" }, "geometry": { "type": "Point", "coordinates": [ 242621.59563848527614, 902840.806239759083837 ] } },
{ "type": "Feature", "properties": { "category": "personal_service" }, "geometry": { "type": "Point", "coordinates": [ 236189.80986718373606, 900416.654075890081003 ] } },
{ "type": "Feature", "properties": { "category": "personal_service" }, "geometry": { "type": "Point", "coordinates": [ 240553.579152794933179, 906662.581394134322181 ] } },
{ "type": "Feature", "properties": { "category": "personal_service" }, "geometry": { "type": "Point", "coordinates": [ 239872.933420318382559, 915661.571184843429364 ] } },
{ "type": "Feature", "properties": { "category": "personal_service" }, "geometry": { "type": "Point", "coordinates": [ 231340.268297961243661, 889436.65071028820239 ] } },
{ "type": "Feature", "properties": { "category": "personal_service" }, "geometry": { "type": "Point", "coordinates": [ 236398.628786414104979, 900932.913053269963712 ] } },
{ "type": "Feature", "properties": { "category": "personal_service" }, "geometry": { "type": "Point", "coordinates": [ 236907.648553416511277, 900796.720413066330366 ] } },
{ "type": "Feature", "properties": { "category": "personal_service" }, "geometry": { "type": "Point", "coordinates": [ 231917.532893811323447, 903915.239963363856077 ] } },
{ "type": "Feature", "properties": { "category": "personal_service" }, "geometry": { "type": "Point", "coordinates": [ 237163.752780660841381, 905705.864927105372772 ] } },
{ "type": "Feature", "properties": { "category": "personal_service" }, "geometry": { "type": "Point", "coordinates": [ 230629.90495140189887, 905019.515078885830007 ] } },
{ "type": "Feature", "properties": { "category": "personal_service" }, "geometry": { "type": "Point", "coordinates": [ 232130.846269876230508, 902143.512968650087714 ] } },
{ "type": "Feature", "properties": { "category": "personal_service" }, "geometry": { "type": "Point", "coordinates": [ 227082.581470460107084, 901458.993652115343139 ] } },
{ "type": "Feature", "properties": { "category": "personal_service" }, "geometry": { "type": "Point", "coordinates": [ 234942.884409176243935, 894473.037325439392589 ] } },
{ "type": "Feature", "properties": { "category": "personal_service" }, "geometry": { "type": "Point", "coordinates": [ 228643.299630456167506, 900200.897181948996149 ] } },
{ "type": "Feature", "properties": { "category": "personal_service" }, "geometry": { "type": "Point", "coordinates": [ 236412.440232203342021, 898584.79668600903824 ] } },
{ "type": "Feature", "properties": { "category": "personal_service" }, "geometry": { "type": "Point", "coordinates": [ 236319.343180314986967, 898930.433231774833985 ] } },
{ "type": "Feature", "properties": { "category": "personal_service" }, "geometry": { "type": "Point", "coordinates": [ 237965.705837874789722, 904944.040773661225103 ] } },
{ "type": "Feature", "properties": { "category": "personal_service" }, "geometry": { "type": "Point", "coordinates": [ 230165.411563831905369, 906486.189198450185359 ] } },
{ "type": "Feature", "properties": { "category": "personal_service" }, "geometry": { "type": "Point", "coordinates": [ 235587.454782480868744, 903150.32591862580739 ] } },
{ "type": "Feature", "properties": { "category": "personal_service" }, "geometry": { "type": "Point", "coordinates": [ 229723.787155743077165, 887317.989019785192795 ] } },
{ "type": "Feature", "properties": { "category": "personal_service" }, "geometry": { "type": "Point", "coordinates": [ 236887.865275896008825, 906616.372553541208617 ] } },
{ "type": "Feature", "properties": { "category": "personal_service" }, "geometry": { "type": "Point", "coordinates": [ 223956.372119672276312, 896539.815073278616183 ] } },
{ "type": "Feature", "properties": { "category": "personal_service" }, "geometry": { "type": "Point", "coordinates": [ 226563.508281086891657, 887601.481268049799837 ] } },
{ "type": "Feature", "properties": { "category": "personal_service" }, "geometry": { "type": "Point", "coordinates": [ 236489.613814160897164, 901338.82060875708703 ] } },
{ "type": "Feature", "properties": { "category": "personal_service" }, "geometry": { "type": "Point", "coordinates": [ 232472.930457099253545, 900947.664421761175618 ] } },
{ "type": "Feature", "properties": { "category": "personal_service" }, "geometry": { "type": "Point", "coordinates": [ 234596.116895232233219, 895417.475070151500404 ] } },
{ "type": "Feature", "properties": { "category": "personal_service" }, "geometry": { "type": "Point", "coordinates": [ 231001.979919109726325, 905335.500715127098374 ] } },
{ "type": "Feature", "properties": { "category": "personal_service" }, "geometry": { "type": "Point", "coordinates": [ 235781.487767277401872, 893598.192812644760124 ] } },
{ "type": "Feature", "properties": { "category": "personal_service" }, "geometry": { "type": "Point", "coordinates": [ 226632.43394063677988, 886770.680623666499741 ] } },
{ "type": "Feature", "properties": { "category": "personal_service" }, "geometry": { "type": "Point", "coordinates": [ 235227.980953545076773, 897822.544965759734623 ] } },
{ "type": "Feature", "properties": { "category": "personal_service" }, "geometry": { "type": "Point", "coordinates": [ 219499.800177850236651, 903422.478147537913173 ] } },
{ "type": "Feature", "properties": { "category": "personal_service" }, "geometry": { "type": "Point", "coordinates": [ 236100.263334638846572, 900943.814613425405696 ] } },
{ "type": "Feature", "properties": { "category": "personal_service" }, "geometry": { "type": "Point", "coordinates": [ 235100.137154306255979, 893199.771831437246874 ] } },
{ "type": "Feature", "properties": { "category": "personal_service" }, "geometry": { "type": "Point", "coordinates": [ 236530.586515026167035, 900588.144681349163875 ] } },
{ "type": "Feature", "properties": { "category": "personal_service" }, "geometry": { "type": "Point", "coordinates": [ 230613.050697378639597, 899702.465872206958011 ] } },
{ "type": "Feature", "properties": { "category": "personal_service" }, "geometry": { "type": "Point", "coordinates": [ 241018.963119902007747, 887808.043972253799438 ] } },
{ "type": "Feature", "properties": { "category": "personal_service" }, "geometry": { "type": "Point", "coordinates": [ 236852.616448264132487, 908360.028781787492335 ] } },
{ "type": "Feature", "properties": { "category": "personal_service" }, "geometry": { "type": "Point", "coordinates": [ 234362.044159484474221, 904147.709370916476473 ] } },
{ "type": "Feature", "properties": { "category": "personal_service" }, "geometry": { "type": "Point", "coordinates": [ 231743.179053670610301, 900110.246925795683637 ] } },
{ "type": "Feature", "properties": { "category": "personal_service" }, "geometry": { "type": "Point", "coordinates": [ 239880.305144556594314, 911327.211796960793436 ] } },
{ "type": "Feature", "properties": { "category": "personal_service" }, "geometry": { "type": "Point", "coordinates": [ 226057.442569640435977, 901761.8024326285813 ] } },
{ "type": "Feature", "properties": { "category": "personal_service" }, "geometry": { "type": "Point", "coordinates": [ 240978.512816190690501, 887880.118820177158341 ] } },
{ "type": "Feature", "properties": { "category": "personal_service" }, "geometry": { "type": "Point", "coordinates": [ 235748.501473216427257, 911822.357527720509097 ] } },
{ "type": "Feature", "properties": { "category": "personal_service" }, "geometry": { "type": "Point", "coordinates": [ 228693.255454605881823, 893084.081750359386206 ] } },
{ "type": "Feature", "properties": { "category": "personal_service" }, "geometry": { "type": "Point", "coordinates": [ 234355.901861110760365, 897788.571258345153183 ] } },
{ "type": "Feature", "properties": { "category": "personal_service" }, "geometry": { "type": "Point", "coordinates": [ 237030.935701939335559, 908846.720338283455931 ] } },
{ "type": "Feature", "properties": { "category": "personal_service" }, "geometry": { "type": "Point", "coordinates": [ 245142.673682824563002, 912110.562875577481464 ] } },
{ "type": "Feature", "properties": { "category": "personal_service" }, "geometry": { "type": "Point", "coordinates": [ 246360.663017331855372, 913146.45806672074832 ] } },
{ "type": "Feature", "properties": { "category": "personal_service" }, "geometry": { "type": "Point", "coordinates": [ 230837.235769146471284, 897865.560568941524252 ] } },
{ "type": "Feature", "properties": { "category": "personal_service" }, "geometry": { "type": "Point", "coordinates": [ 239006.35185276097036, 886604.208103566430509 ] } },
{ "type": "Feature", "properties": { "category": "personal_service" }, "geometry": { "type": "Point", "coordinates": [ 236555.322013199678622, 894402.368616549647413 ] } },
{ "type": "Feature", "properties": { "category": "personal_service" }, "geometry": { "type": "Point", "coordinates": [ 235396.53232125271461, 901453.859960147528909 ] } },
{ "type": "Feature", "properties": { "category": "personal_service" }, "geometry": { "type": "Point", "coordinates": [ 233275.795866633066908, 897909.448377036373131 ] } },
{ "type": "Feature", "properties": { "category": "personal_service" }, "geometry": { "type": "Point", "coordinates": [ 236995.849521304422524, 895839.12053217634093 ] } },
{ "type": "Feature", "properties": { "category": "personal_service" }, "geometry": { "type": "Point", "coordinates": [ 238892.600818748120219, 903421.107891813968308 ] } },
{ "type": "Feature", "properties": { "category": "personal_service" }, "geometry": { "type": "Point", "coordinates": [ 223131.268974845617777, 894919.005049403058365 ] } },
{ "type": "Feature", "properties": { "category": "personal_service" }, "geometry": { "type": "Point", "coordinates": [ 235501.990447084011976, 891687.817878203350119 ] } },
{ "type": "Feature", "properties": { "category": "personal_service" }, "geometry": { "type": "Point", "coordinates": [ 236901.700946557044517, 900831.12342675589025 ] } },
{ "type": "Feature", "properties": { "category": "personal_service" }, "geometry": { "type": "Point", "coordinates": [ 231269.881002978421748, 889548.079543394502252 ] } },
{ "type": "Feature", "properties": { "category": "personal_service" }, "geometry": { "type": "Point", "coordinates": [ 232238.115657969348831, 906192.376246208325028 ] } },
{ "type": "Feature", "properties": { "category": "personal_service" }, "geometry": { "type": "Point", "coordinates": [ 237892.449533425737172, 909057.483369917259552 ] } },
{ "type": "Feature", "properties": { "category": "personal_service" }, "geometry": { "type": "Point", "coordinates": [ 231177.867450719932094, 898665.486206970526837 ] } },
{ "type": "Feature", "properties": { "category": "personal_service" }, "geometry": { "type": "Point", "coordinates": [ 232263.169183574180352, 896929.581891803769395 ] } },
{ "type": "Feature", "properties": { "category": "personal_service" }, "geometry": { "type": "Point", "coordinates": [ 234932.766695807687938, 900157.9237582256319 ] } },
{ "type": "Feature", "properties": { "category": "personal_service" }, "geometry": { "type": "Point", "coordinates": [ 241194.582112967706053, 888516.845676351338625 ] } },
{ "type": "Feature", "properties": { "category": "personal_service" }, "geometry": { "type": "Point", "coordinates": [ 235494.144398499571253, 908589.961482006823644 ] } },
{ "type": "Feature", "properties": { "category": "personal_service" }, "geometry": { "type": "Point", "coordinates": [ 235742.558075612061657, 907626.049391781445593 ] } },
{ "type": "Feature", "properties": { "category": "personal_service" }, "geometry": { "type": "Point", "coordinates": [ 236669.172665986581706, 902874.638077632291242 ] } },
{ "type": "Feature", "properties": { "category": "personal_service" }, "geometry": { "type": "Point", "coordinates": [ 236018.419800680392655, 896673.345105256419629 ] } },
{ "type": "Feature", "properties": { "category": "personal_service" }, "geometry": { "type": "Point", "coordinates": [ 238045.098338354902808, 904894.706917718518525 ] } },
{ "type": "Feature", "properties": { "category": "personal_service" }, "geometry": { "type": "Point", "coordinates": [ 233601.12259525898844, 908063.568059579352848 ] } },
{ "type": "Feature", "properties": { "category": "personal_service" }, "geometry": { "type": "Point", "coordinates": [ 232013.318605924141593, 907613.717659188667312 ] } },
{ "type": "Feature", "properties": { "category": "personal_service" }, "geometry": { "type": "Point", "coordinates": [ 233411.022949594364036, 896855.967105587362312 ] } },
{ "type": "Feature", "properties": { "category": "personal_service" }, "geometry": { "type": "Point", "coordinates": [ 233494.573189666203689, 891252.55425475933589 ] } },
{ "type": "Feature", "properties": { "category": "personal_service" }, "geometry": { "type": "Point", "coordinates": [ 235899.009716771659441, 905003.485189836123027 ] } },
{ "type": "Feature", "properties": { "category": "personal_service" }, "geometry": { "type": "Point", "coordinates": [ 227857.705789993429789, 904665.849350098171271 ] } },
{ "type": "Feature", "properties": { "category": "personal_service" }, "geometry": { "type": "Point", "coordinates": [ 244577.987570935569238, 912631.035428269417025 ] } },
{ "type": "Feature", "properties": { "category": "personal_service" }, "geometry": { "type": "Point", "coordinates": [ 237323.59464614695753, 907540.192627339158207 ] } },
{ "type": "Feature", "properties": { "category": "personal_service" }, "geometry": { "type": "Point", "coordinates": [ 232899.727979977964424, 903521.333085141261108 ] } },
{ "type": "Feature", "properties": { "category": "personal_service" }, "geometry": { "type": "Point", "coordinates": [ 236286.875813422346255, 897365.626587180420756 ] } },
{ "type": "Feature", "properties": { "category": "personal_service" }, "geometry": { "type": "Point", "coordinates": [ 233007.726098453858867, 898059.582934889360331 ] } },
{ "type": "Feature", "properties": { "category": "personal_service" }, "geometry": { "type": "Point", "coordinates": [ 229321.712781006994192, 892885.625641094404273 ] } },
{ "type": "Feature", "properties": { "category": "personal_service" }, "geometry": { "type": "Point", "coordinates": [ 233008.404722915263847, 902615.998316723271273 ] } },
{ "type": "Feature", "properties": { "category": "personal_service" }, "geometry": { "type": "Point", "coordinates": [ 233319.664443391491659, 902336.106324166990817 ] } },
{ "type": "Feature", "properties": { "category": "personal_service" }, "geometry": { "type": "Point", "coordinates": [ 238006.66655954089947, 907111.64588802237995 ] } },
{ "type": "Feature", "properties": { "category": "personal_service" }, "geometry": { "type": "Point", "coordinates": [ 228253.764577457099222, 892258.897381358547136 ] } },
{ "type": "Feature", "properties": { "category": "personal_service" }, "geometry": { "type": "Point", "coordinates": [ 233939.764893468818627, 903962.931595255271532 ] } },
{ "type": "Feature", "properties": { "category": "personal_service" }, "geometry": { "type": "Point", "coordinates": [ 230613.050697378639597, 899702.465872206958011 ] } },
{ "type": "Feature", "properties": { "category": "personal_service" }, "geometry": { "type": "Point", "coordinates": [ 231010.35390629793983, 901031.474939098232426 ] } },
{ "type": "Feature", "properties": { "category": "personal_service" }, "geometry": { "type": "Point", "coordinates": [ 235669.697594839846715, 896858.066022309008986 ] } },
{ "type": "Feature", "properties": { "category": "personal_service" }, "geometry": { "type": "Point", "coordinates": [ 246082.930850459553767, 913459.878891892265528 ] } },
{ "type": "Feature", "properties": { "category": "personal_service" }, "geometry": { "type": "Point", "coordinates": [ 232344.278723498166073, 907467.721226541791111 ] } },
{ "type": "Feature", "properties": { "category": "personal_service" }, "geometry": { "type": "Point", "coordinates": [ 239840.072890177951194, 915498.204847065033391 ] } },
{ "type": "Feature", "properties": { "category": "personal_service" }, "geometry": { "type": "Point", "coordinates": [ 234447.775527969934046, 895555.815109766204841 ] } },
{ "type": "Feature", "properties": { "category": "personal_service" }, "geometry": { "type": "Point", "coordinates": [ 239990.676008734590141, 910032.30435903754551 ] } },
{ "type": "Feature", "properties": { "category": "personal_service" }, "geometry": { "type": "Point", "coordinates": [ 236843.425164599699201, 906724.10855749133043 ] } },
{ "type": "Feature", "properties": { "category": "personal_service" }, "geometry": { "type": "Point", "coordinates": [ 241229.741227211983642, 888854.722858419874683 ] } },
{ "type": "Feature", "properties": { "category": "personal_service" }, "geometry": { "type": "Point", "coordinates": [ 232715.232495844305959, 898324.690122985513881 ] } },
{ "type": "Feature", "properties": { "category": "personal_service" }, "geometry": { "type": "Point", "coordinates": [ 234097.422541781590553, 896567.129616906517185 ] } },
{ "type": "Feature", "properties": { "category": "personal_service" }, "geometry": { "type": "Point", "coordinates": [ 243851.114892646553926, 909836.202382610645145 ] } },
{ "type": "Feature", "properties": { "category": "personal_service" }, "geometry": { "type": "Point", "coordinates": [ 222895.338767738780007, 895005.427708542207256 ] } },
{ "type": "Feature", "properties": { "category": "personal_service" }, "geometry": { "type": "Point", "coordinates": [ 234721.408379601227352, 900079.121780521702021 ] } },
{ "type": "Feature", "properties": { "category": "personal_service" }, "geometry": { "type": "Point", "coordinates": [ 236615.389430918905418, 903696.562534528318793 ] } },
{ "type": "Feature", "properties": { "category": "personal_service" }, "geometry": { "type": "Point", "coordinates": [ 235987.093394033028744, 899893.324248973396607 ] } },
{ "type": "Feature", "properties": { "category": "personal_service" }, "geometry": { "type": "Point", "coordinates": [ 230614.813550660095643, 904760.63593323668465 ] } },
{ "type": "Feature", "properties": { "category": "personal_service" }, "geometry": { "type": "Point", "coordinates": [ 234241.594141042762203, 894892.123866624198854 ] } },
{ "type": "Feature", "properties": { "category": "personal_service" }, "geometry": { "type": "Point", "coordinates": [ 236240.637983667140361, 905542.307756069814786 ] } },
{ "type": "Feature", "properties": { "category": "personal_service" }, "geometry": { "type": "Point", "coordinates": [ 226005.679151677788468, 901748.614557656343095 ] } },
{ "type": "Feature", "properties": { "category": "personal_service" }, "geometry": { "type": "Point", "coordinates": [ 221293.832869352598209, 898561.72599167842418 ] } },
{ "type": "Feature", "properties": { "category": "personal_service" }, "geometry": { "type": "Point", "coordinates": [ 228851.968111859750934, 902775.423196965479292 ] } },
{ "type": "Feature", "properties": { "category": "personal_service" }, "geometry": { "type": "Point", "coordinates": [ 230476.427520750527037, 905191.574775230372325 ] } },
{ "type": "Feature", "properties": { "category": "personal_service" }, "geometry": { "type": "Point", "coordinates": [ 241219.591111930960324, 907687.952241490827873 ] } },
{ "type": "Feature", "properties": { "category": "personal_service" }, "geometry": { "type": "Point", "coordinates": [ 234839.572312352189329, 900176.344368260586634 ] } },
{ "type": "Feature", "properties": { "category": "personal_service" }, "geometry": { "type": "Point", "coordinates": [ 234911.829578113509342, 894582.8490583547391 ] } },
{ "type": "Feature", "properties": { "category": "personal_service" }, "geometry": { "type": "Point", "coordinates": [ 234152.65227010572562, 894530.247805377701297 ] } },
{ "type": "Feature", "properties": { "category": "personal_service" }, "geometry": { "type": "Point", "coordinates": [ 238529.207743945735274, 891216.895868040737696 ] } },
{ "type": "Feature", "properties": { "category": "personal_service" }, "geometry": { "type": "Point", "coordinates": [ 244715.704198814375559, 914457.322349677444436 ] } },
{ "type": "Feature", "properties": { "category": "personal_service" }, "geometry": { "type": "Point", "coordinates": [ 234431.857251427543815, 898973.584368164651096 ] } },
{ "type": "Feature", "properties": { "category": "personal_service" }, "geometry": { "type": "Point", "coordinates": [ 225283.144857567880535, 897730.09267897112295 ] } },
{ "type": "Feature", "properties": { "category": "personal_service" }, "geometry": { "type": "Point", "coordinates": [ 221695.075573256995995, 891749.549525211914442 ] } },
{ "type": "Feature", "properties": { "category": "personal_service" }, "geometry": { "type": "Point", "coordinates": [ 220511.196493427705718, 902877.745541393873282 ] } },
{ "type": "Feature", "properties": { "category": "personal_service" }, "geometry": { "type": "Point", "coordinates": [ 236206.210986577410949, 900079.727774584433064 ] } },
{ "type": "Feature", "properties": { "category": "personal_service" }, "geometry": { "type": "Point", "coordinates": [ 241048.049817496008473, 888849.662213862524368 ] } },
{ "type": "Feature", "properties": { "category": "personal_service" }, "geometry": { "type": "Point", "coordinates": [ 235387.03225478582317, 893222.313738627242856 ] } },
{ "type": "Feature", "properties": { "category": "personal_service" }, "geometry": { "type": "Point", "coordinates": [ 236476.779437001940096, 905918.534215317107737 ] } },
{ "type": "Feature", "properties": { "category": "personal_service" }, "geometry": { "type": "Point", "coordinates": [ 221731.366007204749621, 899834.228907537297346 ] } },
{ "type": "Feature", "properties": { "category": "personal_service" }, "geometry": { "type": "Point", "coordinates": [ 241819.526864527171711, 911965.444598824484274 ] } },
{ "type": "Feature", "properties": { "category": "personal_service" }, "geometry": { "type": "Point", "coordinates": [ 231168.074500037299003, 902544.49989749409724 ] } },
{ "type": "Feature", "properties": { "category": "personal_service" }, "geometry": { "type": "Point", "coordinates": [ 233252.790621692925924, 904300.323989999014884 ] } },
{ "type": "Feature", "properties": { "category": "personal_service" }, "geometry": { "type": "Point", "coordinates": [ 235347.622800449636998, 901056.398093300871551 ] } },
{ "type": "Feature", "properties": { "category": "personal_service" }, "geometry": { "type": "Point", "coordinates": [ 237439.695462420175318, 898367.260111078503542 ] } },
{ "type": "Feature", "properties": { "category": "personal_service" }, "geometry": { "type": "Point", "coordinates": [ 227908.500604779517744, 898861.458619344746694 ] } },
{ "type": "Feature", "properties": { "category": "personal_service" }, "geometry": { "type": "Point", "coordinates": [ 232110.81338736138423, 902075.219394142506644 ] } },
{ "type": "Feature", "properties": { "category": "personal_service" }, "geometry": { "type": "Point", "coordinates": [ 231416.456151500344276, 902918.940242286305875 ] } },
{ "type": "Feature", "properties": { "category": "personal_service" }, "geometry": { "type": "Point", "coordinates": [ 239902.50858213545871, 910330.276300918310881 ] } },
{ "type": "Feature", "properties": { "category": "personal_service" }, "geometry": { "type": "Point", "coordinates": [ 230461.076968246634351, 906092.024434681516141 ] } },
{ "type": "Feature", "properties": { "category": "personal_service" }, "geometry": { "type": "Point", "coordinates": [ 228643.299630456167506, 900200.897181948996149 ] } },
{ "type": "Feature", "properties": { "category": "personal_service" }, "geometry": { "type": "Point", "coordinates": [ 232008.676233681035228, 907657.128550052875653 ] } },
{ "type": "Feature", "properties": { "category": "personal_service" }, "geometry": { "type": "Point", "coordinates": [ 235606.464046207605861, 908624.520819578785449 ] } },
{ "type": "Feature", "properties": { "category": "personal_service" }, "geometry": { "type": "Point", "coordinates": [ 236694.198797938413918, 897969.780937454430386 ] } },
{ "type": "Feature", "properties": { "category": "personal_service" }, "geometry": { "type": "Point", "coordinates": [ 234103.982356082386104, 893939.084134533186443 ] } },
{ "type": "Feature", "properties": { "category": "personal_service" }, "geometry": { "type": "Point", "coordinates": [ 225574.541668119345559, 898443.038210529368371 ] } },
{ "type": "Feature", "properties": { "category": "personal_service" }, "geometry": { "type": "Point", "coordinates": [ 232384.123425765137654, 896296.666033776942641 ] } },
{ "type": "Feature", "properties": { "category": "personal_service" }, "geometry": { "type": "Point", "coordinates": [ 242360.350356738141272, 889168.450953284511343 ] } },
{ "type": "Feature", "properties": { "category": "personal_service" }, "geometry": { "type": "Point", "coordinates": [ 235777.257052687637042, 892224.599801481701434 ] } },
{ "type": "Feature", "properties": { "category": "personal_service" }, "geometry": { "type": "Point", "coordinates": [ 235917.084164774540113, 900371.712261653272435 ] } },
{ "type": "Feature", "properties": { "category": "personal_service" }, "geometry": { "type": "Point", "coordinates": [ 231881.673022025963292, 896732.235057421145029 ] } },
{ "type": "Feature", "properties": { "category": "personal_service" }, "geometry": { "type": "Point", "coordinates": [ 235640.38062552086194, 906757.887127669993788 ] } },
{ "type": "Feature", "properties": { "category": "personal_service" }, "geometry": { "type": "Point", "coordinates": [ 224757.012152362382039, 900878.587801658431999 ] } },
{ "type": "Feature", "properties": { "category": "personal_service" }, "geometry": { "type": "Point", "coordinates": [ 229940.600026675063418, 893781.284438775037415 ] } },
{ "type": "Feature", "properties": { "category": "personal_service" }, "geometry": { "type": "Point", "coordinates": [ 244321.375816233281512, 913542.28000344580505 ] } },
{ "type": "Feature", "properties": { "category": "personal_service" }, "geometry": { "type": "Point", "coordinates": [ 225089.202456360129872, 897801.930960300611332 ] } },
{ "type": "Feature", "properties": { "category": "personal_service" }, "geometry": { "type": "Point", "coordinates": [ 231847.791296017880086, 898406.569266513455659 ] } },
{ "type": "Feature", "properties": { "category": "personal_service" }, "geometry": { "type": "Point", "coordinates": [ 231415.985509101417847, 898269.77833560295403 ] } },
{ "type": "Feature", "properties": { "category": "personal_service" }, "geometry": { "type": "Point", "coordinates": [ 233203.943754334381083, 905610.046185293816961 ] } },
{ "type": "Feature", "properties": { "category": "personal_service" }, "geometry": { "type": "Point", "coordinates": [ 231718.369485686096596, 895289.719695043400861 ] } },
{ "type": "Feature", "properties": { "category": "personal_service" }, "geometry": { "type": "Point", "coordinates": [ 225964.156982188345864, 901750.349311720812693 ] } },
{ "type": "Feature", "properties": { "category": "personal_service" }, "geometry": { "type": "Point", "coordinates": [ 235694.009056330658495, 908417.023838710854761 ] } },
{ "type": "Feature", "properties": { "category": "personal_service" }, "geometry": { "type": "Point", "coordinates": [ 232017.671801126620267, 907796.129975612973794 ] } },
{ "type": "Feature", "properties": { "category": "personal_service" }, "geometry": { "type": "Point", "coordinates": [ 237020.489227075362578, 901599.188398675294593 ] } },
{ "type": "Feature", "properties": { "category": "personal_service" }, "geometry": { "type": "Point", "coordinates": [ 232869.210887034918414, 901119.456221275846474 ] } },
{ "type": "Feature", "properties": { "category": "personal_service" }, "geometry": { "type": "Point", "coordinates": [ 225825.811610285309143, 900798.015826707938686 ] } },
{ "type": "Feature", "properties": { "category": "personal_service" }, "geometry": { "type": "Point", "coordinates": [ 236429.433614069333998, 896100.082615196006373 ] } },
{ "type": "Feature", "properties": { "category": "personal_service" }, "geometry": { "type": "Point", "coordinates": [ 237219.891070977057097, 905754.148554875515401 ] } },
{ "type": "Feature", "properties": { "category": "personal_service" }, "geometry": { "type": "Point", "coordinates": [ 229893.021210087346844, 892945.789638620102778 ] } },
{ "type": "Feature", "properties": { "category": "personal_service" }, "geometry": { "type": "Point", "coordinates": [ 233636.449423457757803, 897635.693079577176832 ] } },
{ "type": "Feature", "properties": { "category": "personal_service" }, "geometry": { "type": "Point", "coordinates": [ 234098.214543298876379, 896573.798082773224451 ] } },
{ "type": "Feature", "properties": { "category": "personal_service" }, "geometry": { "type": "Point", "coordinates": [ 246978.899251060036477, 913412.503093503881246 ] } },
{ "type": "Feature", "properties": { "category": "personal_service" }, "geometry": { "type": "Point", "coordinates": [ 238107.894982796220575, 909039.544025536975823 ] } },
{ "type": "Feature", "properties": { "category": "personal_service" }, "geometry": { "type": "Point", "coordinates": [ 230598.203162714955397, 892943.267732656444423 ] } },
{ "type": "Feature", "properties": { "category": "personal_service" }, "geometry": { "type": "Point", "coordinates": [ 239395.098195769533049, 909881.309587087016553 ] } },
{ "type": "Feature", "properties": { "category": "personal_service" }, "geometry": { "type": "Point", "coordinates": [ 234727.337502096313983, 895541.639364939066581 ] } },
{ "type": "Feature", "properties": { "category": "personal_service" }, "geometry": { "type": "Point", "coordinates": [ 236363.952929866383784, 908723.266630501719192 ] } },
{ "type": "Feature", "properties": { "category": "personal_service" }, "geometry": { "type": "Point", "coordinates": [ 236772.424208322772756, 906606.991705551277846 ] } },
{ "type": "Feature", "properties": { "category": "personal_service" }, "geometry": { "type": "Point", "coordinates": [ 224884.997146635898389, 900749.634712012019008 ] } },
{ "type": "Feature", "properties": { "category": "personal_service" }, "geometry": { "type": "Point", "coordinates": [ 241514.163234550127527, 889491.639477750170045 ] } },
{ "type": "Feature", "properties": { "category": "personal_service" }, "geometry": { "type": "Point", "coordinates": [ 232344.278723498166073, 907467.721226541791111 ] } },
{ "type": "Feature", "properties": { "category": "personal_service" }, "geometry": { "type": "Point", "coordinates": [ 235763.492355585622136, 901087.382766789756715 ] } },
{ "type": "Feature", "properties": { "category": "personal_service" }, "geometry": { "type": "Point", "coordinates": [ 232501.671506029728334, 898580.288159312331118 ] } },
{ "type": "Feature", "properties": { "category": "personal_service" }, "geometry": { "type": "Point", "coordinates": [ 236720.982953137368895, 900572.47531648830045 ] } },
{ "type": "Feature", "properties": { "category": "personal_service" }, "geometry": { "type": "Point", "coordinates": [ 238908.407628605724312, 903392.31489471916575 ] } },
{ "type": "Feature", "properties": { "category": "personal_service" }, "geometry": { "type": "Point", "coordinates": [ 229982.270860154822003, 898840.563114282791503 ] } },
{ "type": "Feature", "properties": { "category": "personal_service" }, "geometry": { "type": "Point", "coordinates": [ 236303.020944849180523, 900941.304711925797164 ] } },
{ "type": "Feature", "properties": { "category": "personal_service" }, "geometry": { "type": "Point", "coordinates": [ 232733.496884252585005, 890464.777286471333355 ] } },
{ "type": "Feature", "properties": { "category": "personal_service" }, "geometry": { "type": "Point", "coordinates": [ 234536.111125844268827, 903580.506501283380203 ] } },
{ "type": "Feature", "properties": { "category": "personal_service" }, "geometry": { "type": "Point", "coordinates": [ 243777.280718811613042, 913031.441227496019565 ] } },
{ "type": "Feature", "properties": { "category": "personal_service" }, "geometry": { "type": "Point", "coordinates": [ 235893.643462495820131, 894406.62498867046088 ] } },
{ "type": "Feature", "properties": { "category": "personal_service" }, "geometry": { "type": "Point", "coordinates": [ 230131.084558628179366, 898747.561323289060965 ] } },
{ "type": "Feature", "properties": { "category": "personal_service" }, "geometry": { "type": "Point", "coordinates": [ 224664.163038023660192, 901208.272366301505826 ] } },
{ "type": "Feature", "properties": { "category": "personal_service" }, "geometry": { "type": "Point", "coordinates": [ 237947.963770147500327, 902665.048273609601893 ] } },
{ "type": "Feature", "properties": { "category": "personal_service" }, "geometry": { "type": "Point", "coordinates": [ 236194.4270034727233, 900591.959096248261631 ] } },
{ "type": "Feature", "properties": { "category": "personal_service" }, "geometry": { "type": "Point", "coordinates": [ 234792.398608315386809, 908098.141119400970638 ] } },
{ "type": "Feature", "properties": { "category": "personal_service" }, "geometry": { "type": "Point", "coordinates": [ 226604.464559163316153, 908220.176940282341093 ] } },
{ "type": "Feature", "properties": { "category": "personal_service" }, "geometry": { "type": "Point", "coordinates": [ 235316.325488902104553, 893605.505639828159474 ] } },
{ "type": "Feature", "properties": { "category": "personal_service" }, "geometry": { "type": "Point", "coordinates": [ 231920.053628184046829, 894450.893382921465673 ] } },
{ "type": "Feature", "properties": { "category": "personal_service" }, "geometry": { "type": "Point", "coordinates": [ 228299.589615812670672, 903344.117740319343284 ] } },
{ "type": "Feature", "properties": { "category": "personal_service" }, "geometry": { "type": "Point", "coordinates": [ 228449.396297292405507, 907346.442444156738929 ] } },
{ "type": "Feature", "properties": { "category": "personal_service" }, "geometry": { "type": "Point", "coordinates": [ 246125.159668415348278, 913528.694129350362346 ] } },
{ "type": "Feature", "properties": { "category": "personal_service" }, "geometry": { "type": "Point", "coordinates": [ 236445.48299026224413, 894482.440363760921173 ] } },
{ "type": "Feature", "properties": { "category": "personal_service" }, "geometry": { "type": "Point", "coordinates": [ 233514.845961876853835, 902531.643963245674968 ] } },
{ "type": "Feature", "properties": { "category": "personal_service" }, "geometry": { "type": "Point", "coordinates": [ 230109.152054494974436, 904843.536060569575056 ] } },
{ "type": "Feature", "properties": { "category": "personal_service" }, "geometry": { "type": "Point", "coordinates": [ 236289.888949701795354, 901888.734869606443681 ] } },
{ "type": "Feature", "properties": { "category": "personal_service" }, "geometry": { "type": "Point", "coordinates": [ 236055.538111769943498, 893468.410734006203711 ] } },
{ "type": "Feature", "properties": { "category": "personal_service" }, "geometry": { "type": "Point", "coordinates": [ 221689.639194759802194, 892442.643252397072501 ] } },
{ "type": "Feature", "properties": { "category": "personal_service" }, "geometry": { "type": "Point", "coordinates": [ 234410.038908966787858, 897201.79248873074539 ] } },
{ "type": "Feature", "properties": { "category": "personal_service" }, "geometry": { "type": "Point", "coordinates": [ 240193.120958263287321, 903971.606216700864024 ] } },
{ "type": "Feature", "properties": { "category": "personal_service" }, "geometry": { "type": "Point", "coordinates": [ 226488.449527466087602, 892060.201821146998554 ] } },
{ "type": "Feature", "properties": { "category": "personal_service" }, "geometry": { "type": "Point", "coordinates": [ 238376.406972746452084, 909821.124506381573156 ] } },
{ "type": "Feature", "properties": { "category": "personal_service" }, "geometry": { "type": "Point", "coordinates": [ 230855.00732566579245, 899055.387021821574308 ] } },
{ "type": "Feature", "properties": { "category": "personal_service" }, "geometry": { "type": "Point", "coordinates": [ 232195.082089623378124, 894984.98120805376675 ] } },
{ "type": "Feature", "properties": { "category": "personal_service" }, "geometry": { "type": "Point", "coordinates": [ 235223.107135146070505, 895817.354508673772216 ] } },
{ "type": "Feature", "properties": { "category": "personal_service" }, "geometry": { "type": "Point", "coordinates": [ 242673.325986494513927, 903571.68869348987937 ] } },
{ "type": "Feature", "properties": { "category": "personal_service" }, "geometry": { "type": "Point", "coordinates": [ 238294.906487445521634, 904744.108238319284283 ] } },
{ "type": "Feature", "properties": { "category": "personal_service" }, "geometry": { "type": "Point", "coordinates": [ 234779.865591271111043, 904247.182080780621618 ] } },
{ "type": "Feature", "properties": { "category": "personal_service" }, "geometry": { "type": "Point", "coordinates": [ 223527.073232290742453, 895303.530568974791095 ] } },
{ "type": "Feature", "properties": { "category": "personal_service" }, "geometry": { "type": "Point", "coordinates": [ 230613.050697378639597, 899702.465872206958011 ] } },
{ "type": "Feature", "properties": { "category": "personal_service" }, "geometry": { "type": "Point", "coordinates": [ 235680.071299509814708, 895122.094911397434771 ] } },
{ "type": "Feature", "properties": { "category": "personal_service" }, "geometry": { "type": "Point", "coordinates": [ 235089.493819195136894, 897315.117375330766663 ] } },
{ "type": "Feature", "properties": { "category": "personal_service" }, "geometry": { "type": "Point", "coordinates": [ 225574.541668119345559, 898443.038210529368371 ] } },
{ "type": "Feature", "properties": { "category": "personal_service" }, "geometry": { "type": "Point", "coordinates": [ 237153.098060374497436, 906101.362348944647238 ] } },
{ "type": "Feature", "properties": { "category": "personal_service" }, "geometry": { "type": "Point", "coordinates": [ 231920.579771238553803, 901685.801360976533033 ] } },
{ "type": "Feature", "properties": { "category": "personal_service" }, "geometry": { "type": "Point", "coordinates": [ 234305.003344702156028, 899975.995943164918572 ] } },
{ "type": "Feature", "properties": { "category": "personal_service" }, "geometry": { "type": "Point", "coordinates": [ 221627.272754406410968, 902172.195566851645708 ] } },
{ "type": "Feature", "properties": { "category": "personal_service" }, "geometry": { "type": "Point", "coordinates": [ 237439.695462420175318, 898367.260111078503542 ] } },
{ "type": "Feature", "properties": { "category": "personal_service" }, "geometry": { "type": "Point", "coordinates": [ 236887.865275896008825, 906616.372553541208617 ] } },
{ "type": "Feature", "properties": { "category": "personal_service" }, "geometry": { "type": "Point", "coordinates": [ 233465.85847045070841, 890074.125158586073667 ] } },
{ "type": "Feature", "properties": { "category": "personal_service" }, "geometry": { "type": "Point", "coordinates": [ 240389.442852051084628, 912452.599313374026679 ] } },
{ "type": "Feature", "properties": { "category": "personal_service" }, "geometry": { "type": "Point", "coordinates": [ 231842.00208811199991, 902320.367266673012637 ] } },
{ "type": "Feature", "properties": { "category": "personal_service" }, "geometry": { "type": "Point", "coordinates": [ 240589.526926650898531, 888780.135418077232316 ] } },
{ "type": "Feature", "properties": { "category": "personal_service" }, "geometry": { "type": "Point", "coordinates": [ 234559.212827210867545, 903571.733832108788192 ] } },
{ "type": "Feature", "properties": { "category": "personal_service" }, "geometry": { "type": "Point", "coordinates": [ 231450.228485432715388, 892195.040296617546119 ] } },
{ "type": "Feature", "properties": { "category": "personal_service" }, "geometry": { "type": "Point", "coordinates": [ 223841.34941788535798, 896159.098592878086492 ] } },
{ "type": "Feature", "properties": { "category": "personal_service" }, "geometry": { "type": "Point", "coordinates": [ 234144.038102491642348, 907541.669813757645898 ] } },
{ "type": "Feature", "properties": { "category": "personal_service" }, "geometry": { "type": "Point", "coordinates": [ 233755.793009147280827, 892861.074185932986438 ] } },
{ "type": "Feature", "properties": { "category": "personal_service" }, "geometry": { "type": "Point", "coordinates": [ 236098.879031985416077, 903088.843090189038776 ] } },
{ "type": "Feature", "properties": { "category": "personal_service" }, "geometry": { "type": "Point", "coordinates": [ 232302.6966520154092, 901957.911877940176055 ] } },
{ "type": "Feature", "properties": { "category": "personal_service" }, "geometry": { "type": "Point", "coordinates": [ 222873.151457918080268, 899922.492996093118563 ] } },
{ "type": "Feature", "properties": { "category": "personal_service" }, "geometry": { "type": "Point", "coordinates": [ 236033.055761740019079, 893333.337489419616759 ] } },
{ "type": "Feature", "properties": { "category": "personal_service" }, "geometry": { "type": "Point", "coordinates": [ 237046.840806441265158, 892668.811810193583369 ] } },
{ "type": "Feature", "properties": { "category": "personal_service" }, "geometry": { "type": "Point", "coordinates": [ 239235.908679504704196, 911658.043481904198416 ] } },
{ "type": "Feature", "properties": { "category": "personal_service" }, "geometry": { "type": "Point", "coordinates": [ 236751.387781350553269, 900902.536509355530143 ] } },
{ "type": "Feature", "properties": { "category": "personal_service" }, "geometry": { "type": "Point", "coordinates": [ 236320.203286127827596, 900804.767327857203782 ] } },
{ "type": "Feature", "properties": { "category": "personal_service" }, "geometry": { "type": "Point", "coordinates": [ 235587.926157692505512, 895082.528947312617674 ] } },
{ "type": "Feature", "properties": { "category": "personal_service" }, "geometry": { "type": "Point", "coordinates": [ 231563.240165642695501, 898127.148341125342995 ] } },
{ "type": "Feature", "properties": { "category": "personal_service" }, "geometry": { "type": "Point", "coordinates": [ 221664.193981981166871, 891598.725170126883313 ] } },
{ "type": "Feature", "properties": { "category": "personal_service" }, "geometry": { "type": "Point", "coordinates": [ 234218.123025293025421, 894801.593168508843519 ] } },
{ "type": "Feature", "properties": { "category": "personal_service" }, "geometry": { "type": "Point", "coordinates": [ 234770.201827666722238, 893224.680556123028509 ] } },
{ "type": "Feature", "properties": { "category": "personal_service" }, "geometry": { "type": "Point", "coordinates": [ 229287.309501000738237, 901139.60283532156609 ] } },
{ "type": "Feature", "properties": { "category": "personal_service" }, "geometry": { "type": "Point", "coordinates": [ 233017.619089304236695, 889362.456874133320525 ] } },
{ "type": "Feature", "properties": { "category": "personal_service" }, "geometry": { "type": "Point", "coordinates": [ 231643.610336661688052, 903977.648546474869363 ] } },
{ "type": "Feature", "properties": { "category": "personal_service" }, "geometry": { "type": "Point", "coordinates": [ 222554.139934658480342, 899891.582222969969735 ] } },
{ "type": "Feature", "properties": { "category": "personal_service" }, "geometry": { "type": "Point", "coordinates": [ 235674.312954688502941, 900251.955395493889228 ] } },
{ "type": "Feature", "properties": { "category": "personal_service" }, "geometry": { "type": "Point", "coordinates": [ 236656.715184700238751, 907846.924646205501631 ] } },
{ "type": "Feature", "properties": { "category": "personal_service" }, "geometry": { "type": "Point", "coordinates": [ 224874.431927303783596, 903291.165551459882408 ] } },
{ "type": "Feature", "properties": { "category": "personal_service" }, "geometry": { "type": "Point", "coordinates": [ 222279.880087925179396, 903025.534105955041014 ] } },
{ "type": "Feature", "properties": { "category": "personal_service" }, "geometry": { "type": "Point", "coordinates": [ 220608.802753536525415, 902733.630284974118695 ] } },
{ "type": "Feature", "properties": { "category": "personal_service" }, "geometry": { "type": "Point", "coordinates": [ 236012.160609255195595, 906588.388555830111727 ] } },
{ "type": "Feature", "properties": { "category": "personal_service" }, "geometry": { "type": "Point", "coordinates": [ 223149.184004174952861, 895112.447422912460752 ] } },
{ "type": "Feature", "properties": { "category": "personal_service" }, "geometry": { "type": "Point", "coordinates": [ 240657.080077645834535, 904339.727464208961464 ] } },
{ "type": "Feature", "properties": { "category": "personal_service" }, "geometry": { "type": "Point", "coordinates": [ 234593.602585894463118, 899094.342438699444756 ] } },
{ "type": "Feature", "properties": { "category": "personal_service" }, "geometry": { "type": "Point", "coordinates": [ 227174.411499928246485, 892165.229630835819989 ] } },
{ "type": "Feature", "properties": { "category": "personal_service" }, "geometry": { "type": "Point", "coordinates": [ 232230.955074866884388, 903788.153320040320978 ] } },
{ "type": "Feature", "properties": { "category": "personal_service" }, "geometry": { "type": "Point", "coordinates": [ 235284.295799355924828, 896586.314785090042278 ] } },
{ "type": "Feature", "properties": { "category": "personal_service" }, "geometry": { "type": "Point", "coordinates": [ 224952.938254463428166, 903609.349237825255841 ] } },
{ "type": "Feature", "properties": { "category": "personal_service" }, "geometry": { "type": "Point", "coordinates": [ 234641.093953926989343, 895977.746423389413394 ] } },
{ "type": "Feature", "properties": { "category": "personal_service" }, "geometry": { "type": "Point", "coordinates": [ 233752.072925350483274, 904293.152849931386299 ] } },
{ "type": "Feature", "properties": { "category": "personal_service" }, "geometry": { "type": "Point", "coordinates": [ 236615.389430918905418, 903696.562534528318793 ] } },
{ "type": "Feature", "properties": { "category": "personal_service" }, "geometry": { "type": "Point", "coordinates": [ 234938.692452616727678, 899131.594245926244184 ] } },
{ "type": "Feature", "properties": { "category": "personal_service" }, "geometry": { "type": "Point", "coordinates": [ 241217.1492078602314, 888454.219806190696545 ] } },
{ "type": "Feature", "properties": { "category": "personal_service" }, "geometry": { "type": "Point", "coordinates": [ 235188.293896786199184, 899312.785369819961488 ] } },
{ "type": "Feature", "properties": { "category": "personal_service" }, "geometry": { "type": "Point", "coordinates": [ 236829.404998562764376, 901892.653090205974877 ] } },
{ "type": "Feature", "properties": { "category": "personal_service" }, "geometry": { "type": "Point", "coordinates": [ 234390.127459241630277, 902380.697658644407056 ] } },
{ "type": "Feature", "properties": { "category": "personal_service" }, "geometry": { "type": "Point", "coordinates": [ 244759.539433033700334, 914391.508049959898926 ] } },
{ "type": "Feature", "properties": { "category": "personal_service" }, "geometry": { "type": "Point", "coordinates": [ 236663.925591213366715, 900707.470597171224654 ] } },
{ "type": "Feature", "properties": { "category": "personal_service" }, "geometry": { "type": "Point", "coordinates": [ 226682.077503494976554, 893682.418318972806446 ] } },
{ "type": "Feature", "properties": { "category": "personal_service" }, "geometry": { "type": "Point", "coordinates": [ 236360.783345375413774, 900954.93275814584922 ] } },
{ "type": "Feature", "properties": { "category": "personal_service" }, "geometry": { "type": "Point", "coordinates": [ 231184.273655250115553, 889500.825877572642639 ] } },
{ "type": "Feature", "properties": { "category": "personal_service" }, "geometry": { "type": "Point", "coordinates": [ 232804.189256913028657, 907788.209059253684245 ] } },
{ "type": "Feature", "properties": { "category": "personal_service" }, "geometry": { "type": "Point", "coordinates": [ 246950.452905038371682, 912993.532980772666633 ] } },
{ "type": "Feature", "properties": { "category": "personal_service" }, "geometry": { "type": "Point", "coordinates": [ 221788.623923462931998, 892253.898695533163846 ] } },
{ "type": "Feature", "properties": { "category": "personal_service" }, "geometry": { "type": "Point", "coordinates": [ 236192.581852129398612, 903156.750010990886949 ] } },
{ "type": "Feature", "properties": { "category": "personal_service" }, "geometry": { "type": "Point", "coordinates": [ 231391.116669053124497, 904036.942261308198795 ] } },
{ "type": "Feature", "properties": { "category": "personal_service" }, "geometry": { "type": "Point", "coordinates": [ 232884.56499178748345, 896991.331696168286726 ] } },
{ "type": "Feature", "properties": { "category": "personal_service" }, "geometry": { "type": "Point", "coordinates": [ 230407.992480050452286, 905271.476972356438637 ] } },
{ "type": "Feature", "properties": { "category": "personal_service" }, "geometry": { "type": "Point", "coordinates": [ 233829.441999071452301, 906778.141697872546501 ] } },
{ "type": "Feature", "properties": { "category": "personal_service" }, "geometry": { "type": "Point", "coordinates": [ 233872.288677418022417, 899339.421015802072361 ] } },
{ "type": "Feature", "properties": { "category": "personal_service" }, "geometry": { "type": "Point", "coordinates": [ 233222.248622103594244, 906995.956925639417022 ] } },
{ "type": "Feature", "properties": { "category": "personal_service" }, "geometry": { "type": "Point", "coordinates": [ 233347.071723857428879, 899754.006069274037145 ] } },
{ "type": "Feature", "properties": { "category": "personal_service" }, "geometry": { "type": "Point", "coordinates": [ 240580.724156432435848, 906808.363999239751138 ] } },
{ "type": "Feature", "properties": { "category": "personal_service" }, "geometry": { "type": "Point", "coordinates": [ 231180.311876468767878, 902515.229561327723786 ] } },
{ "type": "Feature", "properties": { "category": "personal_service" }, "geometry": { "type": "Point", "coordinates": [ 240309.718425936531276, 911082.621568583650514 ] } },
{ "type": "Feature", "properties": { "category": "personal_service" }, "geometry": { "type": "Point", "coordinates": [ 221829.480558501702035, 906041.556427725357935 ] } },
{ "type": "Feature", "properties": { "category": "personal_service" }, "geometry": { "type": "Point", "coordinates": [ 228880.583140402915888, 893057.079329739208333 ] } },
{ "type": "Feature", "properties": { "category": "personal_service" }, "geometry": { "type": "Point", "coordinates": [ 233738.456988468533382, 903322.037802903680131 ] } },
{ "type": "Feature", "properties": { "category": "personal_service" }, "geometry": { "type": "Point", "coordinates": [ 246686.243271273502614, 913753.904202272184193 ] } },
{ "type": "Feature", "properties": { "category": "personal_service" }, "geometry": { "type": "Point", "coordinates": [ 236632.394180374976713, 901066.644192220410332 ] } },
{ "type": "Feature", "properties": { "category": "personal_service" }, "geometry": { "type": "Point", "coordinates": [ 226023.794191697234055, 901728.243339538574219 ] } },
{ "type": "Feature", "properties": { "category": "personal_service" }, "geometry": { "type": "Point", "coordinates": [ 236080.828462243138347, 906248.949053182150237 ] } },
{ "type": "Feature", "properties": { "category": "personal_service" }, "geometry": { "type": "Point", "coordinates": [ 241087.479968796134926, 905312.733802229166031 ] } },
{ "type": "Feature", "properties": { "category": "personal_service" }, "geometry": { "type": "Point", "coordinates": [ 229758.749060016416479, 898770.745316674467176 ] } },
{ "type": "Feature", "properties": { "category": "personal_service" }, "geometry": { "type": "Point", "coordinates": [ 238542.310507717222208, 888643.112256855820306 ] } },
{ "type": "Feature", "properties": { "category": "personal_service" }, "geometry": { "type": "Point", "coordinates": [ 236005.22411936003482, 893340.85926168737933 ] } },
{ "type": "Feature", "properties": { "category": "personal_service" }, "geometry": { "type": "Point", "coordinates": [ 234154.84442557557486, 901475.150660910294391 ] } },
{ "type": "Feature", "properties": { "category": "personal_service" }, "geometry": { "type": "Point", "coordinates": [ 221060.89571734063793, 903497.519718157942407 ] } },
{ "type": "Feature", "properties": { "category": "personal_service" }, "geometry": { "type": "Point", "coordinates": [ 234323.771626855857903, 901446.982453758479096 ] } },
{ "type": "Feature", "properties": { "category": "personal_service" }, "geometry": { "type": "Point", "coordinates": [ 228128.39832469652174, 904859.982725127367303 ] } },
{ "type": "Feature", "properties": { "category": "personal_service" }, "geometry": { "type": "Point", "coordinates": [ 241134.154439166683005, 903894.189139930065721 ] } },
{ "type": "Feature", "properties": { "category": "personal_service" }, "geometry": { "type": "Point", "coordinates": [ 239874.707251041691052, 906272.579719791887328 ] } },
{ "type": "Feature", "properties": { "category": "personal_service" }, "geometry": { "type": "Point", "coordinates": [ 234397.988429140590597, 904576.316387956030667 ] } },
{ "type": "Feature", "properties": { "category": "personal_service" }, "geometry": { "type": "Point", "coordinates": [ 229159.767041793937096, 900111.604430240462534 ] } },
{ "type": "Feature", "properties": { "category": "personal_service" }, "geometry": { "type": "Point", "coordinates": [ 228141.753897198999766, 889927.305728258215822 ] } },
{ "type": "Feature", "properties": { "category": "personal_service" }, "geometry": { "type": "Point", "coordinates": [ 234833.076330593874445, 898993.333709886530414 ] } },
{ "type": "Feature", "properties": { "category": "personal_service" }, "geometry": { "type": "Point", "coordinates": [ 232999.523677449964453, 890071.478756136959419 ] } },
{ "type": "Feature", "properties": { "category": "personal_service" }, "geometry": { "type": "Point", "coordinates": [ 235965.164039797149599, 906828.190487452433445 ] } },
{ "type": "Feature", "properties": { "category": "personal_service" }, "geometry": { "type": "Point", "coordinates": [ 231197.975199042615714, 893276.909008426824585 ] } },
{ "type": "Feature", "properties": { "category": "personal_service" }, "geometry": { "type": "Point", "coordinates": [ 231010.35390629793983, 901031.474939098232426 ] } },
{ "type": "Feature", "properties": { "category": "personal_service" }, "geometry": { "type": "Point", "coordinates": [ 235777.257052687637042, 892224.599801481701434 ] } },
{ "type": "Feature", "properties": { "category": "personal_service" }, "geometry": { "type": "Point", "coordinates": [ 238732.916436675761361, 902972.910748836584389 ] } },
{ "type": "Feature", "properties": { "category": "personal_service" }, "geometry": { "type": "Point", "coordinates": [ 236922.51702863391256, 902670.247392227640375 ] } },
{ "type": "Feature", "properties": { "category": "personal_service" }, "geometry": { "type": "Point", "coordinates": [ 231561.291639408591436, 898047.163992106798105 ] } },
{ "type": "Feature", "properties": { "category": "personal_service" }, "geometry": { "type": "Point", "coordinates": [ 229708.312776392849628, 892936.787550106877461 ] } },
{ "type": "Feature", "properties": { "category": "personal_service" }, "geometry": { "type": "Point", "coordinates": [ 242294.490055821428541, 887631.316464355913922 ] } },
{ "type": "Feature", "properties": { "category": "personal_service" }, "geometry": { "type": "Point", "coordinates": [ 236253.552422949345782, 900805.089612004463561 ] } },
{ "type": "Feature", "properties": { "category": "personal_service" }, "geometry": { "type": "Point", "coordinates": [ 246907.283883758267621, 913705.503038484719582 ] } },
{ "type": "Feature", "properties": { "category": "personal_service" }, "geometry": { "type": "Point", "coordinates": [ 231469.65132588884444, 905181.515180713147856 ] } },
{ "type": "Feature", "properties": { "category": "personal_service" }, "geometry": { "type": "Point", "coordinates": [ 233559.663835212180857, 908059.370862567098811 ] } },
{ "type": "Feature", "properties": { "category": "personal_service" }, "geometry": { "type": "Point", "coordinates": [ 239760.796577199595049, 915371.787870042957366 ] } },
{ "type": "Feature", "properties": { "category": "personal_service" }, "geometry": { "type": "Point", "coordinates": [ 241135.420212345168693, 888401.869219315238297 ] } },
{ "type": "Feature", "properties": { "category": "personal_service" }, "geometry": { "type": "Point", "coordinates": [ 242757.387534328212496, 888444.412901049130596 ] } },
{ "type": "Feature", "properties": { "category": "personal_service" }, "geometry": { "type": "Point", "coordinates": [ 238182.544740785553586, 902935.796476424788125 ] } },
{ "type": "Feature", "properties": { "category": "personal_service" }, "geometry": { "type": "Point", "coordinates": [ 236659.937804127752315, 901850.667760284850374 ] } },
{ "type": "Feature", "properties": { "category": "personal_service" }, "geometry": { "type": "Point", "coordinates": [ 221205.746209674078273, 903444.971403154311702 ] } },
{ "type": "Feature", "properties": { "category": "personal_service" }, "geometry": { "type": "Point", "coordinates": [ 221952.655260412837379, 902082.898709544213489 ] } },
{ "type": "Feature", "properties": { "category": "personal_service" }, "geometry": { "type": "Point", "coordinates": [ 239759.43733819204499, 904051.22538790514227 ] } },
{ "type": "Feature", "properties": { "category": "personal_service" }, "geometry": { "type": "Point", "coordinates": [ 231797.994403307675384, 899412.816306738415733 ] } },
{ "type": "Feature", "properties": { "category": "personal_service" }, "geometry": { "type": "Point", "coordinates": [ 232178.386160019290401, 904567.573191658826545 ] } },
{ "type": "Feature", "properties": { "category": "personal_service" }, "geometry": { "type": "Point", "coordinates": [ 233079.793700883485144, 896808.303904564119875 ] } },
{ "type": "Feature", "properties": { "category": "personal_service" }, "geometry": { "type": "Point", "coordinates": [ 225511.715408232586924, 898360.168691281462088 ] } },
{ "type": "Feature", "properties": { "category": "personal_service" }, "geometry": { "type": "Point", "coordinates": [ 244321.792398678109748, 912981.763451225589961 ] } },
{ "type": "Feature", "properties": { "category": "personal_service" }, "geometry": { "type": "Point", "coordinates": [ 239607.257431841222569, 903745.008977439953014 ] } },
{ "type": "Feature", "properties": { "category": "personal_service" }, "geometry": { "type": "Point", "coordinates": [ 233968.537660792731913, 903649.495589814381674 ] } },
{ "type": "Feature", "properties": { "category": "personal_service" }, "geometry": { "type": "Point", "coordinates": [ 236067.66827977221692, 903232.640751244500279 ] } },
{ "type": "Feature", "properties": { "category": "personal_service" }, "geometry": { "type": "Point", "coordinates": [ 240353.805924279004103, 912571.029076476930641 ] } },
{ "type": "Feature", "properties": { "category": "personal_service" }, "geometry": { "type": "Point", "coordinates": [ 235738.165952616283903, 906192.767695077578537 ] } },
{ "type": "Feature", "properties": { "category": "personal_service" }, "geometry": { "type": "Point", "coordinates": [ 236901.700946557044517, 900831.12342675589025 ] } },
{ "type": "Feature", "properties": { "category": "personal_service" }, "geometry": { "type": "Point", "coordinates": [ 234735.866328169649933, 903070.418753505218774 ] } },
{ "type": "Feature", "properties": { "category": "personal_service" }, "geometry": { "type": "Point", "coordinates": [ 223237.828947827772936, 901715.255396968917921 ] } },
{ "type": "Feature", "properties": { "category": "personal_service" }, "geometry": { "type": "Point", "coordinates": [ 221701.208679854345974, 892141.331266547320411 ] } },
{ "type": "Feature", "properties": { "category": "personal_service" }, "geometry": { "type": "Point", "coordinates": [ 236631.926294328586664, 910388.309094353811815 ] } },
{ "type": "Feature", "properties": { "category": "personal_service" }, "geometry": { "type": "Point", "coordinates": [ 236596.144541261775885, 899073.382100245566107 ] } },
{ "type": "Feature", "properties": { "category": "personal_service" }, "geometry": { "type": "Point", "coordinates": [ 232555.53926112697809, 901770.023966037551872 ] } },
{ "type": "Feature", "properties": { "category": "personal_service" }, "geometry": { "type": "Point", "coordinates": [ 236599.189931606902974, 901557.770541352685541 ] } },
{ "type": "Feature", "properties": { "category": "personal_service" }, "geometry": { "type": "Point", "coordinates": [ 236337.701759996503824, 901069.223928401712328 ] } },
{ "type": "Feature", "properties": { "category": "personal_service" }, "geometry": { "type": "Point", "coordinates": [ 235877.939556239754893, 899582.747723571374081 ] } },
{ "type": "Feature", "properties": { "category": "personal_service" }, "geometry": { "type": "Point", "coordinates": [ 243044.946549561893335, 887981.755947266006842 ] } },
{ "type": "Feature", "properties": { "category": "personal_service" }, "geometry": { "type": "Point", "coordinates": [ 230463.632598266616696, 888781.78931811125949 ] } },
{ "type": "Feature", "properties": { "category": "personal_service" }, "geometry": { "type": "Point", "coordinates": [ 235418.700053952925373, 912807.638196032145061 ] } },
{ "type": "Feature", "properties": { "category": "personal_service" }, "geometry": { "type": "Point", "coordinates": [ 236319.343180314986967, 898930.433231774833985 ] } },
{ "type": "Feature", "properties": { "category": "personal_service" }, "geometry": { "type": "Point", "coordinates": [ 224131.330018345586723, 901834.010222486453131 ] } },
{ "type": "Feature", "properties": { "category": "personal_service" }, "geometry": { "type": "Point", "coordinates": [ 235785.927199118479621, 902990.270177465165034 ] } },
{ "type": "Feature", "properties": { "category": "personal_service" }, "geometry": { "type": "Point", "coordinates": [ 219409.873837948107393, 904166.561487095896155 ] } },
{ "type": "Feature", "properties": { "category": "personal_service" }, "geometry": { "type": "Point", "coordinates": [ 222725.856737358641112, 899838.263023493578658 ] } },
{ "type": "Feature", "properties": { "category": "personal_service" }, "geometry": { "type": "Point", "coordinates": [ 231938.141852272528922, 907639.034585505491123 ] } },
{ "type": "Feature", "properties": { "category": "personal_service" }, "geometry": { "type": "Point", "coordinates": [ 230604.488596298091579, 892825.554437182843685 ] } },
{ "type": "Feature", "properties": { "category": "personal_service" }, "geometry": { "type": "Point", "coordinates": [ 235263.105196866905317, 900332.855211716843769 ] } },
{ "type": "Feature", "properties": { "category": "personal_service" }, "geometry": { "type": "Point", "coordinates": [ 239848.041015145310666, 912271.662093564169481 ] } },
{ "type": "Feature", "properties": { "category": "personal_service" }, "geometry": { "type": "Point", "coordinates": [ 231895.33093884048867, 902656.73187491344288 ] } },
{ "type": "Feature", "properties": { "category": "personal_service" }, "geometry": { "type": "Point", "coordinates": [ 225732.426646888576215, 898694.759415143285878 ] } },
{ "type": "Feature", "properties": { "category": "personal_service" }, "geometry": { "type": "Point", "coordinates": [ 236087.315128537273267, 900593.629775317152962 ] } },
{ "type": "Feature", "properties": { "category": "personal_service" }, "geometry": { "type": "Point", "coordinates": [ 240115.689713734609541, 906627.741561310831457 ] } },
{ "type": "Feature", "properties": { "category": "personal_service" }, "geometry": { "type": "Point", "coordinates": [ 233500.28331687982427, 893535.308029323467053 ] } },
{ "type": "Feature", "properties": { "category": "personal_service" }, "geometry": { "type": "Point", "coordinates": [ 234083.066133744898252, 893898.884123019175604 ] } },
{ "type": "Feature", "properties": { "category": "personal_service" }, "geometry": { "type": "Point", "coordinates": [ 231054.30197020174819, 889577.448644835501909 ] } },
{ "type": "Feature", "properties": { "category": "personal_service" }, "geometry": { "type": "Point", "coordinates": [ 243640.277907348121516, 902490.82956148381345 ] } },
{ "type": "Feature", "properties": { "category": "personal_service" }, "geometry": { "type": "Point", "coordinates": [ 235161.466613273369148, 898762.038973895134404 ] } },
{ "type": "Feature", "properties": { "category": "personal_service" }, "geometry": { "type": "Point", "coordinates": [ 227827.716865130787482, 900678.252588919596747 ] } },
{ "type": "Feature", "properties": { "category": "personal_service" }, "geometry": { "type": "Point", "coordinates": [ 231070.685200949083082, 902496.638112690881826 ] } },
{ "type": "Feature", "properties": { "category": "personal_service" }, "geometry": { "type": "Point", "coordinates": [ 230174.614948076894507, 905512.955261867144145 ] } },
{ "type": "Feature", "properties": { "category": "personal_service" }, "geometry": { "type": "Point", "coordinates": [ 224617.445681725803297, 903796.220546518801711 ] } },
{ "type": "Feature", "properties": { "category": "personal_service" }, "geometry": { "type": "Point", "coordinates": [ 238287.070728167076595, 906211.313460683682933 ] } },
{ "type": "Feature", "properties": { "category": "personal_service" }, "geometry": { "type": "Point", "coordinates": [ 232939.82549803215079, 895963.684026978444308 ] } },
{ "type": "Feature", "properties": { "category": "personal_service" }, "geometry": { "type": "Point", "coordinates": [ 232015.465677301370306, 902193.86002774105873 ] } },
{ "type": "Feature", "properties": { "category": "personal_service" }, "geometry": { "type": "Point", "coordinates": [ 232983.726234180328902, 899450.493430143920705 ] } },
{ "type": "Feature", "properties": { "category": "personal_service" }, "geometry": { "type": "Point", "coordinates": [ 240616.439922247984214, 912397.369502221816219 ] } },
{ "type": "Feature", "properties": { "category": "personal_service" }, "geometry": { "type": "Point", "coordinates": [ 227970.851405048539164, 901539.561578305088915 ] } },
{ "type": "Feature", "properties": { "category": "personal_service" }, "geometry": { "type": "Point", "coordinates": [ 234735.866328169649933, 903070.418753505218774 ] } },
{ "type": "Feature", "properties": { "category": "personal_service" }, "geometry": { "type": "Point", "coordinates": [ 242167.673195784038398, 888891.04735956620425 ] } },
{ "type": "Feature", "properties": { "category": "personal_service" }, "geometry": { "type": "Point", "coordinates": [ 228694.254364068590803, 902652.702438781154342 ] } },
{ "type": "Feature", "properties": { "category": "personal_service" }, "geometry": { "type": "Point", "coordinates": [ 222665.535511937225237, 899943.036064180312678 ] } },
{ "type": "Feature", "properties": { "category": "personal_service" }, "geometry": { "type": "Point", "coordinates": [ 236887.865275896008825, 906616.372553541208617 ] } },
{ "type": "Feature", "properties": { "category": "personal_service" }, "geometry": { "type": "Point", "coordinates": [ 233955.986127580457833, 904933.949988349922933 ] } },
{ "type": "Feature", "properties": { "category": "personal_service" }, "geometry": { "type": "Point", "coordinates": [ 246351.607406125054695, 914740.53979542304296 ] } },
{ "type": "Feature", "properties": { "category": "personal_service" }, "geometry": { "type": "Point", "coordinates": [ 245323.628055916458834, 912492.962105941609479 ] } },
{ "type": "Feature", "properties": { "category": "personal_service" }, "geometry": { "type": "Point", "coordinates": [ 232774.209310755744809, 901741.160590409999713 ] } },
{ "type": "Feature", "properties": { "category": "personal_service" }, "geometry": { "type": "Point", "coordinates": [ 234435.432458415423753, 901522.839819094748236 ] } },
{ "type": "Feature", "properties": { "category": "personal_service" }, "geometry": { "type": "Point", "coordinates": [ 236721.176865539076971, 901638.827782456181012 ] } },
{ "type": "Feature", "properties": { "category": "personal_service" }, "geometry": { "type": "Point", "coordinates": [ 243215.195566614333075, 903480.250856919563375 ] } },
{ "type": "Feature", "properties": { "category": "personal_service" }, "geometry": { "type": "Point", "coordinates": [ 236599.404072604840621, 901564.103123818989843 ] } },
{ "type": "Feature", "properties": { "category": "personal_service" }, "geometry": { "type": "Point", "coordinates": [ 236049.881901871238369, 900149.680795091670007 ] } },
{ "type": "Feature", "properties": { "category": "personal_service" }, "geometry": { "type": "Point", "coordinates": [ 236098.879031985416077, 903088.843090189038776 ] } },
{ "type": "Feature", "properties": { "category": "personal_service" }, "geometry": { "type": "Point", "coordinates": [ 236268.210287274356233, 894591.712201460031793 ] } },
{ "type": "Feature", "properties": { "category": "personal_service" }, "geometry": { "type": "Point", "coordinates": [ 231911.354636630567256, 902537.950920274830423 ] } },
{ "type": "Feature", "properties": { "category": "personal_service" }, "geometry": { "type": "Point", "coordinates": [ 226398.2853527055413, 901612.120227399864234 ] } },
{ "type": "Feature", "properties": { "category": "personal_service" }, "geometry": { "type": "Point", "coordinates": [ 236489.613814160897164, 901338.82060875708703 ] } },
{ "type": "Feature", "properties": { "category": "personal_service" }, "geometry": { "type": "Point", "coordinates": [ 235349.833561893145088, 897553.016366805648431 ] } },
{ "type": "Feature", "properties": { "category": "personal_service" }, "geometry": { "type": "Point", "coordinates": [ 235382.518636694789166, 900997.702303531346843 ] } },
{ "type": "Feature", "properties": { "category": "personal_service" }, "geometry": { "type": "Point", "coordinates": [ 230246.981538620078936, 900578.282665756298229 ] } },
{ "type": "Feature", "properties": { "category": "personal_service" }, "geometry": { "type": "Point", "coordinates": [ 226986.79455504679936, 902162.413699570926838 ] } },
{ "type": "Feature", "properties": { "category": "personal_service" }, "geometry": { "type": "Point", "coordinates": [ 224127.608527615317143, 899990.890415283036418 ] } },
{ "type": "Feature", "properties": { "category": "personal_service" }, "geometry": { "type": "Point", "coordinates": [ 245205.664454921847209, 912751.132655166089535 ] } },
{ "type": "Feature", "properties": { "category": "personal_service" }, "geometry": { "type": "Point", "coordinates": [ 235239.677417453029193, 898925.381575193023309 ] } },
{ "type": "Feature", "properties": { "category": "personal_service" }, "geometry": { "type": "Point", "coordinates": [ 236227.582815411122283, 900233.347745157312602 ] } },
{ "type": "Feature", "properties": { "category": "personal_service" }, "geometry": { "type": "Point", "coordinates": [ 238771.059529035963351, 891357.180870913201943 ] } },
{ "type": "Feature", "properties": { "category": "personal_service" }, "geometry": { "type": "Point", "coordinates": [ 238413.834977227001218, 909867.871996795525774 ] } },
{ "type": "Feature", "properties": { "category": "personal_service" }, "geometry": { "type": "Point", "coordinates": [ 240406.542344358545961, 887173.813871047692373 ] } },
{ "type": "Feature", "properties": { "category": "personal_service" }, "geometry": { "type": "Point", "coordinates": [ 234003.78944026408135, 903291.104436568915844 ] } },
{ "type": "Feature", "properties": { "category": "personal_service" }, "geometry": { "type": "Point", "coordinates": [ 246182.979096247174311, 913552.624002079013735 ] } },
{ "type": "Feature", "properties": { "category": "personal_service" }, "geometry": { "type": "Point", "coordinates": [ 239850.139415522804484, 916923.669303199276328 ] } },
{ "type": "Feature", "properties": { "category": "personal_service" }, "geometry": { "type": "Point", "coordinates": [ 236750.845269854238722, 900659.71671334002167 ] } },
{ "type": "Feature", "properties": { "category": "personal_service" }, "geometry": { "type": "Point", "coordinates": [ 234758.827151937526651, 904005.814757373416796 ] } },
{ "type": "Feature", "properties": { "category": "personal_service" }, "geometry": { "type": "Point", "coordinates": [ 237639.818218238477129, 892987.416977305430919 ] } },
{ "type": "Feature", "properties": { "category": "personal_service" }, "geometry": { "type": "Point", "coordinates": [ 224257.046295065025333, 896767.330862253089435 ] } },
{ "type": "Feature", "properties": { "category": "personal_service" }, "geometry": { "type": "Point", "coordinates": [ 235686.224653123994358, 905317.310000725905411 ] } },
{ "type": "Feature", "properties": { "category": "personal_service" }, "geometry": { "type": "Point", "coordinates": [ 221541.80145778413862, 903399.230206959182397 ] } },
{ "type": "Feature", "properties": { "category": "personal_service" }, "geometry": { "type": "Point", "coordinates": [ 236233.783971853583353, 900820.316436974331737 ] } },
{ "type": "Feature", "properties": { "category": "personal_service" }, "geometry": { "type": "Point", "coordinates": [ 231156.313202384888427, 900311.448097465792671 ] } },
{ "type": "Feature", "properties": { "category": "personal_service" }, "geometry": { "type": "Point", "coordinates": [ 235839.097896728577325, 908319.901740051689558 ] } },
{ "type": "Feature", "properties": { "category": "personal_service" }, "geometry": { "type": "Point", "coordinates": [ 233793.359199788013939, 902540.420432846527547 ] } },
{ "type": "Feature", "properties": { "category": "personal_service" }, "geometry": { "type": "Point", "coordinates": [ 242353.394540398177924, 887924.244854284799658 ] } },
{ "type": "Feature", "properties": { "category": "personal_service" }, "geometry": { "type": "Point", "coordinates": [ 230437.244238954241155, 900019.272944345604628 ] } },
{ "type": "Feature", "properties": { "category": "personal_service" }, "geometry": { "type": "Point", "coordinates": [ 226839.932977315183962, 891062.853450896916911 ] } },
{ "type": "Feature", "properties": { "category": "personal_service" }, "geometry": { "type": "Point", "coordinates": [ 240309.718425936531276, 911082.621568583650514 ] } },
{ "type": "Feature", "properties": { "category": "personal_service" }, "geometry": { "type": "Point", "coordinates": [ 235681.061349563766271, 898825.194729586713947 ] } },
{ "type": "Feature", "properties": { "category": "personal_service" }, "geometry": { "type": "Point", "coordinates": [ 243662.347638057894073, 913288.990061049815267 ] } },
{ "type": "Feature", "properties": { "category": "personal_service" }, "geometry": { "type": "Point", "coordinates": [ 237942.809740828524809, 909179.277239718823694 ] } },
{ "type": "Feature", "properties": { "category": "personal_service" }, "geometry": { "type": "Point", "coordinates": [ 239376.491422156104818, 910162.01693031436298 ] } },
{ "type": "Feature", "properties": { "category": "personal_service" }, "geometry": { "type": "Point", "coordinates": [ 223823.18383565597469, 894098.908174269832671 ] } },
{ "type": "Feature", "properties": { "category": "personal_service" }, "geometry": { "type": "Point", "coordinates": [ 245234.297554111341015, 912315.654459651559591 ] } },
{ "type": "Feature", "properties": { "category": "personal_service" }, "geometry": { "type": "Point", "coordinates": [ 237364.0540137377684, 909309.24642213829793 ] } },
{ "type": "Feature", "properties": { "category": "personal_service" }, "geometry": { "type": "Point", "coordinates": [ 234454.679889821534744, 899024.791917951428331 ] } },
{ "type": "Feature", "properties": { "category": "personal_service" }, "geometry": { "type": "Point", "coordinates": [ 229053.156769932509633, 888112.26358933316078 ] } },
{ "type": "Feature", "properties": { "category": "personal_service" }, "geometry": { "type": "Point", "coordinates": [ 225863.506501838885015, 901457.066360580036417 ] } },
{ "type": "Feature", "properties": { "category": "personal_service" }, "geometry": { "type": "Point", "coordinates": [ 221060.89571734063793, 903497.519718157942407 ] } },
{ "type": "Feature", "properties": { "category": "personal_service" }, "geometry": { "type": "Point", "coordinates": [ 231423.18264889070997, 889384.703867563745007 ] } },
{ "type": "Feature", "properties": { "category": "personal_service" }, "geometry": { "type": "Point", "coordinates": [ 231022.244089539366541, 899252.174803400528617 ] } },
{ "type": "Feature", "properties": { "category": "personal_service" }, "geometry": { "type": "Point", "coordinates": [ 235082.867524574976414, 899633.273129236651585 ] } },
{ "type": "Feature", "properties": { "category": "personal_service" }, "geometry": { "type": "Point", "coordinates": [ 233980.055375461059157, 894003.686278357519768 ] } },
{ "type": "Feature", "properties": { "category": "personal_service" }, "geometry": { "type": "Point", "coordinates": [ 233053.493596298270859, 896107.839841305976734 ] } },
{ "type": "Feature", "properties": { "category": "personal_service" }, "geometry": { "type": "Point", "coordinates": [ 230340.855065419978928, 888279.421245159581304 ] } },
{ "type": "Feature", "properties": { "category": "personal_service" }, "geometry": { "type": "Point", "coordinates": [ 234944.452633968030568, 902015.985757435439155 ] } },
{ "type": "Feature", "properties": { "category": "personal_service" }, "geometry": { "type": "Point", "coordinates": [ 223646.589937721757451, 894577.604982274002396 ] } },
{ "type": "Feature", "properties": { "category": "personal_service" }, "geometry": { "type": "Point", "coordinates": [ 221856.301554631325416, 902951.003201600862667 ] } },
{ "type": "Feature", "properties": { "category": "personal_service" }, "geometry": { "type": "Point", "coordinates": [ 239985.686131372611271, 890885.461065215291455 ] } },
{ "type": "Feature", "properties": { "category": "personal_service" }, "geometry": { "type": "Point", "coordinates": [ 237507.381592497898964, 908310.733923238818534 ] } },
{ "type": "Feature", "properties": { "category": "personal_service" }, "geometry": { "type": "Point", "coordinates": [ 221689.639194759802194, 892442.643252397072501 ] } },
{ "type": "Feature", "properties": { "category": "personal_service" }, "geometry": { "type": "Point", "coordinates": [ 230992.121228939708089, 904603.115125133888796 ] } },
{ "type": "Feature", "properties": { "category": "personal_service" }, "geometry": { "type": "Point", "coordinates": [ 237439.695462420175318, 898367.260111078503542 ] } },
{ "type": "Feature", "properties": { "category": "personal_service" }, "geometry": { "type": "Point", "coordinates": [ 232638.056716806604527, 896983.407329906243831 ] } },
{ "type": "Feature", "properties": { "category": "personal_service" }, "geometry": { "type": "Point", "coordinates": [ 238122.98834580212133, 912394.817680307896808 ] } },
{ "type": "Feature", "properties": { "category": "personal_service" }, "geometry": { "type": "Point", "coordinates": [ 231452.34287292836234, 892238.702615707647055 ] } },
{ "type": "Feature", "properties": { "category": "personal_service" }, "geometry": { "type": "Point", "coordinates": [ 229539.144708585867193, 906074.422738845576532 ] } },
{ "type": "Feature", "properties": { "category": "personal_service" }, "geometry": { "type": "Point", "coordinates": [ 233432.922453900420805, 908111.306752664037049 ] } },
{ "type": "Feature", "properties": { "category": "personal_service" }, "geometry": { "type": "Point", "coordinates": [ 235704.463939476147061, 900204.122823690762743 ] } },
{ "type": "Feature", "properties": { "category": "personal_service" }, "geometry": { "type": "Point", "coordinates": [ 245133.565792298817541, 891075.991589039564133 ] } },
{ "type": "Feature", "properties": { "category": "personal_service" }, "geometry": { "type": "Point", "coordinates": [ 245949.162513944727834, 913128.532208478543907 ] } },
{ "type": "Feature", "properties": { "category": "personal_service" }, "geometry": { "type": "Point", "coordinates": [ 247081.242047976527829, 913063.724823443917558 ] } },
{ "type": "Feature", "properties": { "category": "personal_service" }, "geometry": { "type": "Point", "coordinates": [ 243011.327780849882402, 890200.855766457738355 ] } },
{ "type": "Feature", "properties": { "category": "personal_service" }, "geometry": { "type": "Point", "coordinates": [ 240216.267416780930944, 906974.997292243526317 ] } },
{ "type": "Feature", "properties": { "category": "personal_service" }, "geometry": { "type": "Point", "coordinates": [ 233305.072381972480798, 903276.982221306767315 ] } },
{ "type": "Feature", "properties": { "category": "personal_service" }, "geometry": { "type": "Point", "coordinates": [ 243204.461491740628844, 903444.639422229025513 ] } },
{ "type": "Feature", "properties": { "category": "personal_service" }, "geometry": { "type": "Point", "coordinates": [ 234399.384147562552243, 899715.424424112192355 ] } },
{ "type": "Feature", "properties": { "category": "personal_service" }, "geometry": { "type": "Point", "coordinates": [ 232771.291640139039373, 906178.51584633870516 ] } },
{ "type": "Feature", "properties": { "category": "personal_service" }, "geometry": { "type": "Point", "coordinates": [ 220892.676952549227281, 899693.727988866739906 ] } },
{ "type": "Feature", "properties": { "category": "personal_service" }, "geometry": { "type": "Point", "coordinates": [ 233928.186892759084003, 903563.992183695314452 ] } },
{ "type": "Feature", "properties": { "category": "personal_service" }, "geometry": { "type": "Point", "coordinates": [ 223885.352311680617277, 892425.318634690484032 ] } },
{ "type": "Feature", "properties": { "category": "personal_service" }, "geometry": { "type": "Point", "coordinates": [ 236315.684771176544018, 900611.023672737530433 ] } },
{ "type": "Feature", "properties": { "category": "personal_service" }, "geometry": { "type": "Point", "coordinates": [ 227434.389469295041636, 907808.712738267611712 ] } },
{ "type": "Feature", "properties": { "category": "personal_service" }, "geometry": { "type": "Point", "coordinates": [ 235161.466613273369148, 898762.038973895134404 ] } },
{ "type": "Feature", "properties": { "category": "personal_service" }, "geometry": { "type": "Point", "coordinates": [ 236602.63940487234504, 900848.109325961209834 ] } },
{ "type": "Feature", "properties": { "category": "personal_service" }, "geometry": { "type": "Point", "coordinates": [ 234559.212827210867545, 903571.733832108788192 ] } },
{ "type": "Feature", "properties": { "category": "personal_service" }, "geometry": { "type": "Point", "coordinates": [ 232181.878318823408335, 907182.722760713542812 ] } },
{ "type": "Feature", "properties": { "category": "personal_service" }, "geometry": { "type": "Point", "coordinates": [ 245349.718843718903372, 914220.122739725047722 ] } },
{ "type": "Feature", "properties": { "category": "personal_service" }, "geometry": { "type": "Point", "coordinates": [ 237080.259503318317002, 893683.117391077801585 ] } },
{ "type": "Feature", "properties": { "category": "personal_service" }, "geometry": { "type": "Point", "coordinates": [ 241934.537033080850961, 912333.921514134621248 ] } },
{ "type": "Feature", "properties": { "category": "personal_service" }, "geometry": { "type": "Point", "coordinates": [ 234642.007311780704185, 903298.332826210884377 ] } },
{ "type": "Feature", "properties": { "category": "personal_service" }, "geometry": { "type": "Point", "coordinates": [ 232687.690747794345953, 905498.433416481711902 ] } },
{ "type": "Feature", "properties": { "category": "personal_service" }, "geometry": { "type": "Point", "coordinates": [ 236549.866708534420468, 896879.35917156515643 ] } },
{ "type": "Feature", "properties": { "category": "personal_service" }, "geometry": { "type": "Point", "coordinates": [ 236407.38725536383572, 901706.952013799571432 ] } },
{ "type": "Feature", "properties": { "category": "personal_service" }, "geometry": { "type": "Point", "coordinates": [ 244649.410081314563286, 913801.737516325199977 ] } },
{ "type": "Feature", "properties": { "category": "personal_service" }, "geometry": { "type": "Point", "coordinates": [ 221681.139764680701774, 902279.32928154245019 ] } },
{ "type": "Feature", "properties": { "category": "personal_service" }, "geometry": { "type": "Point", "coordinates": [ 222963.715630891907495, 892699.27240267698653 ] } },
{ "type": "Feature", "properties": { "category": "personal_service" }, "geometry": { "type": "Point", "coordinates": [ 226751.933859463635599, 903446.35421480354853 ] } },
{ "type": "Feature", "properties": { "category": "personal_service" }, "geometry": { "type": "Point", "coordinates": [ 238150.502548618242145, 898429.61995706113521 ] } },
{ "type": "Feature", "properties": { "category": "personal_service" }, "geometry": { "type": "Point", "coordinates": [ 240839.498803067777772, 907533.995257071917877 ] } },
{ "type": "Feature", "properties": { "category": "personal_service" }, "geometry": { "type": "Point", "coordinates": [ 237710.960263627639506, 909004.409265149268322 ] } },
{ "type": "Feature", "properties": { "category": "personal_service" }, "geometry": { "type": "Point", "coordinates": [ 231050.590875879715895, 906891.154797368799336 ] } },
{ "type": "Feature", "properties": { "category": "personal_service" }, "geometry": { "type": "Point", "coordinates": [ 242248.640123888966627, 889191.883082662359811 ] } },
{ "type": "Feature", "properties": { "category": "personal_service" }, "geometry": { "type": "Point", "coordinates": [ 229172.159189122670796, 904586.433377980953082 ] } },
{ "type": "Feature", "properties": { "category": "personal_service" }, "geometry": { "type": "Point", "coordinates": [ 236306.160065531206783, 892830.454277404467575 ] } },
{ "type": "Feature", "properties": { "category": "personal_service" }, "geometry": { "type": "Point", "coordinates": [ 235839.097896728577325, 908319.901740051689558 ] } },
{ "type": "Feature", "properties": { "category": "personal_service" }, "geometry": { "type": "Point", "coordinates": [ 234722.081830670766067, 894936.244567512418143 ] } },
{ "type": "Feature", "properties": { "category": "personal_service" }, "geometry": { "type": "Point", "coordinates": [ 236206.210986577410949, 900079.727774584433064 ] } },
{ "type": "Feature", "properties": { "category": "personal_service" }, "geometry": { "type": "Point", "coordinates": [ 243876.653589020017534, 912409.560246060253121 ] } },
{ "type": "Feature", "properties": { "category": "personal_service" }, "geometry": { "type": "Point", "coordinates": [ 231897.533896990935318, 905598.658566871541552 ] } },
{ "type": "Feature", "properties": { "category": "personal_service" }, "geometry": { "type": "Point", "coordinates": [ 222767.155466701253317, 895047.553694597445428 ] } },
{ "type": "Feature", "properties": { "category": "personal_service" }, "geometry": { "type": "Point", "coordinates": [ 237844.714742805343121, 889930.584662886103615 ] } },
{ "type": "Feature", "properties": { "category": "personal_service" }, "geometry": { "type": "Point", "coordinates": [ 235999.857703008805402, 908184.76259551581461 ] } },
{ "type": "Feature", "properties": { "category": "personal_service" }, "geometry": { "type": "Point", "coordinates": [ 234154.84442557557486, 901475.150660910294391 ] } },
{ "type": "Feature", "properties": { "category": "personal_service" }, "geometry": { "type": "Point", "coordinates": [ 234992.919751090899808, 897176.900179639691487 ] } },
{ "type": "Feature", "properties": { "category": "personal_service" }, "geometry": { "type": "Point", "coordinates": [ 233065.411287820432335, 896904.317914324230514 ] } },
{ "type": "Feature", "properties": { "category": "personal_service" }, "geometry": { "type": "Point", "coordinates": [ 234954.567935377184767, 908602.360564097762108 ] } },
{ "type": "Feature", "properties": { "category": "personal_service" }, "geometry": { "type": "Point", "coordinates": [ 238480.211435097153299, 906148.609595742309466 ] } },
{ "type": "Feature", "properties": { "category": "personal_service" }, "geometry": { "type": "Point", "coordinates": [ 235669.960775552841369, 896464.965060258400626 ] } },
{ "type": "Feature", "properties": { "category": "personal_service" }, "geometry": { "type": "Point", "coordinates": [ 236464.135645067901351, 901581.394502178300172 ] } },
{ "type": "Feature", "properties": { "category": "personal_service" }, "geometry": { "type": "Point", "coordinates": [ 229722.43823112823884, 888458.501868152408861 ] } },
{ "type": "Feature", "properties": { "category": "personal_service" }, "geometry": { "type": "Point", "coordinates": [ 222637.057733413588721, 899933.61380138900131 ] } },
{ "type": "Feature", "properties": { "category": "personal_service" }, "geometry": { "type": "Point", "coordinates": [ 236357.311860954738222, 900957.136359634692781 ] } },
{ "type": "Feature", "properties": { "category": "personal_service" }, "geometry": { "type": "Point", "coordinates": [ 231416.456151500344276, 902918.940242286305875 ] } },
{ "type": "Feature", "properties": { "category": "personal_service" }, "geometry": { "type": "Point", "coordinates": [ 235103.397602065233514, 899894.630743951536715 ] } },
{ "type": "Feature", "properties": { "category": "personal_service" }, "geometry": { "type": "Point", "coordinates": [ 237289.882551870949101, 906387.117463841103017 ] } },
{ "type": "Feature", "properties": { "category": "personal_service" }, "geometry": { "type": "Point", "coordinates": [ 238633.20127584511647, 888412.461696379818022 ] } },
{ "type": "Feature", "properties": { "category": "personal_service" }, "geometry": { "type": "Point", "coordinates": [ 228565.076122627098812, 899864.791664131218567 ] } },
{ "type": "Feature", "properties": { "category": "personal_service" }, "geometry": { "type": "Point", "coordinates": [ 231812.573959044821095, 892507.682329093920998 ] } },
{ "type": "Feature", "properties": { "category": "personal_service" }, "geometry": { "type": "Point", "coordinates": [ 235014.696243006677832, 908360.506148854270577 ] } },
{ "type": "Feature", "properties": { "category": "personal_service" }, "geometry": { "type": "Point", "coordinates": [ 237458.906463750230614, 900174.600401132018305 ] } },
{ "type": "Feature", "properties": { "category": "personal_service" }, "geometry": { "type": "Point", "coordinates": [ 240687.328059810504783, 887793.567889406578615 ] } },
{ "type": "Feature", "properties": { "category": "personal_service" }, "geometry": { "type": "Point", "coordinates": [ 231059.252816421038006, 889577.470491186250001 ] } },
{ "type": "Feature", "properties": { "category": "personal_service" }, "geometry": { "type": "Point", "coordinates": [ 237542.700467695627594, 899757.949318201979622 ] } },
{ "type": "Feature", "properties": { "category": "personal_service" }, "geometry": { "type": "Point", "coordinates": [ 236887.865275896008825, 906616.372553541208617 ] } },
{ "type": "Feature", "properties": { "category": "personal_service" }, "geometry": { "type": "Point", "coordinates": [ 233302.39830138348043, 902607.610945980180986 ] } },
{ "type": "Feature", "properties": { "category": "personal_service" }, "geometry": { "type": "Point", "coordinates": [ 231321.626158296247013, 903942.437439104076475 ] } },
{ "type": "Feature", "properties": { "category": "personal_service" }, "geometry": { "type": "Point", "coordinates": [ 235932.770904641947709, 900445.881519271293655 ] } },
{ "type": "Feature", "properties": { "category": "personal_service" }, "geometry": { "type": "Point", "coordinates": [ 243312.940424853295553, 888518.342748317518272 ] } },
{ "type": "Feature", "properties": { "category": "personal_service" }, "geometry": { "type": "Point", "coordinates": [ 232356.654456376651069, 901956.827232674928382 ] } },
{ "type": "Feature", "properties": { "category": "personal_service" }, "geometry": { "type": "Point", "coordinates": [ 234477.692891901097028, 899037.123306188965216 ] } },
{ "type": "Feature", "properties": { "category": "personal_service" }, "geometry": { "type": "Point", "coordinates": [ 235188.023322185210418, 900041.565704625449143 ] } },
{ "type": "Feature", "properties": { "category": "personal_service" }, "geometry": { "type": "Point", "coordinates": [ 235599.725994533975609, 908281.805136393173598 ] } },
{ "type": "Feature", "properties": { "category": "personal_service" }, "geometry": { "type": "Point", "coordinates": [ 234374.656420756684383, 900003.55036310502328 ] } },
{ "type": "Feature", "properties": { "category": "personal_service" }, "geometry": { "type": "Point", "coordinates": [ 236561.567539930460043, 896372.907573441741988 ] } },
{ "type": "Feature", "properties": { "category": "personal_service" }, "geometry": { "type": "Point", "coordinates": [ 234576.523127788241254, 898880.98933071247302 ] } },
{ "type": "Feature", "properties": { "category": "personal_service" }, "geometry": { "type": "Point", "coordinates": [ 219657.09603948701988, 901154.825578946620226 ] } },
{ "type": "Feature", "properties": { "category": "personal_service" }, "geometry": { "type": "Point", "coordinates": [ 219354.622153317206539, 892942.780093942768872 ] } },
{ "type": "Feature", "properties": { "category": "personal_service" }, "geometry": { "type": "Point", "coordinates": [ 228983.601132163632428, 888187.730049327015877 ] } },
{ "type": "Feature", "properties": { "category": "personal_service" }, "geometry": { "type": "Point", "coordinates": [ 231806.202140149194747, 895739.977009848342277 ] } },
{ "type": "Feature", "properties": { "category": "personal_service" }, "geometry": { "type": "Point", "coordinates": [ 227230.876922584779095, 892686.171137520577759 ] } },
{ "type": "Feature", "properties": { "category": "personal_service" }, "geometry": { "type": "Point", "coordinates": [ 234276.165566214360297, 902188.308411096921191 ] } },
{ "type": "Feature", "properties": { "category": "personal_service" }, "geometry": { "type": "Point", "coordinates": [ 238327.555484632990556, 902683.770829091314226 ] } },
{ "type": "Feature", "properties": { "category": "personal_service" }, "geometry": { "type": "Point", "coordinates": [ 234518.316779656073777, 899490.519690320943482 ] } },
{ "type": "Feature", "properties": { "category": "personal_service" }, "geometry": { "type": "Point", "coordinates": [ 237046.840806441265158, 892668.811810193583369 ] } },
{ "type": "Feature", "properties": { "category": "personal_service" }, "geometry": { "type": "Point", "coordinates": [ 228380.086347739881603, 892821.782885108143091 ] } },
{ "type": "Feature", "properties": { "category": "personal_service" }, "geometry": { "type": "Point", "coordinates": [ 236787.474194360082038, 901720.261832811171189 ] } },
{ "type": "Feature", "properties": { "category": "personal_service" }, "geometry": { "type": "Point", "coordinates": [ 244081.029659079911653, 912647.445440645795316 ] } },
{ "type": "Feature", "properties": { "category": "personal_service" }, "geometry": { "type": "Point", "coordinates": [ 246443.958048590749968, 912800.988572456757538 ] } },
{ "type": "Feature", "properties": { "category": "personal_service" }, "geometry": { "type": "Point", "coordinates": [ 235131.534295347577427, 898040.107356144348159 ] } },
{ "type": "Feature", "properties": { "category": "personal_service" }, "geometry": { "type": "Point", "coordinates": [ 223685.851459268975304, 900103.019597221165895 ] } },
{ "type": "Feature", "properties": { "category": "personal_service" }, "geometry": { "type": "Point", "coordinates": [ 234273.23301858609193, 904190.262921233312227 ] } },
{ "type": "Feature", "properties": { "category": "personal_service" }, "geometry": { "type": "Point", "coordinates": [ 228427.905933975096559, 887903.777861810987815 ] } },
{ "type": "Feature", "properties": { "category": "personal_service" }, "geometry": { "type": "Point", "coordinates": [ 245478.372199225792428, 913667.433324075536802 ] } },
{ "type": "Feature", "properties": { "category": "personal_service" }, "geometry": { "type": "Point", "coordinates": [ 224574.291178423300153, 900524.16501962125767 ] } },
{ "type": "Feature", "properties": { "category": "personal_service" }, "geometry": { "type": "Point", "coordinates": [ 221221.605310412531253, 902475.088823520112783 ] } },
{ "type": "Feature", "properties": { "category": "personal_service" }, "geometry": { "type": "Point", "coordinates": [ 230802.655373464745935, 901241.609281813260168 ] } },
{ "type": "Feature", "properties": { "category": "personal_service" }, "geometry": { "type": "Point", "coordinates": [ 234833.363468932249816, 896040.899381032446399 ] } },
{ "type": "Feature", "properties": { "category": "personal_service" }, "geometry": { "type": "Point", "coordinates": [ 229906.787383638555184, 887491.818802038906142 ] } },
{ "type": "Feature", "properties": { "category": "personal_service" }, "geometry": { "type": "Point", "coordinates": [ 242799.286045561195351, 888679.593728619161993 ] } },
{ "type": "Feature", "properties": { "category": "personal_service" }, "geometry": { "type": "Point", "coordinates": [ 225176.266663467860781, 901542.7658426273847 ] } },
{ "type": "Feature", "properties": { "category": "personal_service" }, "geometry": { "type": "Point", "coordinates": [ 228008.930375555850333, 891995.002100886194967 ] } },
{ "type": "Feature", "properties": { "category": "personal_service" }, "geometry": { "type": "Point", "coordinates": [ 236520.124805827421369, 894352.201201078481972 ] } },
{ "type": "Feature", "properties": { "category": "personal_service" }, "geometry": { "type": "Point", "coordinates": [ 234826.997281703224871, 895228.895394895924255 ] } },
{ "type": "Feature", "properties": { "category": "personal_service" }, "geometry": { "type": "Point", "coordinates": [ 235671.555045102431905, 908236.404888946563005 ] } },
{ "type": "Feature", "properties": { "category": "personal_service" }, "geometry": { "type": "Point", "coordinates": [ 235161.466613273369148, 898762.038973895134404 ] } },
{ "type": "Feature", "properties": { "category": "personal_service" }, "geometry": { "type": "Point", "coordinates": [ 226809.155320154328365, 903342.047886966844089 ] } },
{ "type": "Feature", "properties": { "category": "personal_service" }, "geometry": { "type": "Point", "coordinates": [ 221717.059627613110933, 898811.055270951706916 ] } },
{ "type": "Feature", "properties": { "category": "personal_service" }, "geometry": { "type": "Point", "coordinates": [ 243393.686717866919935, 888352.447826102608815 ] } },
{ "type": "Feature", "properties": { "category": "personal_service" }, "geometry": { "type": "Point", "coordinates": [ 236687.387282715702895, 900000.803060506470501 ] } },
{ "type": "Feature", "properties": { "category": "personal_service" }, "geometry": { "type": "Point", "coordinates": [ 235400.727021816477645, 892631.456024295301177 ] } },
{ "type": "Feature", "properties": { "category": "personal_service" }, "geometry": { "type": "Point", "coordinates": [ 230913.268676893669181, 904764.94244235008955 ] } },
{ "type": "Feature", "properties": { "category": "personal_service" }, "geometry": { "type": "Point", "coordinates": [ 225884.826680237223627, 901215.217912771040574 ] } },
{ "type": "Feature", "properties": { "category": "personal_service" }, "geometry": { "type": "Point", "coordinates": [ 229705.602474938670639, 905898.731711761793122 ] } },
{ "type": "Feature", "properties": { "category": "personal_service" }, "geometry": { "type": "Point", "coordinates": [ 235972.125176791363629, 903298.909129758831114 ] } },
{ "type": "Feature", "properties": { "category": "personal_service" }, "geometry": { "type": "Point", "coordinates": [ 236320.283372122474248, 900805.212054508505389 ] } },
{ "type": "Feature", "properties": { "category": "personal_service" }, "geometry": { "type": "Point", "coordinates": [ 238892.779749161476502, 903240.050172791117802 ] } },
{ "type": "Feature", "properties": { "category": "personal_service" }, "geometry": { "type": "Point", "coordinates": [ 235912.055517809727462, 893933.643204738153145 ] } },
{ "type": "Feature", "properties": { "category": "personal_service" }, "geometry": { "type": "Point", "coordinates": [ 234735.108333556941943, 905038.620103860972449 ] } },
{ "type": "Feature", "properties": { "category": "personal_service" }, "geometry": { "type": "Point", "coordinates": [ 244277.974041493784171, 911662.836591323488392 ] } },
{ "type": "Feature", "properties": { "category": "personal_service" }, "geometry": { "type": "Point", "coordinates": [ 240451.286198901187163, 911754.921234918176197 ] } },
{ "type": "Feature", "properties": { "category": "personal_service" }, "geometry": { "type": "Point", "coordinates": [ 228297.181099515437381, 902858.474493463640101 ] } },
{ "type": "Feature", "properties": { "category": "personal_service" }, "geometry": { "type": "Point", "coordinates": [ 235797.233402727375505, 911815.163593475241214 ] } },
{ "type": "Feature", "properties": { "category": "personal_service" }, "geometry": { "type": "Point", "coordinates": [ 240735.338488406676333, 907895.955725005129352 ] } },
{ "type": "Feature", "properties": { "category": "personal_service" }, "geometry": { "type": "Point", "coordinates": [ 234943.614489077677717, 899136.061822823015973 ] } },
{ "type": "Feature", "properties": { "category": "personal_service" }, "geometry": { "type": "Point", "coordinates": [ 236887.865275896008825, 906616.372553541208617 ] } },
{ "type": "Feature", "properties": { "category": "personal_service" }, "geometry": { "type": "Point", "coordinates": [ 238545.057189177605323, 906902.751990458811633 ] } },
{ "type": "Feature", "properties": { "category": "personal_service" }, "geometry": { "type": "Point", "coordinates": [ 234877.675607592740562, 900135.434542119503021 ] } },
{ "type": "Feature", "properties": { "category": "personal_service" }, "geometry": { "type": "Point", "coordinates": [ 227415.556987022835528, 905992.164978382410482 ] } },
{ "type": "Feature", "properties": { "category": "personal_service" }, "geometry": { "type": "Point", "coordinates": [ 236517.838500695710536, 895903.934618944535032 ] } },
{ "type": "Feature", "properties": { "category": "personal_service" }, "geometry": { "type": "Point", "coordinates": [ 231002.164626178942854, 889593.324732872541063 ] } },
{ "type": "Feature", "properties": { "category": "personal_service" }, "geometry": { "type": "Point", "coordinates": [ 236198.271705642633606, 900101.458165604504757 ] } },
{ "type": "Feature", "properties": { "category": "personal_service" }, "geometry": { "type": "Point", "coordinates": [ 235952.240411420294549, 900279.808339557959698 ] } },
{ "type": "Feature", "properties": { "category": "personal_service" }, "geometry": { "type": "Point", "coordinates": [ 237744.00058851914946, 905766.276834015152417 ] } },
{ "type": "Feature", "properties": { "category": "personal_service" }, "geometry": { "type": "Point", "coordinates": [ 234041.065901929367101, 893904.123481396469288 ] } },
{ "type": "Feature", "properties": { "category": "personal_service" }, "geometry": { "type": "Point", "coordinates": [ 224108.752495631517377, 896839.686982116894796 ] } },
{ "type": "Feature", "properties": { "category": "personal_service" }, "geometry": { "type": "Point", "coordinates": [ 234708.258737065014429, 900072.392151060630567 ] } },
{ "type": "Feature", "properties": { "category": "personal_service" }, "geometry": { "type": "Point", "coordinates": [ 235433.368100744875846, 899081.864129762165248 ] } },
{ "type": "Feature", "properties": { "category": "personal_service" }, "geometry": { "type": "Point", "coordinates": [ 246694.126635829568841, 912915.508671255083755 ] } },
{ "type": "Feature", "properties": { "category": "personal_service" }, "geometry": { "type": "Point", "coordinates": [ 237468.926937151438324, 905523.206003051018342 ] } },
{ "type": "Feature", "properties": { "category": "personal_service" }, "geometry": { "type": "Point", "coordinates": [ 231269.188970435177907, 898885.047478264896199 ] } },
{ "type": "Feature", "properties": { "category": "personal_service" }, "geometry": { "type": "Point", "coordinates": [ 222895.338767738780007, 895005.427708542207256 ] } },
{ "type": "Feature", "properties": { "category": "personal_service" }, "geometry": { "type": "Point", "coordinates": [ 237989.402536289620912, 904596.935278865275905 ] } },
{ "type": "Feature", "properties": { "category": "personal_service" }, "geometry": { "type": "Point", "coordinates": [ 235982.485893737612059, 893062.051890632137656 ] } },
{ "type": "Feature", "properties": { "category": "personal_service" }, "geometry": { "type": "Point", "coordinates": [ 224542.879076514393091, 901096.770226894994266 ] } },
{ "type": "Feature", "properties": { "category": "personal_service" }, "geometry": { "type": "Point", "coordinates": [ 235753.180663219885901, 912017.883542510913685 ] } },
{ "type": "Feature", "properties": { "category": "personal_service" }, "geometry": { "type": "Point", "coordinates": [ 235441.933033119305037, 900847.379783876240253 ] } },
{ "type": "Feature", "properties": { "category": "personal_service" }, "geometry": { "type": "Point", "coordinates": [ 234439.908799675118644, 900021.086902959737927 ] } },
{ "type": "Feature", "properties": { "category": "personal_service" }, "geometry": { "type": "Point", "coordinates": [ 233042.557492695224937, 896154.440745586412959 ] } },
{ "type": "Feature", "properties": { "category": "personal_service" }, "geometry": { "type": "Point", "coordinates": [ 236206.210986577410949, 900079.727774584433064 ] } },
{ "type": "Feature", "properties": { "category": "personal_service" }, "geometry": { "type": "Point", "coordinates": [ 230600.575937658752082, 892966.604031843249686 ] } },
{ "type": "Feature", "properties": { "category": "personal_service" }, "geometry": { "type": "Point", "coordinates": [ 235228.111238467070507, 908470.987643154920079 ] } },
{ "type": "Feature", "properties": { "category": "personal_service" }, "geometry": { "type": "Point", "coordinates": [ 227101.154319118271815, 888718.722721046186052 ] } },
{ "type": "Feature", "properties": { "category": "personal_service" }, "geometry": { "type": "Point", "coordinates": [ 236675.379381048376672, 907834.692270424216986 ] } },
{ "type": "Feature", "properties": { "category": "personal_service" }, "geometry": { "type": "Point", "coordinates": [ 223666.219442897796398, 895899.143808683380485 ] } },
{ "type": "Feature", "properties": { "category": "personal_service" }, "geometry": { "type": "Point", "coordinates": [ 241002.232852347136941, 888979.798540255287662 ] } },
{ "type": "Feature", "properties": { "category": "personal_service" }, "geometry": { "type": "Point", "coordinates": [ 235208.475472046935465, 891030.438597795902751 ] } },
{ "type": "Feature", "properties": { "category": "personal_service" }, "geometry": { "type": "Point", "coordinates": [ 222193.653361220785882, 899817.345871414407156 ] } },
{ "type": "Feature", "properties": { "category": "personal_service" }, "geometry": { "type": "Point", "coordinates": [ 237653.5836782794795, 905939.297506320406683 ] } },
{ "type": "Feature", "properties": { "category": "personal_service" }, "geometry": { "type": "Point", "coordinates": [ 236799.553547145362245, 906173.923781614983454 ] } },
{ "type": "Feature", "properties": { "category": "personal_service" }, "geometry": { "type": "Point", "coordinates": [ 231815.158438645827118, 898934.038983041187748 ] } },
{ "type": "Feature", "properties": { "category": "personal_service" }, "geometry": { "type": "Point", "coordinates": [ 237080.259503318317002, 893683.117391077801585 ] } },
{ "type": "Feature", "properties": { "category": "personal_service" }, "geometry": { "type": "Point", "coordinates": [ 235839.097896728577325, 908319.901740051689558 ] } },
{ "type": "Feature", "properties": { "category": "personal_service" }, "geometry": { "type": "Point", "coordinates": [ 234844.79107450239826, 900120.831285482738167 ] } },
{ "type": "Feature", "properties": { "category": "personal_service" }, "geometry": { "type": "Point", "coordinates": [ 238000.156846610334469, 904237.652446703170426 ] } },
{ "type": "Feature", "properties": { "category": "personal_service" }, "geometry": { "type": "Point", "coordinates": [ 231788.141107537900098, 894993.46016863908153 ] } },
{ "type": "Feature", "properties": { "category": "personal_service" }, "geometry": { "type": "Point", "coordinates": [ 234938.166584772785427, 899071.609678436536342 ] } },
{ "type": "Feature", "properties": { "category": "personal_service" }, "geometry": { "type": "Point", "coordinates": [ 230943.173279956157785, 905433.990420372225344 ] } },
{ "type": "Feature", "properties": { "category": "personal_service" }, "geometry": { "type": "Point", "coordinates": [ 234485.120654162194114, 900042.413407553569414 ] } },
{ "type": "Feature", "properties": { "category": "personal_service" }, "geometry": { "type": "Point", "coordinates": [ 231174.299438982736319, 898559.502628630958498 ] } },
{ "type": "Feature", "properties": { "category": "personal_service" }, "geometry": { "type": "Point", "coordinates": [ 235334.894597438571509, 893586.38264960818924 ] } },
{ "type": "Feature", "properties": { "category": "personal_service" }, "geometry": { "type": "Point", "coordinates": [ 231842.00208811199991, 902320.367266673012637 ] } },
{ "type": "Feature", "properties": { "category": "personal_service" }, "geometry": { "type": "Point", "coordinates": [ 239068.812253922282252, 911855.612786513520405 ] } },
{ "type": "Feature", "properties": { "category": "personal_service" }, "geometry": { "type": "Point", "coordinates": [ 227978.039608515478903, 899858.098118571797386 ] } },
{ "type": "Feature", "properties": { "category": "personal_service" }, "geometry": { "type": "Point", "coordinates": [ 228123.16893231193535, 901291.133334094192833 ] } },
{ "type": "Feature", "properties": { "category": "personal_service" }, "geometry": { "type": "Point", "coordinates": [ 234127.759484727896051, 891502.185585216502659 ] } },
{ "type": "Feature", "properties": { "category": "personal_service" }, "geometry": { "type": "Point", "coordinates": [ 235161.466613273369148, 898762.038973895134404 ] } },
{ "type": "Feature", "properties": { "category": "personal_service" }, "geometry": { "type": "Point", "coordinates": [ 221605.617970027728006, 902008.956061459495686 ] } },
{ "type": "Feature", "properties": { "category": "personal_service" }, "geometry": { "type": "Point", "coordinates": [ 236919.332410554867238, 901552.11428359488491 ] } },
{ "type": "Feature", "properties": { "category": "personal_service" }, "geometry": { "type": "Point", "coordinates": [ 225521.668560737249209, 904239.317417906248011 ] } },
{ "type": "Feature", "properties": { "category": "personal_service" }, "geometry": { "type": "Point", "coordinates": [ 230290.73105917070643, 904283.703256816486828 ] } },
{ "type": "Feature", "properties": { "category": "personal_service" }, "geometry": { "type": "Point", "coordinates": [ 222025.973152915306855, 893820.248399030650035 ] } },
{ "type": "Feature", "properties": { "category": "personal_service" }, "geometry": { "type": "Point", "coordinates": [ 226192.600288981862832, 903798.141126387403347 ] } },
{ "type": "Feature", "properties": { "category": "personal_service" }, "geometry": { "type": "Point", "coordinates": [ 221878.886671278858557, 892351.70306049042847 ] } },
{ "type": "Feature", "properties": { "category": "personal_service" }, "geometry": { "type": "Point", "coordinates": [ 231029.278795849822927, 905287.52415946952533 ] } },
{ "type": "Feature", "properties": { "category": "personal_service" }, "geometry": { "type": "Point", "coordinates": [ 235839.097896728577325, 908319.901740051689558 ] } },
{ "type": "Feature", "properties": { "category": "personal_service" }, "geometry": { "type": "Point", "coordinates": [ 237933.780406072561163, 899356.724976587691344 ] } },
{ "type": "Feature", "properties": { "category": "personal_service" }, "geometry": { "type": "Point", "coordinates": [ 236726.855689569521928, 892598.377689174143597 ] } },
{ "type": "Feature", "properties": { "category": "personal_service" }, "geometry": { "type": "Point", "coordinates": [ 236787.873690429114504, 906219.182995891547762 ] } },
{ "type": "Feature", "properties": { "category": "personal_service" }, "geometry": { "type": "Point", "coordinates": [ 235189.556682585767703, 900212.522326536360197 ] } },
{ "type": "Feature", "properties": { "category": "personal_service" }, "geometry": { "type": "Point", "coordinates": [ 225922.666764416731894, 903975.309079860453494 ] } },
{ "type": "Feature", "properties": { "category": "personal_service" }, "geometry": { "type": "Point", "coordinates": [ 234946.209903136477806, 900122.112426794948988 ] } },
{ "type": "Feature", "properties": { "category": "personal_service" }, "geometry": { "type": "Point", "coordinates": [ 240834.135128876019735, 887513.729178642621264 ] } },
{ "type": "Feature", "properties": { "category": "personal_service" }, "geometry": { "type": "Point", "coordinates": [ 220362.745983353466727, 902834.659849365823902 ] } },
{ "type": "Feature", "properties": { "category": "personal_service" }, "geometry": { "type": "Point", "coordinates": [ 235798.409358326753136, 907648.772083405754529 ] } },
{ "type": "Feature", "properties": { "category": "personal_service" }, "geometry": { "type": "Point", "coordinates": [ 234708.258737065014429, 900072.392151060630567 ] } },
{ "type": "Feature", "properties": { "category": "personal_service" }, "geometry": { "type": "Point", "coordinates": [ 224870.426238347776234, 893919.702191384276375 ] } },
{ "type": "Feature", "properties": { "category": "personal_service" }, "geometry": { "type": "Point", "coordinates": [ 235738.957881751266541, 911871.184440157143399 ] } },
{ "type": "Feature", "properties": { "category": "personal_service" }, "geometry": { "type": "Point", "coordinates": [ 240808.665566372539615, 905829.072442702250555 ] } },
{ "type": "Feature", "properties": { "category": "personal_service" }, "geometry": { "type": "Point", "coordinates": [ 228426.904705722321523, 892869.734562105266377 ] } },
{ "type": "Feature", "properties": { "category": "personal_service" }, "geometry": { "type": "Point", "coordinates": [ 237863.547069083113456, 898459.170178845175542 ] } },
{ "type": "Feature", "properties": { "category": "personal_service" }, "geometry": { "type": "Point", "coordinates": [ 231439.904262714495417, 902464.290851419325918 ] } },
{ "type": "Feature", "properties": { "category": "personal_service" }, "geometry": { "type": "Point", "coordinates": [ 228639.788348331319867, 907261.90780177724082 ] } },
{ "type": "Feature", "properties": { "category": "personal_service" }, "geometry": { "type": "Point", "coordinates": [ 222318.556350123515585, 902854.04175954812672 ] } },
{ "type": "Feature", "properties": { "category": "personal_service" }, "geometry": { "type": "Point", "coordinates": [ 223856.299477983062388, 902777.786663429113105 ] } },
{ "type": "Feature", "properties": { "category": "personal_service" }, "geometry": { "type": "Point", "coordinates": [ 228743.630162653164007, 898513.709256260190159 ] } },
{ "type": "Feature", "properties": { "category": "personal_service" }, "geometry": { "type": "Point", "coordinates": [ 236387.93252404363011, 900453.000016276026145 ] } },
{ "type": "Feature", "properties": { "category": "personal_service" }, "geometry": { "type": "Point", "coordinates": [ 221589.690224129415583, 891845.305527341202833 ] } },
{ "type": "Feature", "properties": { "category": "personal_service" }, "geometry": { "type": "Point", "coordinates": [ 237205.662728742405307, 906295.252232122933492 ] } },
{ "type": "Feature", "properties": { "category": "personal_service" }, "geometry": { "type": "Point", "coordinates": [ 234445.139321402122732, 897204.519148229621351 ] } },
{ "type": "Feature", "properties": { "category": "personal_service" }, "geometry": { "type": "Point", "coordinates": [ 236663.925591213366715, 900707.470597171224654 ] } },
{ "type": "Feature", "properties": { "category": "personal_service" }, "geometry": { "type": "Point", "coordinates": [ 221647.850870359368855, 902925.032017002464272 ] } },
{ "type": "Feature", "properties": { "category": "personal_service" }, "geometry": { "type": "Point", "coordinates": [ 245978.289058907306753, 913841.648027197341435 ] } },
{ "type": "Feature", "properties": { "category": "personal_service" }, "geometry": { "type": "Point", "coordinates": [ 246493.82636614254443, 914099.53601811628323 ] } },
{ "type": "Feature", "properties": { "category": "personal_service" }, "geometry": { "type": "Point", "coordinates": [ 233014.695799232053105, 896118.765261766151525 ] } },
{ "type": "Feature", "properties": { "category": "personal_service" }, "geometry": { "type": "Point", "coordinates": [ 235083.94632147991797, 894461.521132546244189 ] } },
{ "type": "Feature", "properties": { "category": "personal_service" }, "geometry": { "type": "Point", "coordinates": [ 231022.244089539366541, 899252.174803400528617 ] } },
{ "type": "Feature", "properties": { "category": "personal_service" }, "geometry": { "type": "Point", "coordinates": [ 234446.040922111045802, 899459.174398566945456 ] } },
{ "type": "Feature", "properties": { "category": "personal_service" }, "geometry": { "type": "Point", "coordinates": [ 235748.501473216427257, 911822.357527720509097 ] } },
{ "type": "Feature", "properties": { "category": "personal_service" }, "geometry": { "type": "Point", "coordinates": [ 237173.861406145471847, 906377.838035892462358 ] } },
{ "type": "Feature", "properties": { "category": "personal_service" }, "geometry": { "type": "Point", "coordinates": [ 238729.745168486202601, 892058.623357033939101 ] } },
{ "type": "Feature", "properties": { "category": "personal_service" }, "geometry": { "type": "Point", "coordinates": [ 234515.96065206109779, 900003.798635213053785 ] } },
{ "type": "Feature", "properties": { "category": "personal_service" }, "geometry": { "type": "Point", "coordinates": [ 236671.310217952268431, 901186.811722412821837 ] } },
{ "type": "Feature", "properties": { "category": "personal_service" }, "geometry": { "type": "Point", "coordinates": [ 235559.874837736046175, 899160.257447584648617 ] } },
{ "type": "Feature", "properties": { "category": "personal_service" }, "geometry": { "type": "Point", "coordinates": [ 234536.615451606281567, 905972.705121991224587 ] } },
{ "type": "Feature", "properties": { "category": "personal_service" }, "geometry": { "type": "Point", "coordinates": [ 236615.389430918905418, 903696.562534528318793 ] } },
{ "type": "Feature", "properties": { "category": "personal_service" }, "geometry": { "type": "Point", "coordinates": [ 221612.375270824733889, 902034.746826094575226 ] } },
{ "type": "Feature", "properties": { "category": "personal_service" }, "geometry": { "type": "Point", "coordinates": [ 236381.046984917542432, 900987.25032748747617 ] } },
{ "type": "Feature", "properties": { "category": "personal_service" }, "geometry": { "type": "Point", "coordinates": [ 234092.842958098714007, 908135.030590330483392 ] } },
{ "type": "Feature", "properties": { "category": "personal_service" }, "geometry": { "type": "Point", "coordinates": [ 232222.762657299725106, 906362.812230863375589 ] } },
{ "type": "Feature", "properties": { "category": "personal_service" }, "geometry": { "type": "Point", "coordinates": [ 236568.144610111950897, 901539.947435089037754 ] } },
{ "type": "Feature", "properties": { "category": "personal_service" }, "geometry": { "type": "Point", "coordinates": [ 221431.632088904763805, 900881.987596318125725 ] } },
{ "type": "Feature", "properties": { "category": "personal_service" }, "geometry": { "type": "Point", "coordinates": [ 236206.210986577410949, 900079.727774584433064 ] } },
{ "type": "Feature", "properties": { "category": "personal_service" }, "geometry": { "type": "Point", "coordinates": [ 230682.338376065221382, 905908.263496302533895 ] } },
{ "type": "Feature", "properties": { "category": "personal_service" }, "geometry": { "type": "Point", "coordinates": [ 221689.928604144399287, 892322.016199723351747 ] } },
{ "type": "Feature", "properties": { "category": "personal_service" }, "geometry": { "type": "Point", "coordinates": [ 232309.269463538686978, 895004.943282526917756 ] } },
{ "type": "Feature", "properties": { "category": "personal_service" }, "geometry": { "type": "Point", "coordinates": [ 226729.576381176069845, 887796.935065594036132 ] } },
{ "type": "Feature", "properties": { "category": "personal_service" }, "geometry": { "type": "Point", "coordinates": [ 223228.74519659334328, 901622.475641964701936 ] } },
{ "type": "Feature", "properties": { "category": "personal_service" }, "geometry": { "type": "Point", "coordinates": [ 237277.494837944686878, 900404.567215415416285 ] } },
{ "type": "Feature", "properties": { "category": "personal_service" }, "geometry": { "type": "Point", "coordinates": [ 235314.689819571271073, 912181.172994747874327 ] } },
{ "type": "Feature", "properties": { "category": "personal_service" }, "geometry": { "type": "Point", "coordinates": [ 237999.845040101266932, 889623.628906326484866 ] } },
{ "type": "Feature", "properties": { "category": "personal_service" }, "geometry": { "type": "Point", "coordinates": [ 227451.826993438735371, 888691.868535701651126 ] } },
{ "type": "Feature", "properties": { "category": "personal_service" }, "geometry": { "type": "Point", "coordinates": [ 225946.358178548136493, 892997.437988482415676 ] } },
{ "type": "Feature", "properties": { "category": "personal_service" }, "geometry": { "type": "Point", "coordinates": [ 243721.524120677844621, 904324.589537985506468 ] } },
{ "type": "Feature", "properties": { "category": "personal_service" }, "geometry": { "type": "Point", "coordinates": [ 228209.938222354045138, 892265.719289707485586 ] } },
{ "type": "Feature", "properties": { "category": "personal_service" }, "geometry": { "type": "Point", "coordinates": [ 239801.121323608036619, 890843.316459012334235 ] } },
{ "type": "Feature", "properties": { "category": "personal_service" }, "geometry": { "type": "Point", "coordinates": [ 223296.851397092803381, 900012.413247598567978 ] } },
{ "type": "Feature", "properties": { "category": "personal_service" }, "geometry": { "type": "Point", "coordinates": [ 225313.837090004119091, 898430.653602953767404 ] } },
{ "type": "Feature", "properties": { "category": "personal_service" }, "geometry": { "type": "Point", "coordinates": [ 246109.988666513876524, 914197.642582271248102 ] } },
{ "type": "Feature", "properties": { "category": "personal_service" }, "geometry": { "type": "Point", "coordinates": [ 241157.244629276974592, 903944.865484543610364 ] } },
{ "type": "Feature", "properties": { "category": "personal_service" }, "geometry": { "type": "Point", "coordinates": [ 238383.499609302030876, 899709.284680018550716 ] } },
{ "type": "Feature", "properties": { "category": "personal_service" }, "geometry": { "type": "Point", "coordinates": [ 230194.023394627991365, 899864.936755700968206 ] } },
{ "type": "Feature", "properties": { "category": "personal_service" }, "geometry": { "type": "Point", "coordinates": [ 232100.986051848798525, 901143.229757140623406 ] } },
{ "type": "Feature", "properties": { "category": "personal_service" }, "geometry": { "type": "Point", "coordinates": [ 234575.789166550792288, 905089.041320741875097 ] } },
{ "type": "Feature", "properties": { "category": "personal_service" }, "geometry": { "type": "Point", "coordinates": [ 231254.317314388841623, 902561.211549008730799 ] } },
{ "type": "Feature", "properties": { "category": "personal_service" }, "geometry": { "type": "Point", "coordinates": [ 235426.615515675046481, 899440.611270743072964 ] } },
{ "type": "Feature", "properties": { "category": "personal_service" }, "geometry": { "type": "Point", "coordinates": [ 234471.965270081913332, 900036.794972574105486 ] } },
{ "type": "Feature", "properties": { "category": "personal_service" }, "geometry": { "type": "Point", "coordinates": [ 221684.867535537894582, 902299.112594068748876 ] } },
{ "type": "Feature", "properties": { "category": "personal_service" }, "geometry": { "type": "Point", "coordinates": [ 222395.531590501428582, 900331.051452006679028 ] } },
{ "type": "Feature", "properties": { "category": "personal_service" }, "geometry": { "type": "Point", "coordinates": [ 237902.624893054802669, 889887.132345755700953 ] } },
{ "type": "Feature", "properties": { "category": "personal_service" }, "geometry": { "type": "Point", "coordinates": [ 235686.067131638235878, 911596.434736584546044 ] } },
{ "type": "Feature", "properties": { "category": "personal_service" }, "geometry": { "type": "Point", "coordinates": [ 233737.2438842971751, 899834.844518884667195 ] } },
{ "type": "Feature", "properties": { "category": "personal_service" }, "geometry": { "type": "Point", "coordinates": [ 236255.470348496164661, 900097.976368785137311 ] } },
{ "type": "Feature", "properties": { "category": "personal_service" }, "geometry": { "type": "Point", "coordinates": [ 240376.49238331799279, 908255.226483659585938 ] } },
{ "type": "Feature", "properties": { "category": "personal_service" }, "geometry": { "type": "Point", "coordinates": [ 235587.454782480868744, 903150.32591862580739 ] } },
{ "type": "Feature", "properties": { "category": "personal_service" }, "geometry": { "type": "Point", "coordinates": [ 236884.385339640575694, 893874.139210460358299 ] } },
{ "type": "Feature", "properties": { "category": "personal_service" }, "geometry": { "type": "Point", "coordinates": [ 237795.284644636849407, 890069.830549688078463 ] } },
{ "type": "Feature", "properties": { "category": "personal_service" }, "geometry": { "type": "Point", "coordinates": [ 225220.326469077030197, 897711.206141525297426 ] } },
{ "type": "Feature", "properties": { "category": "personal_service" }, "geometry": { "type": "Point", "coordinates": [ 235945.13324331928743, 893092.629121404257603 ] } },
{ "type": "Feature", "properties": { "category": "personal_service" }, "geometry": { "type": "Point", "coordinates": [ 235067.444434406410437, 900263.674246098962612 ] } },
{ "type": "Feature", "properties": { "category": "personal_service" }, "geometry": { "type": "Point", "coordinates": [ 222279.880087925179396, 903025.534105955041014 ] } },
{ "type": "Feature", "properties": { "category": "personal_service" }, "geometry": { "type": "Point", "coordinates": [ 223242.021810466801981, 903684.344369505299255 ] } },
{ "type": "Feature", "properties": { "category": "personal_service" }, "geometry": { "type": "Point", "coordinates": [ 229117.568430692219408, 900751.236269150278531 ] } },
{ "type": "Feature", "properties": { "category": "personal_service" }, "geometry": { "type": "Point", "coordinates": [ 244735.87503169363481, 914504.883102336898446 ] } },
{ "type": "Feature", "properties": { "category": "personal_service" }, "geometry": { "type": "Point", "coordinates": [ 231160.333367829938652, 892707.476986316032708 ] } },
{ "type": "Feature", "properties": { "category": "personal_service" }, "geometry": { "type": "Point", "coordinates": [ 235385.517171991494251, 900974.835305710555986 ] } },
{ "type": "Feature", "properties": { "category": "personal_service" }, "geometry": { "type": "Point", "coordinates": [ 231416.456151500344276, 902918.940242286305875 ] } },
{ "type": "Feature", "properties": { "category": "personal_service" }, "geometry": { "type": "Point", "coordinates": [ 232945.956416540284408, 907270.576124265789986 ] } },
{ "type": "Feature", "properties": { "category": "personal_service" }, "geometry": { "type": "Point", "coordinates": [ 230473.326749635481974, 889020.643141430336982 ] } },
{ "type": "Feature", "properties": { "category": "personal_service" }, "geometry": { "type": "Point", "coordinates": [ 229734.471120728732785, 904796.841767224948853 ] } },
{ "type": "Feature", "properties": { "category": "personal_service" }, "geometry": { "type": "Point", "coordinates": [ 235979.089095793722663, 906937.897354651824571 ] } },
{ "type": "Feature", "properties": { "category": "personal_service" }, "geometry": { "type": "Point", "coordinates": [ 236663.925591213366715, 900707.470597171224654 ] } },
{ "type": "Feature", "properties": { "category": "personal_service" }, "geometry": { "type": "Point", "coordinates": [ 233317.518254913156852, 906693.717186633031815 ] } },
{ "type": "Feature", "properties": { "category": "personal_service" }, "geometry": { "type": "Point", "coordinates": [ 221568.676164165401133, 891784.816093235975131 ] } },
{ "type": "Feature", "properties": { "category": "personal_service" }, "geometry": { "type": "Point", "coordinates": [ 237717.072394220915157, 908372.285063313087448 ] } },
{ "type": "Feature", "properties": { "category": "personal_service" }, "geometry": { "type": "Point", "coordinates": [ 223735.580139676254475, 895793.188679649727419 ] } },
{ "type": "Feature", "properties": { "category": "personal_service" }, "geometry": { "type": "Point", "coordinates": [ 239441.949444990372285, 906989.932426854385994 ] } },
{ "type": "Feature", "properties": { "category": "personal_service" }, "geometry": { "type": "Point", "coordinates": [ 225146.229571303847479, 903996.368176740477793 ] } },
{ "type": "Feature", "properties": { "category": "personal_service" }, "geometry": { "type": "Point", "coordinates": [ 234950.209415480698226, 904136.615606622537598 ] } },
{ "type": "Feature", "properties": { "category": "personal_service" }, "geometry": { "type": "Point", "coordinates": [ 221590.537920506350929, 901716.220575228799134 ] } },
{ "type": "Feature", "properties": { "category": "personal_service" }, "geometry": { "type": "Point", "coordinates": [ 235562.021064855856821, 910736.374498978955671 ] } },
{ "type": "Feature", "properties": { "category": "personal_service" }, "geometry": { "type": "Point", "coordinates": [ 245207.975557182100601, 914127.898074569413438 ] } },
{ "type": "Feature", "properties": { "category": "personal_service" }, "geometry": { "type": "Point", "coordinates": [ 226958.424083556572441, 888687.073628574726172 ] } },
{ "type": "Feature", "properties": { "category": "personal_service" }, "geometry": { "type": "Point", "coordinates": [ 232982.630616663926048, 897330.465217068325728 ] } },
{ "type": "Feature", "properties": { "category": "personal_service" }, "geometry": { "type": "Point", "coordinates": [ 225899.162901661911746, 902398.914524333318695 ] } },
{ "type": "Feature", "properties": { "category": "personal_service" }, "geometry": { "type": "Point", "coordinates": [ 230795.536858265317278, 899068.344412749400362 ] } },
{ "type": "Feature", "properties": { "category": "personal_service" }, "geometry": { "type": "Point", "coordinates": [ 238827.75909654609859, 912413.567863862495869 ] } },
{ "type": "Feature", "properties": { "category": "personal_service" }, "geometry": { "type": "Point", "coordinates": [ 233505.192890236823587, 891049.335854492848739 ] } },
{ "type": "Feature", "properties": { "category": "personal_service" }, "geometry": { "type": "Point", "coordinates": [ 236724.682617763493909, 894025.58978310355451 ] } },
{ "type": "Feature", "properties": { "category": "personal_service" }, "geometry": { "type": "Point", "coordinates": [ 227239.989132714050356, 892462.944066571653821 ] } },
{ "type": "Feature", "properties": { "category": "personal_service" }, "geometry": { "type": "Point", "coordinates": [ 236172.633387645590119, 900120.209414465585724 ] } },
{ "type": "Feature", "properties": { "category": "personal_service" }, "geometry": { "type": "Point", "coordinates": [ 225624.190041528228903, 900376.627615866949782 ] } },
{ "type": "Feature", "properties": { "category": "personal_service" }, "geometry": { "type": "Point", "coordinates": [ 223985.949529554083711, 896641.217621177202091 ] } },
{ "type": "Feature", "properties": { "category": "personal_service" }, "geometry": { "type": "Point", "coordinates": [ 232535.706270037509967, 902157.261596471769735 ] } },
{ "type": "Feature", "properties": { "category": "personal_service" }, "geometry": { "type": "Point", "coordinates": [ 225663.722003712493461, 904348.913874637451954 ] } },
{ "type": "Feature", "properties": { "category": "personal_service" }, "geometry": { "type": "Point", "coordinates": [ 229319.544469776796177, 906854.498595845536329 ] } },
{ "type": "Feature", "properties": { "category": "personal_service" }, "geometry": { "type": "Point", "coordinates": [ 238760.505188715847908, 904182.046852079918608 ] } },
{ "type": "Feature", "properties": { "category": "personal_service" }, "geometry": { "type": "Point", "coordinates": [ 235839.097896728577325, 908319.901740051689558 ] } },
{ "type": "Feature", "properties": { "category": "personal_service" }, "geometry": { "type": "Point", "coordinates": [ 238060.27155110455351, 902261.107235206989571 ] } },
{ "type": "Feature", "properties": { "category": "personal_service" }, "geometry": { "type": "Point", "coordinates": [ 220303.479948850290384, 899630.353448242181912 ] } },
{ "type": "Feature", "properties": { "category": "personal_service" }, "geometry": { "type": "Point", "coordinates": [ 230229.451301838562358, 900631.524519496131688 ] } },
{ "type": "Feature", "properties": { "category": "personal_service" }, "geometry": { "type": "Point", "coordinates": [ 231115.973053673747927, 905008.988942052237689 ] } },
{ "type": "Feature", "properties": { "category": "personal_service" }, "geometry": { "type": "Point", "coordinates": [ 240580.724156432435848, 906808.363999239751138 ] } },
{ "type": "Feature", "properties": { "category": "personal_service" }, "geometry": { "type": "Point", "coordinates": [ 243171.628573148424039, 912687.222297625383362 ] } },
{ "type": "Feature", "properties": { "category": "personal_service" }, "geometry": { "type": "Point", "coordinates": [ 227722.386661038181046, 891948.992629919783212 ] } },
{ "type": "Feature", "properties": { "category": "personal_service" }, "geometry": { "type": "Point", "coordinates": [ 235189.556682585767703, 900212.522326536360197 ] } },
{ "type": "Feature", "properties": { "category": "personal_service" }, "geometry": { "type": "Point", "coordinates": [ 244668.327280219644308, 913439.619530342868529 ] } },
{ "type": "Feature", "properties": { "category": "personal_service" }, "geometry": { "type": "Point", "coordinates": [ 241349.945808296964969, 911112.334936847910285 ] } },
{ "type": "Feature", "properties": { "category": "personal_service" }, "geometry": { "type": "Point", "coordinates": [ 222905.47836218890734, 903223.820655999821611 ] } },
{ "type": "Feature", "properties": { "category": "personal_service" }, "geometry": { "type": "Point", "coordinates": [ 238101.674387190781999, 902418.174737413064577 ] } },
{ "type": "Feature", "properties": { "category": "personal_service" }, "geometry": { "type": "Point", "coordinates": [ 234283.921539616421796, 896019.315941227134317 ] } },
{ "type": "Feature", "properties": { "category": "personal_service" }, "geometry": { "type": "Point", "coordinates": [ 232354.89274009221117, 904663.578605930088088 ] } },
{ "type": "Feature", "properties": { "category": "personal_service" }, "geometry": { "type": "Point", "coordinates": [ 239525.054936745378654, 890772.559849003213458 ] } },
{ "type": "Feature", "properties": { "category": "personal_service" }, "geometry": { "type": "Point", "coordinates": [ 221842.576832771796035, 893765.13830867910292 ] } },
{ "type": "Feature", "properties": { "category": "personal_service" }, "geometry": { "type": "Point", "coordinates": [ 236048.582475423871074, 906629.119478233507834 ] } },
{ "type": "Feature", "properties": { "category": "personal_service" }, "geometry": { "type": "Point", "coordinates": [ 225976.090436182101257, 900928.752550610806793 ] } },
{ "type": "Feature", "properties": { "category": "personal_service" }, "geometry": { "type": "Point", "coordinates": [ 239407.963094392616767, 888138.178149730432779 ] } },
{ "type": "Feature", "properties": { "category": "personal_service" }, "geometry": { "type": "Point", "coordinates": [ 231160.333367829938652, 892707.476986316032708 ] } },
{ "type": "Feature", "properties": { "category": "personal_service" }, "geometry": { "type": "Point", "coordinates": [ 224538.206544728862355, 901514.738515584962443 ] } },
{ "type": "Feature", "properties": { "category": "personal_service" }, "geometry": { "type": "Point", "coordinates": [ 235223.107135146070505, 895817.354508673772216 ] } },
{ "type": "Feature", "properties": { "category": "personal_service" }, "geometry": { "type": "Point", "coordinates": [ 235373.482177427853458, 900910.793705583433621 ] } },
{ "type": "Feature", "properties": { "category": "personal_service" }, "geometry": { "type": "Point", "coordinates": [ 234467.292410691909026, 899830.389430131297559 ] } },
{ "type": "Feature", "properties": { "category": "personal_service" }, "geometry": { "type": "Point", "coordinates": [ 221848.789297651848756, 893703.177342425333336 ] } },
{ "type": "Feature", "properties": { "category": "personal_service" }, "geometry": { "type": "Point", "coordinates": [ 235822.009873225411866, 901082.126938220462762 ] } },
{ "type": "Feature", "properties": { "category": "personal_service" }, "geometry": { "type": "Point", "coordinates": [ 229259.729323141189525, 888113.896693196031265 ] } },
{ "type": "Feature", "properties": { "category": "personal_service" }, "geometry": { "type": "Point", "coordinates": [ 232899.727979977964424, 903521.333085141261108 ] } },
{ "type": "Feature", "properties": { "category": "personal_service" }, "geometry": { "type": "Point", "coordinates": [ 221867.068058878649026, 894110.326847435673699 ] } },
{ "type": "Feature", "properties": { "category": "personal_service" }, "geometry": { "type": "Point", "coordinates": [ 233376.585356070980197, 902646.951525120763108 ] } },
{ "type": "Feature", "properties": { "category": "personal_service" }, "geometry": { "type": "Point", "coordinates": [ 234536.615451606281567, 905972.705121991224587 ] } },
{ "type": "Feature", "properties": { "category": "personal_service" }, "geometry": { "type": "Point", "coordinates": [ 233738.808732437610161, 892791.014650260331109 ] } },
{ "type": "Feature", "properties": { "category": "personal_service" }, "geometry": { "type": "Point", "coordinates": [ 240041.301664921513293, 906651.976655336562544 ] } },
{ "type": "Feature", "properties": { "category": "personal_service" }, "geometry": { "type": "Point", "coordinates": [ 232899.727979977964424, 903521.333085141261108 ] } },
{ "type": "Feature", "properties": { "category": "personal_service" }, "geometry": { "type": "Point", "coordinates": [ 223166.707709177455399, 902150.111339757451788 ] } },
{ "type": "Feature", "properties": { "category": "personal_service" }, "geometry": { "type": "Point", "coordinates": [ 236452.267914456198923, 901391.944351686863229 ] } },
{ "type": "Feature", "properties": { "category": "personal_service" }, "geometry": { "type": "Point", "coordinates": [ 234170.117032487120014, 899587.677347889635712 ] } },
{ "type": "Feature", "properties": { "category": "personal_service" }, "geometry": { "type": "Point", "coordinates": [ 243636.328797775437124, 911852.764713195734657 ] } },
{ "type": "Feature", "properties": { "category": "personal_service" }, "geometry": { "type": "Point", "coordinates": [ 223585.871646629588213, 895692.938484280952252 ] } },
{ "type": "Feature", "properties": { "category": "personal_service" }, "geometry": { "type": "Point", "coordinates": [ 225293.473858644661959, 896577.154437853489071 ] } },
{ "type": "Feature", "properties": { "category": "personal_service" }, "geometry": { "type": "Point", "coordinates": [ 239415.57556324696634, 891346.655037428950891 ] } },
{ "type": "Feature", "properties": { "category": "personal_service" }, "geometry": { "type": "Point", "coordinates": [ 239850.139415522804484, 916923.669303199276328 ] } },
{ "type": "Feature", "properties": { "category": "personal_service" }, "geometry": { "type": "Point", "coordinates": [ 235377.732868893450359, 912287.683896473608911 ] } },
{ "type": "Feature", "properties": { "category": "personal_service" }, "geometry": { "type": "Point", "coordinates": [ 240553.579152794933179, 906662.581394134322181 ] } },
{ "type": "Feature", "properties": { "category": "personal_service" }, "geometry": { "type": "Point", "coordinates": [ 225880.030141130788252, 901376.818103298428468 ] } },
{ "type": "Feature", "properties": { "category": "personal_service" }, "geometry": { "type": "Point", "coordinates": [ 223893.425100110413041, 900142.932519981171936 ] } },
{ "type": "Feature", "properties": { "category": "personal_service" }, "geometry": { "type": "Point", "coordinates": [ 243860.777545529126655, 916117.7146795920562 ] } },
{ "type": "Feature", "properties": { "category": "personal_service" }, "geometry": { "type": "Point", "coordinates": [ 234990.574147221457679, 897151.340731379110366 ] } },
{ "type": "Feature", "properties": { "category": "personal_service" }, "geometry": { "type": "Point", "coordinates": [ 234795.337044208310544, 906060.291001152945682 ] } },
{ "type": "Feature", "properties": { "category": "personal_service" }, "geometry": { "type": "Point", "coordinates": [ 223296.851397092803381, 900012.413247598567978 ] } },
{ "type": "Feature", "properties": { "category": "personal_service" }, "geometry": { "type": "Point", "coordinates": [ 222382.380675432621501, 902157.343634433927946 ] } },
{ "type": "Feature", "properties": { "category": "personal_service" }, "geometry": { "type": "Point", "coordinates": [ 240854.592312562541338, 904217.575522090191953 ] } },
{ "type": "Feature", "properties": { "category": "personal_service" }, "geometry": { "type": "Point", "coordinates": [ 231238.851552848762367, 889641.800522357807495 ] } },
{ "type": "Feature", "properties": { "category": "personal_service" }, "geometry": { "type": "Point", "coordinates": [ 234363.082983709929977, 897364.846389618585818 ] } },
{ "type": "Feature", "properties": { "category": "personal_service" }, "geometry": { "type": "Point", "coordinates": [ 230358.642827145435149, 900114.237513955682516 ] } },
{ "type": "Feature", "properties": { "category": "personal_service" }, "geometry": { "type": "Point", "coordinates": [ 240470.733155425812583, 913345.718158191652037 ] } },
{ "type": "Feature", "properties": { "category": "personal_service" }, "geometry": { "type": "Point", "coordinates": [ 227757.689280806545867, 897005.654382576816715 ] } },
{ "type": "Feature", "properties": { "category": "personal_service" }, "geometry": { "type": "Point", "coordinates": [ 236400.250097867567092, 894411.561258527683094 ] } },
{ "type": "Feature", "properties": { "category": "personal_service" }, "geometry": { "type": "Point", "coordinates": [ 238732.916436675761361, 902972.910748836584389 ] } },
{ "type": "Feature", "properties": { "category": "personal_service" }, "geometry": { "type": "Point", "coordinates": [ 236887.865275896008825, 906616.372553541208617 ] } },
{ "type": "Feature", "properties": { "category": "personal_service" }, "geometry": { "type": "Point", "coordinates": [ 231444.308445394970477, 902492.41334406263195 ] } },
{ "type": "Feature", "properties": { "category": "personal_service" }, "geometry": { "type": "Point", "coordinates": [ 236468.715876705711707, 895154.242825272260234 ] } },
{ "type": "Feature", "properties": { "category": "personal_service" }, "geometry": { "type": "Point", "coordinates": [ 227111.974213281646371, 888802.070670056855306 ] } },
{ "type": "Feature", "properties": { "category": "personal_service" }, "geometry": { "type": "Point", "coordinates": [ 236551.651839768484933, 908756.565866381162778 ] } },
{ "type": "Feature", "properties": { "category": "personal_service" }, "geometry": { "type": "Point", "coordinates": [ 233746.864556456537684, 892831.040751465945505 ] } },
{ "type": "Feature", "properties": { "category": "personal_service" }, "geometry": { "type": "Point", "coordinates": [ 222211.062781857297523, 894330.557379017700441 ] } },
{ "type": "Feature", "properties": { "category": "personal_service" }, "geometry": { "type": "Point", "coordinates": [ 235462.327279284712858, 899711.821290842606686 ] } },
{ "type": "Feature", "properties": { "category": "personal_service" }, "geometry": { "type": "Point", "coordinates": [ 237785.958498062333092, 892958.209739495650865 ] } },
{ "type": "Feature", "properties": { "category": "personal_service" }, "geometry": { "type": "Point", "coordinates": [ 236907.678114080801606, 902672.835304262582213 ] } },
{ "type": "Feature", "properties": { "category": "personal_service" }, "geometry": { "type": "Point", "coordinates": [ 224168.817724655818893, 901831.473217084421776 ] } },
{ "type": "Feature", "properties": { "category": "personal_service" }, "geometry": { "type": "Point", "coordinates": [ 243347.661671982292319, 912070.694355752784759 ] } },
{ "type": "Feature", "properties": { "category": "personal_service" }, "geometry": { "type": "Point", "coordinates": [ 231385.339108053420205, 892133.658736117649823 ] } },
{ "type": "Feature", "properties": { "category": "personal_service" }, "geometry": { "type": "Point", "coordinates": [ 221312.71792371061747, 900921.169414208969101 ] } },
{ "type": "Feature", "properties": { "category": "personal_service" }, "geometry": { "type": "Point", "coordinates": [ 233933.051816753810272, 899878.663245106232353 ] } },
{ "type": "Feature", "properties": { "category": "personal_service" }, "geometry": { "type": "Point", "coordinates": [ 236493.630401479022112, 895167.368074955185875 ] } },
{ "type": "Feature", "properties": { "category": "personal_service" }, "geometry": { "type": "Point", "coordinates": [ 221065.517730984953232, 902917.374494269024581 ] } },
{ "type": "Feature", "properties": { "category": "personal_service" }, "geometry": { "type": "Point", "coordinates": [ 226303.039394240855472, 901683.8524244078435 ] } },
{ "type": "Feature", "properties": { "category": "personal_service" }, "geometry": { "type": "Point", "coordinates": [ 227330.922155340114841, 907579.819344517309219 ] } },
{ "type": "Feature", "properties": { "category": "personal_service" }, "geometry": { "type": "Point", "coordinates": [ 226120.130864276841749, 908224.911654260708019 ] } },
{ "type": "Feature", "properties": { "category": "personal_service" }, "geometry": { "type": "Point", "coordinates": [ 222822.025079156795982, 894933.656445684144273 ] } },
{ "type": "Feature", "properties": { "category": "personal_service" }, "geometry": { "type": "Point", "coordinates": [ 231541.228558504371904, 893607.225427114986815 ] } },
{ "type": "Feature", "properties": { "category": "personal_service" }, "geometry": { "type": "Point", "coordinates": [ 227555.240404990210664, 889638.188557449728251 ] } },
{ "type": "Feature", "properties": { "category": "personal_service" }, "geometry": { "type": "Point", "coordinates": [ 239338.913981320278253, 890480.052576768677682 ] } },
{ "type": "Feature", "properties": { "category": "personal_service" }, "geometry": { "type": "Point", "coordinates": [ 234911.341451105952729, 900108.83192849426996 ] } },
{ "type": "Feature", "properties": { "category": "personal_service" }, "geometry": { "type": "Point", "coordinates": [ 232805.328297384519828, 899344.91229612310417 ] } },
{ "type": "Feature", "properties": { "category": "personal_service" }, "geometry": { "type": "Point", "coordinates": [ 232315.894448175036814, 900843.415866504539736 ] } },
{ "type": "Feature", "properties": { "category": "personal_service" }, "geometry": { "type": "Point", "coordinates": [ 226074.655782181158429, 896587.116924916859716 ] } },
{ "type": "Feature", "properties": { "category": "personal_service" }, "geometry": { "type": "Point", "coordinates": [ 235825.317277396272402, 901419.044091869029216 ] } },
{ "type": "Feature", "properties": { "category": "personal_service" }, "geometry": { "type": "Point", "coordinates": [ 242553.4724299943191, 902951.250285115209408 ] } },
{ "type": "Feature", "properties": { "category": "personal_service" }, "geometry": { "type": "Point", "coordinates": [ 225133.464580542058684, 897616.590916446992196 ] } },
{ "type": "Feature", "properties": { "category": "personal_service" }, "geometry": { "type": "Point", "coordinates": [ 238732.916436675761361, 902972.910748836584389 ] } },
{ "type": "Feature", "properties": { "category": "personal_service" }, "geometry": { "type": "Point", "coordinates": [ 238060.675294502754696, 898429.133004750474356 ] } },
{ "type": "Feature", "properties": { "category": "personal_service" }, "geometry": { "type": "Point", "coordinates": [ 232146.009393739164807, 892750.455350749893114 ] } },
{ "type": "Feature", "properties": { "category": "personal_service" }, "geometry": { "type": "Point", "coordinates": [ 235515.31472148213652, 912779.467782189138234 ] } },
{ "type": "Feature", "properties": { "category": "personal_service" }, "geometry": { "type": "Point", "coordinates": [ 231931.761356034810888, 902179.816470038262196 ] } },
{ "type": "Feature", "properties": { "category": "personal_service" }, "geometry": { "type": "Point", "coordinates": [ 236678.137446420529159, 906298.363962785573676 ] } },
{ "type": "Feature", "properties": { "category": "personal_service" }, "geometry": { "type": "Point", "coordinates": [ 225478.725861792452633, 907291.156401580898091 ] } },
{ "type": "Feature", "properties": { "category": "personal_service" }, "geometry": { "type": "Point", "coordinates": [ 232677.327037718525389, 906433.893236169591546 ] } },
{ "type": "Feature", "properties": { "category": "personal_service" }, "geometry": { "type": "Point", "coordinates": [ 235912.402725253778044, 911925.388897421653382 ] } },
{ "type": "Feature", "properties": { "category": "personal_service" }, "geometry": { "type": "Point", "coordinates": [ 236392.238043794874102, 900910.219997654552571 ] } },
{ "type": "Feature", "properties": { "category": "personal_service" }, "geometry": { "type": "Point", "coordinates": [ 234236.570185491145821, 902403.163027690257877 ] } },
{ "type": "Feature", "properties": { "category": "personal_service" }, "geometry": { "type": "Point", "coordinates": [ 236301.082339257205604, 894613.208546488778666 ] } },
{ "type": "Feature", "properties": { "category": "personal_service" }, "geometry": { "type": "Point", "coordinates": [ 236663.925591213366715, 900707.470597171224654 ] } },
{ "type": "Feature", "properties": { "category": "personal_service" }, "geometry": { "type": "Point", "coordinates": [ 231152.704363243159605, 899080.915059348451905 ] } },
{ "type": "Feature", "properties": { "category": "personal_service" }, "geometry": { "type": "Point", "coordinates": [ 241048.943156331370119, 889021.946499086101539 ] } },
{ "type": "Feature", "properties": { "category": "personal_service" }, "geometry": { "type": "Point", "coordinates": [ 237314.545569967274787, 893513.298193976050243 ] } },
{ "type": "Feature", "properties": { "category": "personal_service" }, "geometry": { "type": "Point", "coordinates": [ 240518.479422839067411, 912881.784267468028702 ] } },
{ "type": "Feature", "properties": { "category": "personal_service" }, "geometry": { "type": "Point", "coordinates": [ 236952.906994628923712, 901527.409223589347675 ] } },
{ "type": "Feature", "properties": { "category": "personal_service" }, "geometry": { "type": "Point", "coordinates": [ 235015.972243095253361, 899498.535381228779443 ] } },
{ "type": "Feature", "properties": { "category": "personal_service" }, "geometry": { "type": "Point", "coordinates": [ 234431.523733342415653, 897190.7899525903631 ] } },
{ "type": "Feature", "properties": { "category": "personal_service" }, "geometry": { "type": "Point", "coordinates": [ 241796.541012122877873, 906679.645819526282139 ] } },
{ "type": "Feature", "properties": { "category": "personal_service" }, "geometry": { "type": "Point", "coordinates": [ 235771.939367733837571, 896317.972655336023308 ] } },
{ "type": "Feature", "properties": { "category": "personal_service" }, "geometry": { "type": "Point", "coordinates": [ 233226.908965957030887, 907993.806046943878755 ] } },
{ "type": "Feature", "properties": { "category": "personal_service" }, "geometry": { "type": "Point", "coordinates": [ 231470.77667649713112, 898070.417632350581698 ] } },
{ "type": "Feature", "properties": { "category": "personal_service" }, "geometry": { "type": "Point", "coordinates": [ 236555.322013199678622, 894402.368616549647413 ] } },
{ "type": "Feature", "properties": { "category": "personal_service" }, "geometry": { "type": "Point", "coordinates": [ 224435.684868840471609, 900983.430886674905196 ] } },
{ "type": "Feature", "properties": { "category": "personal_service" }, "geometry": { "type": "Point", "coordinates": [ 235839.097896728577325, 908319.901740051689558 ] } },
{ "type": "Feature", "properties": { "category": "personal_service" }, "geometry": { "type": "Point", "coordinates": [ 234023.769015582627617, 904470.856937074451707 ] } },
{ "type": "Feature", "properties": { "category": "personal_service" }, "geometry": { "type": "Point", "coordinates": [ 227382.771716881397879, 907643.669737230171449 ] } },
{ "type": "Feature", "properties": { "category": "personal_service" }, "geometry": { "type": "Point", "coordinates": [ 229852.757798977778293, 900482.180864689522423 ] } },
{ "type": "Feature", "properties": { "category": "personal_service" }, "geometry": { "type": "Point", "coordinates": [ 237799.151582186110318, 899981.924432496423833 ] } },
{ "type": "Feature", "properties": { "category": "personal_service" }, "geometry": { "type": "Point", "coordinates": [ 234839.572312352189329, 900176.344368260586634 ] } },
{ "type": "Feature", "properties": { "category": "personal_service" }, "geometry": { "type": "Point", "coordinates": [ 227791.081599740020465, 903003.96572608302813 ] } },
{ "type": "Feature", "properties": { "category": "personal_service" }, "geometry": { "type": "Point", "coordinates": [ 233324.895206584245898, 902848.202318897820078 ] } },
{ "type": "Feature", "properties": { "category": "personal_service" }, "geometry": { "type": "Point", "coordinates": [ 228298.818617772456491, 902676.868487058440223 ] } },
{ "type": "Feature", "properties": { "category": "personal_service" }, "geometry": { "type": "Point", "coordinates": [ 240988.024240310594905, 887649.913847316987813 ] } },
{ "type": "Feature", "properties": { "category": "personal_service" }, "geometry": { "type": "Point", "coordinates": [ 234680.295108053280273, 900062.257089584483765 ] } },
{ "type": "Feature", "properties": { "category": "personal_service" }, "geometry": { "type": "Point", "coordinates": [ 229684.561963369720615, 892897.144226434174925 ] } },
{ "type": "Feature", "properties": { "category": "personal_service" }, "geometry": { "type": "Point", "coordinates": [ 233828.709409158676863, 895877.154293186729774 ] } },
{ "type": "Feature", "properties": { "category": "personal_service" }, "geometry": { "type": "Point", "coordinates": [ 239421.217027389502618, 890486.844490027287975 ] } },
{ "type": "Feature", "properties": { "category": "personal_service" }, "geometry": { "type": "Point", "coordinates": [ 235240.601718199264724, 899874.990154809784144 ] } },
{ "type": "Feature", "properties": { "category": "personal_service" }, "geometry": { "type": "Point", "coordinates": [ 229885.606103473954136, 892361.498487040400505 ] } },
{ "type": "Feature", "properties": { "category": "personal_service" }, "geometry": { "type": "Point", "coordinates": [ 224751.501700440072455, 904102.045383851975203 ] } },
{ "type": "Feature", "properties": { "category": "personal_service" }, "geometry": { "type": "Point", "coordinates": [ 236663.925591213366715, 900707.470597171224654 ] } },
{ "type": "Feature", "properties": { "category": "personal_service" }, "geometry": { "type": "Point", "coordinates": [ 225464.064118363050511, 904093.151581331854686 ] } },
{ "type": "Feature", "properties": { "category": "personal_service" }, "geometry": { "type": "Point", "coordinates": [ 231107.061903563910164, 889588.789180942927487 ] } },
{ "type": "Feature", "properties": { "category": "personal_service" }, "geometry": { "type": "Point", "coordinates": [ 230567.123417953494936, 892883.151536557590589 ] } },
{ "type": "Feature", "properties": { "category": "personal_service" }, "geometry": { "type": "Point", "coordinates": [ 245789.562128230871167, 912607.291883173282258 ] } },
{ "type": "Feature", "properties": { "category": "personal_service" }, "geometry": { "type": "Point", "coordinates": [ 237980.409423743811203, 902330.876742703956552 ] } },
{ "type": "Feature", "properties": { "category": "personal_service" }, "geometry": { "type": "Point", "coordinates": [ 227417.246095765789505, 888713.726616726722568 ] } },
{ "type": "Feature", "properties": { "category": "personal_service" }, "geometry": { "type": "Point", "coordinates": [ 234927.747352947684703, 899675.820855443831533 ] } },
{ "type": "Feature", "properties": { "category": "personal_service" }, "geometry": { "type": "Point", "coordinates": [ 235045.9719725624891, 900257.346764240995981 ] } },
{ "type": "Feature", "properties": { "category": "personal_service" }, "geometry": { "type": "Point", "coordinates": [ 239014.92440548457671, 903401.347713427850977 ] } },
{ "type": "Feature", "properties": { "category": "personal_service" }, "geometry": { "type": "Point", "coordinates": [ 236696.893131355580408, 898243.045935851405375 ] } },
{ "type": "Feature", "properties": { "category": "personal_service" }, "geometry": { "type": "Point", "coordinates": [ 234385.233543336682487, 899913.073669844772667 ] } },
{ "type": "Feature", "properties": { "category": "personal_service" }, "geometry": { "type": "Point", "coordinates": [ 225341.026998351910152, 898157.946767114568502 ] } },
{ "type": "Feature", "properties": { "category": "personal_service" }, "geometry": { "type": "Point", "coordinates": [ 225976.090436182101257, 900928.752550610806793 ] } },
{ "type": "Feature", "properties": { "category": "personal_service" }, "geometry": { "type": "Point", "coordinates": [ 228615.108895863319049, 898078.873536155908369 ] } },
{ "type": "Feature", "properties": { "category": "personal_service" }, "geometry": { "type": "Point", "coordinates": [ 225624.190041528228903, 900376.627615866949782 ] } },
{ "type": "Feature", "properties": { "category": "personal_service" }, "geometry": { "type": "Point", "coordinates": [ 230710.766700572974514, 893041.505206337431446 ] } },
{ "type": "Feature", "properties": { "category": "personal_service" }, "geometry": { "type": "Point", "coordinates": [ 229955.082561071525561, 892084.215294753783382 ] } },
{ "type": "Feature", "properties": { "category": "personal_service" }, "geometry": { "type": "Point", "coordinates": [ 238067.809945992776193, 902845.977512028883211 ] } },
{ "type": "Feature", "properties": { "category": "personal_service" }, "geometry": { "type": "Point", "coordinates": [ 229872.10528762609465, 898818.211834149318747 ] } },
{ "type": "Feature", "properties": { "category": "personal_service" }, "geometry": { "type": "Point", "coordinates": [ 237382.24318800700712, 898462.147964769974351 ] } },
{ "type": "Feature", "properties": { "category": "personal_service" }, "geometry": { "type": "Point", "coordinates": [ 233056.493454775365535, 896171.167785117868334 ] } },
{ "type": "Feature", "properties": { "category": "personal_service" }, "geometry": { "type": "Point", "coordinates": [ 236663.925591213366715, 900707.470597171224654 ] } },
{ "type": "Feature", "properties": { "category": "personal_service" }, "geometry": { "type": "Point", "coordinates": [ 234356.669205832120497, 902384.310619387542829 ] } },
{ "type": "Feature", "properties": { "category": "personal_service" }, "geometry": { "type": "Point", "coordinates": [ 235365.046113687276375, 894904.792421675054356 ] } },
{ "type": "Feature", "properties": { "category": "personal_service" }, "geometry": { "type": "Point", "coordinates": [ 238110.715546087682014, 898471.835852912161499 ] } },
{ "type": "Feature", "properties": { "category": "personal_service" }, "geometry": { "type": "Point", "coordinates": [ 240312.068934016890125, 907048.526247052359395 ] } },
{ "type": "Feature", "properties": { "category": "personal_service" }, "geometry": { "type": "Point", "coordinates": [ 240220.031208493717713, 888033.583400382776745 ] } },
{ "type": "Feature", "properties": { "category": "personal_service" }, "geometry": { "type": "Point", "coordinates": [ 241215.007144348870497, 889017.36312027880922 ] } },
{ "type": "Feature", "properties": { "category": "personal_service" }, "geometry": { "type": "Point", "coordinates": [ 236823.088640188740101, 900897.357971273944713 ] } },
{ "type": "Feature", "properties": { "category": "personal_service" }, "geometry": { "type": "Point", "coordinates": [ 225899.162901661911746, 902398.914524333318695 ] } },
{ "type": "Feature", "properties": { "category": "personal_service" }, "geometry": { "type": "Point", "coordinates": [ 233331.899186627939343, 890763.047851719427854 ] } },
{ "type": "Feature", "properties": { "category": "personal_service" }, "geometry": { "type": "Point", "coordinates": [ 227419.924949505308177, 889763.064022474805824 ] } },
{ "type": "Feature", "properties": { "category": "personal_service" }, "geometry": { "type": "Point", "coordinates": [ 226690.974815861991374, 905271.139006443321705 ] } },
{ "type": "Feature", "properties": { "category": "personal_service" }, "geometry": { "type": "Point", "coordinates": [ 227791.081599740020465, 903003.96572608302813 ] } },
{ "type": "Feature", "properties": { "category": "personal_service" }, "geometry": { "type": "Point", "coordinates": [ 232982.769241230562329, 896070.852365440805443 ] } },
{ "type": "Feature", "properties": { "category": "personal_service" }, "geometry": { "type": "Point", "coordinates": [ 240446.391100107633974, 904177.445975303999148 ] } },
{ "type": "Feature", "properties": { "category": "personal_service" }, "geometry": { "type": "Point", "coordinates": [ 235972.125176791363629, 903298.909129758831114 ] } },
{ "type": "Feature", "properties": { "category": "personal_service" }, "geometry": { "type": "Point", "coordinates": [ 230136.415682016551727, 903747.308050707681105 ] } },
{ "type": "Feature", "properties": { "category": "personal_service" }, "geometry": { "type": "Point", "coordinates": [ 228037.53923524991842, 892060.650733562419191 ] } },
{ "type": "Feature", "properties": { "category": "personal_service" }, "geometry": { "type": "Point", "coordinates": [ 239441.949444990372285, 906989.932426854385994 ] } },
{ "type": "Feature", "properties": { "category": "personal_service" }, "geometry": { "type": "Point", "coordinates": [ 233564.119795970764244, 892064.851494774920866 ] } },
{ "type": "Feature", "properties": { "category": "personal_service" }, "geometry": { "type": "Point", "coordinates": [ 240159.962298000144074, 887365.119433202198707 ] } },
{ "type": "Feature", "properties": { "category": "personal_service" }, "geometry": { "type": "Point", "coordinates": [ 235732.135340630804421, 903041.092521418817341 ] } },
{ "type": "Feature", "properties": { "category": "personal_service" }, "geometry": { "type": "Point", "coordinates": [ 236276.905644477228634, 900893.406213304493576 ] } },
{ "type": "Feature", "properties": { "category": "personal_service" }, "geometry": { "type": "Point", "coordinates": [ 219809.814190162840532, 904722.290473591885529 ] } },
{ "type": "Feature", "properties": { "category": "personal_service" }, "geometry": { "type": "Point", "coordinates": [ 243171.628573148424039, 912687.222297625383362 ] } },
{ "type": "Feature", "properties": { "category": "personal_service" }, "geometry": { "type": "Point", "coordinates": [ 242236.294801567506511, 902938.894652688875794 ] } },
{ "type": "Feature", "properties": { "category": "personal_service" }, "geometry": { "type": "Point", "coordinates": [ 237962.556718254607404, 898285.312088311067782 ] } },
{ "type": "Feature", "properties": { "category": "personal_service" }, "geometry": { "type": "Point", "coordinates": [ 224175.091122728219489, 900055.700517098652199 ] } },
{ "type": "Feature", "properties": { "category": "personal_service" }, "geometry": { "type": "Point", "coordinates": [ 236986.6407221116242, 899562.835991029627621 ] } },
{ "type": "Feature", "properties": { "category": "personal_service" }, "geometry": { "type": "Point", "coordinates": [ 227701.467704295471776, 888838.577055335626937 ] } },
{ "type": "Feature", "properties": { "category": "personal_service" }, "geometry": { "type": "Point", "coordinates": [ 232582.106903783569578, 900037.220595546532422 ] } },
{ "type": "Feature", "properties": { "category": "personal_service" }, "geometry": { "type": "Point", "coordinates": [ 246823.291638415947091, 913833.241848112549633 ] } },
{ "type": "Feature", "properties": { "category": "personal_service" }, "geometry": { "type": "Point", "coordinates": [ 234846.157992136257235, 900177.487799639697187 ] } },
{ "type": "Feature", "properties": { "category": "personal_service" }, "geometry": { "type": "Point", "coordinates": [ 236392.238043794874102, 900910.219997654552571 ] } },
{ "type": "Feature", "properties": { "category": "personal_service" }, "geometry": { "type": "Point", "coordinates": [ 236320.283372122474248, 900805.212054508505389 ] } },
{ "type": "Feature", "properties": { "category": "personal_service" }, "geometry": { "type": "Point", "coordinates": [ 239099.040776079025818, 891539.272795902565122 ] } },
{ "type": "Feature", "properties": { "category": "personal_service" }, "geometry": { "type": "Point", "coordinates": [ 219051.758562736038584, 902953.05633243417833 ] } },
{ "type": "Feature", "properties": { "category": "personal_service" }, "geometry": { "type": "Point", "coordinates": [ 235787.218243330629775, 894481.725945767713711 ] } },
{ "type": "Feature", "properties": { "category": "personal_service" }, "geometry": { "type": "Point", "coordinates": [ 224214.688064934161957, 896811.948677949258126 ] } },
{ "type": "Feature", "properties": { "category": "personal_service" }, "geometry": { "type": "Point", "coordinates": [ 243315.107112895115279, 888582.002781605813652 ] } },
{ "type": "Feature", "properties": { "category": "personal_service" }, "geometry": { "type": "Point", "coordinates": [ 226138.973147791461088, 901899.508398768142797 ] } },
{ "type": "Feature", "properties": { "category": "personal_service" }, "geometry": { "type": "Point", "coordinates": [ 233495.451008271222236, 891241.450838123215362 ] } },
{ "type": "Feature", "properties": { "category": "personal_service" }, "geometry": { "type": "Point", "coordinates": [ 221952.655260412837379, 902082.898709544213489 ] } },
{ "type": "Feature", "properties": { "category": "personal_service" }, "geometry": { "type": "Point", "coordinates": [ 235665.957391875766916, 897579.050077829393558 ] } },
{ "type": "Feature", "properties": { "category": "personal_service" }, "geometry": { "type": "Point", "coordinates": [ 234180.069424068497028, 902758.227739995112643 ] } },
{ "type": "Feature", "properties": { "category": "personal_service" }, "geometry": { "type": "Point", "coordinates": [ 235972.125176791363629, 903298.909129758831114 ] } },
{ "type": "Feature", "properties": { "category": "personal_service" }, "geometry": { "type": "Point", "coordinates": [ 235418.700053952925373, 912807.638196032145061 ] } },
{ "type": "Feature", "properties": { "category": "personal_service" }, "geometry": { "type": "Point", "coordinates": [ 231177.867450719932094, 898665.486206970526837 ] } },
{ "type": "Feature", "properties": { "category": "personal_service" }, "geometry": { "type": "Point", "coordinates": [ 240933.733539570413996, 887532.857236018870026 ] } },
{ "type": "Feature", "properties": { "category": "personal_service" }, "geometry": { "type": "Point", "coordinates": [ 234370.473814570141258, 902424.699596447171643 ] } },
{ "type": "Feature", "properties": { "category": "personal_service" }, "geometry": { "type": "Point", "coordinates": [ 236675.852606538130203, 901010.998527573421597 ] } },
{ "type": "Feature", "properties": { "category": "personal_service" }, "geometry": { "type": "Point", "coordinates": [ 228500.451485254889121, 887884.077693170751445 ] } },
{ "type": "Feature", "properties": { "category": "personal_service" }, "geometry": { "type": "Point", "coordinates": [ 234887.779583668685518, 899095.796483958140016 ] } },
{ "type": "Feature", "properties": { "category": "personal_service" }, "geometry": { "type": "Point", "coordinates": [ 239068.812253922282252, 911855.612786513520405 ] } },
{ "type": "Feature", "properties": { "category": "personal_service" }, "geometry": { "type": "Point", "coordinates": [ 234726.67606898379745, 894840.741220830008388 ] } },
{ "type": "Feature", "properties": { "category": "personal_service" }, "geometry": { "type": "Point", "coordinates": [ 246219.798408574366476, 913456.225067564984784 ] } },
{ "type": "Feature", "properties": { "category": "personal_service" }, "geometry": { "type": "Point", "coordinates": [ 246165.31362800070201, 914712.095776206813753 ] } },
{ "type": "Feature", "properties": { "category": "personal_service" }, "geometry": { "type": "Point", "coordinates": [ 228871.207162634585984, 890919.942835110123269 ] } },
{ "type": "Feature", "properties": { "category": "personal_service" }, "geometry": { "type": "Point", "coordinates": [ 224422.15197571425233, 900278.709216134971939 ] } },
{ "type": "Feature", "properties": { "category": "personal_service" }, "geometry": { "type": "Point", "coordinates": [ 222521.636607327905949, 899929.799578081117943 ] } },
{ "type": "Feature", "properties": { "category": "personal_service" }, "geometry": { "type": "Point", "coordinates": [ 236231.485401654790621, 900115.625153467757627 ] } },
{ "type": "Feature", "properties": { "category": "personal_service" }, "geometry": { "type": "Point", "coordinates": [ 236729.167317531711888, 908596.87078336707782 ] } },
{ "type": "Feature", "properties": { "category": "personal_service" }, "geometry": { "type": "Point", "coordinates": [ 225814.516977135674097, 904453.657925858162344 ] } },
{ "type": "Feature", "properties": { "category": "personal_service" }, "geometry": { "type": "Point", "coordinates": [ 235694.915352145035286, 901629.54023885121569 ] } },
{ "type": "Feature", "properties": { "category": "personal_service" }, "geometry": { "type": "Point", "coordinates": [ 240297.499999144056346, 907005.45466581499204 ] } },
{ "type": "Feature", "properties": { "category": "personal_service" }, "geometry": { "type": "Point", "coordinates": [ 228280.773839213885367, 899874.749589955550618 ] } },
{ "type": "Feature", "properties": { "category": "personal_service" }, "geometry": { "type": "Point", "coordinates": [ 235715.590672096644994, 903055.448606210178696 ] } },
{ "type": "Feature", "properties": { "category": "personal_service" }, "geometry": { "type": "Point", "coordinates": [ 237446.49345923124929, 909434.540026291972026 ] } },
{ "type": "Feature", "properties": { "category": "personal_service" }, "geometry": { "type": "Point", "coordinates": [ 237349.738876129093114, 906586.379126376006752 ] } },
{ "type": "Feature", "properties": { "category": "personal_service" }, "geometry": { "type": "Point", "coordinates": [ 236946.133796724694548, 901671.886609918787144 ] } },
{ "type": "Feature", "properties": { "category": "personal_service" }, "geometry": { "type": "Point", "coordinates": [ 228387.66193224984454, 890330.386220849468373 ] } },
{ "type": "Feature", "properties": { "category": "personal_service" }, "geometry": { "type": "Point", "coordinates": [ 231178.160457712452626, 902703.053246214753017 ] } },
{ "type": "Feature", "properties": { "category": "personal_service" }, "geometry": { "type": "Point", "coordinates": [ 221642.373000244115246, 903500.064793090918101 ] } },
{ "type": "Feature", "properties": { "category": "personal_service" }, "geometry": { "type": "Point", "coordinates": [ 220824.89770855079405, 899682.641282507451251 ] } },
{ "type": "Feature", "properties": { "category": "personal_service" }, "geometry": { "type": "Point", "coordinates": [ 227174.411499928246485, 892165.229630835819989 ] } },
{ "type": "Feature", "properties": { "category": "personal_service" }, "geometry": { "type": "Point", "coordinates": [ 236309.153410373139195, 907353.590419821441174 ] } },
{ "type": "Feature", "properties": { "category": "personal_service" }, "geometry": { "type": "Point", "coordinates": [ 235797.284788176824804, 901084.222496109781787 ] } },
{ "type": "Feature", "properties": { "category": "personal_service" }, "geometry": { "type": "Point", "coordinates": [ 233937.417884708411293, 903391.97603138582781 ] } },
{ "type": "Feature", "properties": { "category": "personal_service" }, "geometry": { "type": "Point", "coordinates": [ 226422.513265634013806, 908349.563467114232481 ] } },
{ "type": "Feature", "properties": { "category": "personal_service" }, "geometry": { "type": "Point", "coordinates": [ 232210.7901250498835, 903785.839246331248432 ] } },
{ "type": "Feature", "properties": { "category": "personal_service" }, "geometry": { "type": "Point", "coordinates": [ 241735.058033675362822, 906678.391437076963484 ] } },
{ "type": "Feature", "properties": { "category": "personal_service" }, "geometry": { "type": "Point", "coordinates": [ 239246.168978796340525, 891650.057626104447991 ] } },
{ "type": "Feature", "properties": { "category": "personal_service" }, "geometry": { "type": "Point", "coordinates": [ 238397.707297434157226, 889644.226902703871019 ] } },
{ "type": "Feature", "properties": { "category": "personal_service" }, "geometry": { "type": "Point", "coordinates": [ 231240.570944931241684, 898797.502338045509532 ] } },
{ "type": "Feature", "properties": { "category": "personal_service" }, "geometry": { "type": "Point", "coordinates": [ 243039.257191381620942, 911567.040946869179606 ] } },
{ "type": "Feature", "properties": { "category": "personal_service" }, "geometry": { "type": "Point", "coordinates": [ 226218.152088905946584, 903372.58515390381217 ] } },
{ "type": "Feature", "properties": { "category": "personal_service" }, "geometry": { "type": "Point", "coordinates": [ 236887.865275896008825, 906616.372553541208617 ] } },
{ "type": "Feature", "properties": { "category": "personal_service" }, "geometry": { "type": "Point", "coordinates": [ 236887.865275896008825, 906616.372553541208617 ] } },
{ "type": "Feature", "properties": { "category": "personal_service" }, "geometry": { "type": "Point", "coordinates": [ 241061.140820258995518, 888798.310329820145853 ] } },
{ "type": "Feature", "properties": { "category": "personal_service" }, "geometry": { "type": "Point", "coordinates": [ 235682.961233803303912, 891137.795621589641087 ] } },
{ "type": "Feature", "properties": { "category": "personal_service" }, "geometry": { "type": "Point", "coordinates": [ 234382.996869488852099, 902423.983326694346033 ] } },
{ "type": "Feature", "properties": { "category": "personal_service" }, "geometry": { "type": "Point", "coordinates": [ 241263.091359184938483, 889275.341598579543643 ] } },
{ "type": "Feature", "properties": { "category": "personal_service" }, "geometry": { "type": "Point", "coordinates": [ 232136.559253333427478, 907193.400940662366338 ] } },
{ "type": "Feature", "properties": { "category": "personal_service" }, "geometry": { "type": "Point", "coordinates": [ 235318.142771852377336, 892652.14545210218057 ] } },
{ "type": "Feature", "properties": { "category": "personal_service" }, "geometry": { "type": "Point", "coordinates": [ 231643.610336661688052, 903977.648546474869363 ] } },
{ "type": "Feature", "properties": { "category": "personal_service" }, "geometry": { "type": "Point", "coordinates": [ 228496.264582344156224, 900782.012522024218924 ] } },
{ "type": "Feature", "properties": { "category": "personal_service" }, "geometry": { "type": "Point", "coordinates": [ 233743.818573378259316, 896730.928548867581412 ] } },
{ "type": "Feature", "properties": { "category": "personal_service" }, "geometry": { "type": "Point", "coordinates": [ 230704.361963858129457, 906387.887762046302669 ] } },
{ "type": "Feature", "properties": { "category": "personal_service" }, "geometry": { "type": "Point", "coordinates": [ 235771.939367733837571, 896317.972655336023308 ] } },
{ "type": "Feature", "properties": { "category": "personal_service" }, "geometry": { "type": "Point", "coordinates": [ 227103.628156513907015, 888376.288013638579287 ] } },
{ "type": "Feature", "properties": { "category": "personal_service" }, "geometry": { "type": "Point", "coordinates": [ 237074.245103336201282, 901387.312114843749441 ] } },
{ "type": "Feature", "properties": { "category": "personal_service" }, "geometry": { "type": "Point", "coordinates": [ 231984.248793730395846, 901307.092764290515333 ] } },
{ "type": "Feature", "properties": { "category": "personal_service" }, "geometry": { "type": "Point", "coordinates": [ 231280.494266388646793, 889555.124459392973222 ] } },
{ "type": "Feature", "properties": { "category": "personal_service" }, "geometry": { "type": "Point", "coordinates": [ 236363.952929866383784, 908723.266630501719192 ] } },
{ "type": "Feature", "properties": { "category": "personal_service" }, "geometry": { "type": "Point", "coordinates": [ 246273.389823006407823, 913547.665764781064354 ] } },
{ "type": "Feature", "properties": { "category": "personal_service" }, "geometry": { "type": "Point", "coordinates": [ 228146.443231671029935, 887309.618060192093253 ] } },
{ "type": "Feature", "properties": { "category": "personal_service" }, "geometry": { "type": "Point", "coordinates": [ 235528.92167850738042, 909311.713244420709088 ] } },
{ "type": "Feature", "properties": { "category": "personal_service" }, "geometry": { "type": "Point", "coordinates": [ 236008.16397585280356, 899881.657913572154939 ] } },
{ "type": "Feature", "properties": { "category": "personal_service" }, "geometry": { "type": "Point", "coordinates": [ 233477.58715540371486, 891060.089902762556449 ] } },
{ "type": "Feature", "properties": { "category": "personal_service" }, "geometry": { "type": "Point", "coordinates": [ 236493.060303493519314, 895753.851878119749017 ] } },
{ "type": "Feature", "properties": { "category": "personal_service" }, "geometry": { "type": "Point", "coordinates": [ 236206.210986577410949, 900079.727774584433064 ] } },
{ "type": "Feature", "properties": { "category": "personal_service" }, "geometry": { "type": "Point", "coordinates": [ 236088.388947038882179, 901667.761782086570747 ] } },
{ "type": "Feature", "properties": { "category": "personal_service" }, "geometry": { "type": "Point", "coordinates": [ 233608.97230892549851, 903137.471054177498445 ] } },
{ "type": "Feature", "properties": { "category": "personal_service" }, "geometry": { "type": "Point", "coordinates": [ 228500.15940531596425, 892906.68601572397165 ] } },
{ "type": "Feature", "properties": { "category": "personal_service" }, "geometry": { "type": "Point", "coordinates": [ 235861.645304024685174, 901257.721624765312299 ] } },
{ "type": "Feature", "properties": { "category": "personal_service" }, "geometry": { "type": "Point", "coordinates": [ 235351.234936645661946, 893124.608603201922961 ] } },
{ "type": "Feature", "properties": { "category": "personal_service" }, "geometry": { "type": "Point", "coordinates": [ 234447.948260749835754, 897859.22260352934245 ] } },
{ "type": "Feature", "properties": { "category": "personal_service" }, "geometry": { "type": "Point", "coordinates": [ 218139.050751945906086, 905542.531122367479838 ] } },
{ "type": "Feature", "properties": { "category": "personal_service" }, "geometry": { "type": "Point", "coordinates": [ 234110.336761851620395, 897150.56942501058802 ] } },
{ "type": "Feature", "properties": { "category": "personal_service" }, "geometry": { "type": "Point", "coordinates": [ 241987.250200402195333, 888507.533552165376022 ] } },
{ "type": "Feature", "properties": { "category": "personal_service" }, "geometry": { "type": "Point", "coordinates": [ 237360.579438470886089, 908972.654872044688091 ] } },
{ "type": "Feature", "properties": { "category": "personal_service" }, "geometry": { "type": "Point", "coordinates": [ 236526.166443989321124, 900170.468054382246919 ] } },
{ "type": "Feature", "properties": { "category": "personal_service" }, "geometry": { "type": "Point", "coordinates": [ 236660.206246504792944, 892646.792631551390514 ] } },
{ "type": "Feature", "properties": { "category": "personal_service" }, "geometry": { "type": "Point", "coordinates": [ 233786.359608013939578, 903190.862138852011412 ] } },
{ "type": "Feature", "properties": { "category": "personal_service" }, "geometry": { "type": "Point", "coordinates": [ 235884.409638474142412, 908358.677961104782298 ] } },
{ "type": "Feature", "properties": { "category": "personal_service" }, "geometry": { "type": "Point", "coordinates": [ 237619.317538570903707, 890049.116190173546784 ] } },
{ "type": "Feature", "properties": { "category": "personal_service" }, "geometry": { "type": "Point", "coordinates": [ 225401.544190009881277, 904098.701259080786258 ] } },
{ "type": "Feature", "properties": { "category": "personal_service" }, "geometry": { "type": "Point", "coordinates": [ 232748.873283993423684, 896994.252804537303746 ] } },
{ "type": "Feature", "properties": { "category": "personal_service" }, "geometry": { "type": "Point", "coordinates": [ 235052.552003308141138, 900259.60114113218151 ] } },
{ "type": "Feature", "properties": { "category": "personal_service" }, "geometry": { "type": "Point", "coordinates": [ 234776.742167401505867, 898453.995175924035721 ] } },
{ "type": "Feature", "properties": { "category": "personal_service" }, "geometry": { "type": "Point", "coordinates": [ 233141.67957907228265, 902002.474036235362291 ] } },
{ "type": "Feature", "properties": { "category": "personal_service" }, "geometry": { "type": "Point", "coordinates": [ 229655.279200973163825, 900422.473585179774091 ] } },
{ "type": "Feature", "properties": { "category": "personal_service" }, "geometry": { "type": "Point", "coordinates": [ 230611.051105902821291, 893023.298414589604363 ] } },
{ "type": "Feature", "properties": { "category": "personal_service" }, "geometry": { "type": "Point", "coordinates": [ 230997.34754622465698, 898469.858252355828881 ] } },
{ "type": "Feature", "properties": { "category": "personal_service" }, "geometry": { "type": "Point", "coordinates": [ 237373.909489648038289, 906916.858587510883808 ] } },
{ "type": "Feature", "properties": { "category": "personal_service" }, "geometry": { "type": "Point", "coordinates": [ 232061.839262580848299, 892832.045443873736076 ] } },
{ "type": "Feature", "properties": { "category": "personal_service" }, "geometry": { "type": "Point", "coordinates": [ 237761.889748849673197, 908837.507396862027235 ] } },
{ "type": "Feature", "properties": { "category": "personal_service" }, "geometry": { "type": "Point", "coordinates": [ 223045.220605066540884, 895814.99586132587865 ] } },
{ "type": "Feature", "properties": { "category": "personal_service" }, "geometry": { "type": "Point", "coordinates": [ 232485.061556683242088, 899588.572963158134371 ] } },
{ "type": "Feature", "properties": { "category": "personal_service" }, "geometry": { "type": "Point", "coordinates": [ 234316.760628449643264, 899930.511434172512963 ] } },
{ "type": "Feature", "properties": { "category": "personal_service" }, "geometry": { "type": "Point", "coordinates": [ 236599.189931606902974, 901557.770541352685541 ] } },
{ "type": "Feature", "properties": { "category": "personal_service" }, "geometry": { "type": "Point", "coordinates": [ 241024.905441343871644, 888983.485086331842467 ] } },
{ "type": "Feature", "properties": { "category": "personal_service" }, "geometry": { "type": "Point", "coordinates": [ 245234.297554111341015, 912315.654459651559591 ] } },
{ "type": "Feature", "properties": { "category": "personal_service" }, "geometry": { "type": "Point", "coordinates": [ 230212.193535464932211, 900621.453308490454219 ] } },
{ "type": "Feature", "properties": { "category": "personal_service" }, "geometry": { "type": "Point", "coordinates": [ 232408.937218174600275, 902783.045936468057334 ] } },
{ "type": "Feature", "properties": { "category": "personal_service" }, "geometry": { "type": "Point", "coordinates": [ 234071.677241318160668, 899837.124388933531009 ] } },
{ "type": "Feature", "properties": { "category": "personal_service" }, "geometry": { "type": "Point", "coordinates": [ 221680.507146649761125, 892408.292785960715264 ] } },
{ "type": "Feature", "properties": { "category": "personal_service" }, "geometry": { "type": "Point", "coordinates": [ 229121.637510637578089, 900624.180324904853478 ] } },
{ "type": "Feature", "properties": { "category": "personal_service" }, "geometry": { "type": "Point", "coordinates": [ 221091.218981608166359, 899649.779154349933378 ] } },
{ "type": "Feature", "properties": { "category": "personal_service" }, "geometry": { "type": "Point", "coordinates": [ 236822.501057124201907, 901952.599275849759579 ] } },
{ "type": "Feature", "properties": { "category": "personal_service" }, "geometry": { "type": "Point", "coordinates": [ 236059.734520625701407, 902596.230535929324105 ] } },
{ "type": "Feature", "properties": { "category": "personal_service" }, "geometry": { "type": "Point", "coordinates": [ 233086.086093808466103, 896434.55934353149496 ] } },
{ "type": "Feature", "properties": { "category": "personal_service" }, "geometry": { "type": "Point", "coordinates": [ 246521.332984091975959, 912902.919146107509732 ] } },
{ "type": "Feature", "properties": { "category": "personal_service" }, "geometry": { "type": "Point", "coordinates": [ 239760.796577199595049, 915371.787870042957366 ] } },
{ "type": "Feature", "properties": { "category": "personal_service" }, "geometry": { "type": "Point", "coordinates": [ 235753.180663219885901, 912017.883542510913685 ] } },
{ "type": "Feature", "properties": { "category": "personal_service" }, "geometry": { "type": "Point", "coordinates": [ 234399.384147562552243, 899715.424424112192355 ] } },
{ "type": "Feature", "properties": { "category": "personal_service" }, "geometry": { "type": "Point", "coordinates": [ 238705.053384419938084, 891448.89981454773806 ] } },
{ "type": "Feature", "properties": { "category": "personal_service" }, "geometry": { "type": "Point", "coordinates": [ 235539.50879312097095, 891445.861232024617493 ] } },
{ "type": "Feature", "properties": { "category": "personal_service" }, "geometry": { "type": "Point", "coordinates": [ 236426.311319198575802, 906109.550923533504829 ] } },
{ "type": "Feature", "properties": { "category": "personal_service" }, "geometry": { "type": "Point", "coordinates": [ 230571.821511206449941, 905179.437516786158085 ] } },
{ "type": "Feature", "properties": { "category": "personal_service" }, "geometry": { "type": "Point", "coordinates": [ 235608.813795109337661, 908583.099921424756758 ] } },
{ "type": "Feature", "properties": { "category": "personal_service" }, "geometry": { "type": "Point", "coordinates": [ 236887.865275896008825, 906616.372553541208617 ] } },
{ "type": "Feature", "properties": { "category": "personal_service" }, "geometry": { "type": "Point", "coordinates": [ 238234.063842667965218, 889039.304946571122855 ] } },
{ "type": "Feature", "properties": { "category": "personal_service" }, "geometry": { "type": "Point", "coordinates": [ 230506.550336625485215, 892967.30641666345764 ] } },
{ "type": "Feature", "properties": { "category": "personal_service" }, "geometry": { "type": "Point", "coordinates": [ 246391.248487335891696, 914664.488258219789714 ] } },
{ "type": "Feature", "properties": { "category": "personal_service" }, "geometry": { "type": "Point", "coordinates": [ 221952.655260412837379, 902082.898709544213489 ] } },
{ "type": "Feature", "properties": { "category": "personal_service" }, "geometry": { "type": "Point", "coordinates": [ 221731.858950252673822, 892659.703977159340866 ] } },
{ "type": "Feature", "properties": { "category": "personal_service" }, "geometry": { "type": "Point", "coordinates": [ 234802.14456034055911, 902326.29880375158973 ] } },
{ "type": "Feature", "properties": { "category": "personal_service" }, "geometry": { "type": "Point", "coordinates": [ 235208.055200344620971, 900138.192755135009065 ] } },
{ "type": "Feature", "properties": { "category": "personal_service" }, "geometry": { "type": "Point", "coordinates": [ 226438.263073446549242, 901955.389585618395358 ] } },
{ "type": "Feature", "properties": { "category": "personal_service" }, "geometry": { "type": "Point", "coordinates": [ 243350.570126648090081, 912797.963411992765032 ] } },
{ "type": "Feature", "properties": { "category": "personal_service" }, "geometry": { "type": "Point", "coordinates": [ 236887.865275896008825, 906616.372553541208617 ] } },
{ "type": "Feature", "properties": { "category": "personal_service" }, "geometry": { "type": "Point", "coordinates": [ 225964.156982188345864, 901750.349311720812693 ] } },
{ "type": "Feature", "properties": { "category": "personal_service" }, "geometry": { "type": "Point", "coordinates": [ 235818.242017952143215, 895352.171159622375853 ] } },
{ "type": "Feature", "properties": { "category": "personal_service" }, "geometry": { "type": "Point", "coordinates": [ 230407.992480050452286, 905271.476972356438637 ] } },
{ "type": "Feature", "properties": { "category": "personal_service" }, "geometry": { "type": "Point", "coordinates": [ 240842.466010870295577, 908042.537618812755682 ] } },
{ "type": "Feature", "properties": { "category": "personal_service" }, "geometry": { "type": "Point", "coordinates": [ 230992.121228939708089, 904603.115125133888796 ] } },
{ "type": "Feature", "properties": { "category": "personal_service" }, "geometry": { "type": "Point", "coordinates": [ 235635.737764288845938, 891502.996776313753799 ] } },
{ "type": "Feature", "properties": { "category": "personal_service" }, "geometry": { "type": "Point", "coordinates": [ 247227.3233913127915, 913109.806167986709625 ] } },
{ "type": "Feature", "properties": { "category": "personal_service" }, "geometry": { "type": "Point", "coordinates": [ 233811.201623751083389, 899173.843352492316626 ] } },
{ "type": "Feature", "properties": { "category": "personal_service" }, "geometry": { "type": "Point", "coordinates": [ 222312.287246266962029, 903038.633064138470218 ] } },
{ "type": "Feature", "properties": { "category": "personal_service" }, "geometry": { "type": "Point", "coordinates": [ 236572.665496369940229, 895189.994049729430117 ] } },
{ "type": "Feature", "properties": { "category": "personal_service" }, "geometry": { "type": "Point", "coordinates": [ 233472.772098176414147, 904792.448370249010623 ] } },
{ "type": "Feature", "properties": { "category": "personal_service" }, "geometry": { "type": "Point", "coordinates": [ 230570.417453018511878, 899672.400448446511291 ] } },
{ "type": "Feature", "properties": { "category": "personal_service" }, "geometry": { "type": "Point", "coordinates": [ 225089.202456360129872, 897801.930960300611332 ] } },
{ "type": "Feature", "properties": { "category": "personal_service" }, "geometry": { "type": "Point", "coordinates": [ 227124.08950538712088, 892059.846760676940903 ] } },
{ "type": "Feature", "properties": { "category": "personal_service" }, "geometry": { "type": "Point", "coordinates": [ 235271.635467021900695, 909324.411601927364245 ] } },
{ "type": "Feature", "properties": { "category": "personal_service" }, "geometry": { "type": "Point", "coordinates": [ 236576.747828911000397, 893929.29293675115332 ] } },
{ "type": "Feature", "properties": { "category": "personal_service" }, "geometry": { "type": "Point", "coordinates": [ 237749.674360234435881, 905660.337565663037822 ] } },
{ "type": "Feature", "properties": { "category": "personal_service" }, "geometry": { "type": "Point", "coordinates": [ 238591.085455092048505, 886534.830269024940208 ] } },
{ "type": "Feature", "properties": { "category": "personal_service" }, "geometry": { "type": "Point", "coordinates": [ 236180.166016513365321, 901601.475694426335394 ] } },
{ "type": "Feature", "properties": { "category": "personal_service" }, "geometry": { "type": "Point", "coordinates": [ 230855.00732566579245, 899055.387021821574308 ] } },
{ "type": "Feature", "properties": { "category": "personal_service" }, "geometry": { "type": "Point", "coordinates": [ 235935.161254128615838, 895544.375451794476248 ] } },
{ "type": "Feature", "properties": { "category": "personal_service" }, "geometry": { "type": "Point", "coordinates": [ 231236.770048954349477, 906782.90090642310679 ] } },
{ "type": "Feature", "properties": { "category": "personal_service" }, "geometry": { "type": "Point", "coordinates": [ 245438.585965669422876, 914604.265081119956449 ] } },
{ "type": "Feature", "properties": { "category": "personal_service" }, "geometry": { "type": "Point", "coordinates": [ 227103.628156513907015, 888376.288013638579287 ] } },
{ "type": "Feature", "properties": { "category": "personal_service" }, "geometry": { "type": "Point", "coordinates": [ 223632.277342778892489, 902802.910590129788034 ] } },
{ "type": "Feature", "properties": { "category": "personal_service" }, "geometry": { "type": "Point", "coordinates": [ 240266.464366102969507, 906963.066217643208802 ] } },
{ "type": "Feature", "properties": { "category": "personal_service" }, "geometry": { "type": "Point", "coordinates": [ 234588.734388156677596, 907775.558888258063234 ] } },
{ "type": "Feature", "properties": { "category": "personal_service" }, "geometry": { "type": "Point", "coordinates": [ 235020.376929978636326, 907947.65092247154098 ] } },
{ "type": "Feature", "properties": { "category": "personal_service" }, "geometry": { "type": "Point", "coordinates": [ 228618.541410736710532, 902152.653753488324583 ] } },
{ "type": "Feature", "properties": { "category": "personal_service" }, "geometry": { "type": "Point", "coordinates": [ 227788.894123027537717, 903057.274547331733629 ] } },
{ "type": "Feature", "properties": { "category": "personal_service" }, "geometry": { "type": "Point", "coordinates": [ 221864.128844945807941, 906916.852146507939324 ] } },
{ "type": "Feature", "properties": { "category": "personal_service" }, "geometry": { "type": "Point", "coordinates": [ 221689.928604144399287, 892322.016199723351747 ] } },
{ "type": "Feature", "properties": { "category": "personal_service" }, "geometry": { "type": "Point", "coordinates": [ 235130.463737986458, 899935.975884847226553 ] } },
{ "type": "Feature", "properties": { "category": "personal_service" }, "geometry": { "type": "Point", "coordinates": [ 230172.705087833484868, 900550.638242027722299 ] } },
{ "type": "Feature", "properties": { "category": "personal_service" }, "geometry": { "type": "Point", "coordinates": [ 225720.301049481262453, 901916.957520885393023 ] } },
{ "type": "Feature", "properties": { "category": "personal_service" }, "geometry": { "type": "Point", "coordinates": [ 229198.300258520874195, 906497.540759355179034 ] } },
{ "type": "Feature", "properties": { "category": "personal_service" }, "geometry": { "type": "Point", "coordinates": [ 235916.564472924452275, 896473.44044108572416 ] } },
{ "type": "Feature", "properties": { "category": "personal_service" }, "geometry": { "type": "Point", "coordinates": [ 238382.163034976518247, 909069.475077331764624 ] } },
{ "type": "Feature", "properties": { "category": "personal_service" }, "geometry": { "type": "Point", "coordinates": [ 233820.826927117886953, 902480.681375957559794 ] } },
{ "type": "Feature", "properties": { "category": "personal_service" }, "geometry": { "type": "Point", "coordinates": [ 242517.60775065299822, 908735.962228333111852 ] } },
{ "type": "Feature", "properties": { "category": "personal_service" }, "geometry": { "type": "Point", "coordinates": [ 240297.499999144056346, 907005.45466581499204 ] } },
{ "type": "Feature", "properties": { "category": "personal_service" }, "geometry": { "type": "Point", "coordinates": [ 236098.879031985416077, 903088.843090189038776 ] } },
{ "type": "Feature", "properties": { "category": "personal_service" }, "geometry": { "type": "Point", "coordinates": [ 236098.879031985416077, 903088.843090189038776 ] } },
{ "type": "Feature", "properties": { "category": "personal_service" }, "geometry": { "type": "Point", "coordinates": [ 236793.082683257642202, 895815.174773551058024 ] } },
{ "type": "Feature", "properties": { "category": "personal_service" }, "geometry": { "type": "Point", "coordinates": [ 243239.091577994695399, 912964.008987011853606 ] } },
{ "type": "Feature", "properties": { "category": "personal_service" }, "geometry": { "type": "Point", "coordinates": [ 236098.879031985416077, 903088.843090189038776 ] } },
{ "type": "Feature", "properties": { "category": "personal_service" }, "geometry": { "type": "Point", "coordinates": [ 228569.23940793517977, 904674.70601657719817 ] } },
{ "type": "Feature", "properties": { "category": "personal_service" }, "geometry": { "type": "Point", "coordinates": [ 241730.337801538873464, 903648.777171510620974 ] } },
{ "type": "Feature", "properties": { "category": "personal_service" }, "geometry": { "type": "Point", "coordinates": [ 232291.752153595269192, 893055.249447647365741 ] } },
{ "type": "Feature", "properties": { "category": "personal_service" }, "geometry": { "type": "Point", "coordinates": [ 236320.283372122474248, 900805.212054508505389 ] } },
{ "type": "Feature", "properties": { "category": "personal_service" }, "geometry": { "type": "Point", "coordinates": [ 236556.757758053892758, 907080.619658379931934 ] } },
{ "type": "Feature", "properties": { "category": "personal_service" }, "geometry": { "type": "Point", "coordinates": [ 240817.344017274444923, 887633.704802415100858 ] } },
{ "type": "Feature", "properties": { "category": "personal_service" }, "geometry": { "type": "Point", "coordinates": [ 231068.430956600932404, 898329.215036098379642 ] } },
{ "type": "Feature", "properties": { "category": "personal_service" }, "geometry": { "type": "Point", "coordinates": [ 225737.146052665193565, 908285.812402583309449 ] } },
{ "type": "Feature", "properties": { "category": "personal_service" }, "geometry": { "type": "Point", "coordinates": [ 231329.371508143056417, 902519.558303343364969 ] } },
{ "type": "Feature", "properties": { "category": "personal_service" }, "geometry": { "type": "Point", "coordinates": [ 234409.124226507905405, 899072.332135938107967 ] } },
{ "type": "Feature", "properties": { "category": "personal_service" }, "geometry": { "type": "Point", "coordinates": [ 234846.157992136257235, 900177.487799639697187 ] } },
{ "type": "Feature", "properties": { "category": "personal_service" }, "geometry": { "type": "Point", "coordinates": [ 232760.865145894873422, 905925.428975220886059 ] } },
{ "type": "Feature", "properties": { "category": "personal_service" }, "geometry": { "type": "Point", "coordinates": [ 241144.505035223031882, 903786.058545508654788 ] } },
{ "type": "Feature", "properties": { "category": "personal_service" }, "geometry": { "type": "Point", "coordinates": [ 230198.097044257796369, 909010.38553515332751 ] } },
{ "type": "Feature", "properties": { "category": "personal_service" }, "geometry": { "type": "Point", "coordinates": [ 236969.380290073400829, 901919.158443904714659 ] } },
{ "type": "Feature", "properties": { "category": "personal_service" }, "geometry": { "type": "Point", "coordinates": [ 232562.108370054047555, 906481.344159733271226 ] } },
{ "type": "Feature", "properties": { "category": "personal_service" }, "geometry": { "type": "Point", "coordinates": [ 235504.832410670642275, 913209.298318556626327 ] } },
{ "type": "Feature", "properties": { "category": "personal_service" }, "geometry": { "type": "Point", "coordinates": [ 236620.937654357927386, 896053.314183927606791 ] } },
{ "type": "Feature", "properties": { "category": "personal_service" }, "geometry": { "type": "Point", "coordinates": [ 229375.79767121389159, 906216.918159752385691 ] } },
{ "type": "Feature", "properties": { "category": "personal_service" }, "geometry": { "type": "Point", "coordinates": [ 236239.754511020379141, 901052.389584856922738 ] } },
{ "type": "Feature", "properties": { "category": "personal_service" }, "geometry": { "type": "Point", "coordinates": [ 222873.941003958578221, 898135.268199951853603 ] } },
{ "type": "Feature", "properties": { "category": "personal_service" }, "geometry": { "type": "Point", "coordinates": [ 231948.203471104294294, 898000.148865257855505 ] } },
{ "type": "Feature", "properties": { "category": "personal_service" }, "geometry": { "type": "Point", "coordinates": [ 234445.139321402122732, 897204.519148229621351 ] } },
{ "type": "Feature", "properties": { "category": "personal_service" }, "geometry": { "type": "Point", "coordinates": [ 238364.116372624295764, 899501.573912748950534 ] } },
{ "type": "Feature", "properties": { "category": "personal_service" }, "geometry": { "type": "Point", "coordinates": [ 228476.04384644239326, 900689.402911282842979 ] } },
{ "type": "Feature", "properties": { "category": "personal_service" }, "geometry": { "type": "Point", "coordinates": [ 229876.22345002903603, 905694.626193225383759 ] } },
{ "type": "Feature", "properties": { "category": "personal_service" }, "geometry": { "type": "Point", "coordinates": [ 227699.495533816108946, 901479.948602654738352 ] } },
{ "type": "Feature", "properties": { "category": "personal_service" }, "geometry": { "type": "Point", "coordinates": [ 243298.606226296746172, 912009.296617705840617 ] } },
{ "type": "Feature", "properties": { "category": "personal_service" }, "geometry": { "type": "Point", "coordinates": [ 240625.58954077080125, 907376.68658606975805 ] } },
{ "type": "Feature", "properties": { "category": "personal_service" }, "geometry": { "type": "Point", "coordinates": [ 231675.885588720149826, 902444.579274354269728 ] } },
{ "type": "Feature", "properties": { "category": "personal_service" }, "geometry": { "type": "Point", "coordinates": [ 239169.425002367468551, 892691.86164122982882 ] } },
{ "type": "Feature", "properties": { "category": "personal_service" }, "geometry": { "type": "Point", "coordinates": [ 236405.627591499651317, 895443.493683218955994 ] } },
{ "type": "Feature", "properties": { "category": "personal_service" }, "geometry": { "type": "Point", "coordinates": [ 227034.460045738524059, 888185.084199029952288 ] } },
{ "type": "Feature", "properties": { "category": "personal_service" }, "geometry": { "type": "Point", "coordinates": [ 229200.071137344115414, 907100.929494675947353 ] } },
{ "type": "Feature", "properties": { "category": "personal_service" }, "geometry": { "type": "Point", "coordinates": [ 229290.454522336105583, 888108.359640262788162 ] } },
{ "type": "Feature", "properties": { "category": "personal_service" }, "geometry": { "type": "Point", "coordinates": [ 233226.908965957030887, 907993.806046943878755 ] } },
{ "type": "Feature", "properties": { "category": "personal_service" }, "geometry": { "type": "Point", "coordinates": [ 236159.380998420529068, 900101.702264179941267 ] } },
{ "type": "Feature", "properties": { "category": "personal_service" }, "geometry": { "type": "Point", "coordinates": [ 225995.933117739390582, 903981.244855603668839 ] } },
{ "type": "Feature", "properties": { "category": "personal_service" }, "geometry": { "type": "Point", "coordinates": [ 227001.110049781098496, 893991.760660704341717 ] } },
{ "type": "Feature", "properties": { "category": "personal_service" }, "geometry": { "type": "Point", "coordinates": [ 233477.58715540371486, 891060.089902762556449 ] } },
{ "type": "Feature", "properties": { "category": "personal_service" }, "geometry": { "type": "Point", "coordinates": [ 233608.97230892549851, 903137.471054177498445 ] } },
{ "type": "Feature", "properties": { "category": "personal_service" }, "geometry": { "type": "Point", "coordinates": [ 235817.815345489565516, 904941.19955271075014 ] } },
{ "type": "Feature", "properties": { "category": "personal_service" }, "geometry": { "type": "Point", "coordinates": [ 240024.177841742755845, 906522.359942032955587 ] } },
{ "type": "Feature", "properties": { "category": "personal_service" }, "geometry": { "type": "Point", "coordinates": [ 238193.068683961464558, 902878.537022397853434 ] } },
{ "type": "Feature", "properties": { "category": "personal_service" }, "geometry": { "type": "Point", "coordinates": [ 237759.058034709509229, 888117.033335955813527 ] } },
{ "type": "Feature", "properties": { "category": "personal_service" }, "geometry": { "type": "Point", "coordinates": [ 234942.291000913275639, 897081.121918951626867 ] } },
{ "type": "Feature", "properties": { "category": "personal_service" }, "geometry": { "type": "Point", "coordinates": [ 234160.323927614081185, 899873.321765323053114 ] } },
{ "type": "Feature", "properties": { "category": "personal_service" }, "geometry": { "type": "Point", "coordinates": [ 227959.945634895411786, 892033.350542029831558 ] } },
{ "type": "Feature", "properties": { "category": "personal_service" }, "geometry": { "type": "Point", "coordinates": [ 228469.969819885329343, 892642.536332388059236 ] } },
{ "type": "Feature", "properties": { "category": "personal_service" }, "geometry": { "type": "Point", "coordinates": [ 230295.042653013719246, 900514.0646496306872 ] } },
{ "type": "Feature", "properties": { "category": "personal_service" }, "geometry": { "type": "Point", "coordinates": [ 227174.411499928246485, 892165.229630835819989 ] } },
{ "type": "Feature", "properties": { "category": "personal_service" }, "geometry": { "type": "Point", "coordinates": [ 229285.371841640444472, 898737.655475884443149 ] } },
{ "type": "Feature", "properties": { "category": "personal_service" }, "geometry": { "type": "Point", "coordinates": [ 231337.277045775525039, 899139.27366591792088 ] } },
{ "type": "Feature", "properties": { "category": "personal_service" }, "geometry": { "type": "Point", "coordinates": [ 237547.133313229540363, 898681.294651603442617 ] } },
{ "type": "Feature", "properties": { "category": "personal_service" }, "geometry": { "type": "Point", "coordinates": [ 226751.304848396917805, 908170.971519203158095 ] } },
{ "type": "Feature", "properties": { "category": "personal_service" }, "geometry": { "type": "Point", "coordinates": [ 241374.842087506840471, 907655.874727476155385 ] } },
{ "type": "Feature", "properties": { "category": "personal_service" }, "geometry": { "type": "Point", "coordinates": [ 236799.060610937740421, 900766.159795301035047 ] } },
{ "type": "Feature", "properties": { "category": "personal_service" }, "geometry": { "type": "Point", "coordinates": [ 236238.138924655359006, 902499.510491049615666 ] } },
{ "type": "Feature", "properties": { "category": "personal_service" }, "geometry": { "type": "Point", "coordinates": [ 237433.133965851069661, 905828.261263304390013 ] } },
{ "type": "Feature", "properties": { "category": "personal_service" }, "geometry": { "type": "Point", "coordinates": [ 236320.283372122474248, 900805.212054508505389 ] } },
{ "type": "Feature", "properties": { "category": "personal_service" }, "geometry": { "type": "Point", "coordinates": [ 245130.19441416405607, 891112.847508184146136 ] } },
{ "type": "Feature", "properties": { "category": "personal_service" }, "geometry": { "type": "Point", "coordinates": [ 226365.687675755296368, 901671.979770595440641 ] } },
{ "type": "Feature", "properties": { "category": "personal_service" }, "geometry": { "type": "Point", "coordinates": [ 231169.900187349267071, 899254.161009844276123 ] } },
{ "type": "Feature", "properties": { "category": "personal_service" }, "geometry": { "type": "Point", "coordinates": [ 236022.50285266933497, 901022.392140747047961 ] } },
{ "type": "Feature", "properties": { "category": "personal_service" }, "geometry": { "type": "Point", "coordinates": [ 231462.279833310691174, 889166.837472217623144 ] } },
{ "type": "Feature", "properties": { "category": "personal_service" }, "geometry": { "type": "Point", "coordinates": [ 221060.89571734063793, 903497.519718157942407 ] } },
{ "type": "Feature", "properties": { "category": "personal_service" }, "geometry": { "type": "Point", "coordinates": [ 236464.096388464502525, 907314.293720278306864 ] } },
{ "type": "Feature", "properties": { "category": "personal_service" }, "geometry": { "type": "Point", "coordinates": [ 236040.426677876268514, 902667.221737876883708 ] } },
{ "type": "Feature", "properties": { "category": "personal_service" }, "geometry": { "type": "Point", "coordinates": [ 239887.998233777121641, 890959.327839559642598 ] } },
{ "type": "Feature", "properties": { "category": "personal_service" }, "geometry": { "type": "Point", "coordinates": [ 233204.956456236483064, 903340.711627545766532 ] } },
{ "type": "Feature", "properties": { "category": "personal_service" }, "geometry": { "type": "Point", "coordinates": [ 231169.160261092125438, 904879.373760165995918 ] } },
{ "type": "Feature", "properties": { "category": "personal_service" }, "geometry": { "type": "Point", "coordinates": [ 241215.007144348870497, 889017.36312027880922 ] } },
{ "type": "Feature", "properties": { "category": "personal_service" }, "geometry": { "type": "Point", "coordinates": [ 236540.405366534483619, 901773.400963150896132 ] } },
{ "type": "Feature", "properties": { "category": "personal_service" }, "geometry": { "type": "Point", "coordinates": [ 223168.025821682007518, 899951.33925946475938 ] } },
{ "type": "Feature", "properties": { "category": "personal_service" }, "geometry": { "type": "Point", "coordinates": [ 240943.32896820519818, 887926.677068316377699 ] } },
{ "type": "Feature", "properties": { "category": "personal_service" }, "geometry": { "type": "Point", "coordinates": [ 230677.577896354807308, 892897.961155754746869 ] } },
{ "type": "Feature", "properties": { "category": "personal_service" }, "geometry": { "type": "Point", "coordinates": [ 241215.007144348870497, 889017.36312027880922 ] } },
{ "type": "Feature", "properties": { "category": "personal_service" }, "geometry": { "type": "Point", "coordinates": [ 232919.245700289844535, 903538.863858699798584 ] } },
{ "type": "Feature", "properties": { "category": "personal_service" }, "geometry": { "type": "Point", "coordinates": [ 231675.885588720149826, 902444.579274354269728 ] } },
{ "type": "Feature", "properties": { "category": "personal_service" }, "geometry": { "type": "Point", "coordinates": [ 233819.954294285969809, 903431.731018970487639 ] } },
{ "type": "Feature", "properties": { "category": "personal_service" }, "geometry": { "type": "Point", "coordinates": [ 228978.792688084271504, 897343.256608011201024 ] } },
{ "type": "Feature", "properties": { "category": "personal_service" }, "geometry": { "type": "Point", "coordinates": [ 224673.409494189429097, 903758.761448433855549 ] } },
{ "type": "Feature", "properties": { "category": "personal_service" }, "geometry": { "type": "Point", "coordinates": [ 233505.386277701210929, 891753.669587448122911 ] } },
{ "type": "Feature", "properties": { "category": "personal_service" }, "geometry": { "type": "Point", "coordinates": [ 239395.098195769533049, 909881.309587087016553 ] } },
{ "type": "Feature", "properties": { "category": "personal_service" }, "geometry": { "type": "Point", "coordinates": [ 228469.969819885329343, 892642.536332388059236 ] } },
{ "type": "Feature", "properties": { "category": "personal_service" }, "geometry": { "type": "Point", "coordinates": [ 243373.085133456275798, 912535.172347632586025 ] } },
{ "type": "Feature", "properties": { "category": "personal_service" }, "geometry": { "type": "Point", "coordinates": [ 225979.339713797089644, 900651.515225787763484 ] } },
{ "type": "Feature", "properties": { "category": "personal_service" }, "geometry": { "type": "Point", "coordinates": [ 246313.570268175768433, 913353.426141890697181 ] } },
{ "type": "Feature", "properties": { "category": "personal_service" }, "geometry": { "type": "Point", "coordinates": [ 235300.158078541455325, 893606.202022075653076 ] } },
{ "type": "Feature", "properties": { "category": "personal_service" }, "geometry": { "type": "Point", "coordinates": [ 236757.249870627885684, 900569.332581767579541 ] } },
{ "type": "Feature", "properties": { "category": "personal_service" }, "geometry": { "type": "Point", "coordinates": [ 229705.602474938670639, 905898.731711761793122 ] } },
{ "type": "Feature", "properties": { "category": "personal_service" }, "geometry": { "type": "Point", "coordinates": [ 233843.570037150464486, 895872.782723690848798 ] } },
{ "type": "Feature", "properties": { "category": "personal_service" }, "geometry": { "type": "Point", "coordinates": [ 233505.31063994471333, 891769.55310308560729 ] } },
{ "type": "Feature", "properties": { "category": "personal_service" }, "geometry": { "type": "Point", "coordinates": [ 237789.691761860769475, 905490.934576542116702 ] } },
{ "type": "Feature", "properties": { "category": "personal_service" }, "geometry": { "type": "Point", "coordinates": [ 236347.859196131495992, 900491.114572180318646 ] } },
{ "type": "Feature", "properties": { "category": "personal_service" }, "geometry": { "type": "Point", "coordinates": [ 236094.451302241883241, 900327.079030131921172 ] } },
{ "type": "Feature", "properties": { "category": "personal_service" }, "geometry": { "type": "Point", "coordinates": [ 235820.701265534415143, 895354.960609919624403 ] } },
{ "type": "Feature", "properties": { "category": "personal_service" }, "geometry": { "type": "Point", "coordinates": [ 234703.341030672308989, 906934.696784436237067 ] } },
{ "type": "Feature", "properties": { "category": "personal_service" }, "geometry": { "type": "Point", "coordinates": [ 233587.267994578083744, 890896.1091585989343 ] } },
{ "type": "Feature", "properties": { "category": "personal_service" }, "geometry": { "type": "Point", "coordinates": [ 235933.192493582348106, 900443.995347899966873 ] } },
{ "type": "Feature", "properties": { "category": "personal_service" }, "geometry": { "type": "Point", "coordinates": [ 226218.152088905946584, 903372.58515390381217 ] } },
{ "type": "Feature", "properties": { "category": "personal_service" }, "geometry": { "type": "Point", "coordinates": [ 228824.911068273795536, 899994.702414444182068 ] } },
{ "type": "Feature", "properties": { "category": "personal_service" }, "geometry": { "type": "Point", "coordinates": [ 236320.283372122474248, 900805.212054508505389 ] } },
{ "type": "Feature", "properties": { "category": "personal_service" }, "geometry": { "type": "Point", "coordinates": [ 231793.263348544976907, 895866.545997946290299 ] } },
{ "type": "Feature", "properties": { "category": "personal_service" }, "geometry": { "type": "Point", "coordinates": [ 235374.264772996597458, 897726.420015891082585 ] } },
{ "type": "Feature", "properties": { "category": "personal_service" }, "geometry": { "type": "Point", "coordinates": [ 246035.24660976184532, 912655.776398925459944 ] } },
{ "type": "Feature", "properties": { "category": "personal_service" }, "geometry": { "type": "Point", "coordinates": [ 228245.431758928461932, 901636.075844052946195 ] } },
{ "type": "Feature", "properties": { "category": "personal_service" }, "geometry": { "type": "Point", "coordinates": [ 232899.727979977964424, 903521.333085141261108 ] } },
{ "type": "Feature", "properties": { "category": "personal_service" }, "geometry": { "type": "Point", "coordinates": [ 239606.096867562446278, 914842.828946471447125 ] } },
{ "type": "Feature", "properties": { "category": "personal_service" }, "geometry": { "type": "Point", "coordinates": [ 236090.36366702435771, 900160.440986045519821 ] } },
{ "type": "Feature", "properties": { "category": "personal_service" }, "geometry": { "type": "Point", "coordinates": [ 235564.563173707312671, 895919.70897848950699 ] } },
{ "type": "Feature", "properties": { "category": "personal_service" }, "geometry": { "type": "Point", "coordinates": [ 237641.687604198843474, 892946.328629874391481 ] } },
{ "type": "Feature", "properties": { "category": "personal_service" }, "geometry": { "type": "Point", "coordinates": [ 228097.955017066939035, 905204.53761642286554 ] } },
{ "type": "Feature", "properties": { "category": "personal_service" }, "geometry": { "type": "Point", "coordinates": [ 228079.311150160065154, 907416.265250812517479 ] } },
{ "type": "Feature", "properties": { "category": "personal_service" }, "geometry": { "type": "Point", "coordinates": [ 232504.71228285212419, 899971.881740806158632 ] } },
{ "type": "Feature", "properties": { "category": "personal_service" }, "geometry": { "type": "Point", "coordinates": [ 228166.258025386370718, 892256.658217988559045 ] } },
{ "type": "Feature", "properties": { "category": "personal_service" }, "geometry": { "type": "Point", "coordinates": [ 223695.131063217646442, 895784.277239759452641 ] } },
{ "type": "Feature", "properties": { "category": "personal_service" }, "geometry": { "type": "Point", "coordinates": [ 237343.368892636906821, 898488.5999941843329 ] } },
{ "type": "Feature", "properties": { "category": "personal_service" }, "geometry": { "type": "Point", "coordinates": [ 245205.290090137481457, 912809.226049066404812 ] } },
{ "type": "Feature", "properties": { "category": "personal_service" }, "geometry": { "type": "Point", "coordinates": [ 236098.879031985416077, 903088.843090189038776 ] } },
{ "type": "Feature", "properties": { "category": "personal_service" }, "geometry": { "type": "Point", "coordinates": [ 235783.250589130911976, 896395.562073900015093 ] } },
{ "type": "Feature", "properties": { "category": "personal_service" }, "geometry": { "type": "Point", "coordinates": [ 241082.207440667378251, 888879.296662998152897 ] } },
{ "type": "Feature", "properties": { "category": "personal_service" }, "geometry": { "type": "Point", "coordinates": [ 236887.865275896008825, 906616.372553541208617 ] } },
{ "type": "Feature", "properties": { "category": "personal_service" }, "geometry": { "type": "Point", "coordinates": [ 228340.983867033617571, 893110.42269454326015 ] } },
{ "type": "Feature", "properties": { "category": "personal_service" }, "geometry": { "type": "Point", "coordinates": [ 227785.358722958946601, 886317.175108162802644 ] } },
{ "type": "Feature", "properties": { "category": "personal_service" }, "geometry": { "type": "Point", "coordinates": [ 227103.628156513907015, 888376.288013638579287 ] } },
{ "type": "Feature", "properties": { "category": "personal_service" }, "geometry": { "type": "Point", "coordinates": [ 228533.42245370184537, 899888.54472045134753 ] } },
{ "type": "Feature", "properties": { "category": "personal_service" }, "geometry": { "type": "Point", "coordinates": [ 232671.745841801748611, 899666.081896647345275 ] } },
{ "type": "Feature", "properties": { "category": "personal_service" }, "geometry": { "type": "Point", "coordinates": [ 232319.681856466195313, 901345.394481459632516 ] } },
{ "type": "Feature", "properties": { "category": "personal_service" }, "geometry": { "type": "Point", "coordinates": [ 232084.015619424753822, 903848.462707308121026 ] } },
{ "type": "Feature", "properties": { "category": "personal_service" }, "geometry": { "type": "Point", "coordinates": [ 235910.099605696130311, 892862.855105704627931 ] } },
{ "type": "Feature", "properties": { "category": "personal_service" }, "geometry": { "type": "Point", "coordinates": [ 219093.918616436800221, 902925.40140089741908 ] } },
{ "type": "Feature", "properties": { "category": "personal_service" }, "geometry": { "type": "Point", "coordinates": [ 225899.162901661911746, 902398.914524333318695 ] } },
{ "type": "Feature", "properties": { "category": "personal_service" }, "geometry": { "type": "Point", "coordinates": [ 234496.473638863360975, 895712.672285052714869 ] } },
{ "type": "Feature", "properties": { "category": "personal_service" }, "geometry": { "type": "Point", "coordinates": [ 235217.433200027269777, 893327.87388862320222 ] } },
{ "type": "Feature", "properties": { "category": "personal_service" }, "geometry": { "type": "Point", "coordinates": [ 236972.012608136690687, 906909.621000215876848 ] } },
{ "type": "Feature", "properties": { "category": "personal_service" }, "geometry": { "type": "Point", "coordinates": [ 231333.857288078084821, 889430.957318310975097 ] } },
{ "type": "Feature", "properties": { "category": "personal_service" }, "geometry": { "type": "Point", "coordinates": [ 221502.247810837783618, 902734.530913414200768 ] } },
{ "type": "Feature", "properties": { "category": "personal_service" }, "geometry": { "type": "Point", "coordinates": [ 241354.663638679194264, 906554.285856779431924 ] } },
{ "type": "Feature", "properties": { "category": "personal_service" }, "geometry": { "type": "Point", "coordinates": [ 226865.062295972427819, 891157.807808641111478 ] } },
{ "type": "Feature", "properties": { "category": "personal_service" }, "geometry": { "type": "Point", "coordinates": [ 246477.882991240447154, 913589.340648256242275 ] } },
{ "type": "Feature", "properties": { "category": "personal_service" }, "geometry": { "type": "Point", "coordinates": [ 234680.295108053280273, 900062.257089584483765 ] } },
{ "type": "Feature", "properties": { "category": "personal_service" }, "geometry": { "type": "Point", "coordinates": [ 237422.368635205697501, 904403.168138445238583 ] } },
{ "type": "Feature", "properties": { "category": "personal_service" }, "geometry": { "type": "Point", "coordinates": [ 235603.480202145990916, 899352.753830603789538 ] } },
{ "type": "Feature", "properties": { "category": "personal_service" }, "geometry": { "type": "Point", "coordinates": [ 234809.206928796949796, 898521.691017457051203 ] } },
{ "type": "Feature", "properties": { "category": "personal_service" }, "geometry": { "type": "Point", "coordinates": [ 235686.067131638235878, 911596.434736584546044 ] } },
{ "type": "Feature", "properties": { "category": "personal_service" }, "geometry": { "type": "Point", "coordinates": [ 222584.591895532706985, 895207.025642121443525 ] } },
{ "type": "Feature", "properties": { "category": "personal_service" }, "geometry": { "type": "Point", "coordinates": [ 231140.831050003267592, 905326.229065163293853 ] } },
{ "type": "Feature", "properties": { "category": "personal_service" }, "geometry": { "type": "Point", "coordinates": [ 236049.881901871238369, 900149.680795091670007 ] } },
{ "type": "Feature", "properties": { "category": "personal_service" }, "geometry": { "type": "Point", "coordinates": [ 238734.963015912420815, 910465.140136321540922 ] } },
{ "type": "Feature", "properties": { "category": "personal_service" }, "geometry": { "type": "Point", "coordinates": [ 236210.884282582323067, 896452.512431165901944 ] } },
{ "type": "Feature", "properties": { "category": "personal_service" }, "geometry": { "type": "Point", "coordinates": [ 231407.486465375201078, 892955.831488949246705 ] } },
{ "type": "Feature", "properties": { "category": "personal_service" }, "geometry": { "type": "Point", "coordinates": [ 235458.793393373081926, 901293.776920431293547 ] } },
{ "type": "Feature", "properties": { "category": "personal_service" }, "geometry": { "type": "Point", "coordinates": [ 238456.569997258571675, 888672.300558847375214 ] } },
{ "type": "Feature", "properties": { "category": "personal_service" }, "geometry": { "type": "Point", "coordinates": [ 230330.259046913066413, 900180.983663409482688 ] } },
{ "type": "Feature", "properties": { "category": "personal_service" }, "geometry": { "type": "Point", "coordinates": [ 236005.106324406224303, 903291.302594338310882 ] } },
{ "type": "Feature", "properties": { "category": "personal_service" }, "geometry": { "type": "Point", "coordinates": [ 228871.207162634585984, 890919.942835110123269 ] } },
{ "type": "Feature", "properties": { "category": "personal_service" }, "geometry": { "type": "Point", "coordinates": [ 232218.116585866140667, 907644.201709137996659 ] } },
{ "type": "Feature", "properties": { "category": "personal_service" }, "geometry": { "type": "Point", "coordinates": [ 232384.123425765137654, 896296.666033776942641 ] } },
{ "type": "Feature", "properties": { "category": "personal_service" }, "geometry": { "type": "Point", "coordinates": [ 230851.348200413747691, 893144.310379938106053 ] } },
{ "type": "Feature", "properties": { "category": "personal_service" }, "geometry": { "type": "Point", "coordinates": [ 234591.530136128421873, 898879.174850469804369 ] } },
{ "type": "Feature", "properties": { "category": "personal_service" }, "geometry": { "type": "Point", "coordinates": [ 231966.932369580899831, 896527.351994382333942 ] } },
{ "type": "Feature", "properties": { "category": "personal_service" }, "geometry": { "type": "Point", "coordinates": [ 238122.98834580212133, 912394.817680307896808 ] } },
{ "type": "Feature", "properties": { "category": "personal_service" }, "geometry": { "type": "Point", "coordinates": [ 233948.758655803161673, 899629.147376957116649 ] } },
{ "type": "Feature", "properties": { "category": "personal_service" }, "geometry": { "type": "Point", "coordinates": [ 231142.814016260468634, 905231.820867024944164 ] } },
{ "type": "Feature", "properties": { "category": "personal_service" }, "geometry": { "type": "Point", "coordinates": [ 228407.462085065228166, 899924.134599232114851 ] } },
{ "type": "Feature", "properties": { "category": "personal_service" }, "geometry": { "type": "Point", "coordinates": [ 233416.231464138254523, 902813.868656636914238 ] } },
{ "type": "Feature", "properties": { "category": "personal_service" }, "geometry": { "type": "Point", "coordinates": [ 229833.344024404417723, 886961.790871463017538 ] } },
{ "type": "Feature", "properties": { "category": "personal_service" }, "geometry": { "type": "Point", "coordinates": [ 236631.856629768008133, 900853.704410614445806 ] } },
{ "type": "Feature", "properties": { "category": "personal_service" }, "geometry": { "type": "Point", "coordinates": [ 230131.904305604228284, 900516.695564163266681 ] } },
{ "type": "Feature", "properties": { "category": "personal_service" }, "geometry": { "type": "Point", "coordinates": [ 237978.404843753523892, 904849.136679754825309 ] } },
{ "type": "Feature", "properties": { "category": "personal_service" }, "geometry": { "type": "Point", "coordinates": [ 230376.049841342959553, 904852.238754061399959 ] } },
{ "type": "Feature", "properties": { "category": "personal_service" }, "geometry": { "type": "Point", "coordinates": [ 230103.094733118836302, 903759.383788200910203 ] } },
{ "type": "Feature", "properties": { "category": "personal_service" }, "geometry": { "type": "Point", "coordinates": [ 240580.724156432435848, 906808.363999239751138 ] } },
{ "type": "Feature", "properties": { "category": "personal_service" }, "geometry": { "type": "Point", "coordinates": [ 235188.260406581743155, 910001.359959143330343 ] } },
{ "type": "Feature", "properties": { "category": "personal_service" }, "geometry": { "type": "Point", "coordinates": [ 236491.229028511763318, 900075.870218048570678 ] } },
{ "type": "Feature", "properties": { "category": "personal_service" }, "geometry": { "type": "Point", "coordinates": [ 222856.977825792797375, 903272.425846729660407 ] } },
{ "type": "Feature", "properties": { "category": "personal_service" }, "geometry": { "type": "Point", "coordinates": [ 230155.700549624598352, 907903.629189637955278 ] } },
{ "type": "Feature", "properties": { "category": "personal_service" }, "geometry": { "type": "Point", "coordinates": [ 236728.537051020510262, 906577.881305284216069 ] } },
{ "type": "Feature", "properties": { "category": "personal_service" }, "geometry": { "type": "Point", "coordinates": [ 235347.124183492589509, 900090.905193365644664 ] } },
{ "type": "Feature", "properties": { "category": "personal_service" }, "geometry": { "type": "Point", "coordinates": [ 236476.437634247384267, 895112.073624150827527 ] } },
{ "type": "Feature", "properties": { "category": "personal_service" }, "geometry": { "type": "Point", "coordinates": [ 235302.815191372996196, 900136.446582115953788 ] } },
{ "type": "Feature", "properties": { "category": "personal_service" }, "geometry": { "type": "Point", "coordinates": [ 233559.628725535992999, 891104.0224652455654 ] } },
{ "type": "Feature", "properties": { "category": "personal_service" }, "geometry": { "type": "Point", "coordinates": [ 236042.716874944017036, 900229.398060272214934 ] } },
{ "type": "Feature", "properties": { "category": "personal_service" }, "geometry": { "type": "Point", "coordinates": [ 222650.770445725356694, 895036.514578515547328 ] } },
{ "type": "Feature", "properties": { "category": "personal_service" }, "geometry": { "type": "Point", "coordinates": [ 235600.155706429562997, 908570.281810769811273 ] } },
{ "type": "Feature", "properties": { "category": "personal_service" }, "geometry": { "type": "Point", "coordinates": [ 232889.656538900220767, 903878.292444239603356 ] } },
{ "type": "Feature", "properties": { "category": "personal_service" }, "geometry": { "type": "Point", "coordinates": [ 243844.355623633571668, 912484.338413955876604 ] } },
{ "type": "Feature", "properties": { "category": "personal_service" }, "geometry": { "type": "Point", "coordinates": [ 233805.580114068696275, 896058.098464334500022 ] } },
{ "type": "Feature", "properties": { "category": "personal_service" }, "geometry": { "type": "Point", "coordinates": [ 237847.376233402232174, 903464.050934154074639 ] } },
{ "type": "Feature", "properties": { "category": "personal_service" }, "geometry": { "type": "Point", "coordinates": [ 236111.97751799528487, 893703.627308481372893 ] } },
{ "type": "Feature", "properties": { "category": "personal_service" }, "geometry": { "type": "Point", "coordinates": [ 236081.675869373983005, 906276.278943875804543 ] } },
{ "type": "Feature", "properties": { "category": "personal_service" }, "geometry": { "type": "Point", "coordinates": [ 221732.528876217809739, 892202.519422213663347 ] } },
{ "type": "Feature", "properties": { "category": "personal_service" }, "geometry": { "type": "Point", "coordinates": [ 227605.206829843431478, 900486.32163418456912 ] } },
{ "type": "Feature", "properties": { "category": "personal_service" }, "geometry": { "type": "Point", "coordinates": [ 226067.514819483010797, 896623.301403581979685 ] } },
{ "type": "Feature", "properties": { "category": "personal_service" }, "geometry": { "type": "Point", "coordinates": [ 234785.584177189215552, 896733.450711556593888 ] } },
{ "type": "Feature", "properties": { "category": "personal_service" }, "geometry": { "type": "Point", "coordinates": [ 233554.175855636509368, 906762.380444340640679 ] } },
{ "type": "Feature", "properties": { "category": "personal_service" }, "geometry": { "type": "Point", "coordinates": [ 238754.524739337444771, 891273.782491685822606 ] } },
{ "type": "Feature", "properties": { "category": "personal_service" }, "geometry": { "type": "Point", "coordinates": [ 234356.669205832120497, 902384.310619387542829 ] } },
{ "type": "Feature", "properties": { "category": "personal_service" }, "geometry": { "type": "Point", "coordinates": [ 231240.570944931241684, 898797.502338045509532 ] } },
{ "type": "Feature", "properties": { "category": "personal_service" }, "geometry": { "type": "Point", "coordinates": [ 245285.282622928032652, 912304.541971240425482 ] } },
{ "type": "Feature", "properties": { "category": "personal_service" }, "geometry": { "type": "Point", "coordinates": [ 237542.700467695627594, 899757.949318201979622 ] } },
{ "type": "Feature", "properties": { "category": "personal_service" }, "geometry": { "type": "Point", "coordinates": [ 231037.873735987988766, 899239.580979167600162 ] } },
{ "type": "Feature", "properties": { "category": "personal_service" }, "geometry": { "type": "Point", "coordinates": [ 233533.966662800434278, 896138.994828716851771 ] } },
{ "type": "Feature", "properties": { "category": "personal_service" }, "geometry": { "type": "Point", "coordinates": [ 238498.06826569585246, 902379.236640708521008 ] } },
{ "type": "Feature", "properties": { "category": "personal_service" }, "geometry": { "type": "Point", "coordinates": [ 236558.367168312892318, 900315.814532820950262 ] } },
{ "type": "Feature", "properties": { "category": "personal_service" }, "geometry": { "type": "Point", "coordinates": [ 236688.659565841197036, 896820.100292022689246 ] } },
{ "type": "Feature", "properties": { "category": "personal_service" }, "geometry": { "type": "Point", "coordinates": [ 235426.600853891402949, 913213.679261437267996 ] } },
{ "type": "Feature", "properties": { "category": "personal_service" }, "geometry": { "type": "Point", "coordinates": [ 221068.098756123567, 906037.231253640027717 ] } },
{ "type": "Feature", "properties": { "category": "personal_service" }, "geometry": { "type": "Point", "coordinates": [ 234260.398100778606022, 906213.171459471224807 ] } },
{ "type": "Feature", "properties": { "category": "personal_service" }, "geometry": { "type": "Point", "coordinates": [ 230053.972292175487382, 900630.771824946627021 ] } },
{ "type": "Feature", "properties": { "category": "personal_service" }, "geometry": { "type": "Point", "coordinates": [ 229950.402651860495098, 886862.875836291117594 ] } },
{ "type": "Feature", "properties": { "category": "personal_service" }, "geometry": { "type": "Point", "coordinates": [ 228008.930375555850333, 891995.002100886194967 ] } },
{ "type": "Feature", "properties": { "category": "personal_service" }, "geometry": { "type": "Point", "coordinates": [ 229481.203313826350495, 906130.051910477341153 ] } },
{ "type": "Feature", "properties": { "category": "personal_service" }, "geometry": { "type": "Point", "coordinates": [ 245369.879532885563094, 912781.185175931779668 ] } },
{ "type": "Feature", "properties": { "category": "personal_service" }, "geometry": { "type": "Point", "coordinates": [ 236521.978477716795169, 897836.479633265174925 ] } },
{ "type": "Feature", "properties": { "category": "personal_service" }, "geometry": { "type": "Point", "coordinates": [ 240917.204023379279533, 911498.470700683072209 ] } },
{ "type": "Feature", "properties": { "category": "personal_service" }, "geometry": { "type": "Point", "coordinates": [ 221548.1578792151995, 892208.727919611963443 ] } },
{ "type": "Feature", "properties": { "category": "personal_service" }, "geometry": { "type": "Point", "coordinates": [ 231753.595062136417255, 894792.255526937777176 ] } },
{ "type": "Feature", "properties": { "category": "personal_service" }, "geometry": { "type": "Point", "coordinates": [ 227965.976931729790522, 889726.669510078849271 ] } },
{ "type": "Feature", "properties": { "category": "personal_service" }, "geometry": { "type": "Point", "coordinates": [ 226140.620197779819136, 901700.352220302447677 ] } },
{ "type": "Feature", "properties": { "category": "personal_service" }, "geometry": { "type": "Point", "coordinates": [ 236098.879031985416077, 903088.843090189038776 ] } },
{ "type": "Feature", "properties": { "category": "personal_service" }, "geometry": { "type": "Point", "coordinates": [ 224673.409494189429097, 903758.761448433855549 ] } },
{ "type": "Feature", "properties": { "category": "personal_service" }, "geometry": { "type": "Point", "coordinates": [ 234138.526153098093346, 898966.599658544524573 ] } },
{ "type": "Feature", "properties": { "category": "personal_service" }, "geometry": { "type": "Point", "coordinates": [ 235753.276094834756805, 900828.518650992191397 ] } },
{ "type": "Feature", "properties": { "category": "personal_service" }, "geometry": { "type": "Point", "coordinates": [ 236363.952929866383784, 908723.266630501719192 ] } },
{ "type": "Feature", "properties": { "category": "personal_service" }, "geometry": { "type": "Point", "coordinates": [ 236553.88762645656243, 906714.930654907366261 ] } },
{ "type": "Feature", "properties": { "category": "personal_service" }, "geometry": { "type": "Point", "coordinates": [ 236007.364649372873828, 905484.901640101801604 ] } },
{ "type": "Feature", "properties": { "category": "personal_service" }, "geometry": { "type": "Point", "coordinates": [ 235964.532372481131461, 893137.603184900828637 ] } },
{ "type": "Feature", "properties": { "category": "personal_service" }, "geometry": { "type": "Point", "coordinates": [ 236719.929594614368398, 900947.469811650924385 ] } },
{ "type": "Feature", "properties": { "category": "personal_service" }, "geometry": { "type": "Point", "coordinates": [ 236332.171450404071948, 894548.833434962201864 ] } },
{ "type": "Feature", "properties": { "category": "personal_service" }, "geometry": { "type": "Point", "coordinates": [ 233141.67957907228265, 902002.474036235362291 ] } },
{ "type": "Feature", "properties": { "category": "personal_service" }, "geometry": { "type": "Point", "coordinates": [ 231837.589651545626111, 896091.121675271890126 ] } },
{ "type": "Feature", "properties": { "category": "personal_service" }, "geometry": { "type": "Point", "coordinates": [ 226632.43394063677988, 886770.680623666499741 ] } },
{ "type": "Feature", "properties": { "category": "personal_service" }, "geometry": { "type": "Point", "coordinates": [ 227384.225908084597904, 907608.463325626100414 ] } },
{ "type": "Feature", "properties": { "category": "personal_service" }, "geometry": { "type": "Point", "coordinates": [ 239760.796577199595049, 915371.787870042957366 ] } },
{ "type": "Feature", "properties": { "category": "personal_service" }, "geometry": { "type": "Point", "coordinates": [ 233452.320528531214222, 891550.592257810058072 ] } },
{ "type": "Feature", "properties": { "category": "personal_service" }, "geometry": { "type": "Point", "coordinates": [ 224801.629997057723813, 903361.331557507393882 ] } },
{ "type": "Feature", "properties": { "category": "personal_service" }, "geometry": { "type": "Point", "coordinates": [ 229832.26142562716268, 905830.177629228099249 ] } },
{ "type": "Feature", "properties": { "category": "personal_service" }, "geometry": { "type": "Point", "coordinates": [ 226128.721048640785739, 908260.711128226830624 ] } },
{ "type": "Feature", "properties": { "category": "personal_service" }, "geometry": { "type": "Point", "coordinates": [ 224870.426238347776234, 893919.702191384276375 ] } },
{ "type": "Feature", "properties": { "category": "personal_service" }, "geometry": { "type": "Point", "coordinates": [ 235223.107135146070505, 895817.354508673772216 ] } },
{ "type": "Feature", "properties": { "category": "personal_service" }, "geometry": { "type": "Point", "coordinates": [ 235378.407092540932354, 899686.961212997790426 ] } },
{ "type": "Feature", "properties": { "category": "personal_service" }, "geometry": { "type": "Point", "coordinates": [ 234944.452633968030568, 902015.985757435439155 ] } },
{ "type": "Feature", "properties": { "category": "personal_service" }, "geometry": { "type": "Point", "coordinates": [ 236099.056618144968525, 893650.244198648259044 ] } },
{ "type": "Feature", "properties": { "category": "personal_service" }, "geometry": { "type": "Point", "coordinates": [ 236239.754511020379141, 901052.389584856922738 ] } },
{ "type": "Feature", "properties": { "category": "personal_service" }, "geometry": { "type": "Point", "coordinates": [ 229200.080800978350453, 900323.929900894174352 ] } },
{ "type": "Feature", "properties": { "category": "personal_service" }, "geometry": { "type": "Point", "coordinates": [ 236415.397570097935386, 900781.156041773152538 ] } },
{ "type": "Feature", "properties": { "category": "personal_service" }, "geometry": { "type": "Point", "coordinates": [ 232497.291844875231618, 899972.958200656110421 ] } },
{ "type": "Feature", "properties": { "category": "personal_service" }, "geometry": { "type": "Point", "coordinates": [ 238133.448030379862757, 898535.051341445068829 ] } },
{ "type": "Feature", "properties": { "category": "personal_service" }, "geometry": { "type": "Point", "coordinates": [ 237464.425658916996326, 898412.489435063791461 ] } },
{ "type": "Feature", "properties": { "category": "personal_service" }, "geometry": { "type": "Point", "coordinates": [ 232181.878318823408335, 907182.722760713542812 ] } },
{ "type": "Feature", "properties": { "category": "personal_service" }, "geometry": { "type": "Point", "coordinates": [ 239546.352859453618294, 890741.022748929914087 ] } },
{ "type": "Feature", "properties": { "category": "personal_service" }, "geometry": { "type": "Point", "coordinates": [ 231954.801814665494021, 907631.445919788675383 ] } },
{ "type": "Feature", "properties": { "category": "personal_service" }, "geometry": { "type": "Point", "coordinates": [ 237981.965854839567328, 902621.91132500115782 ] } },
{ "type": "Feature", "properties": { "category": "personal_service" }, "geometry": { "type": "Point", "coordinates": [ 231321.626158296247013, 903942.437439104076475 ] } },
{ "type": "Feature", "properties": { "category": "personal_service" }, "geometry": { "type": "Point", "coordinates": [ 237535.229416798742022, 906904.05639738868922 ] } },
{ "type": "Feature", "properties": { "category": "personal_service" }, "geometry": { "type": "Point", "coordinates": [ 235208.001796834723791, 895853.934276126208715 ] } },
{ "type": "Feature", "properties": { "category": "personal_service" }, "geometry": { "type": "Point", "coordinates": [ 237835.545320859906496, 904421.932618492515758 ] } },
{ "type": "Feature", "properties": { "category": "personal_service" }, "geometry": { "type": "Point", "coordinates": [ 240822.695507914759219, 907479.579347163322382 ] } },
{ "type": "Feature", "properties": { "category": "personal_service" }, "geometry": { "type": "Point", "coordinates": [ 237641.687604198843474, 892946.328629874391481 ] } },
{ "type": "Feature", "properties": { "category": "personal_service" }, "geometry": { "type": "Point", "coordinates": [ 236675.327138035383541, 893211.140238723019138 ] } },
{ "type": "Feature", "properties": { "category": "personal_service" }, "geometry": { "type": "Point", "coordinates": [ 235907.710380311385961, 892846.181441399850883 ] } },
{ "type": "Feature", "properties": { "category": "personal_service" }, "geometry": { "type": "Point", "coordinates": [ 232230.955074866884388, 903788.153320040320978 ] } },
{ "type": "Feature", "properties": { "category": "personal_service" }, "geometry": { "type": "Point", "coordinates": [ 228387.130772088537924, 902162.267316110432148 ] } },
{ "type": "Feature", "properties": { "category": "personal_service" }, "geometry": { "type": "Point", "coordinates": [ 236887.865275896008825, 906616.372553541208617 ] } },
{ "type": "Feature", "properties": { "category": "personal_service" }, "geometry": { "type": "Point", "coordinates": [ 243215.195566614333075, 903480.250856919563375 ] } },
{ "type": "Feature", "properties": { "category": "personal_service" }, "geometry": { "type": "Point", "coordinates": [ 222905.47836218890734, 903223.820655999821611 ] } },
{ "type": "Feature", "properties": { "category": "personal_service" }, "geometry": { "type": "Point", "coordinates": [ 233126.399569992383476, 904403.807497908826917 ] } },
{ "type": "Feature", "properties": { "category": "personal_service" }, "geometry": { "type": "Point", "coordinates": [ 243350.570126648090081, 912797.963411992765032 ] } },
{ "type": "Feature", "properties": { "category": "personal_service" }, "geometry": { "type": "Point", "coordinates": [ 223963.910554202535423, 900010.102048908825964 ] } },
{ "type": "Feature", "properties": { "category": "personal_service" }, "geometry": { "type": "Point", "coordinates": [ 222211.062781857297523, 894330.557379017700441 ] } },
{ "type": "Feature", "properties": { "category": "personal_service" }, "geometry": { "type": "Point", "coordinates": [ 236652.492843338754028, 901793.534603576408699 ] } },
{ "type": "Feature", "properties": { "category": "personal_service" }, "geometry": { "type": "Point", "coordinates": [ 240580.724156432435848, 906808.363999239751138 ] } },
{ "type": "Feature", "properties": { "category": "personal_service" }, "geometry": { "type": "Point", "coordinates": [ 233161.692560891766334, 903451.252531833131798 ] } },
{ "type": "Feature", "properties": { "category": "personal_service" }, "geometry": { "type": "Point", "coordinates": [ 227256.894244731694926, 892698.045929396292195 ] } },
{ "type": "Feature", "properties": { "category": "personal_service" }, "geometry": { "type": "Point", "coordinates": [ 235737.346971456689062, 911622.244309805100784 ] } },
{ "type": "Feature", "properties": { "category": "personal_service" }, "geometry": { "type": "Point", "coordinates": [ 236541.255405546689872, 901071.390321751357988 ] } },
{ "type": "Feature", "properties": { "category": "personal_service" }, "geometry": { "type": "Point", "coordinates": [ 235208.475472046935465, 891030.438597795902751 ] } },
{ "type": "Feature", "properties": { "category": "personal_service" }, "geometry": { "type": "Point", "coordinates": [ 231227.056796914723236, 898982.830422178260051 ] } },
{ "type": "Feature", "properties": { "category": "personal_service" }, "geometry": { "type": "Point", "coordinates": [ 238376.406972746452084, 909821.124506381573156 ] } },
{ "type": "Feature", "properties": { "category": "personal_service" }, "geometry": { "type": "Point", "coordinates": [ 236167.227872453862801, 903634.258054846897721 ] } },
{ "type": "Feature", "properties": { "category": "personal_service" }, "geometry": { "type": "Point", "coordinates": [ 247225.633098118531052, 913067.694659039960243 ] } },
{ "type": "Feature", "properties": { "category": "personal_service" }, "geometry": { "type": "Point", "coordinates": [ 239782.976662158820545, 891046.59474927012343 ] } },
{ "type": "Feature", "properties": { "category": "personal_service" }, "geometry": { "type": "Point", "coordinates": [ 225523.477072288573254, 899637.375173434382305 ] } },
{ "type": "Feature", "properties": { "category": "personal_service" }, "geometry": { "type": "Point", "coordinates": [ 228958.645299628551584, 898532.364123674225993 ] } },
{ "type": "Feature", "properties": { "category": "personal_service" }, "geometry": { "type": "Point", "coordinates": [ 235817.815345489565516, 904941.19955271075014 ] } },
{ "type": "Feature", "properties": { "category": "personal_service" }, "geometry": { "type": "Point", "coordinates": [ 228469.969819885329343, 892642.536332388059236 ] } },
{ "type": "Feature", "properties": { "category": "personal_service" }, "geometry": { "type": "Point", "coordinates": [ 243039.257191381620942, 911567.040946869179606 ] } },
{ "type": "Feature", "properties": { "category": "personal_service" }, "geometry": { "type": "Point", "coordinates": [ 236210.884282582323067, 896452.512431165901944 ] } },
{ "type": "Feature", "properties": { "category": "personal_service" }, "geometry": { "type": "Point", "coordinates": [ 229428.163209652440855, 887939.877742721233517 ] } },
{ "type": "Feature", "properties": { "category": "personal_service" }, "geometry": { "type": "Point", "coordinates": [ 226005.679151677788468, 901748.614557656343095 ] } },
{ "type": "Feature", "properties": { "category": "personal_service" }, "geometry": { "type": "Point", "coordinates": [ 238301.48481919898768, 898701.470965607790276 ] } },
{ "type": "Feature", "properties": { "category": "personal_service" }, "geometry": { "type": "Point", "coordinates": [ 235765.24949435950839, 911651.156393983168527 ] } },
{ "type": "Feature", "properties": { "category": "personal_service" }, "geometry": { "type": "Point", "coordinates": [ 229053.156769932509633, 888112.26358933316078 ] } },
{ "type": "Feature", "properties": { "category": "personal_service" }, "geometry": { "type": "Point", "coordinates": [ 232108.173470303067006, 897134.253786279354244 ] } },
{ "type": "Feature", "properties": { "category": "personal_service" }, "geometry": { "type": "Point", "coordinates": [ 223043.938857550529065, 892808.610961971571669 ] } },
{ "type": "Feature", "properties": { "category": "personal_service" }, "geometry": { "type": "Point", "coordinates": [ 235082.818981633230578, 900270.193504687631503 ] } },
{ "type": "Feature", "properties": { "category": "personal_service" }, "geometry": { "type": "Point", "coordinates": [ 232506.825733124394901, 895236.670965945580974 ] } },
{ "type": "Feature", "properties": { "category": "personal_service" }, "geometry": { "type": "Point", "coordinates": [ 235940.603616365900962, 903343.179264170117676 ] } },
{ "type": "Feature", "properties": { "category": "personal_service" }, "geometry": { "type": "Point", "coordinates": [ 226803.958694770524744, 903430.557297079940327 ] } },
{ "type": "Feature", "properties": { "category": "personal_service" }, "geometry": { "type": "Point", "coordinates": [ 245541.923867857141886, 912441.167677752557211 ] } },
{ "type": "Feature", "properties": { "category": "personal_service" }, "geometry": { "type": "Point", "coordinates": [ 225814.516977135674097, 904453.657925858162344 ] } },
{ "type": "Feature", "properties": { "category": "personal_service" }, "geometry": { "type": "Point", "coordinates": [ 233510.171374377590837, 908083.016547400038689 ] } },
{ "type": "Feature", "properties": { "category": "personal_service" }, "geometry": { "type": "Point", "coordinates": [ 224279.825312951084925, 903817.705287974793464 ] } },
{ "type": "Feature", "properties": { "category": "personal_service" }, "geometry": { "type": "Point", "coordinates": [ 228062.421612269477919, 899876.31801029923372 ] } },
{ "type": "Feature", "properties": { "category": "personal_service" }, "geometry": { "type": "Point", "coordinates": [ 231380.060520217637531, 891652.676422006101348 ] } },
{ "type": "Feature", "properties": { "category": "personal_service" }, "geometry": { "type": "Point", "coordinates": [ 235839.097896728577325, 908319.901740051689558 ] } },
{ "type": "Feature", "properties": { "category": "personal_service" }, "geometry": { "type": "Point", "coordinates": [ 234528.957282962888712, 900008.194515602546744 ] } },
{ "type": "Feature", "properties": { "category": "personal_service" }, "geometry": { "type": "Point", "coordinates": [ 234955.939749463461339, 898811.776328457868658 ] } },
{ "type": "Feature", "properties": { "category": "personal_service" }, "geometry": { "type": "Point", "coordinates": [ 236737.494082055112813, 900723.627935040276498 ] } },
{ "type": "Feature", "properties": { "category": "personal_service" }, "geometry": { "type": "Point", "coordinates": [ 225899.162901661911746, 902398.914524333318695 ] } },
{ "type": "Feature", "properties": { "category": "personal_service" }, "geometry": { "type": "Point", "coordinates": [ 234515.96065206109779, 900003.798635213053785 ] } },
{ "type": "Feature", "properties": { "category": "personal_service" }, "geometry": { "type": "Point", "coordinates": [ 236320.203286127827596, 900804.767327857203782 ] } },
{ "type": "Feature", "properties": { "category": "personal_service" }, "geometry": { "type": "Point", "coordinates": [ 238422.040942788822576, 902078.574782217619941 ] } },
{ "type": "Feature", "properties": { "category": "personal_service" }, "geometry": { "type": "Point", "coordinates": [ 233713.461479656340089, 906555.20300363493152 ] } },
{ "type": "Feature", "properties": { "category": "personal_service" }, "geometry": { "type": "Point", "coordinates": [ 235559.874837736046175, 899160.257447584648617 ] } },
{ "type": "Feature", "properties": { "category": "personal_service" }, "geometry": { "type": "Point", "coordinates": [ 235364.37685914823669, 911412.744722145376727 ] } },
{ "type": "Feature", "properties": { "category": "personal_service" }, "geometry": { "type": "Point", "coordinates": [ 229867.642714360612445, 892901.251430173171684 ] } },
{ "type": "Feature", "properties": { "category": "personal_service" }, "geometry": { "type": "Point", "coordinates": [ 231499.187660616560606, 889162.115229304530658 ] } },
{ "type": "Feature", "properties": { "category": "personal_service" }, "geometry": { "type": "Point", "coordinates": [ 228667.005803916166769, 899135.7618330323603 ] } },
{ "type": "Feature", "properties": { "category": "personal_service" }, "geometry": { "type": "Point", "coordinates": [ 236687.992638753203209, 897611.301301699131727 ] } },
{ "type": "Feature", "properties": { "category": "personal_service" }, "geometry": { "type": "Point", "coordinates": [ 237321.880521181825316, 909332.90428358502686 ] } },
{ "type": "Feature", "properties": { "category": "personal_service" }, "geometry": { "type": "Point", "coordinates": [ 235106.937092505977489, 900093.255710515193641 ] } },
{ "type": "Feature", "properties": { "category": "personal_service" }, "geometry": { "type": "Point", "coordinates": [ 237346.267659943609033, 909064.219857308082283 ] } },
{ "type": "Feature", "properties": { "category": "personal_service" }, "geometry": { "type": "Point", "coordinates": [ 241032.584719168720767, 888345.619946446386166 ] } },
{ "type": "Feature", "properties": { "category": "personal_service" }, "geometry": { "type": "Point", "coordinates": [ 234532.979940710880328, 908016.993792001507245 ] } },
{ "type": "Feature", "properties": { "category": "personal_service" }, "geometry": { "type": "Point", "coordinates": [ 232384.123425765137654, 896296.666033776942641 ] } },
{ "type": "Feature", "properties": { "category": "personal_service" }, "geometry": { "type": "Point", "coordinates": [ 235642.942563537508249, 891546.352976568625309 ] } },
{ "type": "Feature", "properties": { "category": "personal_service" }, "geometry": { "type": "Point", "coordinates": [ 232181.878318823408335, 907182.722760713542812 ] } },
{ "type": "Feature", "properties": { "category": "personal_service" }, "geometry": { "type": "Point", "coordinates": [ 234210.165650929120602, 899891.780969213461503 ] } },
{ "type": "Feature", "properties": { "category": "personal_service" }, "geometry": { "type": "Point", "coordinates": [ 232384.123425765137654, 896296.666033776942641 ] } },
{ "type": "Feature", "properties": { "category": "personal_service" }, "geometry": { "type": "Point", "coordinates": [ 240955.121777814871166, 887701.372647394426167 ] } },
{ "type": "Feature", "properties": { "category": "personal_service" }, "geometry": { "type": "Point", "coordinates": [ 229723.787155743077165, 887317.989019785192795 ] } },
{ "type": "Feature", "properties": { "category": "personal_service" }, "geometry": { "type": "Point", "coordinates": [ 226498.337779054098064, 887811.500282234046608 ] } },
{ "type": "Feature", "properties": { "category": "personal_service" }, "geometry": { "type": "Point", "coordinates": [ 230031.598794862336945, 899581.326473427121527 ] } },
{ "type": "Feature", "properties": { "category": "personal_service" }, "geometry": { "type": "Point", "coordinates": [ 237842.259938873437932, 902655.702857226948254 ] } },
{ "type": "Feature", "properties": { "category": "personal_service" }, "geometry": { "type": "Point", "coordinates": [ 239953.784865572757553, 906278.361074758577161 ] } },
{ "type": "Feature", "properties": { "category": "personal_service" }, "geometry": { "type": "Point", "coordinates": [ 238135.423417529265862, 898778.544713745475747 ] } },
{ "type": "Feature", "properties": { "category": "personal_service" }, "geometry": { "type": "Point", "coordinates": [ 233764.248059868870769, 908455.351393647724763 ] } },
{ "type": "Feature", "properties": { "category": "personal_service" }, "geometry": { "type": "Point", "coordinates": [ 232768.072417303978, 903092.065854862099513 ] } },
{ "type": "Feature", "properties": { "category": "personal_service" }, "geometry": { "type": "Point", "coordinates": [ 228925.673747841472505, 898514.122791565954685 ] } },
{ "type": "Feature", "properties": { "category": "personal_service" }, "geometry": { "type": "Point", "coordinates": [ 221017.676701160962693, 898148.911484975134954 ] } },
{ "type": "Feature", "properties": { "category": "personal_service" }, "geometry": { "type": "Point", "coordinates": [ 234988.995566716359463, 899653.909948739805259 ] } },
{ "type": "Feature", "properties": { "category": "personal_service" }, "geometry": { "type": "Point", "coordinates": [ 222389.960875752323773, 902544.251129390671849 ] } },
{ "type": "Feature", "properties": { "category": "personal_service" }, "geometry": { "type": "Point", "coordinates": [ 243922.686969761562068, 912545.145751392701641 ] } },
{ "type": "Feature", "properties": { "category": "personal_service" }, "geometry": { "type": "Point", "coordinates": [ 235415.048348693002481, 912765.297908591805026 ] } },
{ "type": "Feature", "properties": { "category": "personal_service" }, "geometry": { "type": "Point", "coordinates": [ 236546.696096479368862, 894316.794641556451097 ] } },
{ "type": "Feature", "properties": { "category": "personal_service" }, "geometry": { "type": "Point", "coordinates": [ 240917.204023379279533, 911498.470700683072209 ] } },
{ "type": "Feature", "properties": { "category": "personal_service" }, "geometry": { "type": "Point", "coordinates": [ 234770.201827666722238, 893224.680556123028509 ] } },
{ "type": "Feature", "properties": { "category": "personal_service" }, "geometry": { "type": "Point", "coordinates": [ 231788.709556027693907, 895050.111799488309771 ] } },
{ "type": "Feature", "properties": { "category": "personal_service" }, "geometry": { "type": "Point", "coordinates": [ 236140.095720884564798, 894009.23258888348937 ] } },
{ "type": "Feature", "properties": { "category": "personal_service" }, "geometry": { "type": "Point", "coordinates": [ 236663.925591213366715, 900707.470597171224654 ] } },
{ "type": "Feature", "properties": { "category": "personal_service" }, "geometry": { "type": "Point", "coordinates": [ 234021.638912084425101, 899280.382592019392177 ] } },
{ "type": "Feature", "properties": { "category": "personal_service" }, "geometry": { "type": "Point", "coordinates": [ 234590.620392908051144, 893835.937751942779869 ] } },
{ "type": "Feature", "properties": { "category": "personal_service" }, "geometry": { "type": "Point", "coordinates": [ 234717.606983871024568, 902582.24952933890745 ] } },
{ "type": "Feature", "properties": { "category": "personal_service" }, "geometry": { "type": "Point", "coordinates": [ 236887.865275896008825, 906616.372553541208617 ] } },
{ "type": "Feature", "properties": { "category": "personal_service" }, "geometry": { "type": "Point", "coordinates": [ 229617.932162320008501, 904238.179688859032467 ] } },
{ "type": "Feature", "properties": { "category": "personal_service" }, "geometry": { "type": "Point", "coordinates": [ 233280.771734342095442, 897920.357508557266556 ] } },
{ "type": "Feature", "properties": { "category": "personal_service" }, "geometry": { "type": "Point", "coordinates": [ 227407.479897261364385, 890712.709744634106755 ] } },
{ "type": "Feature", "properties": { "category": "personal_service" }, "geometry": { "type": "Point", "coordinates": [ 240277.812767401861493, 914417.878751719836146 ] } },
{ "type": "Feature", "properties": { "category": "personal_service" }, "geometry": { "type": "Point", "coordinates": [ 235868.433125920535531, 911805.641050200210884 ] } },
{ "type": "Feature", "properties": { "category": "personal_service" }, "geometry": { "type": "Point", "coordinates": [ 231036.254663065948989, 892733.031370914890431 ] } },
{ "type": "Feature", "properties": { "category": "personal_service" }, "geometry": { "type": "Point", "coordinates": [ 233854.633045794675127, 903600.959701413637958 ] } },
{ "type": "Feature", "properties": { "category": "personal_service" }, "geometry": { "type": "Point", "coordinates": [ 243844.355623633571668, 912484.338413955876604 ] } },
{ "type": "Feature", "properties": { "category": "personal_service" }, "geometry": { "type": "Point", "coordinates": [ 241215.007144348870497, 889017.36312027880922 ] } },
{ "type": "Feature", "properties": { "category": "personal_service" }, "geometry": { "type": "Point", "coordinates": [ 239478.443916270276532, 914997.17945119808428 ] } },
{ "type": "Feature", "properties": { "category": "personal_service" }, "geometry": { "type": "Point", "coordinates": [ 235520.266930361627601, 900181.751342227915302 ] } },
{ "type": "Feature", "properties": { "category": "personal_service" }, "geometry": { "type": "Point", "coordinates": [ 233555.918205106223468, 891536.090297965565696 ] } },
{ "type": "Feature", "properties": { "category": "personal_service" }, "geometry": { "type": "Point", "coordinates": [ 233745.056266260333359, 892692.186737069394439 ] } },
{ "type": "Feature", "properties": { "category": "personal_service" }, "geometry": { "type": "Point", "coordinates": [ 233452.320528531214222, 891550.592257810058072 ] } },
{ "type": "Feature", "properties": { "category": "personal_service" }, "geometry": { "type": "Point", "coordinates": [ 236372.43367051993846, 895309.696274303947575 ] } },
{ "type": "Feature", "properties": { "category": "personal_service" }, "geometry": { "type": "Point", "coordinates": [ 223862.884389445011038, 896056.42603897373192 ] } },
{ "type": "Feature", "properties": { "category": "personal_service" }, "geometry": { "type": "Point", "coordinates": [ 238562.616469136613887, 904439.327685841242783 ] } },
{ "type": "Feature", "properties": { "category": "personal_service" }, "geometry": { "type": "Point", "coordinates": [ 233590.226291619706899, 892177.274056430906057 ] } },
{ "type": "Feature", "properties": { "category": "personal_service" }, "geometry": { "type": "Point", "coordinates": [ 240293.243805260659428, 908349.166347538703121 ] } },
{ "type": "Feature", "properties": { "category": "personal_service" }, "geometry": { "type": "Point", "coordinates": [ 226682.077503494976554, 893682.418318972806446 ] } },
{ "type": "Feature", "properties": { "category": "personal_service" }, "geometry": { "type": "Point", "coordinates": [ 225621.592138672189321, 903099.242462917463854 ] } },
{ "type": "Feature", "properties": { "category": "personal_service" }, "geometry": { "type": "Point", "coordinates": [ 241215.007144348870497, 889017.36312027880922 ] } },
{ "type": "Feature", "properties": { "category": "personal_service" }, "geometry": { "type": "Point", "coordinates": [ 233034.009773815399967, 899709.318367424537428 ] } },
{ "type": "Feature", "properties": { "category": "personal_service" }, "geometry": { "type": "Point", "coordinates": [ 238811.644160020252457, 906981.976510595763102 ] } },
{ "type": "Feature", "properties": { "category": "personal_service" }, "geometry": { "type": "Point", "coordinates": [ 237980.216799105692189, 889636.963152457494289 ] } },
{ "type": "Feature", "properties": { "category": "personal_service" }, "geometry": { "type": "Point", "coordinates": [ 234261.717740449472331, 902448.49452575808391 ] } },
{ "type": "Feature", "properties": { "category": "personal_service" }, "geometry": { "type": "Point", "coordinates": [ 237439.695462420175318, 898367.260111078503542 ] } },
{ "type": "Feature", "properties": { "category": "personal_service" }, "geometry": { "type": "Point", "coordinates": [ 228029.830560437025269, 901374.735111189773306 ] } },
{ "type": "Feature", "properties": { "category": "personal_service" }, "geometry": { "type": "Point", "coordinates": [ 223706.905753251252463, 896424.338680414250121 ] } },
{ "type": "Feature", "properties": { "category": "personal_service" }, "geometry": { "type": "Point", "coordinates": [ 222665.535511937225237, 899943.036064180312678 ] } },
{ "type": "Feature", "properties": { "category": "personal_service" }, "geometry": { "type": "Point", "coordinates": [ 238765.9853478052828, 903233.795340093201958 ] } },
{ "type": "Feature", "properties": { "category": "personal_service" }, "geometry": { "type": "Point", "coordinates": [ 230690.838655317871599, 905489.088943601469509 ] } },
{ "type": "Feature", "properties": { "category": "personal_service" }, "geometry": { "type": "Point", "coordinates": [ 240761.454841751547065, 905878.117623544763774 ] } },
{ "type": "Feature", "properties": { "category": "personal_service" }, "geometry": { "type": "Point", "coordinates": [ 222176.946617920330027, 903438.751069603138603 ] } },
{ "type": "Feature", "properties": { "category": "personal_service" }, "geometry": { "type": "Point", "coordinates": [ 244187.253133089980111, 911896.313344882568344 ] } },
{ "type": "Feature", "properties": { "category": "personal_service" }, "geometry": { "type": "Point", "coordinates": [ 241513.373463349940721, 888660.118401979096234 ] } },
{ "type": "Feature", "properties": { "category": "personal_service" }, "geometry": { "type": "Point", "coordinates": [ 220557.135895879619056, 902911.647433051490225 ] } },
{ "type": "Feature", "properties": { "category": "personal_service" }, "geometry": { "type": "Point", "coordinates": [ 236270.7722319153836, 901044.218759360839613 ] } },
{ "type": "Feature", "properties": { "category": "personal_service" }, "geometry": { "type": "Point", "coordinates": [ 230974.234986981929978, 899095.454982843366452 ] } },
{ "type": "Feature", "properties": { "category": "personal_service" }, "geometry": { "type": "Point", "coordinates": [ 234752.497845450881869, 913012.360752907581627 ] } },
{ "type": "Feature", "properties": { "category": "personal_service" }, "geometry": { "type": "Point", "coordinates": [ 235229.593152318440843, 909946.249367849319242 ] } },
{ "type": "Feature", "properties": { "category": "personal_service" }, "geometry": { "type": "Point", "coordinates": [ 235996.571435915306211, 893129.991702576284297 ] } },
{ "type": "Feature", "properties": { "category": "personal_service" }, "geometry": { "type": "Point", "coordinates": [ 231872.702613183122594, 902216.315158641664311 ] } },
{ "type": "Feature", "properties": { "category": "personal_service" }, "geometry": { "type": "Point", "coordinates": [ 221801.835550604359014, 905851.082120492937975 ] } },
{ "type": "Feature", "properties": { "category": "personal_service" }, "geometry": { "type": "Point", "coordinates": [ 234793.40093347421498, 893203.135357187478803 ] } },
{ "type": "Feature", "properties": { "category": "personal_service" }, "geometry": { "type": "Point", "coordinates": [ 239099.040776079025818, 891539.272795902565122 ] } },
{ "type": "Feature", "properties": { "category": "personal_service" }, "geometry": { "type": "Point", "coordinates": [ 221664.193981981166871, 891598.725170126883313 ] } },
{ "type": "Feature", "properties": { "category": "personal_service" }, "geometry": { "type": "Point", "coordinates": [ 221534.210732476174599, 893962.346627557766624 ] } },
{ "type": "Feature", "properties": { "category": "personal_service" }, "geometry": { "type": "Point", "coordinates": [ 245416.02205606244388, 911954.924355717841536 ] } },
{ "type": "Feature", "properties": { "category": "personal_service" }, "geometry": { "type": "Point", "coordinates": [ 234536.389228841464501, 904830.144486855017021 ] } },
{ "type": "Feature", "properties": { "category": "personal_service" }, "geometry": { "type": "Point", "coordinates": [ 226682.077503494976554, 893682.418318972806446 ] } },
{ "type": "Feature", "properties": { "category": "personal_service" }, "geometry": { "type": "Point", "coordinates": [ 237439.87152916775085, 907621.344676830573007 ] } },
{ "type": "Feature", "properties": { "category": "personal_service" }, "geometry": { "type": "Point", "coordinates": [ 240953.930539465596667, 888090.575753352371976 ] } },
{ "type": "Feature", "properties": { "category": "personal_service" }, "geometry": { "type": "Point", "coordinates": [ 237980.121226889139507, 904836.260770502500236 ] } },
{ "type": "Feature", "properties": { "category": "personal_service" }, "geometry": { "type": "Point", "coordinates": [ 228135.112714517890709, 902299.323386249830946 ] } },
{ "type": "Feature", "properties": { "category": "personal_service" }, "geometry": { "type": "Point", "coordinates": [ 232323.37804469440016, 906072.025251780403778 ] } },
{ "type": "Feature", "properties": { "category": "personal_service" }, "geometry": { "type": "Point", "coordinates": [ 228469.969819885329343, 892642.536332388059236 ] } },
{ "type": "Feature", "properties": { "category": "personal_service" }, "geometry": { "type": "Point", "coordinates": [ 236687.179386002215324, 892598.948205644730479 ] } },
{ "type": "Feature", "properties": { "category": "personal_service" }, "geometry": { "type": "Point", "coordinates": [ 222166.441371371882269, 902331.161882745567709 ] } },
{ "type": "Feature", "properties": { "category": "personal_service" }, "geometry": { "type": "Point", "coordinates": [ 222181.552789803827181, 898978.2323998400243 ] } },
{ "type": "Feature", "properties": { "category": "personal_service" }, "geometry": { "type": "Point", "coordinates": [ 235479.350612476060633, 900175.324285409296863 ] } },
{ "type": "Feature", "properties": { "category": "personal_service" }, "geometry": { "type": "Point", "coordinates": [ 233163.426567365502706, 897968.899115749169141 ] } },
{ "type": "Feature", "properties": { "category": "personal_service" }, "geometry": { "type": "Point", "coordinates": [ 240136.940447277418571, 906683.069698230712675 ] } },
{ "type": "Feature", "properties": { "category": "personal_service" }, "geometry": { "type": "Point", "coordinates": [ 243983.322506306663854, 910875.749229555949569 ] } },
{ "type": "Feature", "properties": { "category": "personal_service" }, "geometry": { "type": "Point", "coordinates": [ 221676.963138075254392, 902191.454046234488487 ] } },
{ "type": "Feature", "properties": { "category": "personal_service" }, "geometry": { "type": "Point", "coordinates": [ 226498.337779054098064, 887811.500282234046608 ] } },
{ "type": "Feature", "properties": { "category": "personal_service" }, "geometry": { "type": "Point", "coordinates": [ 237904.908476632612292, 902707.025746600236744 ] } },
{ "type": "Feature", "properties": { "category": "personal_service" }, "geometry": { "type": "Point", "coordinates": [ 227245.192891923652496, 888774.483064408297651 ] } },
{ "type": "Feature", "properties": { "category": "personal_service" }, "geometry": { "type": "Point", "coordinates": [ 220303.479948850290384, 899630.353448242181912 ] } },
{ "type": "Feature", "properties": { "category": "personal_service" }, "geometry": { "type": "Point", "coordinates": [ 233324.733260840526782, 907861.529642335488461 ] } },
{ "type": "Feature", "properties": { "category": "personal_service" }, "geometry": { "type": "Point", "coordinates": [ 235857.27257918898249, 907226.747561718919314 ] } },
{ "type": "Feature", "properties": { "category": "personal_service" }, "geometry": { "type": "Point", "coordinates": [ 235795.468387129309122, 899338.067035153741017 ] } },
{ "type": "Feature", "properties": { "category": "personal_service" }, "geometry": { "type": "Point", "coordinates": [ 232952.472640673513524, 902424.458894334267825 ] } },
{ "type": "Feature", "properties": { "category": "personal_service" }, "geometry": { "type": "Point", "coordinates": [ 234971.147319177165627, 900226.982965814764611 ] } },
{ "type": "Feature", "properties": { "category": "personal_service" }, "geometry": { "type": "Point", "coordinates": [ 238255.53078440646641, 904686.909995446680114 ] } },
{ "type": "Feature", "properties": { "category": "personal_service" }, "geometry": { "type": "Point", "coordinates": [ 223618.392347208369756, 895804.346029293490574 ] } },
{ "type": "Feature", "properties": { "category": "personal_service" }, "geometry": { "type": "Point", "coordinates": [ 231176.336422494408907, 900199.459531523636542 ] } },
{ "type": "Feature", "properties": { "category": "personal_service" }, "geometry": { "type": "Point", "coordinates": [ 239606.096867562446278, 914842.828946471447125 ] } },
{ "type": "Feature", "properties": { "category": "personal_service" }, "geometry": { "type": "Point", "coordinates": [ 235620.726967804977903, 913205.442648585187271 ] } },
{ "type": "Feature", "properties": { "category": "personal_service" }, "geometry": { "type": "Point", "coordinates": [ 237740.028559327125549, 899514.856679003918543 ] } },
{ "type": "Feature", "properties": { "category": "personal_service" }, "geometry": { "type": "Point", "coordinates": [ 234736.644865973561537, 902363.296980025246739 ] } },
{ "type": "Feature", "properties": { "category": "personal_service" }, "geometry": { "type": "Point", "coordinates": [ 230217.950906237703748, 900623.699617772828788 ] } },
{ "type": "Feature", "properties": { "category": "personal_service" }, "geometry": { "type": "Point", "coordinates": [ 231461.222945933579467, 898087.369681708863936 ] } },
{ "type": "Feature", "properties": { "category": "personal_service" }, "geometry": { "type": "Point", "coordinates": [ 235561.930456238391344, 910007.464620605227537 ] } },
{ "type": "Feature", "properties": { "category": "personal_service" }, "geometry": { "type": "Point", "coordinates": [ 236320.283372122474248, 900805.212054508505389 ] } },
{ "type": "Feature", "properties": { "category": "personal_service" }, "geometry": { "type": "Point", "coordinates": [ 231329.371508143056417, 902519.558303343364969 ] } },
{ "type": "Feature", "properties": { "category": "personal_service" }, "geometry": { "type": "Point", "coordinates": [ 229915.024125332565745, 892038.392675383132882 ] } },
{ "type": "Feature", "properties": { "category": "personal_service" }, "geometry": { "type": "Point", "coordinates": [ 240486.918555051612202, 907501.961367874289863 ] } },
{ "type": "Feature", "properties": { "category": "personal_service" }, "geometry": { "type": "Point", "coordinates": [ 227687.873337192751933, 903007.445904283667915 ] } },
{ "type": "Feature", "properties": { "category": "personal_service" }, "geometry": { "type": "Point", "coordinates": [ 235686.067131638235878, 911596.434736584546044 ] } },
{ "type": "Feature", "properties": { "category": "personal_service" }, "geometry": { "type": "Point", "coordinates": [ 244321.792398678109748, 912981.763451225589961 ] } },
{ "type": "Feature", "properties": { "category": "personal_service" }, "geometry": { "type": "Point", "coordinates": [ 235753.180663219885901, 912017.883542510913685 ] } },
{ "type": "Feature", "properties": { "category": "personal_service" }, "geometry": { "type": "Point", "coordinates": [ 224598.912267300242092, 901139.619908457738347 ] } },
{ "type": "Feature", "properties": { "category": "personal_service" }, "geometry": { "type": "Point", "coordinates": [ 228259.442556569352746, 890146.484691125806421 ] } },
{ "type": "Feature", "properties": { "category": "personal_service" }, "geometry": { "type": "Point", "coordinates": [ 241922.690195429808227, 887887.566448638914153 ] } },
{ "type": "Feature", "properties": { "category": "personal_service" }, "geometry": { "type": "Point", "coordinates": [ 236187.900735428789631, 908856.763587208464742 ] } },
{ "type": "Feature", "properties": { "category": "personal_service" }, "geometry": { "type": "Point", "coordinates": [ 228205.334518322546501, 902349.47895334858913 ] } },
{ "type": "Feature", "properties": { "category": "personal_service" }, "geometry": { "type": "Point", "coordinates": [ 237076.802898610068951, 898716.009063621982932 ] } },
{ "type": "Feature", "properties": { "category": "personal_service" }, "geometry": { "type": "Point", "coordinates": [ 231068.430956600932404, 898329.215036098379642 ] } },
{ "type": "Feature", "properties": { "category": "personal_service" }, "geometry": { "type": "Point", "coordinates": [ 225640.579475209902739, 904102.013541305204853 ] } },
{ "type": "Feature", "properties": { "category": "personal_service" }, "geometry": { "type": "Point", "coordinates": [ 239334.03311739617493, 911102.077395629603416 ] } },
{ "type": "Feature", "properties": { "category": "personal_service" }, "geometry": { "type": "Point", "coordinates": [ 228222.621013892872725, 901921.454165172763169 ] } },
{ "type": "Feature", "properties": { "category": "personal_service" }, "geometry": { "type": "Point", "coordinates": [ 237537.455467486550333, 893004.642280737753026 ] } },
{ "type": "Feature", "properties": { "category": "personal_service" }, "geometry": { "type": "Point", "coordinates": [ 243235.168888453074032, 911785.520635133842006 ] } },
{ "type": "Feature", "properties": { "category": "personal_service" }, "geometry": { "type": "Point", "coordinates": [ 236934.822831857192796, 906124.203952067298815 ] } },
{ "type": "Feature", "properties": { "category": "personal_service" }, "geometry": { "type": "Point", "coordinates": [ 233885.561151616479037, 896055.151130114682019 ] } },
{ "type": "Feature", "properties": { "category": "personal_service" }, "geometry": { "type": "Point", "coordinates": [ 227034.460045738524059, 888185.084199029952288 ] } },
{ "type": "Feature", "properties": { "category": "personal_service" }, "geometry": { "type": "Point", "coordinates": [ 235248.737086756736971, 900273.578564371564426 ] } },
{ "type": "Feature", "properties": { "category": "personal_service" }, "geometry": { "type": "Point", "coordinates": [ 235839.097896728577325, 908319.901740051689558 ] } },
{ "type": "Feature", "properties": { "category": "personal_service" }, "geometry": { "type": "Point", "coordinates": [ 234914.333890092762886, 900203.040872153826058 ] } },
{ "type": "Feature", "properties": { "category": "personal_service" }, "geometry": { "type": "Point", "coordinates": [ 242931.615452571801143, 888700.504376039491035 ] } },
{ "type": "Feature", "properties": { "category": "personal_service" }, "geometry": { "type": "Point", "coordinates": [ 234097.422541781590553, 896567.129616906517185 ] } },
{ "type": "Feature", "properties": { "category": "personal_service" }, "geometry": { "type": "Point", "coordinates": [ 234711.285549182503019, 900126.835268307942897 ] } },
{ "type": "Feature", "properties": { "category": "personal_service" }, "geometry": { "type": "Point", "coordinates": [ 241425.113522966828896, 906486.942400047904812 ] } },
{ "type": "Feature", "properties": { "category": "personal_service" }, "geometry": { "type": "Point", "coordinates": [ 230876.080859120003879, 902678.948029408697039 ] } },
{ "type": "Feature", "properties": { "category": "personal_service" }, "geometry": { "type": "Point", "coordinates": [ 240709.544751148700016, 887762.59508019592613 ] } },
{ "type": "Feature", "properties": { "category": "personal_service" }, "geometry": { "type": "Point", "coordinates": [ 235795.731910686969059, 896696.644843154586852 ] } },
{ "type": "Feature", "properties": { "category": "personal_service" }, "geometry": { "type": "Point", "coordinates": [ 233053.450542264006799, 908039.862739340402186 ] } },
{ "type": "Feature", "properties": { "category": "personal_service" }, "geometry": { "type": "Point", "coordinates": [ 220129.138214740698459, 906294.844499924220145 ] } },
{ "type": "Feature", "properties": { "category": "personal_service" }, "geometry": { "type": "Point", "coordinates": [ 237592.058230966562405, 893405.254157966235653 ] } },
{ "type": "Feature", "properties": { "category": "personal_service" }, "geometry": { "type": "Point", "coordinates": [ 236242.820591624476947, 901591.91263400297612 ] } },
{ "type": "Feature", "properties": { "category": "personal_service" }, "geometry": { "type": "Point", "coordinates": [ 244321.916707387892529, 911972.698231656802818 ] } },
{ "type": "Feature", "properties": { "category": "personal_service" }, "geometry": { "type": "Point", "coordinates": [ 236033.251468009315431, 906232.042821694281884 ] } },
{ "type": "Feature", "properties": { "category": "personal_service" }, "geometry": { "type": "Point", "coordinates": [ 233476.718907061702339, 904724.486920865951106 ] } },
{ "type": "Feature", "properties": { "category": "personal_service" }, "geometry": { "type": "Point", "coordinates": [ 229543.84278970194282, 906131.759217647369951 ] } },
{ "type": "Feature", "properties": { "category": "personal_service" }, "geometry": { "type": "Point", "coordinates": [ 233235.070549783151364, 899724.262089038267732 ] } },
{ "type": "Feature", "properties": { "category": "personal_service" }, "geometry": { "type": "Point", "coordinates": [ 236381.046984917542432, 900987.25032748747617 ] } },
{ "type": "Feature", "properties": { "category": "personal_service" }, "geometry": { "type": "Point", "coordinates": [ 242388.398550770041766, 913612.532694906578399 ] } },
{ "type": "Feature", "properties": { "category": "personal_service" }, "geometry": { "type": "Point", "coordinates": [ 236530.586515026167035, 900588.144681349163875 ] } },
{ "type": "Feature", "properties": { "category": "personal_service" }, "geometry": { "type": "Point", "coordinates": [ 228159.042326259135734, 904917.866363191511482 ] } },
{ "type": "Feature", "properties": { "category": "personal_service" }, "geometry": { "type": "Point", "coordinates": [ 237138.33295595558593, 907305.165010532015003 ] } },
{ "type": "Feature", "properties": { "category": "personal_service" }, "geometry": { "type": "Point", "coordinates": [ 226393.105365649767919, 888801.782136997906491 ] } },
{ "type": "Feature", "properties": { "category": "personal_service" }, "geometry": { "type": "Point", "coordinates": [ 233814.83518562829704, 897733.186107967398129 ] } },
{ "type": "Feature", "properties": { "category": "personal_service" }, "geometry": { "type": "Point", "coordinates": [ 232796.474738551914925, 902177.024131602607667 ] } },
{ "type": "Feature", "properties": { "category": "personal_service" }, "geometry": { "type": "Point", "coordinates": [ 222370.66821753027034, 895715.51480804476887 ] } },
{ "type": "Feature", "properties": { "category": "personal_service" }, "geometry": { "type": "Point", "coordinates": [ 231180.311876468767878, 902515.229561327723786 ] } },
{ "type": "Feature", "properties": { "category": "personal_service" }, "geometry": { "type": "Point", "coordinates": [ 227476.550289713137317, 906036.279491440393031 ] } },
{ "type": "Feature", "properties": { "category": "personal_service" }, "geometry": { "type": "Point", "coordinates": [ 221411.465052339131944, 902309.159620604477823 ] } },
{ "type": "Feature", "properties": { "category": "personal_service" }, "geometry": { "type": "Point", "coordinates": [ 225899.162901661911746, 902398.914524333318695 ] } },
{ "type": "Feature", "properties": { "category": "personal_service" }, "geometry": { "type": "Point", "coordinates": [ 240883.064995253662346, 905804.845522589865141 ] } },
{ "type": "Feature", "properties": { "category": "personal_service" }, "geometry": { "type": "Point", "coordinates": [ 221187.410962102003396, 898189.297534547396936 ] } },
{ "type": "Feature", "properties": { "category": "personal_service" }, "geometry": { "type": "Point", "coordinates": [ 237795.284644636849407, 890069.830549688078463 ] } },
{ "type": "Feature", "properties": { "category": "personal_service" }, "geometry": { "type": "Point", "coordinates": [ 230057.880104754294734, 901450.542469187523238 ] } },
{ "type": "Feature", "properties": { "category": "personal_service" }, "geometry": { "type": "Point", "coordinates": [ 246697.048478707583854, 913724.317172354203649 ] } },
{ "type": "Feature", "properties": { "category": "personal_service" }, "geometry": { "type": "Point", "coordinates": [ 235753.180663219885901, 912017.883542510913685 ] } },
{ "type": "Feature", "properties": { "category": "personal_service" }, "geometry": { "type": "Point", "coordinates": [ 229159.767041793937096, 900111.604430240462534 ] } },
{ "type": "Feature", "properties": { "category": "personal_service" }, "geometry": { "type": "Point", "coordinates": [ 234613.794407076871721, 906682.326582864159718 ] } },
{ "type": "Feature", "properties": { "category": "personal_service" }, "geometry": { "type": "Point", "coordinates": [ 228477.644494842097629, 899887.763092266395688 ] } },
{ "type": "Feature", "properties": { "category": "personal_service" }, "geometry": { "type": "Point", "coordinates": [ 233889.854463616298744, 901318.247082796879113 ] } },
{ "type": "Feature", "properties": { "category": "personal_service" }, "geometry": { "type": "Point", "coordinates": [ 234948.734042756928829, 897078.37701250356622 ] } },
{ "type": "Feature", "properties": { "category": "personal_service" }, "geometry": { "type": "Point", "coordinates": [ 234930.234542820195202, 893201.147647248348221 ] } },
{ "type": "Feature", "properties": { "category": "personal_service" }, "geometry": { "type": "Point", "coordinates": [ 241501.220769299834501, 888187.751278980984353 ] } },
{ "type": "Feature", "properties": { "category": "personal_service" }, "geometry": { "type": "Point", "coordinates": [ 220699.491489168751286, 902870.078105256892741 ] } },
{ "type": "Feature", "properties": { "category": "personal_service" }, "geometry": { "type": "Point", "coordinates": [ 237054.478434984688647, 903728.856485379394144 ] } },
{ "type": "Feature", "properties": { "category": "personal_service" }, "geometry": { "type": "Point", "coordinates": [ 233630.48672569685732, 902548.525119005935267 ] } },
{ "type": "Feature", "properties": { "category": "personal_service" }, "geometry": { "type": "Point", "coordinates": [ 226682.077503494976554, 893682.418318972806446 ] } },
{ "type": "Feature", "properties": { "category": "personal_service" }, "geometry": { "type": "Point", "coordinates": [ 229450.61895149006159, 901289.129628732916899 ] } },
{ "type": "Feature", "properties": { "category": "personal_service" }, "geometry": { "type": "Point", "coordinates": [ 235839.097896728577325, 908319.901740051689558 ] } },
{ "type": "Feature", "properties": { "category": "personal_service" }, "geometry": { "type": "Point", "coordinates": [ 221570.793263369763736, 902378.848345721606165 ] } },
{ "type": "Feature", "properties": { "category": "personal_service" }, "geometry": { "type": "Point", "coordinates": [ 236114.896192060870817, 912999.025958506856114 ] } },
{ "type": "Feature", "properties": { "category": "personal_service" }, "geometry": { "type": "Point", "coordinates": [ 238148.646154223941267, 889238.444890975020826 ] } },
{ "type": "Feature", "properties": { "category": "personal_service" }, "geometry": { "type": "Point", "coordinates": [ 234784.104881406237837, 908360.13723252271302 ] } },
{ "type": "Feature", "properties": { "category": "personal_service" }, "geometry": { "type": "Point", "coordinates": [ 236413.352569517213851, 901080.390147828962654 ] } },
{ "type": "Feature", "properties": { "category": "personal_service" }, "geometry": { "type": "Point", "coordinates": [ 226186.917798928159755, 908411.551433997694403 ] } },
{ "type": "Feature", "properties": { "category": "personal_service" }, "geometry": { "type": "Point", "coordinates": [ 234904.473856961471029, 898455.405823483830318 ] } },
{ "type": "Feature", "properties": { "category": "personal_service" }, "geometry": { "type": "Point", "coordinates": [ 221578.832155135693029, 901585.002181265037507 ] } },
{ "type": "Feature", "properties": { "category": "personal_service" }, "geometry": { "type": "Point", "coordinates": [ 226754.807218620699132, 890972.891375441337004 ] } },
{ "type": "Feature", "properties": { "category": "personal_service" }, "geometry": { "type": "Point", "coordinates": [ 236922.51702863391256, 902670.247392227640375 ] } },
{ "type": "Feature", "properties": { "category": "personal_service" }, "geometry": { "type": "Point", "coordinates": [ 235591.92547648382606, 908018.617461955640465 ] } },
{ "type": "Feature", "properties": { "category": "personal_service" }, "geometry": { "type": "Point", "coordinates": [ 231769.190746451116866, 904031.977463091840036 ] } },
{ "type": "Feature", "properties": { "category": "personal_service" }, "geometry": { "type": "Point", "coordinates": [ 223985.949529554083711, 896641.217621177202091 ] } },
{ "type": "Feature", "properties": { "category": "personal_service" }, "geometry": { "type": "Point", "coordinates": [ 238732.916436675761361, 902972.910748836584389 ] } },
{ "type": "Feature", "properties": { "category": "personal_service" }, "geometry": { "type": "Point", "coordinates": [ 224108.752495631517377, 896839.686982116894796 ] } },
{ "type": "Feature", "properties": { "category": "personal_service" }, "geometry": { "type": "Point", "coordinates": [ 235066.774199413193855, 899225.537384805735201 ] } },
{ "type": "Feature", "properties": { "category": "personal_service" }, "geometry": { "type": "Point", "coordinates": [ 225449.393770912050968, 907413.125775751890615 ] } },
{ "type": "Feature", "properties": { "category": "personal_service" }, "geometry": { "type": "Point", "coordinates": [ 234243.310121768357931, 899177.046098911319859 ] } },
{ "type": "Feature", "properties": { "category": "personal_service" }, "geometry": { "type": "Point", "coordinates": [ 237946.190560293674935, 902688.365229124785401 ] } },
{ "type": "Feature", "properties": { "category": "personal_service" }, "geometry": { "type": "Point", "coordinates": [ 235952.240411420294549, 900279.808339557959698 ] } },
{ "type": "Feature", "properties": { "category": "personal_service" }, "geometry": { "type": "Point", "coordinates": [ 230281.822986148297787, 892962.781028366298415 ] } },
{ "type": "Feature", "properties": { "category": "personal_service" }, "geometry": { "type": "Point", "coordinates": [ 238006.955522834614385, 889590.455579452216625 ] } },
{ "type": "Feature", "properties": { "category": "personal_service" }, "geometry": { "type": "Point", "coordinates": [ 230956.719042929791613, 889382.303531439742073 ] } },
{ "type": "Feature", "properties": { "category": "personal_service" }, "geometry": { "type": "Point", "coordinates": [ 237799.151582186110318, 899981.924432496423833 ] } },
{ "type": "Feature", "properties": { "category": "personal_service" }, "geometry": { "type": "Point", "coordinates": [ 231227.056796914723236, 898982.830422178260051 ] } },
{ "type": "Feature", "properties": { "category": "personal_service" }, "geometry": { "type": "Point", "coordinates": [ 226727.65879483910976, 908177.990514615783468 ] } },
{ "type": "Feature", "properties": { "category": "personal_service" }, "geometry": { "type": "Point", "coordinates": [ 239606.096867562446278, 914842.828946471447125 ] } },
{ "type": "Feature", "properties": { "category": "personal_service" }, "geometry": { "type": "Point", "coordinates": [ 229855.465384403156349, 905716.753670978127047 ] } },
{ "type": "Feature", "properties": { "category": "personal_service" }, "geometry": { "type": "Point", "coordinates": [ 240376.49238331799279, 908255.226483659585938 ] } },
{ "type": "Feature", "properties": { "category": "personal_service" }, "geometry": { "type": "Point", "coordinates": [ 226033.196319301205222, 904613.973565039923415 ] } },
{ "type": "Feature", "properties": { "category": "personal_service" }, "geometry": { "type": "Point", "coordinates": [ 229955.082561071525561, 892084.215294753783382 ] } },
{ "type": "Feature", "properties": { "category": "personal_service" }, "geometry": { "type": "Point", "coordinates": [ 223463.590652431652416, 895698.194295370252803 ] } },
{ "type": "Feature", "properties": { "category": "personal_service" }, "geometry": { "type": "Point", "coordinates": [ 232202.367390319355763, 896904.755123409209773 ] } },
{ "type": "Feature", "properties": { "category": "personal_service" }, "geometry": { "type": "Point", "coordinates": [ 235486.869163780735107, 899926.436577837099321 ] } },
{ "type": "Feature", "properties": { "category": "personal_service" }, "geometry": { "type": "Point", "coordinates": [ 230169.092408994823927, 892344.047670098952949 ] } },
{ "type": "Feature", "properties": { "category": "personal_service" }, "geometry": { "type": "Point", "coordinates": [ 231013.323486008361215, 899331.666886655730195 ] } },
{ "type": "Feature", "properties": { "category": "personal_service" }, "geometry": { "type": "Point", "coordinates": [ 222058.072346182423644, 899620.534863563021645 ] } },
{ "type": "Feature", "properties": { "category": "personal_service" }, "geometry": { "type": "Point", "coordinates": [ 243542.484365538693964, 912063.236459813662805 ] } },
{ "type": "Feature", "properties": { "category": "personal_service" }, "geometry": { "type": "Point", "coordinates": [ 233526.051383918209467, 901046.24891418335028 ] } },
{ "type": "Feature", "properties": { "category": "personal_service" }, "geometry": { "type": "Point", "coordinates": [ 224159.52707840380026, 903622.570703965146095 ] } },
{ "type": "Feature", "properties": { "category": "personal_service" }, "geometry": { "type": "Point", "coordinates": [ 237789.691761860769475, 905490.934576542116702 ] } },
{ "type": "Feature", "properties": { "category": "personal_service" }, "geometry": { "type": "Point", "coordinates": [ 236872.315272511186777, 901564.08600939088501 ] } },
{ "type": "Feature", "properties": { "category": "personal_service" }, "geometry": { "type": "Point", "coordinates": [ 244489.156417684978805, 911814.576900874497369 ] } },
{ "type": "Feature", "properties": { "category": "personal_service" }, "geometry": { "type": "Point", "coordinates": [ 230935.002920679660747, 900295.252751417458057 ] } },
{ "type": "Feature", "properties": { "category": "personal_service" }, "geometry": { "type": "Point", "coordinates": [ 233562.609569437016034, 891862.685789913637564 ] } },
{ "type": "Feature", "properties": { "category": "personal_service" }, "geometry": { "type": "Point", "coordinates": [ 233939.764893468818627, 903962.931595255271532 ] } },
{ "type": "Feature", "properties": { "category": "personal_service" }, "geometry": { "type": "Point", "coordinates": [ 235040.45157299170387, 904187.828273096703924 ] } },
{ "type": "Feature", "properties": { "category": "personal_service" }, "geometry": { "type": "Point", "coordinates": [ 230587.373368834494613, 905068.093261686386541 ] } },
{ "type": "Feature", "properties": { "category": "personal_service" }, "geometry": { "type": "Point", "coordinates": [ 239781.543436353473226, 908432.668107507401146 ] } },
{ "type": "Feature", "properties": { "category": "personal_service" }, "geometry": { "type": "Point", "coordinates": [ 233652.550946860632394, 906777.624836940085515 ] } },
{ "type": "Feature", "properties": { "category": "personal_service" }, "geometry": { "type": "Point", "coordinates": [ 220548.55716593307443, 900099.588403267785907 ] } },
{ "type": "Feature", "properties": { "category": "personal_service" }, "geometry": { "type": "Point", "coordinates": [ 230340.855065419978928, 888279.421245159581304 ] } },
{ "type": "Feature", "properties": { "category": "personal_service" }, "geometry": { "type": "Point", "coordinates": [ 241482.433821377693675, 888308.602351543493569 ] } },
{ "type": "Feature", "properties": { "category": "personal_service" }, "geometry": { "type": "Point", "coordinates": [ 233682.549359040363925, 908142.491627959068865 ] } },
{ "type": "Feature", "properties": { "category": "personal_service" }, "geometry": { "type": "Point", "coordinates": [ 228183.144885934394551, 904779.670292584691197 ] } },
{ "type": "Feature", "properties": { "category": "personal_service" }, "geometry": { "type": "Point", "coordinates": [ 232868.740075753972633, 899405.745850678998977 ] } },
{ "type": "Feature", "properties": { "category": "personal_service" }, "geometry": { "type": "Point", "coordinates": [ 223974.299011578055797, 898268.67252475686837 ] } },
{ "type": "Feature", "properties": { "category": "personal_service" }, "geometry": { "type": "Point", "coordinates": [ 239624.352104089804925, 890881.528816072386689 ] } },
{ "type": "Feature", "properties": { "category": "personal_service" }, "geometry": { "type": "Point", "coordinates": [ 233198.779247896338347, 899208.690312815480866 ] } },
{ "type": "Feature", "properties": { "category": "personal_service" }, "geometry": { "type": "Point", "coordinates": [ 234346.288906893751118, 901542.286485483753495 ] } },
{ "type": "Feature", "properties": { "category": "personal_service" }, "geometry": { "type": "Point", "coordinates": [ 237363.74112624002737, 908950.677828350570053 ] } },
{ "type": "Feature", "properties": { "category": "personal_service" }, "geometry": { "type": "Point", "coordinates": [ 234399.384147562552243, 899715.424424112192355 ] } },
{ "type": "Feature", "properties": { "category": "personal_service" }, "geometry": { "type": "Point", "coordinates": [ 245644.058559582190355, 914731.455706297536381 ] } },
{ "type": "Feature", "properties": { "category": "personal_service" }, "geometry": { "type": "Point", "coordinates": [ 240094.924374729569536, 906689.161183121963404 ] } },
{ "type": "Feature", "properties": { "category": "personal_service" }, "geometry": { "type": "Point", "coordinates": [ 237732.343556760635693, 898643.964586648857221 ] } },
{ "type": "Feature", "properties": { "category": "personal_service" }, "geometry": { "type": "Point", "coordinates": [ 229728.555423572397558, 905863.505773610784672 ] } },
{ "type": "Feature", "properties": { "category": "personal_service" }, "geometry": { "type": "Point", "coordinates": [ 232942.716936700802762, 899796.530145013472065 ] } },
{ "type": "Feature", "properties": { "category": "personal_service" }, "geometry": { "type": "Point", "coordinates": [ 233563.267430281790439, 906789.082942593260668 ] } },
{ "type": "Feature", "properties": { "category": "personal_service" }, "geometry": { "type": "Point", "coordinates": [ 220079.797685503377579, 897602.117091808235273 ] } },
{ "type": "Feature", "properties": { "category": "personal_service" }, "geometry": { "type": "Point", "coordinates": [ 235063.673755611700471, 899879.992314856965095 ] } },
{ "type": "Feature", "properties": { "category": "personal_service" }, "geometry": { "type": "Point", "coordinates": [ 221647.850870359368855, 902925.032017002464272 ] } },
{ "type": "Feature", "properties": { "category": "personal_service" }, "geometry": { "type": "Point", "coordinates": [ 234148.313921683933586, 906459.443618975230493 ] } },
{ "type": "Feature", "properties": { "category": "personal_service" }, "geometry": { "type": "Point", "coordinates": [ 225965.149009326647501, 890609.382631917484105 ] } },
{ "type": "Feature", "properties": { "category": "personal_service" }, "geometry": { "type": "Point", "coordinates": [ 223363.975747901480645, 889396.989445475279354 ] } },
{ "type": "Feature", "properties": { "category": "personal_service" }, "geometry": { "type": "Point", "coordinates": [ 239349.935097789391875, 905577.815349057549611 ] } },
{ "type": "Feature", "properties": { "category": "personal_service" }, "geometry": { "type": "Point", "coordinates": [ 236655.057282971247332, 906524.95668850664515 ] } },
{ "type": "Feature", "properties": { "category": "personal_service" }, "geometry": { "type": "Point", "coordinates": [ 221738.434378191886935, 892373.482767667854205 ] } },
{ "type": "Feature", "properties": { "category": "personal_service" }, "geometry": { "type": "Point", "coordinates": [ 236452.267914456198923, 901391.944351686863229 ] } },
{ "type": "Feature", "properties": { "category": "personal_service" }, "geometry": { "type": "Point", "coordinates": [ 238562.320593301439658, 903128.260160275967792 ] } },
{ "type": "Feature", "properties": { "category": "personal_service" }, "geometry": { "type": "Point", "coordinates": [ 219704.95906232384732, 901272.035047289798968 ] } },
{ "type": "Feature", "properties": { "category": "personal_service" }, "geometry": { "type": "Point", "coordinates": [ 233820.826927117886953, 902480.681375957559794 ] } },
{ "type": "Feature", "properties": { "category": "personal_service" }, "geometry": { "type": "Point", "coordinates": [ 232384.123425765137654, 896296.666033776942641 ] } },
{ "type": "Feature", "properties": { "category": "personal_service" }, "geometry": { "type": "Point", "coordinates": [ 235130.463737986458, 899935.975884847226553 ] } },
{ "type": "Feature", "properties": { "category": "personal_service" }, "geometry": { "type": "Point", "coordinates": [ 221672.391686324815964, 892204.555424930527806 ] } },
{ "type": "Feature", "properties": { "category": "personal_service" }, "geometry": { "type": "Point", "coordinates": [ 225919.025354648125358, 901279.102498274296522 ] } },
{ "type": "Feature", "properties": { "category": "personal_service" }, "geometry": { "type": "Point", "coordinates": [ 236945.856664753460791, 901489.605496306321584 ] } },
{ "type": "Feature", "properties": { "category": "personal_service" }, "geometry": { "type": "Point", "coordinates": [ 235613.796497775096213, 897299.981405872153118 ] } },
{ "type": "Feature", "properties": { "category": "personal_service" }, "geometry": { "type": "Point", "coordinates": [ 235990.68485031882301, 895569.318501149653457 ] } },
{ "type": "Feature", "properties": { "category": "personal_service" }, "geometry": { "type": "Point", "coordinates": [ 230510.331042199773947, 892856.246740938164294 ] } },
{ "type": "Feature", "properties": { "category": "personal_service" }, "geometry": { "type": "Point", "coordinates": [ 220902.536901879764628, 903496.380224113119766 ] } },
{ "type": "Feature", "properties": { "category": "personal_service" }, "geometry": { "type": "Point", "coordinates": [ 228099.289294181857258, 901412.223579834681004 ] } },
{ "type": "Feature", "properties": { "category": "personal_service" }, "geometry": { "type": "Point", "coordinates": [ 230486.741730128065683, 888971.828099650330842 ] } },
{ "type": "Feature", "properties": { "category": "personal_service" }, "geometry": { "type": "Point", "coordinates": [ 238052.363667004538001, 909431.689425836084411 ] } },
{ "type": "Feature", "properties": { "category": "personal_service" }, "geometry": { "type": "Point", "coordinates": [ 235684.978792275273008, 895129.895194743527099 ] } },
{ "type": "Feature", "properties": { "category": "personal_service" }, "geometry": { "type": "Point", "coordinates": [ 221661.755667113757227, 902422.004179646377452 ] } },
{ "type": "Feature", "properties": { "category": "personal_service" }, "geometry": { "type": "Point", "coordinates": [ 227103.628156513907015, 888376.288013638579287 ] } },
{ "type": "Feature", "properties": { "category": "personal_service" }, "geometry": { "type": "Point", "coordinates": [ 220118.524414384737611, 898441.077940487884916 ] } },
{ "type": "Feature", "properties": { "category": "personal_service" }, "geometry": { "type": "Point", "coordinates": [ 243398.103114008205011, 911415.848067558836192 ] } },
{ "type": "Feature", "properties": { "category": "personal_service" }, "geometry": { "type": "Point", "coordinates": [ 225843.56642865712638, 901525.638951464556158 ] } },
{ "type": "Feature", "properties": { "category": "personal_service" }, "geometry": { "type": "Point", "coordinates": [ 236370.080461000063224, 900193.207063117763028 ] } },
{ "type": "Feature", "properties": { "category": "personal_service" }, "geometry": { "type": "Point", "coordinates": [ 236072.673699700069847, 901214.925932917743921 ] } },
{ "type": "Feature", "properties": { "category": "personal_service" }, "geometry": { "type": "Point", "coordinates": [ 227245.192891923652496, 888774.483064408297651 ] } },
{ "type": "Feature", "properties": { "category": "personal_service" }, "geometry": { "type": "Point", "coordinates": [ 241168.496384609519737, 888419.168293754337355 ] } },
{ "type": "Feature", "properties": { "category": "personal_service" }, "geometry": { "type": "Point", "coordinates": [ 235839.097896728577325, 908319.901740051689558 ] } },
{ "type": "Feature", "properties": { "category": "personal_service" }, "geometry": { "type": "Point", "coordinates": [ 236632.202697154309135, 901766.992119917762466 ] } },
{ "type": "Feature", "properties": { "category": "personal_service" }, "geometry": { "type": "Point", "coordinates": [ 240491.715918886009604, 890045.396105050807819 ] } },
{ "type": "Feature", "properties": { "category": "personal_service" }, "geometry": { "type": "Point", "coordinates": [ 244485.739233816508204, 911977.28970463690348 ] } },
{ "type": "Feature", "properties": { "category": "personal_service" }, "geometry": { "type": "Point", "coordinates": [ 232939.82549803215079, 895963.684026978444308 ] } },
{ "type": "Feature", "properties": { "category": "personal_service" }, "geometry": { "type": "Point", "coordinates": [ 230613.050697378639597, 899702.465872206958011 ] } },
{ "type": "Feature", "properties": { "category": "personal_service" }, "geometry": { "type": "Point", "coordinates": [ 245197.880627976963297, 914278.016165331238881 ] } },
{ "type": "Feature", "properties": { "category": "personal_service" }, "geometry": { "type": "Point", "coordinates": [ 230455.220300776942167, 905392.424266795394942 ] } },
{ "type": "Feature", "properties": { "category": "personal_service" }, "geometry": { "type": "Point", "coordinates": [ 231740.68013122890261, 902377.55833788018208 ] } },
{ "type": "Feature", "properties": { "category": "personal_service" }, "geometry": { "type": "Point", "coordinates": [ 238346.167756461189128, 907313.324634169577621 ] } },
{ "type": "Feature", "properties": { "category": "personal_service" }, "geometry": { "type": "Point", "coordinates": [ 234703.548515560280066, 904943.824761775205843 ] } },
{ "type": "Feature", "properties": { "category": "personal_service" }, "geometry": { "type": "Point", "coordinates": [ 244495.16820633498719, 911956.13291896879673 ] } },
{ "type": "Feature", "properties": { "category": "personal_service" }, "geometry": { "type": "Point", "coordinates": [ 238332.70065336098196, 907292.479156278539449 ] } },
{ "type": "Feature", "properties": { "category": "personal_service" }, "geometry": { "type": "Point", "coordinates": [ 233923.217934578133281, 899355.439676170353778 ] } },
{ "type": "Feature", "properties": { "category": "personal_service" }, "geometry": { "type": "Point", "coordinates": [ 234410.982760412647622, 897177.360115856165066 ] } },
{ "type": "Feature", "properties": { "category": "personal_service" }, "geometry": { "type": "Point", "coordinates": [ 235640.56531905895099, 908731.663895902922377 ] } },
{ "type": "Feature", "properties": { "category": "personal_service" }, "geometry": { "type": "Point", "coordinates": [ 231790.289291982742725, 890137.223071925342083 ] } },
{ "type": "Feature", "properties": { "category": "personal_service" }, "geometry": { "type": "Point", "coordinates": [ 234698.699458969669649, 904025.400556550594047 ] } },
{ "type": "Feature", "properties": { "category": "personal_service" }, "geometry": { "type": "Point", "coordinates": [ 234593.052436767029576, 895353.257562405546196 ] } },
{ "type": "Feature", "properties": { "category": "personal_service" }, "geometry": { "type": "Point", "coordinates": [ 233790.858851877535926, 892703.847443975158967 ] } },
{ "type": "Feature", "properties": { "category": "personal_service" }, "geometry": { "type": "Point", "coordinates": [ 233055.951057525584474, 896111.183700820896775 ] } },
{ "type": "Feature", "properties": { "category": "personal_service" }, "geometry": { "type": "Point", "coordinates": [ 229617.61523658054648, 904547.643064214265905 ] } },
{ "type": "Feature", "properties": { "category": "personal_service" }, "geometry": { "type": "Point", "coordinates": [ 228093.24799024456297, 899997.293376344256103 ] } },
{ "type": "Feature", "properties": { "category": "personal_service" }, "geometry": { "type": "Point", "coordinates": [ 236069.35283202631399, 893492.363026364240795 ] } },
{ "type": "Feature", "properties": { "category": "personal_service" }, "geometry": { "type": "Point", "coordinates": [ 231268.775905756338034, 899200.172251016600057 ] } },
{ "type": "Feature", "properties": { "category": "personal_service" }, "geometry": { "type": "Point", "coordinates": [ 234649.137889051809907, 895901.254007598850876 ] } },
{ "type": "Feature", "properties": { "category": "personal_service" }, "geometry": { "type": "Point", "coordinates": [ 228128.39832469652174, 904859.982725127367303 ] } },
{ "type": "Feature", "properties": { "category": "personal_service" }, "geometry": { "type": "Point", "coordinates": [ 232384.123425765137654, 896296.666033776942641 ] } },
{ "type": "Feature", "properties": { "category": "personal_service" }, "geometry": { "type": "Point", "coordinates": [ 228858.104486728232587, 900539.118476097704843 ] } },
{ "type": "Feature", "properties": { "category": "personal_service" }, "geometry": { "type": "Point", "coordinates": [ 227660.689779283798998, 889408.343264332506806 ] } },
{ "type": "Feature", "properties": { "category": "personal_service" }, "geometry": { "type": "Point", "coordinates": [ 224762.114697494311258, 901183.957674899254926 ] } },
{ "type": "Feature", "properties": { "category": "personal_service" }, "geometry": { "type": "Point", "coordinates": [ 226938.861161869252101, 903256.569683293346316 ] } },
{ "type": "Feature", "properties": { "category": "personal_service" }, "geometry": { "type": "Point", "coordinates": [ 245907.582149615278468, 913035.395409593242221 ] } },
{ "type": "Feature", "properties": { "category": "personal_service" }, "geometry": { "type": "Point", "coordinates": [ 229003.766872566135135, 888000.651672153268009 ] } },
{ "type": "Feature", "properties": { "category": "personal_service" }, "geometry": { "type": "Point", "coordinates": [ 234374.656420756684383, 900003.55036310502328 ] } },
{ "type": "Feature", "properties": { "category": "personal_service" }, "geometry": { "type": "Point", "coordinates": [ 221625.216924297710648, 902706.250340175582096 ] } },
{ "type": "Feature", "properties": { "category": "personal_service" }, "geometry": { "type": "Point", "coordinates": [ 235986.335772605292732, 903257.882794349454343 ] } },
{ "type": "Feature", "properties": { "category": "personal_service" }, "geometry": { "type": "Point", "coordinates": [ 237445.152838655456435, 898410.27626486402005 ] } },
{ "type": "Feature", "properties": { "category": "personal_service" }, "geometry": { "type": "Point", "coordinates": [ 243844.355623633571668, 912484.338413955876604 ] } },
{ "type": "Feature", "properties": { "category": "personal_service" }, "geometry": { "type": "Point", "coordinates": [ 235346.988910333981039, 892574.42579601414036 ] } },
{ "type": "Feature", "properties": { "category": "personal_service" }, "geometry": { "type": "Point", "coordinates": [ 236627.190349315293133, 892635.513013415620662 ] } },
{ "type": "Feature", "properties": { "category": "personal_service" }, "geometry": { "type": "Point", "coordinates": [ 245128.663845931645483, 912843.501293244538829 ] } },
{ "type": "Feature", "properties": { "category": "personal_service" }, "geometry": { "type": "Point", "coordinates": [ 231681.642074085364584, 902410.059914168785326 ] } },
{ "type": "Feature", "properties": { "category": "personal_service" }, "geometry": { "type": "Point", "coordinates": [ 230185.396128583612153, 905571.317972985911183 ] } },
{ "type": "Feature", "properties": { "category": "personal_service" }, "geometry": { "type": "Point", "coordinates": [ 232731.248896768083796, 905037.880933579057455 ] } },
{ "type": "Feature", "properties": { "category": "personal_service" }, "geometry": { "type": "Point", "coordinates": [ 231411.480698132567341, 894960.666298956028186 ] } },
{ "type": "Feature", "properties": { "category": "personal_service" }, "geometry": { "type": "Point", "coordinates": [ 236180.543743804213591, 908591.799819051637314 ] } },
{ "type": "Feature", "properties": { "category": "personal_service" }, "geometry": { "type": "Point", "coordinates": [ 234854.84940390457632, 899255.58499593893066 ] } },
{ "type": "Feature", "properties": { "category": "personal_service" }, "geometry": { "type": "Point", "coordinates": [ 226492.539336528570857, 900645.98909987474326 ] } },
{ "type": "Feature", "properties": { "category": "personal_service" }, "geometry": { "type": "Point", "coordinates": [ 244321.916707387892529, 911972.698231656802818 ] } },
{ "type": "Feature", "properties": { "category": "personal_service" }, "geometry": { "type": "Point", "coordinates": [ 231770.138872405950679, 902329.150330057600513 ] } },
{ "type": "Feature", "properties": { "category": "personal_service" }, "geometry": { "type": "Point", "coordinates": [ 240382.066229857737198, 887195.666438227519393 ] } },
{ "type": "Feature", "properties": { "category": "personal_service" }, "geometry": { "type": "Point", "coordinates": [ 238964.398781412863173, 887636.423544705612585 ] } },
{ "type": "Feature", "properties": { "category": "personal_service" }, "geometry": { "type": "Point", "coordinates": [ 231037.873735987988766, 899239.580979167600162 ] } },
{ "type": "Feature", "properties": { "category": "personal_service" }, "geometry": { "type": "Point", "coordinates": [ 235472.388875293254387, 892159.742586420150474 ] } },
{ "type": "Feature", "properties": { "category": "personal_service" }, "geometry": { "type": "Point", "coordinates": [ 219483.039734449906973, 893685.896732100169174 ] } },
{ "type": "Feature", "properties": { "category": "personal_service" }, "geometry": { "type": "Point", "coordinates": [ 236133.950802290230058, 901618.010695651639253 ] } },
{ "type": "Feature", "properties": { "category": "personal_service" }, "geometry": { "type": "Point", "coordinates": [ 236098.879031985416077, 903088.843090189038776 ] } },
{ "type": "Feature", "properties": { "category": "personal_service" }, "geometry": { "type": "Point", "coordinates": [ 230242.347641381318681, 900334.114046039525419 ] } },
{ "type": "Feature", "properties": { "category": "personal_service" }, "geometry": { "type": "Point", "coordinates": [ 242796.294632402277784, 903920.559714009403251 ] } },
{ "type": "Feature", "properties": { "category": "personal_service" }, "geometry": { "type": "Point", "coordinates": [ 225191.093315630452707, 897726.985301600769162 ] } },
{ "type": "Feature", "properties": { "category": "personal_service" }, "geometry": { "type": "Point", "coordinates": [ 235614.536364797095302, 908460.829960342962295 ] } },
{ "type": "Feature", "properties": { "category": "personal_service" }, "geometry": { "type": "Point", "coordinates": [ 235193.197765942662954, 900308.067610782454722 ] } },
{ "type": "Feature", "properties": { "category": "personal_service" }, "geometry": { "type": "Point", "coordinates": [ 236210.884282582323067, 896452.512431165901944 ] } },
{ "type": "Feature", "properties": { "category": "personal_service" }, "geometry": { "type": "Point", "coordinates": [ 233393.247044006799115, 902069.978937614709139 ] } },
{ "type": "Feature", "properties": { "category": "personal_service" }, "geometry": { "type": "Point", "coordinates": [ 246272.235925627552206, 913348.59897960757371 ] } },
{ "type": "Feature", "properties": { "category": "personal_service" }, "geometry": { "type": "Point", "coordinates": [ 236035.882883039506851, 906729.803402003599331 ] } },
{ "type": "Feature", "properties": { "category": "personal_service" }, "geometry": { "type": "Point", "coordinates": [ 231869.26685803628061, 902283.724018539534882 ] } },
{ "type": "Feature", "properties": { "category": "personal_service" }, "geometry": { "type": "Point", "coordinates": [ 238364.116372624295764, 899501.573912748950534 ] } },
{ "type": "Feature", "properties": { "category": "personal_service" }, "geometry": { "type": "Point", "coordinates": [ 227382.771716881397879, 907643.669737230171449 ] } },
{ "type": "Feature", "properties": { "category": "personal_service" }, "geometry": { "type": "Point", "coordinates": [ 242358.377984421415022, 908584.92968581081368 ] } },
{ "type": "Feature", "properties": { "category": "personal_service" }, "geometry": { "type": "Point", "coordinates": [ 240940.406233954679919, 887662.854800037108362 ] } },
{ "type": "Feature", "properties": { "category": "personal_service" }, "geometry": { "type": "Point", "coordinates": [ 227111.974213281646371, 888802.070670056855306 ] } },
{ "type": "Feature", "properties": { "category": "personal_service" }, "geometry": { "type": "Point", "coordinates": [ 241087.479968796134926, 905312.733802229166031 ] } },
{ "type": "Feature", "properties": { "category": "personal_service" }, "geometry": { "type": "Point", "coordinates": [ 236392.72375041001942, 902867.868695582496002 ] } },
{ "type": "Feature", "properties": { "category": "personal_service" }, "geometry": { "type": "Point", "coordinates": [ 245969.105652928352356, 913084.674399454961531 ] } },
{ "type": "Feature", "properties": { "category": "personal_service" }, "geometry": { "type": "Point", "coordinates": [ 228207.765745337528642, 902851.672355920891277 ] } },
{ "type": "Feature", "properties": { "category": "personal_service" }, "geometry": { "type": "Point", "coordinates": [ 235189.556682585767703, 900212.522326536360197 ] } },
{ "type": "Feature", "properties": { "category": "personal_service" }, "geometry": { "type": "Point", "coordinates": [ 234227.060690689366311, 904270.014492505346425 ] } },
{ "type": "Feature", "properties": { "category": "personal_service" }, "geometry": { "type": "Point", "coordinates": [ 239962.312758696207311, 906385.4904936470557 ] } },
{ "type": "Feature", "properties": { "category": "personal_service" }, "geometry": { "type": "Point", "coordinates": [ 234873.979442436131649, 894899.230043782037683 ] } },
{ "type": "Feature", "properties": { "category": "personal_service" }, "geometry": { "type": "Point", "coordinates": [ 231469.984750095492927, 892941.559822798939422 ] } },
{ "type": "Feature", "properties": { "category": "personal_service" }, "geometry": { "type": "Point", "coordinates": [ 226657.731474424392218, 887916.068105851183645 ] } },
{ "type": "Feature", "properties": { "category": "personal_service" }, "geometry": { "type": "Point", "coordinates": [ 231177.867450719932094, 898665.486206970526837 ] } },
{ "type": "Feature", "properties": { "category": "personal_service" }, "geometry": { "type": "Point", "coordinates": [ 229478.853233830188401, 905081.791603911202401 ] } },
{ "type": "Feature", "properties": { "category": "personal_service" }, "geometry": { "type": "Point", "coordinates": [ 247263.451894913596334, 913142.818737954949029 ] } },
{ "type": "Feature", "properties": { "category": "personal_service" }, "geometry": { "type": "Point", "coordinates": [ 236631.544261339062359, 898510.735503453761339 ] } },
{ "type": "Feature", "properties": { "category": "personal_service" }, "geometry": { "type": "Point", "coordinates": [ 235340.591095603827853, 901144.114473818801343 ] } },
{ "type": "Feature", "properties": { "category": "personal_service" }, "geometry": { "type": "Point", "coordinates": [ 239480.09397535820608, 890830.84469153941609 ] } },
{ "type": "Feature", "properties": { "category": "personal_service" }, "geometry": { "type": "Point", "coordinates": [ 240532.348252602183493, 904122.401854611001909 ] } },
{ "type": "Feature", "properties": { "category": "personal_service" }, "geometry": { "type": "Point", "coordinates": [ 234964.547993185988162, 899152.050039703026414 ] } },
{ "type": "Feature", "properties": { "category": "personal_service" }, "geometry": { "type": "Point", "coordinates": [ 230393.780238599254517, 888713.731449364800937 ] } },
{ "type": "Feature", "properties": { "category": "personal_service" }, "geometry": { "type": "Point", "coordinates": [ 220511.196493427705718, 902877.745541393873282 ] } },
{ "type": "Feature", "properties": { "category": "personal_service" }, "geometry": { "type": "Point", "coordinates": [ 232625.926847439841367, 899951.338664404582232 ] } },
{ "type": "Feature", "properties": { "category": "personal_service" }, "geometry": { "type": "Point", "coordinates": [ 236306.595001561683603, 894823.172284900327213 ] } },
{ "type": "Feature", "properties": { "category": "personal_service" }, "geometry": { "type": "Point", "coordinates": [ 231157.036322627071058, 905125.248313901713118 ] } },
{ "type": "Feature", "properties": { "category": "personal_service" }, "geometry": { "type": "Point", "coordinates": [ 243900.930755286768544, 912039.366150471381843 ] } },
{ "type": "Feature", "properties": { "category": "personal_service" }, "geometry": { "type": "Point", "coordinates": [ 233969.43158843301353, 899852.62463760538958 ] } },
{ "type": "Feature", "properties": { "category": "personal_service" }, "geometry": { "type": "Point", "coordinates": [ 227703.64345019654138, 899947.09483949537389 ] } },
{ "type": "Feature", "properties": { "category": "personal_service" }, "geometry": { "type": "Point", "coordinates": [ 231068.430956600932404, 898329.215036098379642 ] } },
{ "type": "Feature", "properties": { "category": "personal_service" }, "geometry": { "type": "Point", "coordinates": [ 240676.68465052076499, 889663.693937632255256 ] } },
{ "type": "Feature", "properties": { "category": "personal_service" }, "geometry": { "type": "Point", "coordinates": [ 236270.7722319153836, 901044.218759360839613 ] } },
{ "type": "Feature", "properties": { "category": "personal_service" }, "geometry": { "type": "Point", "coordinates": [ 245205.664454921847209, 912751.132655166089535 ] } },
{ "type": "Feature", "properties": { "category": "personal_service" }, "geometry": { "type": "Point", "coordinates": [ 243505.52544852491701, 912863.350095615605824 ] } },
{ "type": "Feature", "properties": { "category": "personal_service" }, "geometry": { "type": "Point", "coordinates": [ 235442.439993046922609, 912910.952344002434984 ] } },
{ "type": "Feature", "properties": { "category": "personal_service" }, "geometry": { "type": "Point", "coordinates": [ 235732.31549570086645, 898793.464725861209445 ] } },
{ "type": "Feature", "properties": { "category": "personal_service" }, "geometry": { "type": "Point", "coordinates": [ 236392.238043794874102, 900910.219997654552571 ] } },
{ "type": "Feature", "properties": { "category": "personal_service" }, "geometry": { "type": "Point", "coordinates": [ 236371.175666773429839, 895250.041423863498494 ] } },
{ "type": "Feature", "properties": { "category": "personal_service" }, "geometry": { "type": "Point", "coordinates": [ 243844.355623633571668, 912484.338413955876604 ] } },
{ "type": "Feature", "properties": { "category": "personal_service" }, "geometry": { "type": "Point", "coordinates": [ 226710.954780585161643, 905299.762157541350462 ] } },
{ "type": "Feature", "properties": { "category": "personal_service" }, "geometry": { "type": "Point", "coordinates": [ 240852.460467815719312, 908008.049820111016743 ] } },
{ "type": "Feature", "properties": { "category": "personal_service" }, "geometry": { "type": "Point", "coordinates": [ 235417.565582992916461, 913244.069852427346632 ] } },
{ "type": "Feature", "properties": { "category": "personal_service" }, "geometry": { "type": "Point", "coordinates": [ 220383.317442713130731, 898381.85940450290218 ] } },
{ "type": "Feature", "properties": { "category": "personal_service" }, "geometry": { "type": "Point", "coordinates": [ 234946.564902906364296, 898045.294644570094533 ] } },
{ "type": "Feature", "properties": { "category": "personal_service" }, "geometry": { "type": "Point", "coordinates": [ 228053.56209362539812, 902301.329904565354809 ] } },
{ "type": "Feature", "properties": { "category": "personal_service" }, "geometry": { "type": "Point", "coordinates": [ 223817.62406164497952, 895716.045942386612296 ] } },
{ "type": "Feature", "properties": { "category": "personal_service" }, "geometry": { "type": "Point", "coordinates": [ 231408.303884662920609, 902531.796119032660499 ] } },
{ "type": "Feature", "properties": { "category": "personal_service" }, "geometry": { "type": "Point", "coordinates": [ 235161.466613273369148, 898762.038973895134404 ] } },
{ "type": "Feature", "properties": { "category": "personal_service" }, "geometry": { "type": "Point", "coordinates": [ 235825.317277396272402, 901419.044091869029216 ] } },
{ "type": "Feature", "properties": { "category": "personal_service" }, "geometry": { "type": "Point", "coordinates": [ 238788.693841391243041, 891959.312459405977279 ] } },
{ "type": "Feature", "properties": { "category": "personal_service" }, "geometry": { "type": "Point", "coordinates": [ 229081.170639559335541, 899592.547101045842282 ] } },
{ "type": "Feature", "properties": { "category": "personal_service" }, "geometry": { "type": "Point", "coordinates": [ 235697.567120055871783, 903360.823335686931387 ] } },
{ "type": "Feature", "properties": { "category": "personal_service" }, "geometry": { "type": "Point", "coordinates": [ 238827.75909654609859, 912413.567863862495869 ] } },
{ "type": "Feature", "properties": { "category": "personal_service" }, "geometry": { "type": "Point", "coordinates": [ 234490.29854502301896, 899994.675338559085503 ] } },
{ "type": "Feature", "properties": { "category": "personal_service" }, "geometry": { "type": "Point", "coordinates": [ 237705.956171246885788, 898431.886560458457097 ] } },
{ "type": "Feature", "properties": { "category": "personal_service" }, "geometry": { "type": "Point", "coordinates": [ 234198.343509186001029, 902337.329528156202286 ] } },
{ "type": "Feature", "properties": { "category": "personal_service" }, "geometry": { "type": "Point", "coordinates": [ 225138.744019775069319, 897822.768222443992272 ] } },
{ "type": "Feature", "properties": { "category": "personal_service" }, "geometry": { "type": "Point", "coordinates": [ 232056.839599539642222, 902170.277965012122877 ] } },
{ "type": "Feature", "properties": { "category": "personal_service" }, "geometry": { "type": "Point", "coordinates": [ 235130.463737986458, 899935.975884847226553 ] } },
{ "type": "Feature", "properties": { "category": "personal_service" }, "geometry": { "type": "Point", "coordinates": [ 231452.421348864474567, 892811.52220328419935 ] } },
{ "type": "Feature", "properties": { "category": "personal_service" }, "geometry": { "type": "Point", "coordinates": [ 229730.733983062527841, 892900.67148921941407 ] } },
{ "type": "Feature", "properties": { "category": "personal_service" }, "geometry": { "type": "Point", "coordinates": [ 240145.513151988969184, 890549.032074335729703 ] } },
{ "type": "Feature", "properties": { "category": "personal_service" }, "geometry": { "type": "Point", "coordinates": [ 232224.032454327156302, 897033.703742024255916 ] } },
{ "type": "Feature", "properties": { "category": "personal_service" }, "geometry": { "type": "Point", "coordinates": [ 235681.792890133685432, 896894.893972646445036 ] } },
{ "type": "Feature", "properties": { "category": "personal_service" }, "geometry": { "type": "Point", "coordinates": [ 224673.409494189429097, 903758.761448433855549 ] } },
{ "type": "Feature", "properties": { "category": "personal_service" }, "geometry": { "type": "Point", "coordinates": [ 222380.885811574524269, 895743.094211425282992 ] } },
{ "type": "Feature", "properties": { "category": "personal_service" }, "geometry": { "type": "Point", "coordinates": [ 243420.548085463116877, 888546.885838470072486 ] } },
{ "type": "Feature", "properties": { "category": "personal_service" }, "geometry": { "type": "Point", "coordinates": [ 233744.438228865066776, 892821.032246938208118 ] } },
{ "type": "Feature", "properties": { "category": "personal_service" }, "geometry": { "type": "Point", "coordinates": [ 239401.37696862599114, 905198.767357477918267 ] } },
{ "type": "Feature", "properties": { "category": "personal_service" }, "geometry": { "type": "Point", "coordinates": [ 238771.059529035963351, 891357.180870913201943 ] } },
{ "type": "Feature", "properties": { "category": "personal_service" }, "geometry": { "type": "Point", "coordinates": [ 245413.186510756233474, 912278.59807282872498 ] } },
{ "type": "Feature", "properties": { "category": "personal_service" }, "geometry": { "type": "Point", "coordinates": [ 222238.166848010558169, 901763.338011698098853 ] } },
{ "type": "Feature", "properties": { "category": "personal_service" }, "geometry": { "type": "Point", "coordinates": [ 237988.419912320154253, 902464.103381833760068 ] } },
{ "type": "Feature", "properties": { "category": "personal_service" }, "geometry": { "type": "Point", "coordinates": [ 223237.828947827772936, 901715.255396968917921 ] } },
{ "type": "Feature", "properties": { "category": "personal_service" }, "geometry": { "type": "Point", "coordinates": [ 243235.168888453074032, 911785.520635133842006 ] } },
{ "type": "Feature", "properties": { "category": "personal_service" }, "geometry": { "type": "Point", "coordinates": [ 235686.067131638235878, 911596.434736584546044 ] } },
{ "type": "Feature", "properties": { "category": "personal_service" }, "geometry": { "type": "Point", "coordinates": [ 222342.644871118507581, 901702.021478645852767 ] } },
{ "type": "Feature", "properties": { "category": "personal_service" }, "geometry": { "type": "Point", "coordinates": [ 226043.267138655181043, 909111.705374218639918 ] } },
{ "type": "Feature", "properties": { "category": "personal_service" }, "geometry": { "type": "Point", "coordinates": [ 224214.688064934161957, 896811.948677949258126 ] } },
{ "type": "Feature", "properties": { "category": "personal_service" }, "geometry": { "type": "Point", "coordinates": [ 236559.205807706806809, 896605.157842173008248 ] } },
{ "type": "Feature", "properties": { "category": "personal_service" }, "geometry": { "type": "Point", "coordinates": [ 228035.743314823979745, 905155.414396461797878 ] } },
{ "type": "Feature", "properties": { "category": "personal_service" }, "geometry": { "type": "Point", "coordinates": [ 221694.128269814769737, 892351.019840070977807 ] } },
{ "type": "Feature", "properties": { "category": "personal_service" }, "geometry": { "type": "Point", "coordinates": [ 230894.602088235144038, 904703.322718627750874 ] } },
{ "type": "Feature", "properties": { "category": "personal_service" }, "geometry": { "type": "Point", "coordinates": [ 240443.704826528235571, 908716.59675147687085 ] } },
{ "type": "Feature", "properties": { "category": "personal_service" }, "geometry": { "type": "Point", "coordinates": [ 236521.175503757840488, 896705.81838138657622 ] } },
{ "type": "Feature", "properties": { "category": "personal_service" }, "geometry": { "type": "Point", "coordinates": [ 229078.660008351493161, 906545.363596214912832 ] } },
{ "type": "Feature", "properties": { "category": "personal_service" }, "geometry": { "type": "Point", "coordinates": [ 234362.044159484474221, 904147.709370916476473 ] } },
{ "type": "Feature", "properties": { "category": "personal_service" }, "geometry": { "type": "Point", "coordinates": [ 232146.009393739164807, 892750.455350749893114 ] } },
{ "type": "Feature", "properties": { "category": "personal_service" }, "geometry": { "type": "Point", "coordinates": [ 220828.5426696005743, 899620.448997766477987 ] } },
{ "type": "Feature", "properties": { "category": "personal_service" }, "geometry": { "type": "Point", "coordinates": [ 230392.329527267807862, 904210.608186181401834 ] } },
{ "type": "Feature", "properties": { "category": "personal_service" }, "geometry": { "type": "Point", "coordinates": [ 240253.597735824878328, 911042.421327430172823 ] } },
{ "type": "Feature", "properties": { "category": "personal_service" }, "geometry": { "type": "Point", "coordinates": [ 234067.483373433380621, 903199.328934758668765 ] } },
{ "type": "Feature", "properties": { "category": "personal_service" }, "geometry": { "type": "Point", "coordinates": [ 233991.54183470775024, 894084.050125196459703 ] } },
{ "type": "Feature", "properties": { "category": "personal_service" }, "geometry": { "type": "Point", "coordinates": [ 225629.562894848437281, 904119.745843487791717 ] } },
{ "type": "Feature", "properties": { "category": "personal_service" }, "geometry": { "type": "Point", "coordinates": [ 226789.052369328885106, 907444.768994208192453 ] } },
{ "type": "Feature", "properties": { "category": "personal_service" }, "geometry": { "type": "Point", "coordinates": [ 235965.187053607485723, 912154.485790935810655 ] } },
{ "type": "Feature", "properties": { "category": "personal_service" }, "geometry": { "type": "Point", "coordinates": [ 220809.421439164842013, 902904.392652062582783 ] } },
{ "type": "Feature", "properties": { "category": "personal_service" }, "geometry": { "type": "Point", "coordinates": [ 236423.272116696229205, 900899.050816664355807 ] } },
{ "type": "Feature", "properties": { "category": "personal_service" }, "geometry": { "type": "Point", "coordinates": [ 239478.443916270276532, 914997.17945119808428 ] } },
{ "type": "Feature", "properties": { "category": "personal_service" }, "geometry": { "type": "Point", "coordinates": [ 238739.41697692355956, 905123.882598576019518 ] } },
{ "type": "Feature", "properties": { "category": "personal_service" }, "geometry": { "type": "Point", "coordinates": [ 231082.397278234391706, 905079.597422343678772 ] } },
{ "type": "Feature", "properties": { "category": "personal_service" }, "geometry": { "type": "Point", "coordinates": [ 228558.32177746258094, 888714.931405806913972 ] } },
{ "type": "Feature", "properties": { "category": "personal_service" }, "geometry": { "type": "Point", "coordinates": [ 242167.673195784038398, 888891.04735956620425 ] } },
{ "type": "Feature", "properties": { "category": "personal_service" }, "geometry": { "type": "Point", "coordinates": [ 225922.666764416731894, 903975.309079860453494 ] } },
{ "type": "Feature", "properties": { "category": "personal_service" }, "geometry": { "type": "Point", "coordinates": [ 243039.257191381620942, 911567.040946869179606 ] } },
{ "type": "Feature", "properties": { "category": "personal_service" }, "geometry": { "type": "Point", "coordinates": [ 235392.639549951185472, 897023.392847758485004 ] } },
{ "type": "Feature", "properties": { "category": "personal_service" }, "geometry": { "type": "Point", "coordinates": [ 234329.793581769685261, 895404.173605033895001 ] } },
{ "type": "Feature", "properties": { "category": "personal_service" }, "geometry": { "type": "Point", "coordinates": [ 235961.545639013464097, 897961.551671713474207 ] } },
{ "type": "Feature", "properties": { "category": "personal_service" }, "geometry": { "type": "Point", "coordinates": [ 230035.451135735667776, 900530.722738747252151 ] } },
{ "type": "Feature", "properties": { "category": "personal_service" }, "geometry": { "type": "Point", "coordinates": [ 228159.042326259135734, 904917.866363191511482 ] } },
{ "type": "Feature", "properties": { "category": "personal_service" }, "geometry": { "type": "Point", "coordinates": [ 225176.266663467860781, 901542.7658426273847 ] } },
{ "type": "Feature", "properties": { "category": "personal_service" }, "geometry": { "type": "Point", "coordinates": [ 231077.912067681289045, 906874.058408124139532 ] } },
{ "type": "Feature", "properties": { "category": "personal_service" }, "geometry": { "type": "Point", "coordinates": [ 235839.097896728577325, 908319.901740051689558 ] } },
{ "type": "Feature", "properties": { "category": "personal_service" }, "geometry": { "type": "Point", "coordinates": [ 225922.666764416731894, 903975.309079860453494 ] } },
{ "type": "Feature", "properties": { "category": "personal_service" }, "geometry": { "type": "Point", "coordinates": [ 234831.812293155118823, 900079.668120904359967 ] } },
{ "type": "Feature", "properties": { "category": "personal_service" }, "geometry": { "type": "Point", "coordinates": [ 226786.853442624182208, 908193.545088398153894 ] } },
{ "type": "Feature", "properties": { "category": "personal_service" }, "geometry": { "type": "Point", "coordinates": [ 226689.549082114652265, 903479.551408719969913 ] } },
{ "type": "Feature", "properties": { "category": "personal_service" }, "geometry": { "type": "Point", "coordinates": [ 232211.166548440582119, 907544.531557198031805 ] } },
{ "type": "Feature", "properties": { "category": "personal_service" }, "geometry": { "type": "Point", "coordinates": [ 231363.787163879344007, 902559.255704590934329 ] } },
{ "type": "Feature", "properties": { "category": "personal_service" }, "geometry": { "type": "Point", "coordinates": [ 233685.497404305904638, 908214.152174745453522 ] } },
{ "type": "Feature", "properties": { "category": "personal_service" }, "geometry": { "type": "Point", "coordinates": [ 239592.687281593331136, 905817.889866626588628 ] } },
{ "type": "Feature", "properties": { "category": "personal_service" }, "geometry": { "type": "Point", "coordinates": [ 235096.634147122647846, 890909.140247478499077 ] } },
{ "type": "Feature", "properties": { "category": "personal_service" }, "geometry": { "type": "Point", "coordinates": [ 224757.70114047214156, 901033.765394864371046 ] } },
{ "type": "Feature", "properties": { "category": "personal_service" }, "geometry": { "type": "Point", "coordinates": [ 237027.104580228478881, 892657.600254942313768 ] } },
{ "type": "Feature", "properties": { "category": "personal_service" }, "geometry": { "type": "Point", "coordinates": [ 242995.447550848301034, 904103.502038303995505 ] } },
{ "type": "Feature", "properties": { "category": "personal_service" }, "geometry": { "type": "Point", "coordinates": [ 234937.400859172106721, 900220.150436489377171 ] } },
{ "type": "Feature", "properties": { "category": "personal_service" }, "geometry": { "type": "Point", "coordinates": [ 239191.212209636869375, 891608.652999149635434 ] } },
{ "type": "Feature", "properties": { "category": "personal_service" }, "geometry": { "type": "Point", "coordinates": [ 241730.988437728839926, 889441.382339188712649 ] } },
{ "type": "Feature", "properties": { "category": "personal_service" }, "geometry": { "type": "Point", "coordinates": [ 239161.572579890489578, 914231.604614369687624 ] } },
{ "type": "Feature", "properties": { "category": "personal_service" }, "geometry": { "type": "Point", "coordinates": [ 236716.531455547898076, 905992.985093349590898 ] } },
{ "type": "Feature", "properties": { "category": "personal_service" }, "geometry": { "type": "Point", "coordinates": [ 235659.150345073459903, 911535.31458681402728 ] } },
{ "type": "Feature", "properties": { "category": "personal_service" }, "geometry": { "type": "Point", "coordinates": [ 239168.578152853471693, 891495.673270585248247 ] } },
{ "type": "Feature", "properties": { "category": "personal_service" }, "geometry": { "type": "Point", "coordinates": [ 235839.097896728577325, 908319.901740051689558 ] } },
{ "type": "Feature", "properties": { "category": "personal_service" }, "geometry": { "type": "Point", "coordinates": [ 234323.771626855857903, 901446.982453758479096 ] } },
{ "type": "Feature", "properties": { "category": "personal_service" }, "geometry": { "type": "Point", "coordinates": [ 230594.200004532845924, 905957.864440041827038 ] } },
{ "type": "Feature", "properties": { "category": "personal_service" }, "geometry": { "type": "Point", "coordinates": [ 235726.873227406176738, 891425.705617405823432 ] } },
{ "type": "Feature", "properties": { "category": "personal_service" }, "geometry": { "type": "Point", "coordinates": [ 231208.808960604073945, 904813.680164342047647 ] } },
{ "type": "Feature", "properties": { "category": "personal_service" }, "geometry": { "type": "Point", "coordinates": [ 232112.269629062851891, 896778.826031440054066 ] } },
{ "type": "Feature", "properties": { "category": "personal_service" }, "geometry": { "type": "Point", "coordinates": [ 236887.865275896008825, 906616.372553541208617 ] } },
{ "type": "Feature", "properties": { "category": "personal_service" }, "geometry": { "type": "Point", "coordinates": [ 234445.139321402122732, 897204.519148229621351 ] } },
{ "type": "Feature", "properties": { "category": "personal_service" }, "geometry": { "type": "Point", "coordinates": [ 234329.793581769685261, 895404.173605033895001 ] } },
{ "type": "Feature", "properties": { "category": "personal_service" }, "geometry": { "type": "Point", "coordinates": [ 224537.698802098166198, 900315.433988654054701 ] } },
{ "type": "Feature", "properties": { "category": "personal_service" }, "geometry": { "type": "Point", "coordinates": [ 235249.395064300450031, 893368.24367253028322 ] } },
{ "type": "Feature", "properties": { "category": "personal_service" }, "geometry": { "type": "Point", "coordinates": [ 235303.337776361266151, 900196.431302480516024 ] } },
{ "type": "Feature", "properties": { "category": "personal_service" }, "geometry": { "type": "Point", "coordinates": [ 235637.356430535117397, 900894.465601539704949 ] } },
{ "type": "Feature", "properties": { "category": "personal_service" }, "geometry": { "type": "Point", "coordinates": [ 237172.817910689365817, 898636.540183688048273 ] } },
{ "type": "Feature", "properties": { "category": "personal_service" }, "geometry": { "type": "Point", "coordinates": [ 239026.19523324482725, 914045.010455781128258 ] } },
{ "type": "Feature", "properties": { "category": "personal_service" }, "geometry": { "type": "Point", "coordinates": [ 230476.69528631833964, 892986.059945861343294 ] } },
{ "type": "Feature", "properties": { "category": "personal_service" }, "geometry": { "type": "Point", "coordinates": [ 234241.441358993208269, 899949.582671014359221 ] } },
{ "type": "Feature", "properties": { "category": "personal_service" }, "geometry": { "type": "Point", "coordinates": [ 222682.874366979172919, 896304.996910599875264 ] } },
{ "type": "Feature", "properties": { "category": "personal_service" }, "geometry": { "type": "Point", "coordinates": [ 232562.108370054047555, 906481.344159733271226 ] } },
{ "type": "Feature", "properties": { "category": "personal_service" }, "geometry": { "type": "Point", "coordinates": [ 233541.718279497988988, 908094.719500952633098 ] } },
{ "type": "Feature", "properties": { "category": "personal_service" }, "geometry": { "type": "Point", "coordinates": [ 240373.822159489500336, 893995.827010232955217 ] } },
{ "type": "Feature", "properties": { "category": "personal_service" }, "geometry": { "type": "Point", "coordinates": [ 244718.547036779025802, 911973.104608311317861 ] } },
{ "type": "Feature", "properties": { "category": "personal_service" }, "geometry": { "type": "Point", "coordinates": [ 243584.296565124357585, 912125.035249593085609 ] } },
{ "type": "Feature", "properties": { "category": "personal_service" }, "geometry": { "type": "Point", "coordinates": [ 234351.974672065465711, 895454.266510734101757 ] } },
{ "type": "Feature", "properties": { "category": "personal_service" }, "geometry": { "type": "Point", "coordinates": [ 222808.067718793055974, 895169.536704827100039 ] } },
{ "type": "Feature", "properties": { "category": "personal_service" }, "geometry": { "type": "Point", "coordinates": [ 227701.467704295471776, 888838.577055335626937 ] } },
{ "type": "Feature", "properties": { "category": "personal_service" }, "geometry": { "type": "Point", "coordinates": [ 241867.723102825751994, 889274.691352322231978 ] } },
{ "type": "Feature", "properties": { "category": "personal_service" }, "geometry": { "type": "Point", "coordinates": [ 235557.500451408763183, 905048.734199460828677 ] } },
{ "type": "Feature", "properties": { "category": "personal_service" }, "geometry": { "type": "Point", "coordinates": [ 226223.181624640477821, 908397.024356494424865 ] } },
{ "type": "Feature", "properties": { "category": "personal_service" }, "geometry": { "type": "Point", "coordinates": [ 225374.45471934278612, 897870.156243167351931 ] } },
{ "type": "Feature", "properties": { "category": "personal_service" }, "geometry": { "type": "Point", "coordinates": [ 235661.577448049531085, 891027.166509674396366 ] } },
{ "type": "Feature", "properties": { "category": "personal_service" }, "geometry": { "type": "Point", "coordinates": [ 234223.807453938527033, 899171.508303056121804 ] } },
{ "type": "Feature", "properties": { "category": "personal_service" }, "geometry": { "type": "Point", "coordinates": [ 238634.298760334873805, 899413.080685535212979 ] } },
{ "type": "Feature", "properties": { "category": "personal_service" }, "geometry": { "type": "Point", "coordinates": [ 240612.801341343409149, 907737.622955256723799 ] } },
{ "type": "Feature", "properties": { "category": "personal_service" }, "geometry": { "type": "Point", "coordinates": [ 239818.519912269955967, 888175.810574685689062 ] } },
{ "type": "Feature", "properties": { "category": "personal_service" }, "geometry": { "type": "Point", "coordinates": [ 242336.343799126014346, 903010.365432771737687 ] } },
{ "type": "Feature", "properties": { "category": "personal_service" }, "geometry": { "type": "Point", "coordinates": [ 227981.586708265327616, 900312.307820199523121 ] } },
{ "type": "Feature", "properties": { "category": "personal_service" }, "geometry": { "type": "Point", "coordinates": [ 238466.838440304039977, 904682.399161153356545 ] } },
{ "type": "Feature", "properties": { "category": "personal_service" }, "geometry": { "type": "Point", "coordinates": [ 231745.501817131909775, 902331.260523057426326 ] } },
{ "type": "Feature", "properties": { "category": "personal_service" }, "geometry": { "type": "Point", "coordinates": [ 240612.922941517812433, 904813.225639854674228 ] } },
{ "type": "Feature", "properties": { "category": "personal_service" }, "geometry": { "type": "Point", "coordinates": [ 231023.88197460846277, 897424.517127367900684 ] } },
{ "type": "Feature", "properties": { "category": "personal_service" }, "geometry": { "type": "Point", "coordinates": [ 228325.71792972824187, 890141.308439500862733 ] } },
{ "type": "Feature", "properties": { "category": "personal_service" }, "geometry": { "type": "Point", "coordinates": [ 232314.785577824921347, 902481.478979090228677 ] } },
{ "type": "Feature", "properties": { "category": "personal_service" }, "geometry": { "type": "Point", "coordinates": [ 232732.916986917989561, 905457.211628851364367 ] } },
{ "type": "Feature", "properties": { "category": "personal_service" }, "geometry": { "type": "Point", "coordinates": [ 233075.143022448697593, 905303.860021435189992 ] } },
{ "type": "Feature", "properties": { "category": "personal_service" }, "geometry": { "type": "Point", "coordinates": [ 236789.206960462674033, 906640.292411893955432 ] } },
{ "type": "Feature", "properties": { "category": "personal_service" }, "geometry": { "type": "Point", "coordinates": [ 231847.396095755131682, 905852.801835575606674 ] } },
{ "type": "Feature", "properties": { "category": "personal_service" }, "geometry": { "type": "Point", "coordinates": [ 231248.433901352866087, 898845.411632095230743 ] } },
{ "type": "Feature", "properties": { "category": "personal_service" }, "geometry": { "type": "Point", "coordinates": [ 233872.288677418022417, 899339.421015802072361 ] } },
{ "type": "Feature", "properties": { "category": "personal_service" }, "geometry": { "type": "Point", "coordinates": [ 230944.926814121630741, 900211.988204073160887 ] } },
{ "type": "Feature", "properties": { "category": "personal_service" }, "geometry": { "type": "Point", "coordinates": [ 226748.812017738848226, 905260.473377437563613 ] } },
{ "type": "Feature", "properties": { "category": "personal_service" }, "geometry": { "type": "Point", "coordinates": [ 230801.615573846560437, 897812.64277640695218 ] } },
{ "type": "Feature", "properties": { "category": "personal_service" }, "geometry": { "type": "Point", "coordinates": [ 234297.842826381151099, 899923.754414185299538 ] } },
{ "type": "Feature", "properties": { "category": "personal_service" }, "geometry": { "type": "Point", "coordinates": [ 235965.187053607485723, 912154.485790935810655 ] } },
{ "type": "Feature", "properties": { "category": "personal_service" }, "geometry": { "type": "Point", "coordinates": [ 244653.929120986547787, 911928.926885538967326 ] } },
{ "type": "Feature", "properties": { "category": "personal_service" }, "geometry": { "type": "Point", "coordinates": [ 239755.799883690895513, 890731.42851065681316 ] } },
{ "type": "Feature", "properties": { "category": "personal_service" }, "geometry": { "type": "Point", "coordinates": [ 232126.527242356416536, 896851.646593466633931 ] } },
{ "type": "Feature", "properties": { "category": "personal_service" }, "geometry": { "type": "Point", "coordinates": [ 232942.716936700802762, 899796.530145013472065 ] } },
{ "type": "Feature", "properties": { "category": "personal_service" }, "geometry": { "type": "Point", "coordinates": [ 238593.121636604104424, 905391.222733549308032 ] } },
{ "type": "Feature", "properties": { "category": "personal_service" }, "geometry": { "type": "Point", "coordinates": [ 236623.170721063332167, 901634.983892825082876 ] } },
{ "type": "Feature", "properties": { "category": "personal_service" }, "geometry": { "type": "Point", "coordinates": [ 244846.129794395412318, 914699.20368246815633 ] } },
{ "type": "Feature", "properties": { "category": "personal_service" }, "geometry": { "type": "Point", "coordinates": [ 226894.220251669059508, 888621.960223928559572 ] } },
{ "type": "Feature", "properties": { "category": "personal_service" }, "geometry": { "type": "Point", "coordinates": [ 238229.366562675131718, 909052.090196222066879 ] } },
{ "type": "Feature", "properties": { "category": "personal_service" }, "geometry": { "type": "Point", "coordinates": [ 245510.016821352852276, 912452.957448666682467 ] } },
{ "type": "Feature", "properties": { "category": "personal_service" }, "geometry": { "type": "Point", "coordinates": [ 237697.321087518357672, 908479.593387369182892 ] } },
{ "type": "Feature", "properties": { "category": "personal_service" }, "geometry": { "type": "Point", "coordinates": [ 237379.719305516424356, 906846.020688834716566 ] } },
{ "type": "Feature", "properties": { "category": "personal_service" }, "geometry": { "type": "Point", "coordinates": [ 240541.309874081867747, 904139.115470888558775 ] } },
{ "type": "Feature", "properties": { "category": "personal_service" }, "geometry": { "type": "Point", "coordinates": [ 231082.397278234391706, 905079.597422343678772 ] } },
{ "type": "Feature", "properties": { "category": "personal_service" }, "geometry": { "type": "Point", "coordinates": [ 231597.792751267959829, 893866.287102420115843 ] } },
{ "type": "Feature", "properties": { "category": "personal_service" }, "geometry": { "type": "Point", "coordinates": [ 228891.803193965548417, 904563.947377538192086 ] } },
{ "type": "Feature", "properties": { "category": "personal_service" }, "geometry": { "type": "Point", "coordinates": [ 231679.893829045060556, 901263.282157263252884 ] } },
{ "type": "Feature", "properties": { "category": "personal_service" }, "geometry": { "type": "Point", "coordinates": [ 236603.310460030392278, 892786.452745463931933 ] } },
{ "type": "Feature", "properties": { "category": "personal_service" }, "geometry": { "type": "Point", "coordinates": [ 236384.785944490635302, 895392.290388582507148 ] } },
{ "type": "Feature", "properties": { "category": "personal_service" }, "geometry": { "type": "Point", "coordinates": [ 230792.328760342439637, 897768.94878961215727 ] } },
{ "type": "Feature", "properties": { "category": "personal_service" }, "geometry": { "type": "Point", "coordinates": [ 246463.968401260062819, 913616.685759560437873 ] } },
{ "type": "Feature", "properties": { "category": "personal_service" }, "geometry": { "type": "Point", "coordinates": [ 234404.840987301809946, 895400.097292351303622 ] } },
{ "type": "Feature", "properties": { "category": "personal_service" }, "geometry": { "type": "Point", "coordinates": [ 228792.445806045288919, 893030.059799395268783 ] } },
{ "type": "Feature", "properties": { "category": "personal_service" }, "geometry": { "type": "Point", "coordinates": [ 236616.587731537263608, 900447.967365539749153 ] } },
{ "type": "Feature", "properties": { "category": "personal_service" }, "geometry": { "type": "Point", "coordinates": [ 242243.04771177348448, 902911.609781512059271 ] } },
{ "type": "Feature", "properties": { "category": "personal_service" }, "geometry": { "type": "Point", "coordinates": [ 234488.572142916469602, 905982.577192945638672 ] } },
{ "type": "Feature", "properties": { "category": "personal_service" }, "geometry": { "type": "Point", "coordinates": [ 228488.69781374829472, 899803.38906562468037 ] } },
{ "type": "Feature", "properties": { "category": "personal_service" }, "geometry": { "type": "Point", "coordinates": [ 232714.470305293740239, 905440.574901388026774 ] } },
{ "type": "Feature", "properties": { "category": "personal_service" }, "geometry": { "type": "Point", "coordinates": [ 235242.820140321506187, 900270.549782908288762 ] } },
{ "type": "Feature", "properties": { "category": "personal_service" }, "geometry": { "type": "Point", "coordinates": [ 235961.545639013464097, 897961.551671713474207 ] } },
{ "type": "Feature", "properties": { "category": "personal_service" }, "geometry": { "type": "Point", "coordinates": [ 234835.285861252021277, 896052.238761441083625 ] } },
{ "type": "Feature", "properties": { "category": "personal_service" }, "geometry": { "type": "Point", "coordinates": [ 222157.204864635074046, 902047.551711462088861 ] } },
{ "type": "Feature", "properties": { "category": "personal_service" }, "geometry": { "type": "Point", "coordinates": [ 220472.644872996985214, 900109.808087536366656 ] } },
{ "type": "Feature", "properties": { "category": "personal_service" }, "geometry": { "type": "Point", "coordinates": [ 239099.130720376357203, 913912.674177142675035 ] } },
{ "type": "Feature", "properties": { "category": "personal_service" }, "geometry": { "type": "Point", "coordinates": [ 224514.900903610687237, 900308.578708141576499 ] } },
{ "type": "Feature", "properties": { "category": "personal_service" }, "geometry": { "type": "Point", "coordinates": [ 246454.695698125549825, 912868.597521298797801 ] } },
{ "type": "Feature", "properties": { "category": "personal_service" }, "geometry": { "type": "Point", "coordinates": [ 228469.969819885329343, 892642.536332388059236 ] } },
{ "type": "Feature", "properties": { "category": "personal_service" }, "geometry": { "type": "Point", "coordinates": [ 231082.397278234391706, 905079.597422343678772 ] } },
{ "type": "Feature", "properties": { "category": "personal_service" }, "geometry": { "type": "Point", "coordinates": [ 240885.236210403585574, 908117.654695730889216 ] } },
{ "type": "Feature", "properties": { "category": "personal_service" }, "geometry": { "type": "Point", "coordinates": [ 233501.278992780862609, 891403.538420186960138 ] } },
{ "type": "Feature", "properties": { "category": "personal_service" }, "geometry": { "type": "Point", "coordinates": [ 223465.118416332697961, 903015.286385118728504 ] } },
{ "type": "Feature", "properties": { "category": "personal_service" }, "geometry": { "type": "Point", "coordinates": [ 234938.166584772785427, 899071.609678436536342 ] } },
{ "type": "Feature", "properties": { "category": "personal_service" }, "geometry": { "type": "Point", "coordinates": [ 234353.377293912373716, 895470.934893153142184 ] } },
{ "type": "Feature", "properties": { "category": "personal_service" }, "geometry": { "type": "Point", "coordinates": [ 236524.125094544142485, 896598.199808352976106 ] } },
{ "type": "Feature", "properties": { "category": "personal_service" }, "geometry": { "type": "Point", "coordinates": [ 240306.098957853013417, 910867.770266830222681 ] } },
{ "type": "Feature", "properties": { "category": "personal_service" }, "geometry": { "type": "Point", "coordinates": [ 241215.007144348870497, 889017.36312027880922 ] } },
{ "type": "Feature", "properties": { "category": "personal_service" }, "geometry": { "type": "Point", "coordinates": [ 243687.784851166390581, 912241.648068067268468 ] } },
{ "type": "Feature", "properties": { "category": "personal_service" }, "geometry": { "type": "Point", "coordinates": [ 235704.377442756842356, 895206.636725807446055 ] } },
{ "type": "Feature", "properties": { "category": "personal_service" }, "geometry": { "type": "Point", "coordinates": [ 232899.727979977964424, 903521.333085141261108 ] } },
{ "type": "Feature", "properties": { "category": "personal_service" }, "geometry": { "type": "Point", "coordinates": [ 227274.073451570526231, 901361.208468607626855 ] } },
{ "type": "Feature", "properties": { "category": "personal_service" }, "geometry": { "type": "Point", "coordinates": [ 235902.011461833521025, 908247.910235296469182 ] } },
{ "type": "Feature", "properties": { "category": "personal_service" }, "geometry": { "type": "Point", "coordinates": [ 234542.534253386344062, 899425.102807585033588 ] } },
{ "type": "Feature", "properties": { "category": "personal_service" }, "geometry": { "type": "Point", "coordinates": [ 238076.236645741621032, 903312.221054579131305 ] } },
{ "type": "Feature", "properties": { "category": "personal_service" }, "geometry": { "type": "Point", "coordinates": [ 232138.997593552456237, 893075.654384614201263 ] } },
{ "type": "Feature", "properties": { "category": "personal_service" }, "geometry": { "type": "Point", "coordinates": [ 220736.825799612561241, 902917.174065422732383 ] } },
{ "type": "Feature", "properties": { "category": "personal_service" }, "geometry": { "type": "Point", "coordinates": [ 239796.995554195542354, 906446.978353050537407 ] } },
{ "type": "Feature", "properties": { "category": "personal_service" }, "geometry": { "type": "Point", "coordinates": [ 236532.84739573704428, 898092.236678062588908 ] } },
{ "type": "Feature", "properties": { "category": "personal_service" }, "geometry": { "type": "Point", "coordinates": [ 234447.793711847509257, 899706.775314695900306 ] } },
{ "type": "Feature", "properties": { "category": "personal_service" }, "geometry": { "type": "Point", "coordinates": [ 236654.491733140166616, 900999.779242010088637 ] } },
{ "type": "Feature", "properties": { "category": "personal_service" }, "geometry": { "type": "Point", "coordinates": [ 227481.120638870779658, 891756.329527412541211 ] } },
{ "type": "Feature", "properties": { "category": "personal_service" }, "geometry": { "type": "Point", "coordinates": [ 232856.257212095661089, 901599.363826667773537 ] } },
{ "type": "Feature", "properties": { "category": "personal_service" }, "geometry": { "type": "Point", "coordinates": [ 228054.794646583817666, 892077.38088039541617 ] } },
{ "type": "Feature", "properties": { "category": "personal_service" }, "geometry": { "type": "Point", "coordinates": [ 221541.80145778413862, 903399.230206959182397 ] } },
{ "type": "Feature", "properties": { "category": "personal_service" }, "geometry": { "type": "Point", "coordinates": [ 232091.529320242756512, 903753.969198771519586 ] } },
{ "type": "Feature", "properties": { "category": "personal_service" }, "geometry": { "type": "Point", "coordinates": [ 226498.337779054098064, 887811.500282234046608 ] } },
{ "type": "Feature", "properties": { "category": "personal_service" }, "geometry": { "type": "Point", "coordinates": [ 233872.288677418022417, 899339.421015802072361 ] } },
{ "type": "Feature", "properties": { "category": "personal_service" }, "geometry": { "type": "Point", "coordinates": [ 239042.844111838639947, 893935.329361969605088 ] } },
{ "type": "Feature", "properties": { "category": "personal_service" }, "geometry": { "type": "Point", "coordinates": [ 231020.452143291709945, 902587.833460007677786 ] } },
{ "type": "Feature", "properties": { "category": "personal_service" }, "geometry": { "type": "Point", "coordinates": [ 229724.838076667569112, 904076.901092182146385 ] } },
{ "type": "Feature", "properties": { "category": "personal_service" }, "geometry": { "type": "Point", "coordinates": [ 236371.066003567277221, 900687.287550508743152 ] } },
{ "type": "Feature", "properties": { "category": "personal_service" }, "geometry": { "type": "Point", "coordinates": [ 229849.860072574054357, 900737.647169480915181 ] } },
{ "type": "Feature", "properties": { "category": "personal_service" }, "geometry": { "type": "Point", "coordinates": [ 237904.904255084926262, 889831.60660639568232 ] } },
{ "type": "Feature", "properties": { "category": "personal_service" }, "geometry": { "type": "Point", "coordinates": [ 232134.366537482361309, 907312.801208572112955 ] } },
{ "type": "Feature", "properties": { "category": "personal_service" }, "geometry": { "type": "Point", "coordinates": [ 229296.593431128450902, 907225.851327605079859 ] } },
{ "type": "Feature", "properties": { "category": "personal_service" }, "geometry": { "type": "Point", "coordinates": [ 230305.82056438899599, 905385.557508960366249 ] } },
{ "type": "Feature", "properties": { "category": "personal_service" }, "geometry": { "type": "Point", "coordinates": [ 237647.136353357956978, 899627.658051996142603 ] } },
{ "type": "Feature", "properties": { "category": "personal_service" }, "geometry": { "type": "Point", "coordinates": [ 234023.769015582627617, 904470.856937074451707 ] } },
{ "type": "Feature", "properties": { "category": "personal_service" }, "geometry": { "type": "Point", "coordinates": [ 231919.270979468943551, 905543.773266158183105 ] } },
{ "type": "Feature", "properties": { "category": "personal_service" }, "geometry": { "type": "Point", "coordinates": [ 235572.195758028072305, 908566.363339465809986 ] } },
{ "type": "Feature", "properties": { "category": "personal_service" }, "geometry": { "type": "Point", "coordinates": [ 235426.600853891402949, 913213.679261437267996 ] } },
{ "type": "Feature", "properties": { "category": "personal_service" }, "geometry": { "type": "Point", "coordinates": [ 229091.036984097125242, 895235.484893349697813 ] } },
{ "type": "Feature", "properties": { "category": "personal_service" }, "geometry": { "type": "Point", "coordinates": [ 221921.667524196323939, 903935.800892275059596 ] } },
{ "type": "Feature", "properties": { "category": "personal_service" }, "geometry": { "type": "Point", "coordinates": [ 231160.333367829938652, 892707.476986316032708 ] } },
{ "type": "Feature", "properties": { "category": "personal_service" }, "geometry": { "type": "Point", "coordinates": [ 231897.533896990935318, 905598.658566871541552 ] } },
{ "type": "Feature", "properties": { "category": "personal_service" }, "geometry": { "type": "Point", "coordinates": [ 228128.39832469652174, 904859.982725127367303 ] } },
{ "type": "Feature", "properties": { "category": "personal_service" }, "geometry": { "type": "Point", "coordinates": [ 234495.333810492302291, 906566.776413377374411 ] } },
{ "type": "Feature", "properties": { "category": "personal_service" }, "geometry": { "type": "Point", "coordinates": [ 224850.870898640336236, 900918.129442148841918 ] } },
{ "type": "Feature", "properties": { "category": "personal_service" }, "geometry": { "type": "Point", "coordinates": [ 222175.864559358655242, 897385.374799735611305 ] } },
{ "type": "Feature", "properties": { "category": "personal_service" }, "geometry": { "type": "Point", "coordinates": [ 237093.367801608983427, 907107.316458939691074 ] } },
{ "type": "Feature", "properties": { "category": "personal_service" }, "geometry": { "type": "Point", "coordinates": [ 238193.937857921147952, 892508.664345026132651 ] } },
{ "type": "Feature", "properties": { "category": "personal_service" }, "geometry": { "type": "Point", "coordinates": [ 243217.071870136132929, 903456.380332227097824 ] } },
{ "type": "Feature", "properties": { "category": "personal_service" }, "geometry": { "type": "Point", "coordinates": [ 223239.843492960615549, 895148.179704654728994 ] } },
{ "type": "Feature", "properties": { "category": "personal_service" }, "geometry": { "type": "Point", "coordinates": [ 240331.873877357866149, 910963.559036163147539 ] } },
{ "type": "Feature", "properties": { "category": "personal_service" }, "geometry": { "type": "Point", "coordinates": [ 239645.468495429231552, 891160.4495340163121 ] } },
{ "type": "Feature", "properties": { "category": "personal_service" }, "geometry": { "type": "Point", "coordinates": [ 235642.193556165875634, 898023.128339812508784 ] } },
{ "type": "Feature", "properties": { "category": "personal_service" }, "geometry": { "type": "Point", "coordinates": [ 227887.762974973535165, 892388.839721962460317 ] } },
{ "type": "Feature", "properties": { "category": "personal_service" }, "geometry": { "type": "Point", "coordinates": [ 240441.774794380005915, 907408.838220361620188 ] } },
{ "type": "Feature", "properties": { "category": "personal_service" }, "geometry": { "type": "Point", "coordinates": [ 223001.394399231823627, 895452.077549769193865 ] } },
{ "type": "Feature", "properties": { "category": "personal_service" }, "geometry": { "type": "Point", "coordinates": [ 222639.311287348740734, 895906.759179301327094 ] } },
{ "type": "Feature", "properties": { "category": "personal_service" }, "geometry": { "type": "Point", "coordinates": [ 221740.016044247953687, 892395.480595825938508 ] } },
{ "type": "Feature", "properties": { "category": "personal_service" }, "geometry": { "type": "Point", "coordinates": [ 224569.012655291997362, 901091.307683790335432 ] } },
{ "type": "Feature", "properties": { "category": "personal_service" }, "geometry": { "type": "Point", "coordinates": [ 240303.085002157458803, 907021.926557875587605 ] } },
{ "type": "Feature", "properties": { "category": "personal_service" }, "geometry": { "type": "Point", "coordinates": [ 229945.942081010085531, 892913.802665111608803 ] } },
{ "type": "Feature", "properties": { "category": "personal_service" }, "geometry": { "type": "Point", "coordinates": [ 240216.829350305721164, 890341.393286980572157 ] } },
{ "type": "Feature", "properties": { "category": "personal_service" }, "geometry": { "type": "Point", "coordinates": [ 235230.180183532880619, 893433.904708685586229 ] } },
{ "type": "Feature", "properties": { "category": "personal_service" }, "geometry": { "type": "Point", "coordinates": [ 230748.360685894906055, 899510.892497561872005 ] } },
{ "type": "Feature", "properties": { "category": "personal_service" }, "geometry": { "type": "Point", "coordinates": [ 241612.507971713203005, 906230.678363784099929 ] } },
{ "type": "Feature", "properties": { "category": "personal_service" }, "geometry": { "type": "Point", "coordinates": [ 227251.080480858508963, 890876.827225042274222 ] } },
{ "type": "Feature", "properties": { "category": "personal_service" }, "geometry": { "type": "Point", "coordinates": [ 237060.631052099226508, 898735.362389606423676 ] } },
{ "type": "Feature", "properties": { "category": "personal_service" }, "geometry": { "type": "Point", "coordinates": [ 236476.033226057916181, 906442.491997677949257 ] } },
{ "type": "Feature", "properties": { "category": "personal_service" }, "geometry": { "type": "Point", "coordinates": [ 236008.16397585280356, 899881.657913572154939 ] } },
{ "type": "Feature", "properties": { "category": "personal_service" }, "geometry": { "type": "Point", "coordinates": [ 236423.842478009260958, 906188.737739560427144 ] } },
{ "type": "Feature", "properties": { "category": "personal_service" }, "geometry": { "type": "Point", "coordinates": [ 236102.01534645044012, 895644.088636427884921 ] } },
{ "type": "Feature", "properties": { "category": "personal_service" }, "geometry": { "type": "Point", "coordinates": [ 231054.672039601806318, 904236.832030252320692 ] } },
{ "type": "Feature", "properties": { "category": "personal_service" }, "geometry": { "type": "Point", "coordinates": [ 237103.510698522441089, 898730.256872169673443 ] } },
{ "type": "Feature", "properties": { "category": "personal_service" }, "geometry": { "type": "Point", "coordinates": [ 241084.831174293532968, 907481.663964862702414 ] } },
{ "type": "Feature", "properties": { "category": "personal_service" }, "geometry": { "type": "Point", "coordinates": [ 232650.586895643093158, 890907.584486126434058 ] } },
{ "type": "Feature", "properties": { "category": "personal_service" }, "geometry": { "type": "Point", "coordinates": [ 221459.664261619502213, 902358.0697363500949 ] } },
{ "type": "Feature", "properties": { "category": "personal_service" }, "geometry": { "type": "Point", "coordinates": [ 236193.198963184899185, 900110.540435301954858 ] } },
{ "type": "Feature", "properties": { "category": "personal_service" }, "geometry": { "type": "Point", "coordinates": [ 232135.657840600528289, 907066.655306041357107 ] } },
{ "type": "Feature", "properties": { "category": "personal_service" }, "geometry": { "type": "Point", "coordinates": [ 236695.732435512269149, 901463.524249254493043 ] } },
{ "type": "Feature", "properties": { "category": "personal_service" }, "geometry": { "type": "Point", "coordinates": [ 230011.472377235942986, 893792.694092797115445 ] } },
{ "type": "Feature", "properties": { "category": "personal_service" }, "geometry": { "type": "Point", "coordinates": [ 240309.718425936531276, 911082.621568583650514 ] } },
{ "type": "Feature", "properties": { "category": "personal_service" }, "geometry": { "type": "Point", "coordinates": [ 236574.314365759753855, 893921.504911802243441 ] } },
{ "type": "Feature", "properties": { "category": "personal_service" }, "geometry": { "type": "Point", "coordinates": [ 240822.695507914759219, 907479.579347163322382 ] } },
{ "type": "Feature", "properties": { "category": "personal_service" }, "geometry": { "type": "Point", "coordinates": [ 233291.274290791130625, 908027.10165449231863 ] } },
{ "type": "Feature", "properties": { "category": "personal_service" }, "geometry": { "type": "Point", "coordinates": [ 237207.19375346947345, 907326.634780316613615 ] } },
{ "type": "Feature", "properties": { "category": "personal_service" }, "geometry": { "type": "Point", "coordinates": [ 230899.748117118375376, 899075.244269353104755 ] } },
{ "type": "Feature", "properties": { "category": "personal_service" }, "geometry": { "type": "Point", "coordinates": [ 239161.572579890489578, 914231.604614369687624 ] } },
{ "type": "Feature", "properties": { "category": "personal_service" }, "geometry": { "type": "Point", "coordinates": [ 231037.873735987988766, 899239.580979167600162 ] } },
{ "type": "Feature", "properties": { "category": "personal_service" }, "geometry": { "type": "Point", "coordinates": [ 222572.384446110605495, 899957.509508774150163 ] } },
{ "type": "Feature", "properties": { "category": "personal_service" }, "geometry": { "type": "Point", "coordinates": [ 234018.271048253984191, 901882.033987342962064 ] } },
{ "type": "Feature", "properties": { "category": "personal_service" }, "geometry": { "type": "Point", "coordinates": [ 234342.734039140865207, 892330.971022145240568 ] } },
{ "type": "Feature", "properties": { "category": "personal_service" }, "geometry": { "type": "Point", "coordinates": [ 231003.924329625297105, 889587.223334536538459 ] } },
{ "type": "Feature", "properties": { "category": "personal_service" }, "geometry": { "type": "Point", "coordinates": [ 234630.800173596857348, 895054.646655600983649 ] } },
{ "type": "Feature", "properties": { "category": "personal_service" }, "geometry": { "type": "Point", "coordinates": [ 235751.723780989996158, 911641.978839711868204 ] } },
{ "type": "Feature", "properties": { "category": "personal_service" }, "geometry": { "type": "Point", "coordinates": [ 244277.974041493784171, 911662.836591323488392 ] } },
{ "type": "Feature", "properties": { "category": "personal_service" }, "geometry": { "type": "Point", "coordinates": [ 236117.685585429368075, 899814.018058334128 ] } },
{ "type": "Feature", "properties": { "category": "personal_service" }, "geometry": { "type": "Point", "coordinates": [ 231582.035994601872517, 889843.045922458055429 ] } },
{ "type": "Feature", "properties": { "category": "personal_service" }, "geometry": { "type": "Point", "coordinates": [ 223579.06989931705175, 902312.990107789984904 ] } },
{ "type": "Feature", "properties": { "category": "personal_service" }, "geometry": { "type": "Point", "coordinates": [ 236174.175586925906828, 896200.955787738901563 ] } },
{ "type": "Feature", "properties": { "category": "personal_service" }, "geometry": { "type": "Point", "coordinates": [ 221849.814276476681698, 891965.736704658949748 ] } },
{ "type": "Feature", "properties": { "category": "personal_service" }, "geometry": { "type": "Point", "coordinates": [ 221662.017695815418847, 902123.317417735699564 ] } },
{ "type": "Feature", "properties": { "category": "personal_service" }, "geometry": { "type": "Point", "coordinates": [ 225946.358178548136493, 892997.437988482415676 ] } },
{ "type": "Feature", "properties": { "category": "personal_service" }, "geometry": { "type": "Point", "coordinates": [ 230016.153490240016254, 900419.451566418167204 ] } },
{ "type": "Feature", "properties": { "category": "personal_service" }, "geometry": { "type": "Point", "coordinates": [ 234778.600261892454, 893844.640057078329846 ] } },
{ "type": "Feature", "properties": { "category": "personal_service" }, "geometry": { "type": "Point", "coordinates": [ 231279.833394793560728, 903526.706661489210092 ] } },
{ "type": "Feature", "properties": { "category": "personal_service" }, "geometry": { "type": "Point", "coordinates": [ 222364.268178922124207, 899876.979728081612848 ] } },
{ "type": "Feature", "properties": { "category": "personal_service" }, "geometry": { "type": "Point", "coordinates": [ 227295.509588636225089, 900041.579729824792594 ] } },
{ "type": "Feature", "properties": { "category": "personal_service" }, "geometry": { "type": "Point", "coordinates": [ 235751.723780989996158, 911641.978839711868204 ] } },
{ "type": "Feature", "properties": { "category": "personal_service" }, "geometry": { "type": "Point", "coordinates": [ 221730.280343305028509, 892556.621034236624837 ] } },
{ "type": "Feature", "properties": { "category": "personal_service" }, "geometry": { "type": "Point", "coordinates": [ 227500.290664229687536, 897483.939155389089137 ] } },
{ "type": "Feature", "properties": { "category": "personal_service" }, "geometry": { "type": "Point", "coordinates": [ 232427.214270772150485, 907687.818982070079073 ] } },
{ "type": "Feature", "properties": { "category": "personal_service" }, "geometry": { "type": "Point", "coordinates": [ 229791.398665617249208, 887062.136033933027647 ] } },
{ "type": "Feature", "properties": { "category": "personal_service" }, "geometry": { "type": "Point", "coordinates": [ 233564.119795970764244, 892064.851494774920866 ] } },
{ "type": "Feature", "properties": { "category": "personal_service" }, "geometry": { "type": "Point", "coordinates": [ 232228.442285374621861, 902038.102513150312006 ] } },
{ "type": "Feature", "properties": { "category": "personal_service" }, "geometry": { "type": "Point", "coordinates": [ 235901.981081090052612, 901473.197291044751182 ] } },
{ "type": "Feature", "properties": { "category": "personal_service" }, "geometry": { "type": "Point", "coordinates": [ 237884.711869702296099, 907121.317151728901081 ] } },
{ "type": "Feature", "properties": { "category": "personal_service" }, "geometry": { "type": "Point", "coordinates": [ 235867.102805064816494, 907687.000907967449166 ] } },
{ "type": "Feature", "properties": { "category": "personal_service" }, "geometry": { "type": "Point", "coordinates": [ 222633.525653550575953, 896065.024196017649956 ] } },
{ "type": "Feature", "properties": { "category": "personal_service" }, "geometry": { "type": "Point", "coordinates": [ 240630.394939488149248, 904112.971219411003403 ] } },
{ "type": "Feature", "properties": { "category": "personal_service" }, "geometry": { "type": "Point", "coordinates": [ 243844.355623633571668, 912484.338413955876604 ] } },
{ "type": "Feature", "properties": { "category": "personal_service" }, "geometry": { "type": "Point", "coordinates": [ 239760.796577199595049, 915371.787870042957366 ] } },
{ "type": "Feature", "properties": { "category": "personal_service" }, "geometry": { "type": "Point", "coordinates": [ 236564.073101023299387, 907888.540752444881946 ] } },
{ "type": "Feature", "properties": { "category": "personal_service" }, "geometry": { "type": "Point", "coordinates": [ 230501.587426898098784, 892970.617178944172338 ] } },
{ "type": "Feature", "properties": { "category": "personal_service" }, "geometry": { "type": "Point", "coordinates": [ 232038.472715251555201, 903777.164558795513585 ] } },
{ "type": "Feature", "properties": { "category": "personal_service" }, "geometry": { "type": "Point", "coordinates": [ 240620.153747521224432, 889993.819318023510277 ] } },
{ "type": "Feature", "properties": { "category": "personal_service" }, "geometry": { "type": "Point", "coordinates": [ 226706.421591011603596, 896826.192456371034496 ] } },
{ "type": "Feature", "properties": { "category": "personal_service" }, "geometry": { "type": "Point", "coordinates": [ 232604.685799689323176, 903941.389412038959563 ] } },
{ "type": "Feature", "properties": { "category": "personal_service" }, "geometry": { "type": "Point", "coordinates": [ 235417.512007410870865, 897894.697946536703967 ] } },
{ "type": "Feature", "properties": { "category": "personal_service" }, "geometry": { "type": "Point", "coordinates": [ 236853.387996424222365, 900932.173228813335299 ] } },
{ "type": "Feature", "properties": { "category": "personal_service" }, "geometry": { "type": "Point", "coordinates": [ 236833.01157138479175, 901676.069043063907884 ] } },
{ "type": "Feature", "properties": { "category": "personal_service" }, "geometry": { "type": "Point", "coordinates": [ 228493.230103351583239, 888281.58588754304219 ] } },
{ "type": "Feature", "properties": { "category": "personal_service" }, "geometry": { "type": "Point", "coordinates": [ 231174.299438982736319, 898559.502628630958498 ] } },
{ "type": "Feature", "properties": { "category": "personal_service" }, "geometry": { "type": "Point", "coordinates": [ 239432.391712785873096, 890480.353596812579781 ] } },
{ "type": "Feature", "properties": { "category": "personal_service" }, "geometry": { "type": "Point", "coordinates": [ 234305.037611934938468, 902432.488483101362363 ] } },
{ "type": "Feature", "properties": { "category": "personal_service" }, "geometry": { "type": "Point", "coordinates": [ 230233.158324802119751, 892426.296739372657612 ] } },
{ "type": "Feature", "properties": { "category": "personal_service" }, "geometry": { "type": "Point", "coordinates": [ 235961.545639013464097, 897961.551671713474207 ] } },
{ "type": "Feature", "properties": { "category": "personal_service" }, "geometry": { "type": "Point", "coordinates": [ 235972.040134608687367, 912807.010362318833359 ] } },
{ "type": "Feature", "properties": { "category": "personal_service" }, "geometry": { "type": "Point", "coordinates": [ 227718.843789965729229, 887087.104890367714688 ] } },
{ "type": "Feature", "properties": { "category": "personal_service" }, "geometry": { "type": "Point", "coordinates": [ 238826.684580362751149, 905184.680648691602983 ] } },
{ "type": "Feature", "properties": { "category": "personal_service" }, "geometry": { "type": "Point", "coordinates": [ 246204.045819477760233, 913250.841570869786665 ] } },
{ "type": "Feature", "properties": { "category": "personal_service" }, "geometry": { "type": "Point", "coordinates": [ 235637.276167193660513, 899171.757250496069901 ] } },
{ "type": "Feature", "properties": { "category": "personal_service" }, "geometry": { "type": "Point", "coordinates": [ 231169.900187349267071, 899254.161009844276123 ] } },
{ "type": "Feature", "properties": { "category": "personal_service" }, "geometry": { "type": "Point", "coordinates": [ 227687.873337192751933, 903007.445904283667915 ] } },
{ "type": "Feature", "properties": { "category": "personal_service" }, "geometry": { "type": "Point", "coordinates": [ 220889.577713972423226, 899599.85876077238936 ] } },
{ "type": "Feature", "properties": { "category": "personal_service" }, "geometry": { "type": "Point", "coordinates": [ 231036.033563340635737, 889790.63297010702081 ] } },
{ "type": "Feature", "properties": { "category": "personal_service" }, "geometry": { "type": "Point", "coordinates": [ 236681.180048998241546, 892721.323204262997024 ] } },
{ "type": "Feature", "properties": { "category": "personal_service" }, "geometry": { "type": "Point", "coordinates": [ 235130.463737986458, 899935.975884847226553 ] } },
{ "type": "Feature", "properties": { "category": "personal_service" }, "geometry": { "type": "Point", "coordinates": [ 235316.325488902104553, 893605.505639828159474 ] } },
{ "type": "Feature", "properties": { "category": "personal_service" }, "geometry": { "type": "Point", "coordinates": [ 238111.923545261088293, 904506.180924220825545 ] } },
{ "type": "Feature", "properties": { "category": "personal_service" }, "geometry": { "type": "Point", "coordinates": [ 236281.510288625024259, 894730.849022267735563 ] } },
{ "type": "Feature", "properties": { "category": "personal_service" }, "geometry": { "type": "Point", "coordinates": [ 235255.822251306439284, 896790.331842776038684 ] } },
{ "type": "Feature", "properties": { "category": "personal_service" }, "geometry": { "type": "Point", "coordinates": [ 241745.741012491635047, 906792.200885456404649 ] } },
{ "type": "Feature", "properties": { "category": "personal_service" }, "geometry": { "type": "Point", "coordinates": [ 222292.89150378658087, 901702.085594272473827 ] } },
{ "type": "Feature", "properties": { "category": "personal_service" }, "geometry": { "type": "Point", "coordinates": [ 243204.461491740628844, 903444.639422229025513 ] } },
{ "type": "Feature", "properties": { "category": "personal_service" }, "geometry": { "type": "Point", "coordinates": [ 235130.463737986458, 899935.975884847226553 ] } },
{ "type": "Feature", "properties": { "category": "personal_service" }, "geometry": { "type": "Point", "coordinates": [ 229824.464731360407313, 900354.321471957489848 ] } },
{ "type": "Feature", "properties": { "category": "personal_service" }, "geometry": { "type": "Point", "coordinates": [ 221849.814276476681698, 891965.736704658949748 ] } },
{ "type": "Feature", "properties": { "category": "personal_service" }, "geometry": { "type": "Point", "coordinates": [ 229192.19902584614465, 888138.274992255028337 ] } },
{ "type": "Feature", "properties": { "category": "personal_service" }, "geometry": { "type": "Point", "coordinates": [ 232562.108370054047555, 906481.344159733271226 ] } },
{ "type": "Feature", "properties": { "category": "personal_service" }, "geometry": { "type": "Point", "coordinates": [ 246620.371080183947925, 912888.136253440985456 ] } },
{ "type": "Feature", "properties": { "category": "personal_service" }, "geometry": { "type": "Point", "coordinates": [ 221877.907737356115831, 892162.538542207330465 ] } },
{ "type": "Feature", "properties": { "category": "personal_service" }, "geometry": { "type": "Point", "coordinates": [ 234167.362615464080591, 896932.912885964149609 ] } },
{ "type": "Feature", "properties": { "category": "personal_service" }, "geometry": { "type": "Point", "coordinates": [ 236622.811232065985678, 895060.294946673326194 ] } },
{ "type": "Feature", "properties": { "category": "personal_service" }, "geometry": { "type": "Point", "coordinates": [ 236969.380290073400829, 901919.158443904714659 ] } },
{ "type": "Feature", "properties": { "category": "personal_service" }, "geometry": { "type": "Point", "coordinates": [ 235785.72926731131156, 896394.463916885317303 ] } },
{ "type": "Feature", "properties": { "category": "personal_service" }, "geometry": { "type": "Point", "coordinates": [ 224187.255623434000881, 900207.91815537319053 ] } },
{ "type": "Feature", "properties": { "category": "personal_service" }, "geometry": { "type": "Point", "coordinates": [ 237958.2885470984329, 898465.23503931122832 ] } },
{ "type": "Feature", "properties": { "category": "personal_service" }, "geometry": { "type": "Point", "coordinates": [ 220699.491489168751286, 902870.078105256892741 ] } },
{ "type": "Feature", "properties": { "category": "personal_service" }, "geometry": { "type": "Point", "coordinates": [ 232724.031482764577959, 903618.03930601675529 ] } },
{ "type": "Feature", "properties": { "category": "personal_service" }, "geometry": { "type": "Point", "coordinates": [ 229740.221262582723284, 887003.38320623349864 ] } },
{ "type": "Feature", "properties": { "category": "personal_service" }, "geometry": { "type": "Point", "coordinates": [ 220608.802753536525415, 902733.630284974118695 ] } },
{ "type": "Feature", "properties": { "category": "personal_service" }, "geometry": { "type": "Point", "coordinates": [ 231160.333367829938652, 892707.476986316032708 ] } },
{ "type": "Feature", "properties": { "category": "personal_service" }, "geometry": { "type": "Point", "coordinates": [ 236643.600680591742275, 894551.670970549574122 ] } },
{ "type": "Feature", "properties": { "category": "personal_service" }, "geometry": { "type": "Point", "coordinates": [ 228548.661914199532475, 892966.086162404157221 ] } },
{ "type": "Feature", "properties": { "category": "personal_service" }, "geometry": { "type": "Point", "coordinates": [ 231322.925594674306922, 903983.431207542307675 ] } },
{ "type": "Feature", "properties": { "category": "personal_service" }, "geometry": { "type": "Point", "coordinates": [ 228928.44506503365119, 893050.611428883159533 ] } },
{ "type": "Feature", "properties": { "category": "personal_service" }, "geometry": { "type": "Point", "coordinates": [ 231206.732598200731445, 902445.145471677649766 ] } },
{ "type": "Feature", "properties": { "category": "personal_service" }, "geometry": { "type": "Point", "coordinates": [ 234260.398100778606022, 906213.171459471224807 ] } },
{ "type": "Feature", "properties": { "category": "personal_service" }, "geometry": { "type": "Point", "coordinates": [ 221793.574227281758795, 902941.477787591749802 ] } },
{ "type": "Feature", "properties": { "category": "personal_service" }, "geometry": { "type": "Point", "coordinates": [ 244735.87503169363481, 914504.883102336898446 ] } },
{ "type": "Feature", "properties": { "category": "personal_service" }, "geometry": { "type": "Point", "coordinates": [ 234099.952209918148583, 902431.601104090921581 ] } },
{ "type": "Feature", "properties": { "category": "personal_service" }, "geometry": { "type": "Point", "coordinates": [ 239668.531762780505233, 914285.218018920859322 ] } },
{ "type": "Feature", "properties": { "category": "personal_service" }, "geometry": { "type": "Point", "coordinates": [ 231405.319229383690981, 898093.117874926305376 ] } },
{ "type": "Feature", "properties": { "category": "personal_service" }, "geometry": { "type": "Point", "coordinates": [ 225504.84988772161887, 902135.550567039521411 ] } },
{ "type": "Feature", "properties": { "category": "personal_service" }, "geometry": { "type": "Point", "coordinates": [ 232532.302260056487285, 891331.346415099338628 ] } },
{ "type": "Feature", "properties": { "category": "personal_service" }, "geometry": { "type": "Point", "coordinates": [ 231305.168295896262862, 898448.229415384936146 ] } },
{ "type": "Feature", "properties": { "category": "personal_service" }, "geometry": { "type": "Point", "coordinates": [ 238188.048876450338867, 892484.306606829049997 ] } },
{ "type": "Feature", "properties": { "category": "personal_service" }, "geometry": { "type": "Point", "coordinates": [ 240364.964683729573153, 912461.344930425984785 ] } },
{ "type": "Feature", "properties": { "category": "personal_service" }, "geometry": { "type": "Point", "coordinates": [ 225624.190041528228903, 900376.627615866949782 ] } },
{ "type": "Feature", "properties": { "category": "personal_service" }, "geometry": { "type": "Point", "coordinates": [ 236633.450117171509191, 898208.280954341869801 ] } },
{ "type": "Feature", "properties": { "category": "personal_service" }, "geometry": { "type": "Point", "coordinates": [ 233872.288677418022417, 899339.421015802072361 ] } },
{ "type": "Feature", "properties": { "category": "personal_service" }, "geometry": { "type": "Point", "coordinates": [ 231894.86185748205753, 896732.294874081155285 ] } },
{ "type": "Feature", "properties": { "category": "personal_service" }, "geometry": { "type": "Point", "coordinates": [ 236015.729510833421955, 908395.562578935991041 ] } },
{ "type": "Feature", "properties": { "category": "personal_service" }, "geometry": { "type": "Point", "coordinates": [ 236454.804671757185133, 900188.314308031927794 ] } },
{ "type": "Feature", "properties": { "category": "personal_service" }, "geometry": { "type": "Point", "coordinates": [ 235894.049067160231061, 896491.653203798807226 ] } },
{ "type": "Feature", "properties": { "category": "personal_service" }, "geometry": { "type": "Point", "coordinates": [ 239861.07323238166282, 890993.720031388569623 ] } },
{ "type": "Feature", "properties": { "category": "personal_service" }, "geometry": { "type": "Point", "coordinates": [ 228751.90289985621348, 898505.967691032914445 ] } },
{ "type": "Feature", "properties": { "category": "personal_service" }, "geometry": { "type": "Point", "coordinates": [ 234119.658403499372071, 906715.342187194386497 ] } },
{ "type": "Feature", "properties": { "category": "personal_service" }, "geometry": { "type": "Point", "coordinates": [ 224357.547608515655156, 901850.341705092927441 ] } },
{ "type": "Feature", "properties": { "category": "personal_service" }, "geometry": { "type": "Point", "coordinates": [ 236956.017763962387107, 907602.563184776692651 ] } },
{ "type": "Feature", "properties": { "category": "personal_service" }, "geometry": { "type": "Point", "coordinates": [ 238403.127406658808468, 905235.891874152468517 ] } },
{ "type": "Feature", "properties": { "category": "personal_service" }, "geometry": { "type": "Point", "coordinates": [ 235212.58676036511315, 900220.413142493809573 ] } },
{ "type": "Feature", "properties": { "category": "personal_service" }, "geometry": { "type": "Point", "coordinates": [ 229508.912029360857559, 888169.030382494907826 ] } },
{ "type": "Feature", "properties": { "category": "personal_service" }, "geometry": { "type": "Point", "coordinates": [ 241834.91788835733314, 903649.954663412529044 ] } },
{ "type": "Feature", "properties": { "category": "personal_service" }, "geometry": { "type": "Point", "coordinates": [ 228496.264582344156224, 900782.012522024218924 ] } },
{ "type": "Feature", "properties": { "category": "personal_service" }, "geometry": { "type": "Point", "coordinates": [ 245752.652493856905494, 913209.559480579337105 ] } },
{ "type": "Feature", "properties": { "category": "personal_service" }, "geometry": { "type": "Point", "coordinates": [ 234944.452633968030568, 902015.985757435439155 ] } },
{ "type": "Feature", "properties": { "category": "personal_service" }, "geometry": { "type": "Point", "coordinates": [ 226067.514819483010797, 896623.301403581979685 ] } },
{ "type": "Feature", "properties": { "category": "personal_service" }, "geometry": { "type": "Point", "coordinates": [ 224253.378334416513098, 896755.32194795680698 ] } },
{ "type": "Feature", "properties": { "category": "personal_service" }, "geometry": { "type": "Point", "coordinates": [ 232424.72339043955435, 906694.535845620441251 ] } },
{ "type": "Feature", "properties": { "category": "personal_service" }, "geometry": { "type": "Point", "coordinates": [ 237382.945325833483366, 906827.598641951568425 ] } },
{ "type": "Feature", "properties": { "category": "personal_service" }, "geometry": { "type": "Point", "coordinates": [ 238560.50999758328544, 903128.028063230100088 ] } },
{ "type": "Feature", "properties": { "category": "personal_service" }, "geometry": { "type": "Point", "coordinates": [ 232555.742555246280972, 902312.752830924466252 ] } },
{ "type": "Feature", "properties": { "category": "personal_service" }, "geometry": { "type": "Point", "coordinates": [ 234546.781587580917403, 908155.800288946600631 ] } },
{ "type": "Feature", "properties": { "category": "personal_service" }, "geometry": { "type": "Point", "coordinates": [ 231100.292337591934483, 904533.946994526661001 ] } },
{ "type": "Feature", "properties": { "category": "personal_service" }, "geometry": { "type": "Point", "coordinates": [ 234358.229897431767313, 897345.939534329809248 ] } },
{ "type": "Feature", "properties": { "category": "personal_service" }, "geometry": { "type": "Point", "coordinates": [ 234019.819244878250174, 901528.257420153124258 ] } },
{ "type": "Feature", "properties": { "category": "personal_service" }, "geometry": { "type": "Point", "coordinates": [ 235240.918871844682144, 899433.790579693159088 ] } },
{ "type": "Feature", "properties": { "category": "personal_service" }, "geometry": { "type": "Point", "coordinates": [ 221214.394144934369251, 903008.350839423132129 ] } },
{ "type": "Feature", "properties": { "category": "personal_service" }, "geometry": { "type": "Point", "coordinates": [ 235528.92167850738042, 909311.713244420709088 ] } },
{ "type": "Feature", "properties": { "category": "personal_service" }, "geometry": { "type": "Point", "coordinates": [ 236388.854881533712614, 900449.894605518435128 ] } },
{ "type": "Feature", "properties": { "category": "personal_service" }, "geometry": { "type": "Point", "coordinates": [ 236893.697831783501897, 900676.460532167926431 ] } },
{ "type": "Feature", "properties": { "category": "personal_service" }, "geometry": { "type": "Point", "coordinates": [ 232182.27199585174094, 907635.484176494646817 ] } },
{ "type": "Feature", "properties": { "category": "personal_service" }, "geometry": { "type": "Point", "coordinates": [ 228561.966237766464474, 907211.271922660991549 ] } },
{ "type": "Feature", "properties": { "category": "personal_service" }, "geometry": { "type": "Point", "coordinates": [ 231248.433901352866087, 898845.411632095230743 ] } },
{ "type": "Feature", "properties": { "category": "personal_service" }, "geometry": { "type": "Point", "coordinates": [ 232594.788552487210836, 902223.071598352165893 ] } },
{ "type": "Feature", "properties": { "category": "personal_service" }, "geometry": { "type": "Point", "coordinates": [ 233419.259698866750114, 890521.761192406876944 ] } },
{ "type": "Feature", "properties": { "category": "personal_service" }, "geometry": { "type": "Point", "coordinates": [ 239831.771608426468447, 901910.143857455230318 ] } },
{ "type": "Feature", "properties": { "category": "personal_service" }, "geometry": { "type": "Point", "coordinates": [ 235867.102805064816494, 907687.000907967449166 ] } },
{ "type": "Feature", "properties": { "category": "personal_service" }, "geometry": { "type": "Point", "coordinates": [ 222343.379558774438919, 900227.361537921940908 ] } },
{ "type": "Feature", "properties": { "category": "personal_service" }, "geometry": { "type": "Point", "coordinates": [ 237542.700467695627594, 899757.949318201979622 ] } },
{ "type": "Feature", "properties": { "category": "personal_service" }, "geometry": { "type": "Point", "coordinates": [ 228709.700143789028516, 904495.553809995763004 ] } },
{ "type": "Feature", "properties": { "category": "personal_service" }, "geometry": { "type": "Point", "coordinates": [ 234397.988429140590597, 904576.316387956030667 ] } },
{ "type": "Feature", "properties": { "category": "personal_service" }, "geometry": { "type": "Point", "coordinates": [ 235900.491540746443206, 897280.223779352614656 ] } },
{ "type": "Feature", "properties": { "category": "personal_service" }, "geometry": { "type": "Point", "coordinates": [ 232427.701494492095662, 895230.751833639922552 ] } },
{ "type": "Feature", "properties": { "category": "personal_service" }, "geometry": { "type": "Point", "coordinates": [ 231212.127552550868131, 905141.488298014737666 ] } },
{ "type": "Feature", "properties": { "category": "personal_service" }, "geometry": { "type": "Point", "coordinates": [ 233371.001434034027625, 899729.349324618116952 ] } },
{ "type": "Feature", "properties": { "category": "personal_service" }, "geometry": { "type": "Point", "coordinates": [ 229837.593883105932036, 898794.739023796049878 ] } },
{ "type": "Feature", "properties": { "category": "personal_service" }, "geometry": { "type": "Point", "coordinates": [ 236427.967561856901739, 900199.838338579749689 ] } },
{ "type": "Feature", "properties": { "category": "personal_service" }, "geometry": { "type": "Point", "coordinates": [ 235361.698056330584222, 912547.976623513735831 ] } },
{ "type": "Feature", "properties": { "category": "personal_service" }, "geometry": { "type": "Point", "coordinates": [ 240337.31096206131042, 912707.675351330311969 ] } },
{ "type": "Feature", "properties": { "category": "personal_service" }, "geometry": { "type": "Point", "coordinates": [ 224308.183026161830639, 902571.509225746616721 ] } },
{ "type": "Feature", "properties": { "category": "personal_service" }, "geometry": { "type": "Point", "coordinates": [ 237886.620856635563541, 903348.962605368462391 ] } },
{ "type": "Feature", "properties": { "category": "personal_service" }, "geometry": { "type": "Point", "coordinates": [ 241668.275567455566488, 906196.907565166242421 ] } },
{ "type": "Feature", "properties": { "category": "personal_service" }, "geometry": { "type": "Point", "coordinates": [ 239236.861424251343124, 911620.059108735062182 ] } },
{ "type": "Feature", "properties": { "category": "personal_service" }, "geometry": { "type": "Point", "coordinates": [ 236033.925980838044779, 893324.455822034273297 ] } },
{ "type": "Feature", "properties": { "category": "personal_service" }, "geometry": { "type": "Point", "coordinates": [ 231460.95132940725307, 892195.088238208787516 ] } },
{ "type": "Feature", "properties": { "category": "personal_service" }, "geometry": { "type": "Point", "coordinates": [ 242474.820779098779894, 888810.808757279766724 ] } },
{ "type": "Feature", "properties": { "category": "personal_service" }, "geometry": { "type": "Point", "coordinates": [ 236172.633387645590119, 900120.209414465585724 ] } },
{ "type": "Feature", "properties": { "category": "personal_service" }, "geometry": { "type": "Point", "coordinates": [ 227138.637716189434286, 888949.792185129364952 ] } },
{ "type": "Feature", "properties": { "category": "personal_service" }, "geometry": { "type": "Point", "coordinates": [ 233679.613802788429894, 903742.965435145189986 ] } },
{ "type": "Feature", "properties": { "category": "personal_service" }, "geometry": { "type": "Point", "coordinates": [ 241688.967931181832682, 889430.581071351538412 ] } },
{ "type": "Feature", "properties": { "category": "personal_service" }, "geometry": { "type": "Point", "coordinates": [ 234990.917443885467947, 897247.979678326286376 ] } },
{ "type": "Feature", "properties": { "category": "personal_service" }, "geometry": { "type": "Point", "coordinates": [ 236622.811232065985678, 895060.294946673326194 ] } },
{ "type": "Feature", "properties": { "category": "personal_service" }, "geometry": { "type": "Point", "coordinates": [ 235839.097896728577325, 908319.901740051689558 ] } },
{ "type": "Feature", "properties": { "category": "personal_service" }, "geometry": { "type": "Point", "coordinates": [ 236270.7722319153836, 901044.218759360839613 ] } },
{ "type": "Feature", "properties": { "category": "personal_service" }, "geometry": { "type": "Point", "coordinates": [ 236152.389371193043189, 899955.265501541085541 ] } },
{ "type": "Feature", "properties": { "category": "personal_service" }, "geometry": { "type": "Point", "coordinates": [ 225110.23231105087325, 897913.638197615044191 ] } },
{ "type": "Feature", "properties": { "category": "personal_service" }, "geometry": { "type": "Point", "coordinates": [ 231025.58306137874024, 899111.787679143017158 ] } },
{ "type": "Feature", "properties": { "category": "personal_service" }, "geometry": { "type": "Point", "coordinates": [ 241934.537033080850961, 912333.921514134621248 ] } },
{ "type": "Feature", "properties": { "category": "personal_service" }, "geometry": { "type": "Point", "coordinates": [ 245610.559776405512821, 914193.043903761310503 ] } },
{ "type": "Feature", "properties": { "category": "personal_service" }, "geometry": { "type": "Point", "coordinates": [ 232310.668638621456921, 895041.382844791281968 ] } },
{ "type": "Feature", "properties": { "category": "personal_service" }, "geometry": { "type": "Point", "coordinates": [ 234826.67994164332049, 908553.516191412229091 ] } },
{ "type": "Feature", "properties": { "category": "personal_service" }, "geometry": { "type": "Point", "coordinates": [ 240443.704826528235571, 908716.59675147687085 ] } },
{ "type": "Feature", "properties": { "category": "personal_service" }, "geometry": { "type": "Point", "coordinates": [ 224491.862825130287092, 901103.367944099823944 ] } },
{ "type": "Feature", "properties": { "category": "personal_service" }, "geometry": { "type": "Point", "coordinates": [ 232156.458045915322145, 907629.034355956595391 ] } },
{ "type": "Feature", "properties": { "category": "personal_service" }, "geometry": { "type": "Point", "coordinates": [ 221578.157214300008491, 892189.937044535647146 ] } },
{ "type": "Feature", "properties": { "category": "personal_service" }, "geometry": { "type": "Point", "coordinates": [ 233175.633757729752688, 896255.036599187762477 ] } },
{ "type": "Feature", "properties": { "category": "personal_service" }, "geometry": { "type": "Point", "coordinates": [ 233929.888971383566968, 902461.324241704074666 ] } },
{ "type": "Feature", "properties": { "category": "personal_service" }, "geometry": { "type": "Point", "coordinates": [ 234914.333890092762886, 900203.040872153826058 ] } },
{ "type": "Feature", "properties": { "category": "personal_service" }, "geometry": { "type": "Point", "coordinates": [ 227660.689779283798998, 889408.343264332506806 ] } },
{ "type": "Feature", "properties": { "category": "personal_service" }, "geometry": { "type": "Point", "coordinates": [ 225829.15866124042077, 900604.642322454368696 ] } },
{ "type": "Feature", "properties": { "category": "personal_service" }, "geometry": { "type": "Point", "coordinates": [ 224664.163038023660192, 901208.272366301505826 ] } },
{ "type": "Feature", "properties": { "category": "personal_service" }, "geometry": { "type": "Point", "coordinates": [ 236654.258451725239865, 900902.362411975860596 ] } },
{ "type": "Feature", "properties": { "category": "personal_service" }, "geometry": { "type": "Point", "coordinates": [ 235416.796545829798561, 899426.899214566219598 ] } },
{ "type": "Feature", "properties": { "category": "personal_service" }, "geometry": { "type": "Point", "coordinates": [ 236430.403886636137031, 895737.754047820111737 ] } },
{ "type": "Feature", "properties": { "category": "personal_service" }, "geometry": { "type": "Point", "coordinates": [ 240919.358418841671664, 887620.30144737882074 ] } },
{ "type": "Feature", "properties": { "category": "personal_service" }, "geometry": { "type": "Point", "coordinates": [ 236513.932121446006931, 896973.588202614453621 ] } },
{ "type": "Feature", "properties": { "category": "personal_service" }, "geometry": { "type": "Point", "coordinates": [ 235130.463737986458, 899935.975884847226553 ] } },
{ "type": "Feature", "properties": { "category": "personal_service" }, "geometry": { "type": "Point", "coordinates": [ 244515.635628407588229, 911906.498216907726601 ] } },
{ "type": "Feature", "properties": { "category": "personal_service" }, "geometry": { "type": "Point", "coordinates": [ 228498.904578275745735, 899927.837142711388879 ] } },
{ "type": "Feature", "properties": { "category": "personal_service" }, "geometry": { "type": "Point", "coordinates": [ 222291.764794173563132, 903017.574211136437953 ] } },
{ "type": "Feature", "properties": { "category": "personal_service" }, "geometry": { "type": "Point", "coordinates": [ 245285.76038828282617, 914154.059879830456339 ] } },
{ "type": "Feature", "properties": { "category": "personal_service" }, "geometry": { "type": "Point", "coordinates": [ 231054.718777464673622, 888547.781944206450135 ] } },
{ "type": "Feature", "properties": { "category": "personal_service" }, "geometry": { "type": "Point", "coordinates": [ 239108.232498825644143, 912117.650508135207929 ] } },
{ "type": "Feature", "properties": { "category": "personal_service" }, "geometry": { "type": "Point", "coordinates": [ 223490.24469584930921, 895542.665515976725146 ] } },
{ "type": "Feature", "properties": { "category": "personal_service" }, "geometry": { "type": "Point", "coordinates": [ 229737.186440371704521, 892935.132328495034017 ] } },
{ "type": "Feature", "properties": { "category": "personal_service" }, "geometry": { "type": "Point", "coordinates": [ 224504.012979497405468, 904090.625160001218319 ] } },
{ "type": "Feature", "properties": { "category": "personal_service" }, "geometry": { "type": "Point", "coordinates": [ 237621.511796325241448, 909050.582922840258107 ] } },
{ "type": "Feature", "properties": { "category": "personal_service" }, "geometry": { "type": "Point", "coordinates": [ 243717.123745763208717, 902332.241937301470898 ] } },
{ "type": "Feature", "properties": { "category": "personal_service" }, "geometry": { "type": "Point", "coordinates": [ 238236.871430594386766, 891332.042442024918273 ] } },
{ "type": "Feature", "properties": { "category": "personal_service" }, "geometry": { "type": "Point", "coordinates": [ 227805.308637043141061, 892173.026363365584984 ] } },
{ "type": "Feature", "properties": { "category": "personal_service" }, "geometry": { "type": "Point", "coordinates": [ 232218.116585866140667, 907644.201709137996659 ] } },
{ "type": "Feature", "properties": { "category": "personal_service" }, "geometry": { "type": "Point", "coordinates": [ 235798.662629885337083, 900134.511834366479889 ] } },
{ "type": "Feature", "properties": { "category": "personal_service" }, "geometry": { "type": "Point", "coordinates": [ 246898.546427686116658, 912847.55717878928408 ] } },
{ "type": "Feature", "properties": { "category": "personal_service" }, "geometry": { "type": "Point", "coordinates": [ 235378.636204402253497, 901114.314820488332771 ] } },
{ "type": "Feature", "properties": { "category": "personal_service" }, "geometry": { "type": "Point", "coordinates": [ 243268.140290274197469, 904043.194260131800547 ] } },
{ "type": "Feature", "properties": { "category": "personal_service" }, "geometry": { "type": "Point", "coordinates": [ 228888.255659358401317, 907066.982263682410121 ] } },
{ "type": "Feature", "properties": { "category": "personal_service" }, "geometry": { "type": "Point", "coordinates": [ 230529.296248157566879, 889054.20827303128317 ] } },
{ "type": "Feature", "properties": { "category": "personal_service" }, "geometry": { "type": "Point", "coordinates": [ 221705.348958877380937, 902361.379287021001801 ] } },
{ "type": "Feature", "properties": { "category": "personal_service" }, "geometry": { "type": "Point", "coordinates": [ 241308.905129619553918, 888204.059049485018477 ] } },
{ "type": "Feature", "properties": { "category": "personal_service" }, "geometry": { "type": "Point", "coordinates": [ 238827.75909654609859, 912413.567863862495869 ] } },
{ "type": "Feature", "properties": { "category": "personal_service" }, "geometry": { "type": "Point", "coordinates": [ 232068.566701705072774, 896781.958872662857175 ] } },
{ "type": "Feature", "properties": { "category": "personal_service" }, "geometry": { "type": "Point", "coordinates": [ 236206.210986577410949, 900079.727774584433064 ] } },
{ "type": "Feature", "properties": { "category": "personal_service" }, "geometry": { "type": "Point", "coordinates": [ 230147.712132294953335, 899827.74912851001136 ] } },
{ "type": "Feature", "properties": { "category": "personal_service" }, "geometry": { "type": "Point", "coordinates": [ 233226.908965957030887, 907993.806046943878755 ] } },
{ "type": "Feature", "properties": { "category": "personal_service" }, "geometry": { "type": "Point", "coordinates": [ 228937.355247381085064, 906797.040195814683102 ] } },
{ "type": "Feature", "properties": { "category": "personal_service" }, "geometry": { "type": "Point", "coordinates": [ 236622.448063589981757, 894338.293264689389616 ] } },
{ "type": "Feature", "properties": { "category": "personal_service" }, "geometry": { "type": "Point", "coordinates": [ 238972.014955580263631, 913480.970485586440191 ] } },
{ "type": "Feature", "properties": { "category": "personal_service" }, "geometry": { "type": "Point", "coordinates": [ 237041.225413518259302, 900775.207626715302467 ] } },
{ "type": "Feature", "properties": { "category": "personal_service" }, "geometry": { "type": "Point", "coordinates": [ 234394.766883513919311, 895605.540244848816656 ] } },
{ "type": "Feature", "properties": { "category": "personal_service" }, "geometry": { "type": "Point", "coordinates": [ 231260.004988403088646, 902430.608917790697888 ] } },
{ "type": "Feature", "properties": { "category": "personal_service" }, "geometry": { "type": "Point", "coordinates": [ 234263.182708784384886, 908054.438538196729496 ] } },
{ "type": "Feature", "properties": { "category": "personal_service" }, "geometry": { "type": "Point", "coordinates": [ 236182.191788874944905, 900648.101618042681366 ] } },
{ "type": "Feature", "properties": { "category": "personal_service" }, "geometry": { "type": "Point", "coordinates": [ 230745.143886742007453, 904951.038763095391914 ] } },
{ "type": "Feature", "properties": { "category": "personal_service" }, "geometry": { "type": "Point", "coordinates": [ 227148.080231008440023, 907804.045120990136638 ] } },
{ "type": "Feature", "properties": { "category": "personal_service" }, "geometry": { "type": "Point", "coordinates": [ 233505.31063994471333, 891769.55310308560729 ] } },
{ "type": "Feature", "properties": { "category": "personal_service" }, "geometry": { "type": "Point", "coordinates": [ 232492.489276912587229, 901973.449377956450917 ] } },
{ "type": "Feature", "properties": { "category": "personal_service" }, "geometry": { "type": "Point", "coordinates": [ 230636.238140496890992, 901263.208360064891167 ] } },
{ "type": "Feature", "properties": { "category": "personal_service" }, "geometry": { "type": "Point", "coordinates": [ 239562.458425267192069, 905937.463313027052209 ] } },
{ "type": "Feature", "properties": { "category": "personal_service" }, "geometry": { "type": "Point", "coordinates": [ 231305.112790387123823, 898146.099047983181663 ] } },
{ "type": "Feature", "properties": { "category": "personal_service" }, "geometry": { "type": "Point", "coordinates": [ 228141.347096375451656, 904998.327375869965181 ] } },
{ "type": "Feature", "properties": { "category": "personal_service" }, "geometry": { "type": "Point", "coordinates": [ 244170.768426349153742, 890738.095576762571 ] } },
{ "type": "Feature", "properties": { "category": "personal_service" }, "geometry": { "type": "Point", "coordinates": [ 231873.168928981787758, 894425.133165749139152 ] } },
{ "type": "Feature", "properties": { "category": "personal_service" }, "geometry": { "type": "Point", "coordinates": [ 226789.052369328885106, 907444.768994208192453 ] } },
{ "type": "Feature", "properties": { "category": "personal_service" }, "geometry": { "type": "Point", "coordinates": [ 244758.308929576945957, 913128.163981768302619 ] } },
{ "type": "Feature", "properties": { "category": "personal_service" }, "geometry": { "type": "Point", "coordinates": [ 232933.091792885534232, 899107.470573962549679 ] } },
{ "type": "Feature", "properties": { "category": "personal_service" }, "geometry": { "type": "Point", "coordinates": [ 236706.513207612326369, 899083.732475040713325 ] } },
{ "type": "Feature", "properties": { "category": "personal_service" }, "geometry": { "type": "Point", "coordinates": [ 231322.890045041713165, 904009.86773846601136 ] } },
{ "type": "Feature", "properties": { "category": "personal_service" }, "geometry": { "type": "Point", "coordinates": [ 221627.272754406410968, 902172.195566851645708 ] } },
{ "type": "Feature", "properties": { "category": "personal_service" }, "geometry": { "type": "Point", "coordinates": [ 235307.979014146549162, 900748.512390070944093 ] } },
{ "type": "Feature", "properties": { "category": "personal_service" }, "geometry": { "type": "Point", "coordinates": [ 221731.858950252673822, 892659.703977159340866 ] } },
{ "type": "Feature", "properties": { "category": "personal_service" }, "geometry": { "type": "Point", "coordinates": [ 231955.661898267891956, 896594.835532958735712 ] } },
{ "type": "Feature", "properties": { "category": "personal_service" }, "geometry": { "type": "Point", "coordinates": [ 237541.397033509972971, 904364.259211453376338 ] } },
{ "type": "Feature", "properties": { "category": "personal_service" }, "geometry": { "type": "Point", "coordinates": [ 220914.233652539289324, 899648.805941225495189 ] } },
{ "type": "Feature", "properties": { "category": "personal_service" }, "geometry": { "type": "Point", "coordinates": [ 246204.045819477760233, 913250.841570869786665 ] } },
{ "type": "Feature", "properties": { "category": "personal_service" }, "geometry": { "type": "Point", "coordinates": [ 229867.642714360612445, 892901.251430173171684 ] } },
{ "type": "Feature", "properties": { "category": "personal_service" }, "geometry": { "type": "Point", "coordinates": [ 221866.847863087634323, 902843.734948642319068 ] } },
{ "type": "Feature", "properties": { "category": "personal_service" }, "geometry": { "type": "Point", "coordinates": [ 231487.294772434455808, 905690.224435751559213 ] } },
{ "type": "Feature", "properties": { "category": "personal_service" }, "geometry": { "type": "Point", "coordinates": [ 240680.838039850437781, 887888.278116012108512 ] } },
{ "type": "Feature", "properties": { "category": "personal_service" }, "geometry": { "type": "Point", "coordinates": [ 235316.325488902104553, 893605.505639828159474 ] } },
{ "type": "Feature", "properties": { "category": "personal_service" }, "geometry": { "type": "Point", "coordinates": [ 234227.060690689366311, 904270.014492505346425 ] } },
{ "type": "Feature", "properties": { "category": "personal_service" }, "geometry": { "type": "Point", "coordinates": [ 235173.987154979025945, 908367.300861671101302 ] } },
{ "type": "Feature", "properties": { "category": "personal_service" }, "geometry": { "type": "Point", "coordinates": [ 221091.218981608166359, 899649.779154349933378 ] } },
{ "type": "Feature", "properties": { "category": "personal_service" }, "geometry": { "type": "Point", "coordinates": [ 220622.779559284972493, 904032.281500868150033 ] } },
{ "type": "Feature", "properties": { "category": "personal_service" }, "geometry": { "type": "Point", "coordinates": [ 237024.003367080847966, 901526.339482813607901 ] } },
{ "type": "Feature", "properties": { "category": "personal_service" }, "geometry": { "type": "Point", "coordinates": [ 235979.089095793722663, 906937.897354651824571 ] } },
{ "type": "Feature", "properties": { "category": "personal_service" }, "geometry": { "type": "Point", "coordinates": [ 223645.689329999557231, 894796.421716932440177 ] } },
{ "type": "Feature", "properties": { "category": "personal_service" }, "geometry": { "type": "Point", "coordinates": [ 240765.243853711144766, 887893.320488450117409 ] } },
{ "type": "Feature", "properties": { "category": "personal_service" }, "geometry": { "type": "Point", "coordinates": [ 226303.312482904730132, 902094.952104229247198 ] } },
{ "type": "Feature", "properties": { "category": "personal_service" }, "geometry": { "type": "Point", "coordinates": [ 230349.016493085888214, 907886.578518651658669 ] } },
{ "type": "Feature", "properties": { "category": "personal_service" }, "geometry": { "type": "Point", "coordinates": [ 235723.530817194725387, 900035.270119610475376 ] } },
{ "type": "Feature", "properties": { "category": "personal_service" }, "geometry": { "type": "Point", "coordinates": [ 238758.244545351422857, 894326.412398577667773 ] } },
{ "type": "Feature", "properties": { "category": "personal_service" }, "geometry": { "type": "Point", "coordinates": [ 235681.061349563766271, 898825.194729586713947 ] } },
{ "type": "Feature", "properties": { "category": "personal_service" }, "geometry": { "type": "Point", "coordinates": [ 229827.224859626818215, 907906.780060055432841 ] } },
{ "type": "Feature", "properties": { "category": "personal_service" }, "geometry": { "type": "Point", "coordinates": [ 234397.988429140590597, 904576.316387956030667 ] } },
{ "type": "Feature", "properties": { "category": "personal_service" }, "geometry": { "type": "Point", "coordinates": [ 227786.411277355451602, 904642.351518169627525 ] } },
{ "type": "Feature", "properties": { "category": "personal_service" }, "geometry": { "type": "Point", "coordinates": [ 230178.443861861247569, 892356.083978512906469 ] } },
{ "type": "Feature", "properties": { "category": "personal_service" }, "geometry": { "type": "Point", "coordinates": [ 231256.669973783806199, 898624.071110694552772 ] } },
{ "type": "Feature", "properties": { "category": "personal_service" }, "geometry": { "type": "Point", "coordinates": [ 235548.056047474616207, 908165.575919319293462 ] } },
{ "type": "Feature", "properties": { "category": "personal_service" }, "geometry": { "type": "Point", "coordinates": [ 232318.923330527526559, 899611.466539387824014 ] } },
{ "type": "Feature", "properties": { "category": "personal_service" }, "geometry": { "type": "Point", "coordinates": [ 220680.631525696488097, 907175.633979791542515 ] } },
{ "type": "Feature", "properties": { "category": "personal_service" }, "geometry": { "type": "Point", "coordinates": [ 228079.311150160065154, 907416.265250812517479 ] } },
{ "type": "Feature", "properties": { "category": "personal_service" }, "geometry": { "type": "Point", "coordinates": [ 220362.745983353466727, 902834.659849365823902 ] } },
{ "type": "Feature", "properties": { "category": "personal_service" }, "geometry": { "type": "Point", "coordinates": [ 224603.558686315489467, 901200.728782993741333 ] } },
{ "type": "Feature", "properties": { "category": "personal_service" }, "geometry": { "type": "Point", "coordinates": [ 237742.869673327979399, 905731.613973319763318 ] } },
{ "type": "Feature", "properties": { "category": "personal_service" }, "geometry": { "type": "Point", "coordinates": [ 233652.550946860632394, 906777.624836940085515 ] } },
{ "type": "Feature", "properties": { "category": "personal_service" }, "geometry": { "type": "Point", "coordinates": [ 231508.959033440449275, 898101.912449357914738 ] } },
{ "type": "Feature", "properties": { "category": "personal_service" }, "geometry": { "type": "Point", "coordinates": [ 235263.536645146348746, 900328.96964716934599 ] } },
{ "type": "Feature", "properties": { "category": "personal_service" }, "geometry": { "type": "Point", "coordinates": [ 229178.754444720048923, 907080.735547203104943 ] } },
{ "type": "Feature", "properties": { "category": "personal_service" }, "geometry": { "type": "Point", "coordinates": [ 229837.90784139779862, 888241.505253765964881 ] } },
{ "type": "Feature", "properties": { "category": "personal_service" }, "geometry": { "type": "Point", "coordinates": [ 225984.601769890636206, 908243.514267552061938 ] } },
{ "type": "Feature", "properties": { "category": "personal_service" }, "geometry": { "type": "Point", "coordinates": [ 236051.651279761572368, 913063.238740903441794 ] } },
{ "type": "Feature", "properties": { "category": "personal_service" }, "geometry": { "type": "Point", "coordinates": [ 240216.267416780930944, 906974.997292243526317 ] } },
{ "type": "Feature", "properties": { "category": "personal_service" }, "geometry": { "type": "Point", "coordinates": [ 234452.721340716729173, 895404.552626146003604 ] } },
{ "type": "Feature", "properties": { "category": "personal_service" }, "geometry": { "type": "Point", "coordinates": [ 237799.151582186110318, 899981.924432496423833 ] } },
{ "type": "Feature", "properties": { "category": "personal_service" }, "geometry": { "type": "Point", "coordinates": [ 243859.731456177105429, 912892.881906915921718 ] } },
{ "type": "Feature", "properties": { "category": "personal_service" }, "geometry": { "type": "Point", "coordinates": [ 231671.124018965812866, 892231.575538888457231 ] } },
{ "type": "Feature", "properties": { "category": "personal_service" }, "geometry": { "type": "Point", "coordinates": [ 235799.687957231362816, 908317.923355809412897 ] } },
{ "type": "Feature", "properties": { "category": "personal_service" }, "geometry": { "type": "Point", "coordinates": [ 230313.403473364509409, 904773.213306609890424 ] } },
{ "type": "Feature", "properties": { "category": "personal_service" }, "geometry": { "type": "Point", "coordinates": [ 237695.896945756976493, 908545.567312244675122 ] } },
{ "type": "Feature", "properties": { "category": "personal_service" }, "geometry": { "type": "Point", "coordinates": [ 221071.304371023696149, 901592.014734897296876 ] } },
{ "type": "Feature", "properties": { "category": "personal_service" }, "geometry": { "type": "Point", "coordinates": [ 237860.674211384204682, 903563.760386601788923 ] } },
{ "type": "Feature", "properties": { "category": "personal_service" }, "geometry": { "type": "Point", "coordinates": [ 224160.043773320736364, 897937.188933359459043 ] } },
{ "type": "Feature", "properties": { "category": "personal_service" }, "geometry": { "type": "Point", "coordinates": [ 234702.063569811201887, 897655.312498183222488 ] } },
{ "type": "Feature", "properties": { "category": "personal_service" }, "geometry": { "type": "Point", "coordinates": [ 231169.900187349267071, 899254.161009844276123 ] } },
{ "type": "Feature", "properties": { "category": "personal_service" }, "geometry": { "type": "Point", "coordinates": [ 233452.320528531214222, 891550.592257810058072 ] } },
{ "type": "Feature", "properties": { "category": "personal_service" }, "geometry": { "type": "Point", "coordinates": [ 228851.968111859750934, 902775.423196965479292 ] } },
{ "type": "Feature", "properties": { "category": "personal_service" }, "geometry": { "type": "Point", "coordinates": [ 239186.505974731437163, 909044.150271967402659 ] } },
{ "type": "Feature", "properties": { "category": "personal_service" }, "geometry": { "type": "Point", "coordinates": [ 230355.217680975387339, 903614.067540332558565 ] } },
{ "type": "Feature", "properties": { "category": "personal_service" }, "geometry": { "type": "Point", "coordinates": [ 235699.740674406668404, 895145.520882673212327 ] } },
{ "type": "Feature", "properties": { "category": "personal_service" }, "geometry": { "type": "Point", "coordinates": [ 237360.579438470886089, 908972.654872044688091 ] } },
{ "type": "Feature", "properties": { "category": "personal_service" }, "geometry": { "type": "Point", "coordinates": [ 232507.941822563501773, 901606.74095187918283 ] } },
{ "type": "Feature", "properties": { "category": "personal_service" }, "geometry": { "type": "Point", "coordinates": [ 240580.724156432435848, 906808.363999239751138 ] } },
{ "type": "Feature", "properties": { "category": "personal_service" }, "geometry": { "type": "Point", "coordinates": [ 240303.085002157458803, 907021.926557875587605 ] } },
{ "type": "Feature", "properties": { "category": "personal_service" }, "geometry": { "type": "Point", "coordinates": [ 229232.035039925918682, 887926.175902281771414 ] } },
{ "type": "Feature", "properties": { "category": "personal_service" }, "geometry": { "type": "Point", "coordinates": [ 234399.384147562552243, 899715.424424112192355 ] } },
{ "type": "Feature", "properties": { "category": "personal_service" }, "geometry": { "type": "Point", "coordinates": [ 235255.36234078448615, 900233.956963840639219 ] } },
{ "type": "Feature", "properties": { "category": "personal_service" }, "geometry": { "type": "Point", "coordinates": [ 226169.406857107504038, 903856.703942951513454 ] } },
{ "type": "Feature", "properties": { "category": "personal_service" }, "geometry": { "type": "Point", "coordinates": [ 232245.570413540350273, 899579.583568049361929 ] } },
{ "type": "Feature", "properties": { "category": "personal_service" }, "geometry": { "type": "Point", "coordinates": [ 237020.489227075362578, 901599.188398675294593 ] } },
{ "type": "Feature", "properties": { "category": "personal_service" }, "geometry": { "type": "Point", "coordinates": [ 223465.118416332697961, 903015.286385118728504 ] } },
{ "type": "Feature", "properties": { "category": "personal_service" }, "geometry": { "type": "Point", "coordinates": [ 235893.722732102381997, 897201.435366112971678 ] } },
{ "type": "Feature", "properties": { "category": "personal_service" }, "geometry": { "type": "Point", "coordinates": [ 235186.863643408985808, 908244.733258533873595 ] } },
{ "type": "Feature", "properties": { "category": "personal_service" }, "geometry": { "type": "Point", "coordinates": [ 234846.157992136257235, 900177.487799639697187 ] } },
{ "type": "Feature", "properties": { "category": "personal_service" }, "geometry": { "type": "Point", "coordinates": [ 230773.359091280959547, 893061.772441658191383 ] } },
{ "type": "Feature", "properties": { "category": "personal_service" }, "geometry": { "type": "Point", "coordinates": [ 233872.288677418022417, 899339.421015802072361 ] } },
{ "type": "Feature", "properties": { "category": "personal_service" }, "geometry": { "type": "Point", "coordinates": [ 236598.172365395934321, 901057.246369561064057 ] } },
{ "type": "Feature", "properties": { "category": "personal_service" }, "geometry": { "type": "Point", "coordinates": [ 230305.82056438899599, 905385.557508960366249 ] } },
{ "type": "Feature", "properties": { "category": "personal_service" }, "geometry": { "type": "Point", "coordinates": [ 239850.41766189050395, 888008.377598910359666 ] } },
{ "type": "Feature", "properties": { "category": "personal_service" }, "geometry": { "type": "Point", "coordinates": [ 236069.488624553894624, 912809.065884756390005 ] } },
{ "type": "Feature", "properties": { "category": "personal_service" }, "geometry": { "type": "Point", "coordinates": [ 238742.861899746290874, 913220.659216432832181 ] } },
{ "type": "Feature", "properties": { "category": "personal_service" }, "geometry": { "type": "Point", "coordinates": [ 220511.196493427705718, 902877.745541393873282 ] } },
{ "type": "Feature", "properties": { "category": "personal_service" }, "geometry": { "type": "Point", "coordinates": [ 235408.282153505395399, 899644.902081214240752 ] } },
{ "type": "Feature", "properties": { "category": "personal_service" }, "geometry": { "type": "Point", "coordinates": [ 236861.411041213897988, 909192.6201979261823 ] } },
{ "type": "Feature", "properties": { "category": "personal_service" }, "geometry": { "type": "Point", "coordinates": [ 239861.07323238166282, 890993.720031388569623 ] } },
{ "type": "Feature", "properties": { "category": "personal_service" }, "geometry": { "type": "Point", "coordinates": [ 228523.972524618788157, 899232.594662330579013 ] } },
{ "type": "Feature", "properties": { "category": "personal_service" }, "geometry": { "type": "Point", "coordinates": [ 235747.928520885354374, 911628.074412935762666 ] } },
{ "type": "Feature", "properties": { "category": "personal_service" }, "geometry": { "type": "Point", "coordinates": [ 234563.724575272412039, 897629.083193733356893 ] } },
{ "type": "Feature", "properties": { "category": "personal_service" }, "geometry": { "type": "Point", "coordinates": [ 237805.257584762526676, 904449.872537811170332 ] } },
{ "type": "Feature", "properties": { "category": "personal_service" }, "geometry": { "type": "Point", "coordinates": [ 245142.673682824563002, 912110.562875577481464 ] } },
{ "type": "Feature", "properties": { "category": "personal_service" }, "geometry": { "type": "Point", "coordinates": [ 233463.32770960353082, 891022.700570716056973 ] } },
{ "type": "Feature", "properties": { "category": "personal_service" }, "geometry": { "type": "Point", "coordinates": [ 234722.808928829268552, 904828.508901341352612 ] } },
{ "type": "Feature", "properties": { "category": "personal_service" }, "geometry": { "type": "Point", "coordinates": [ 225720.301049481262453, 901916.957520885393023 ] } },
{ "type": "Feature", "properties": { "category": "personal_service" }, "geometry": { "type": "Point", "coordinates": [ 231100.292337591934483, 904533.946994526661001 ] } },
{ "type": "Feature", "properties": { "category": "personal_service" }, "geometry": { "type": "Point", "coordinates": [ 233472.772098176414147, 904792.448370249010623 ] } },
{ "type": "Feature", "properties": { "category": "personal_service" }, "geometry": { "type": "Point", "coordinates": [ 228666.332374333200278, 907292.229659968288615 ] } },
{ "type": "Feature", "properties": { "category": "personal_service" }, "geometry": { "type": "Point", "coordinates": [ 236255.79224274950684, 901744.045839138212614 ] } },
{ "type": "Feature", "properties": { "category": "personal_service" }, "geometry": { "type": "Point", "coordinates": [ 237357.157759570400231, 908811.570435743313283 ] } },
{ "type": "Feature", "properties": { "category": "personal_service" }, "geometry": { "type": "Point", "coordinates": [ 239731.146178133029025, 907304.142007515300065 ] } },
{ "type": "Feature", "properties": { "category": "personal_service" }, "geometry": { "type": "Point", "coordinates": [ 241295.067577309324406, 888396.250471034203656 ] } },
{ "type": "Feature", "properties": { "category": "personal_service" }, "geometry": { "type": "Point", "coordinates": [ 236369.319052791106515, 900069.684352144831792 ] } },
{ "type": "Feature", "properties": { "category": "personal_service" }, "geometry": { "type": "Point", "coordinates": [ 233793.868008295074105, 908336.971840223530307 ] } },
{ "type": "Feature", "properties": { "category": "personal_service" }, "geometry": { "type": "Point", "coordinates": [ 228619.034278645965969, 893082.668643933953717 ] } },
{ "type": "Feature", "properties": { "category": "personal_service" }, "geometry": { "type": "Point", "coordinates": [ 221641.530324595776619, 902971.66518333402928 ] } },
{ "type": "Feature", "properties": { "category": "personal_service" }, "geometry": { "type": "Point", "coordinates": [ 241572.02157471535611, 889657.04036697128322 ] } },
{ "type": "Feature", "properties": { "category": "personal_service" }, "geometry": { "type": "Point", "coordinates": [ 224077.13563177868491, 897839.934506794437766 ] } },
{ "type": "Feature", "properties": { "category": "personal_service" }, "geometry": { "type": "Point", "coordinates": [ 233899.598433827370172, 902730.320955500006676 ] } },
{ "type": "Feature", "properties": { "category": "personal_service" }, "geometry": { "type": "Point", "coordinates": [ 232311.3966429210559, 904363.91013437951915 ] } },
{ "type": "Feature", "properties": { "category": "personal_service" }, "geometry": { "type": "Point", "coordinates": [ 236066.116748900240054, 893480.128007660154253 ] } },
{ "type": "Feature", "properties": { "category": "personal_service" }, "geometry": { "type": "Point", "coordinates": [ 228308.311914415215142, 892621.557096635457128 ] } },
{ "type": "Feature", "properties": { "category": "personal_service" }, "geometry": { "type": "Point", "coordinates": [ 234329.097834145009983, 899935.014800932724029 ] } },
{ "type": "Feature", "properties": { "category": "personal_service" }, "geometry": { "type": "Point", "coordinates": [ 226706.421591011603596, 896826.192456371034496 ] } },
{ "type": "Feature", "properties": { "category": "personal_service" }, "geometry": { "type": "Point", "coordinates": [ 232889.986855359980837, 903543.947487029014155 ] } },
{ "type": "Feature", "properties": { "category": "personal_service" }, "geometry": { "type": "Point", "coordinates": [ 237619.317538570903707, 890049.116190173546784 ] } },
{ "type": "Feature", "properties": { "category": "personal_service" }, "geometry": { "type": "Point", "coordinates": [ 235515.31472148213652, 912779.467782189138234 ] } },
{ "type": "Feature", "properties": { "category": "personal_service" }, "geometry": { "type": "Point", "coordinates": [ 243226.031483472121181, 904047.933560229372233 ] } },
{ "type": "Feature", "properties": { "category": "personal_service" }, "geometry": { "type": "Point", "coordinates": [ 235947.09825961192837, 908362.775435846415348 ] } },
{ "type": "Feature", "properties": { "category": "personal_service" }, "geometry": { "type": "Point", "coordinates": [ 233086.272961437352933, 899826.862266005366109 ] } },
{ "type": "Feature", "properties": { "category": "personal_service" }, "geometry": { "type": "Point", "coordinates": [ 239990.620661628927337, 890859.16399809718132 ] } },
{ "type": "Feature", "properties": { "category": "personal_service" }, "geometry": { "type": "Point", "coordinates": [ 235067.444434406410437, 900263.674246098962612 ] } },
{ "type": "Feature", "properties": { "category": "personal_service" }, "geometry": { "type": "Point", "coordinates": [ 240347.328994666051585, 911122.826883957022801 ] } },
{ "type": "Feature", "properties": { "category": "personal_service" }, "geometry": { "type": "Point", "coordinates": [ 232472.930457099253545, 900947.664421761175618 ] } },
{ "type": "Feature", "properties": { "category": "personal_service" }, "geometry": { "type": "Point", "coordinates": [ 236058.070187466830248, 902599.554349926300347 ] } },
{ "type": "Feature", "properties": { "category": "personal_service" }, "geometry": { "type": "Point", "coordinates": [ 221710.065425057866378, 892184.789077253779396 ] } },
{ "type": "Feature", "properties": { "category": "personal_service" }, "geometry": { "type": "Point", "coordinates": [ 235391.656412422365975, 893286.761370618711226 ] } },
{ "type": "Feature", "properties": { "category": "personal_service" }, "geometry": { "type": "Point", "coordinates": [ 222962.601644725655206, 902099.45634861337021 ] } },
{ "type": "Feature", "properties": { "category": "personal_service" }, "geometry": { "type": "Point", "coordinates": [ 225877.102358969626948, 901567.860801686532795 ] } },
{ "type": "Feature", "properties": { "category": "personal_service" }, "geometry": { "type": "Point", "coordinates": [ 245862.057254497951362, 913079.974741054000333 ] } },
{ "type": "Feature", "properties": { "category": "personal_service" }, "geometry": { "type": "Point", "coordinates": [ 235427.210554620221956, 900793.543737574247643 ] } },
{ "type": "Feature", "properties": { "category": "personal_service" }, "geometry": { "type": "Point", "coordinates": [ 228005.54198762003216, 902239.490074907778762 ] } },
{ "type": "Feature", "properties": { "category": "personal_service" }, "geometry": { "type": "Point", "coordinates": [ 231517.523373895091936, 893781.064656865084544 ] } },
{ "type": "Feature", "properties": { "category": "personal_service" }, "geometry": { "type": "Point", "coordinates": [ 227653.86637787258951, 891879.189597859280184 ] } },
{ "type": "Feature", "properties": { "category": "personal_service" }, "geometry": { "type": "Point", "coordinates": [ 236179.138220379012637, 901193.146579368738458 ] } },
{ "type": "Feature", "properties": { "category": "personal_service" }, "geometry": { "type": "Point", "coordinates": [ 222380.885811574524269, 895743.094211425282992 ] } },
{ "type": "Feature", "properties": { "category": "personal_service" }, "geometry": { "type": "Point", "coordinates": [ 235358.851948404015275, 900953.15191603009589 ] } },
{ "type": "Feature", "properties": { "category": "personal_service" }, "geometry": { "type": "Point", "coordinates": [ 220988.306863808451453, 902379.749868673738092 ] } },
{ "type": "Feature", "properties": { "category": "personal_service" }, "geometry": { "type": "Point", "coordinates": [ 232112.403347276122076, 901438.971471910248511 ] } },
{ "type": "Feature", "properties": { "category": "personal_service" }, "geometry": { "type": "Point", "coordinates": [ 233056.493454775365535, 896171.167785117868334 ] } },
{ "type": "Feature", "properties": { "category": "personal_service" }, "geometry": { "type": "Point", "coordinates": [ 224172.903171870100778, 896857.790563516085967 ] } },
{ "type": "Feature", "properties": { "category": "personal_service" }, "geometry": { "type": "Point", "coordinates": [ 228314.627235138235847, 890129.37874318624381 ] } },
{ "type": "Feature", "properties": { "category": "personal_service" }, "geometry": { "type": "Point", "coordinates": [ 245207.975557182100601, 914127.898074569413438 ] } },
{ "type": "Feature", "properties": { "category": "personal_service" }, "geometry": { "type": "Point", "coordinates": [ 242477.269139888259815, 903022.657333021285012 ] } },
{ "type": "Feature", "properties": { "category": "personal_service" }, "geometry": { "type": "Point", "coordinates": [ 244332.784078079392202, 915093.836602170136757 ] } },
{ "type": "Feature", "properties": { "category": "personal_service" }, "geometry": { "type": "Point", "coordinates": [ 235591.496037059492664, 911283.262341484194621 ] } },
{ "type": "Feature", "properties": { "category": "personal_service" }, "geometry": { "type": "Point", "coordinates": [ 226434.050283373449929, 901608.25589763710741 ] } },
{ "type": "Feature", "properties": { "category": "personal_service" }, "geometry": { "type": "Point", "coordinates": [ 221777.081737180706114, 902948.202381833805703 ] } },
{ "type": "Feature", "properties": { "category": "personal_service" }, "geometry": { "type": "Point", "coordinates": [ 232730.097208637569565, 904984.668790207477286 ] } },
{ "type": "Feature", "properties": { "category": "personal_service" }, "geometry": { "type": "Point", "coordinates": [ 234154.84442557557486, 901475.150660910294391 ] } },
{ "type": "Feature", "properties": { "category": "personal_service" }, "geometry": { "type": "Point", "coordinates": [ 243235.965856194816297, 904026.000961551908404 ] } },
{ "type": "Feature", "properties": { "category": "personal_service" }, "geometry": { "type": "Point", "coordinates": [ 232312.667343280481873, 895037.060039230505936 ] } },
{ "type": "Feature", "properties": { "category": "personal_service" }, "geometry": { "type": "Point", "coordinates": [ 237247.991253003798192, 898135.977613748516887 ] } },
{ "type": "Feature", "properties": { "category": "personal_service" }, "geometry": { "type": "Point", "coordinates": [ 231452.34287292836234, 892238.702615707647055 ] } },
{ "type": "Feature", "properties": { "category": "personal_service" }, "geometry": { "type": "Point", "coordinates": [ 222102.15023899555672, 901874.541685140458867 ] } },
{ "type": "Feature", "properties": { "category": "personal_service" }, "geometry": { "type": "Point", "coordinates": [ 232492.403587052598596, 891217.864656542311423 ] } },
{ "type": "Feature", "properties": { "category": "personal_service" }, "geometry": { "type": "Point", "coordinates": [ 240883.632138061977457, 907220.117638844181783 ] } },
{ "type": "Feature", "properties": { "category": "personal_service" }, "geometry": { "type": "Point", "coordinates": [ 236058.615355101675959, 906438.669693043222651 ] } },
{ "type": "Feature", "properties": { "category": "personal_service" }, "geometry": { "type": "Point", "coordinates": [ 232211.166548440582119, 907544.531557198031805 ] } },
{ "type": "Feature", "properties": { "category": "personal_service" }, "geometry": { "type": "Point", "coordinates": [ 237076.931590569089167, 893688.653684589196928 ] } },
{ "type": "Feature", "properties": { "category": "personal_service" }, "geometry": { "type": "Point", "coordinates": [ 234281.124652269034414, 902387.385011428734288 ] } },
{ "type": "Feature", "properties": { "category": "personal_service" }, "geometry": { "type": "Point", "coordinates": [ 232236.928778940724442, 907221.742019039811566 ] } },
{ "type": "Feature", "properties": { "category": "personal_service" }, "geometry": { "type": "Point", "coordinates": [ 221635.221848581626546, 902907.44283214234747 ] } },
{ "type": "Feature", "properties": { "category": "personal_service" }, "geometry": { "type": "Point", "coordinates": [ 234625.773990551417228, 903600.942088315961882 ] } },
{ "type": "Feature", "properties": { "category": "personal_service" }, "geometry": { "type": "Point", "coordinates": [ 238582.882948575483169, 905246.76325269928202 ] } },
{ "type": "Feature", "properties": { "category": "personal_service" }, "geometry": { "type": "Point", "coordinates": [ 243844.355623633571668, 912484.338413955876604 ] } },
{ "type": "Feature", "properties": { "category": "personal_service" }, "geometry": { "type": "Point", "coordinates": [ 231040.810698085755575, 889773.881638855906203 ] } },
{ "type": "Feature", "properties": { "category": "personal_service" }, "geometry": { "type": "Point", "coordinates": [ 235694.915352145035286, 901629.54023885121569 ] } },
{ "type": "Feature", "properties": { "category": "personal_service" }, "geometry": { "type": "Point", "coordinates": [ 231208.022401312016882, 890453.403905607992783 ] } },
{ "type": "Feature", "properties": { "category": "personal_service" }, "geometry": { "type": "Point", "coordinates": [ 228852.806445501511917, 892992.541276228381321 ] } },
{ "type": "Feature", "properties": { "category": "personal_service" }, "geometry": { "type": "Point", "coordinates": [ 234419.247762210899964, 897509.521617669728585 ] } },
{ "type": "Feature", "properties": { "category": "personal_service" }, "geometry": { "type": "Point", "coordinates": [ 238260.145378879096825, 898393.115896111936308 ] } },
{ "type": "Feature", "properties": { "category": "personal_service" }, "geometry": { "type": "Point", "coordinates": [ 234039.18017777390196, 897699.834838884184137 ] } },
{ "type": "Feature", "properties": { "category": "personal_service" }, "geometry": { "type": "Point", "coordinates": [ 233226.908965957030887, 907993.806046943878755 ] } },
{ "type": "Feature", "properties": { "category": "personal_service" }, "geometry": { "type": "Point", "coordinates": [ 234326.381911485048477, 899984.986559598590247 ] } },
{ "type": "Feature", "properties": { "category": "personal_service" }, "geometry": { "type": "Point", "coordinates": [ 241841.456463642301969, 888015.487037168932147 ] } },
{ "type": "Feature", "properties": { "category": "personal_service" }, "geometry": { "type": "Point", "coordinates": [ 236349.313576913205907, 911771.237185584963299 ] } },
{ "type": "Feature", "properties": { "category": "personal_service" }, "geometry": { "type": "Point", "coordinates": [ 232794.898844401846873, 892655.59223545412533 ] } },
{ "type": "Feature", "properties": { "category": "personal_service" }, "geometry": { "type": "Point", "coordinates": [ 224164.633756326453295, 900005.901970650767908 ] } },
{ "type": "Feature", "properties": { "category": "personal_service" }, "geometry": { "type": "Point", "coordinates": [ 222789.103843533550389, 895831.155828629271127 ] } },
{ "type": "Feature", "properties": { "category": "personal_service" }, "geometry": { "type": "Point", "coordinates": [ 232515.493988523085136, 895430.428817255422473 ] } },
{ "type": "Feature", "properties": { "category": "personal_service" }, "geometry": { "type": "Point", "coordinates": [ 227001.787118522566743, 888720.451269150944427 ] } },
{ "type": "Feature", "properties": { "category": "personal_service" }, "geometry": { "type": "Point", "coordinates": [ 236128.896092309150845, 900181.743801170028746 ] } },
{ "type": "Feature", "properties": { "category": "personal_service" }, "geometry": { "type": "Point", "coordinates": [ 237124.089412729663309, 907212.560253862291574 ] } },
{ "type": "Feature", "properties": { "category": "personal_service" }, "geometry": { "type": "Point", "coordinates": [ 221578.157214300008491, 892189.937044535647146 ] } },
{ "type": "Feature", "properties": { "category": "personal_service" }, "geometry": { "type": "Point", "coordinates": [ 232899.727979977964424, 903521.333085141261108 ] } },
{ "type": "Feature", "properties": { "category": "personal_service" }, "geometry": { "type": "Point", "coordinates": [ 236177.419419468031265, 900102.794803194701672 ] } },
{ "type": "Feature", "properties": { "category": "personal_service" }, "geometry": { "type": "Point", "coordinates": [ 238268.825568189437035, 906190.664273976581171 ] } },
{ "type": "Feature", "properties": { "category": "personal_service" }, "geometry": { "type": "Point", "coordinates": [ 231261.748604280117434, 898834.807411332731135 ] } },
{ "type": "Feature", "properties": { "category": "personal_service" }, "geometry": { "type": "Point", "coordinates": [ 236540.457411939627491, 897817.359245560830459 ] } },
{ "type": "Feature", "properties": { "category": "personal_service" }, "geometry": { "type": "Point", "coordinates": [ 231644.042421734367963, 896965.756093150004745 ] } },
{ "type": "Feature", "properties": { "category": "personal_service" }, "geometry": { "type": "Point", "coordinates": [ 236260.020875576679828, 894580.784445071942173 ] } },
{ "type": "Feature", "properties": { "category": "personal_service" }, "geometry": { "type": "Point", "coordinates": [ 228469.969819885329343, 892642.536332388059236 ] } },
{ "type": "Feature", "properties": { "category": "personal_service" }, "geometry": { "type": "Point", "coordinates": [ 235501.990447084011976, 891687.817878203350119 ] } },
{ "type": "Feature", "properties": { "category": "personal_service" }, "geometry": { "type": "Point", "coordinates": [ 222240.498760716116522, 897354.810779687948525 ] } },
{ "type": "Feature", "properties": { "category": "personal_service" }, "geometry": { "type": "Point", "coordinates": [ 232200.407987522892654, 906444.686091114301234 ] } },
{ "type": "Feature", "properties": { "category": "personal_service" }, "geometry": { "type": "Point", "coordinates": [ 241101.721624420781154, 913027.250632917508483 ] } },
{ "type": "Feature", "properties": { "category": "personal_service" }, "geometry": { "type": "Point", "coordinates": [ 229786.223680372786475, 898704.659654481336474 ] } },
{ "type": "Feature", "properties": { "category": "personal_service" }, "geometry": { "type": "Point", "coordinates": [ 237619.317538570903707, 890049.116190173546784 ] } },
{ "type": "Feature", "properties": { "category": "personal_service" }, "geometry": { "type": "Point", "coordinates": [ 228469.969819885329343, 892642.536332388059236 ] } },
{ "type": "Feature", "properties": { "category": "personal_service" }, "geometry": { "type": "Point", "coordinates": [ 230944.926814121630741, 900211.988204073160887 ] } },
{ "type": "Feature", "properties": { "category": "personal_service" }, "geometry": { "type": "Point", "coordinates": [ 229852.757798977778293, 900482.180864689522423 ] } },
{ "type": "Feature", "properties": { "category": "personal_service" }, "geometry": { "type": "Point", "coordinates": [ 231022.244089539366541, 899252.174803400528617 ] } },
{ "type": "Feature", "properties": { "category": "personal_service" }, "geometry": { "type": "Point", "coordinates": [ 231212.41336284080171, 891063.117858368204907 ] } },
{ "type": "Feature", "properties": { "category": "personal_service" }, "geometry": { "type": "Point", "coordinates": [ 237377.762175026378827, 906765.255363354459405 ] } },
{ "type": "Feature", "properties": { "category": "personal_service" }, "geometry": { "type": "Point", "coordinates": [ 236434.581373756518587, 895742.996314627001993 ] } },
{ "type": "Feature", "properties": { "category": "personal_service" }, "geometry": { "type": "Point", "coordinates": [ 231322.890045041713165, 904009.86773846601136 ] } },
{ "type": "Feature", "properties": { "category": "personal_service" }, "geometry": { "type": "Point", "coordinates": [ 232726.174395228648791, 902203.355079135508277 ] } },
{ "type": "Feature", "properties": { "category": "personal_service" }, "geometry": { "type": "Point", "coordinates": [ 238627.55383432857343, 901749.020662233000621 ] } },
{ "type": "Feature", "properties": { "category": "personal_service" }, "geometry": { "type": "Point", "coordinates": [ 223092.835827652481385, 903324.070935245486908 ] } },
{ "type": "Feature", "properties": { "category": "personal_service" }, "geometry": { "type": "Point", "coordinates": [ 230780.499271525273798, 893069.80116106919013 ] } },
{ "type": "Feature", "properties": { "category": "personal_service" }, "geometry": { "type": "Point", "coordinates": [ 225893.824386797932675, 893511.969923628261313 ] } },
{ "type": "Feature", "properties": { "category": "personal_service" }, "geometry": { "type": "Point", "coordinates": [ 235925.200148949195864, 900186.253440804546699 ] } },
{ "type": "Feature", "properties": { "category": "personal_service" }, "geometry": { "type": "Point", "coordinates": [ 241867.723102825751994, 889274.691352322231978 ] } },
{ "type": "Feature", "properties": { "category": "personal_service" }, "geometry": { "type": "Point", "coordinates": [ 227908.500604779517744, 898861.458619344746694 ] } },
{ "type": "Feature", "properties": { "category": "personal_service" }, "geometry": { "type": "Point", "coordinates": [ 230569.608721577445976, 888189.440361065091565 ] } },
{ "type": "Feature", "properties": { "category": "personal_service" }, "geometry": { "type": "Point", "coordinates": [ 235011.899650016392116, 908690.177271386724897 ] } },
{ "type": "Feature", "properties": { "category": "personal_service" }, "geometry": { "type": "Point", "coordinates": [ 244686.446496933203889, 912789.905932292691432 ] } },
{ "type": "Feature", "properties": { "category": "personal_service" }, "geometry": { "type": "Point", "coordinates": [ 238756.157716756337322, 891336.771796070039272 ] } },
{ "type": "Feature", "properties": { "category": "personal_service" }, "geometry": { "type": "Point", "coordinates": [ 244780.017951869347598, 911904.515027833171189 ] } },
{ "type": "Feature", "properties": { "category": "personal_service" }, "geometry": { "type": "Point", "coordinates": [ 233007.726098453858867, 898059.582934889360331 ] } },
{ "type": "Feature", "properties": { "category": "personal_service" }, "geometry": { "type": "Point", "coordinates": [ 237190.220017552695936, 898696.281001512892544 ] } },
{ "type": "Feature", "properties": { "category": "personal_service" }, "geometry": { "type": "Point", "coordinates": [ 237592.058230966562405, 893405.254157966235653 ] } },
{ "type": "Feature", "properties": { "category": "personal_service" }, "geometry": { "type": "Point", "coordinates": [ 234677.921251718624262, 904797.962552239187062 ] } },
{ "type": "Feature", "properties": { "category": "personal_service" }, "geometry": { "type": "Point", "coordinates": [ 235753.180663219885901, 912017.883542510913685 ] } },
{ "type": "Feature", "properties": { "category": "personal_service" }, "geometry": { "type": "Point", "coordinates": [ 240495.713834440190112, 907518.229790565790609 ] } },
{ "type": "Feature", "properties": { "category": "personal_service" }, "geometry": { "type": "Point", "coordinates": [ 239996.763412659871392, 891462.12196082319133 ] } },
{ "type": "Feature", "properties": { "category": "personal_service" }, "geometry": { "type": "Point", "coordinates": [ 229523.58424395439215, 906153.112236803979613 ] } },
{ "type": "Feature", "properties": { "category": "personal_service" }, "geometry": { "type": "Point", "coordinates": [ 229682.276646084792446, 905924.84768313053064 ] } },
{ "type": "Feature", "properties": { "category": "personal_service" }, "geometry": { "type": "Point", "coordinates": [ 234376.041342100827023, 899467.717891207314096 ] } },
{ "type": "Feature", "properties": { "category": "personal_service" }, "geometry": { "type": "Point", "coordinates": [ 236697.016652398364386, 900854.821947788354009 ] } },
{ "type": "Feature", "properties": { "category": "personal_service" }, "geometry": { "type": "Point", "coordinates": [ 231470.809496730100363, 892941.563512349617667 ] } },
{ "type": "Feature", "properties": { "category": "personal_service" }, "geometry": { "type": "Point", "coordinates": [ 237924.261774436483392, 909413.889668092131615 ] } },
{ "type": "Feature", "properties": { "category": "personal_service" }, "geometry": { "type": "Point", "coordinates": [ 234791.220701647747774, 896793.793507743626833 ] } },
{ "type": "Feature", "properties": { "category": "personal_service" }, "geometry": { "type": "Point", "coordinates": [ 233609.707634383084951, 906768.755423000780866 ] } },
{ "type": "Feature", "properties": { "category": "personal_service" }, "geometry": { "type": "Point", "coordinates": [ 220900.220907249575248, 902337.166716509731486 ] } },
{ "type": "Feature", "properties": { "category": "personal_service" }, "geometry": { "type": "Point", "coordinates": [ 240498.594747851893771, 911624.784919769736007 ] } },
{ "type": "Feature", "properties": { "category": "personal_service" }, "geometry": { "type": "Point", "coordinates": [ 235397.440232267719693, 899490.78251710452605 ] } },
{ "type": "Feature", "properties": { "category": "personal_service" }, "geometry": { "type": "Point", "coordinates": [ 234244.141197374119656, 904262.766550202621147 ] } },
{ "type": "Feature", "properties": { "category": "personal_service" }, "geometry": { "type": "Point", "coordinates": [ 233670.954774226935115, 892837.34159230417572 ] } },
{ "type": "Feature", "properties": { "category": "personal_service" }, "geometry": { "type": "Point", "coordinates": [ 244854.663854821730638, 913274.630023231031373 ] } },
{ "type": "Feature", "properties": { "category": "personal_service" }, "geometry": { "type": "Point", "coordinates": [ 238120.982007074198918, 903701.906498507130891 ] } },
{ "type": "Feature", "properties": { "category": "personal_service" }, "geometry": { "type": "Point", "coordinates": [ 236668.351529262261465, 897710.83536094496958 ] } },
{ "type": "Feature", "properties": { "category": "personal_service" }, "geometry": { "type": "Point", "coordinates": [ 231119.476767522661248, 905128.747373648919165 ] } },
{ "type": "Feature", "properties": { "category": "personal_service" }, "geometry": { "type": "Point", "coordinates": [ 237214.892997470393311, 900184.078546636970714 ] } },
{ "type": "Feature", "properties": { "category": "personal_service" }, "geometry": { "type": "Point", "coordinates": [ 235614.536364797095302, 908460.829960342962295 ] } },
{ "type": "Feature", "properties": { "category": "personal_service" }, "geometry": { "type": "Point", "coordinates": [ 227061.044899062166223, 888697.797377292183228 ] } },
{ "type": "Feature", "properties": { "category": "personal_service" }, "geometry": { "type": "Point", "coordinates": [ 238538.608285612659529, 888550.56580912694335 ] } },
{ "type": "Feature", "properties": { "category": "personal_service" }, "geometry": { "type": "Point", "coordinates": [ 225906.37986148238997, 908254.444140350446105 ] } },
{ "type": "Feature", "properties": { "category": "personal_service" }, "geometry": { "type": "Point", "coordinates": [ 233685.497404305904638, 908214.152174745453522 ] } },
{ "type": "Feature", "properties": { "category": "personal_service" }, "geometry": { "type": "Point", "coordinates": [ 239872.933420318382559, 915661.571184843429364 ] } },
{ "type": "Feature", "properties": { "category": "personal_service" }, "geometry": { "type": "Point", "coordinates": [ 234273.575798239791766, 899560.855992427561432 ] } },
{ "type": "Feature", "properties": { "category": "personal_service" }, "geometry": { "type": "Point", "coordinates": [ 225056.45142858417239, 902316.771001908928156 ] } },
{ "type": "Feature", "properties": { "category": "personal_service" }, "geometry": { "type": "Point", "coordinates": [ 233417.004544272233034, 892993.859010175568983 ] } },
{ "type": "Feature", "properties": { "category": "personal_service" }, "geometry": { "type": "Point", "coordinates": [ 245234.297554111341015, 912315.654459651559591 ] } },
{ "type": "Feature", "properties": { "category": "personal_service" }, "geometry": { "type": "Point", "coordinates": [ 234751.076324259600369, 899327.938123165513389 ] } },
{ "type": "Feature", "properties": { "category": "personal_service" }, "geometry": { "type": "Point", "coordinates": [ 228425.282054450770374, 889248.331222578883171 ] } },
{ "type": "Feature", "properties": { "category": "personal_service" }, "geometry": { "type": "Point", "coordinates": [ 240217.282603127445327, 910732.963874190347269 ] } },
{ "type": "Feature", "properties": { "category": "personal_service" }, "geometry": { "type": "Point", "coordinates": [ 236799.060610937740421, 900766.159795301035047 ] } },
{ "type": "Feature", "properties": { "category": "personal_service" }, "geometry": { "type": "Point", "coordinates": [ 234976.680006678157952, 900125.152038143482059 ] } },
{ "type": "Feature", "properties": { "category": "personal_service" }, "geometry": { "type": "Point", "coordinates": [ 221655.939801967702806, 903587.080567031167448 ] } },
{ "type": "Feature", "properties": { "category": "personal_service" }, "geometry": { "type": "Point", "coordinates": [ 232123.337815448699985, 896882.178195921937004 ] } },
{ "type": "Feature", "properties": { "category": "personal_service" }, "geometry": { "type": "Point", "coordinates": [ 235521.443830771924695, 900063.014950208133087 ] } },
{ "type": "Feature", "properties": { "category": "personal_service" }, "geometry": { "type": "Point", "coordinates": [ 235549.159769027901348, 908565.135834162705578 ] } },
{ "type": "Feature", "properties": { "category": "personal_service" }, "geometry": { "type": "Point", "coordinates": [ 228387.130772088537924, 902162.267316110432148 ] } },
{ "type": "Feature", "properties": { "category": "personal_service" }, "geometry": { "type": "Point", "coordinates": [ 234992.919751090899808, 897176.900179639691487 ] } },
{ "type": "Feature", "properties": { "category": "personal_service" }, "geometry": { "type": "Point", "coordinates": [ 236582.468129550950835, 907880.527761975303292 ] } },
{ "type": "Feature", "properties": { "category": "personal_service" }, "geometry": { "type": "Point", "coordinates": [ 233097.611955084517831, 902439.470278082881123 ] } },
{ "type": "Feature", "properties": { "category": "personal_service" }, "geometry": { "type": "Point", "coordinates": [ 226761.991633771773195, 905085.908177475910634 ] } },
{ "type": "Feature", "properties": { "category": "personal_service" }, "geometry": { "type": "Point", "coordinates": [ 228245.084143359563313, 902869.816950422595255 ] } },
{ "type": "Feature", "properties": { "category": "personal_service" }, "geometry": { "type": "Point", "coordinates": [ 237916.758623671659734, 909173.027038326836191 ] } },
{ "type": "Feature", "properties": { "category": "personal_service" }, "geometry": { "type": "Point", "coordinates": [ 230857.555877311242511, 889471.06163442984689 ] } },
{ "type": "Feature", "properties": { "category": "personal_service" }, "geometry": { "type": "Point", "coordinates": [ 229132.095793938264251, 899035.149831200251356 ] } },
{ "type": "Feature", "properties": { "category": "personal_service" }, "geometry": { "type": "Point", "coordinates": [ 237214.892997470393311, 900184.078546636970714 ] } },
{ "type": "Feature", "properties": { "category": "personal_service" }, "geometry": { "type": "Point", "coordinates": [ 226950.200613001565216, 901481.144482804345898 ] } },
{ "type": "Feature", "properties": { "category": "personal_service" }, "geometry": { "type": "Point", "coordinates": [ 225943.437114526459482, 901873.902237169677392 ] } },
{ "type": "Feature", "properties": { "category": "personal_service" }, "geometry": { "type": "Point", "coordinates": [ 237075.101203029043972, 901849.513938910327852 ] } },
{ "type": "Feature", "properties": { "category": "personal_service" }, "geometry": { "type": "Point", "coordinates": [ 227966.23962971396395, 900442.207386642228812 ] } },
{ "type": "Feature", "properties": { "category": "personal_service" }, "geometry": { "type": "Point", "coordinates": [ 229570.665921437583165, 904277.524461352964863 ] } },
{ "type": "Feature", "properties": { "category": "personal_service" }, "geometry": { "type": "Point", "coordinates": [ 237336.005483246670337, 906552.871126511250623 ] } },
{ "type": "Feature", "properties": { "category": "personal_service" }, "geometry": { "type": "Point", "coordinates": [ 233652.550946860632394, 906777.624836940085515 ] } },
{ "type": "Feature", "properties": { "category": "personal_service" }, "geometry": { "type": "Point", "coordinates": [ 228858.354632312024478, 898411.21082903270144 ] } },
{ "type": "Feature", "properties": { "category": "personal_service" }, "geometry": { "type": "Point", "coordinates": [ 224641.020748798764544, 901159.539238535915501 ] } },
{ "type": "Feature", "properties": { "category": "personal_service" }, "geometry": { "type": "Point", "coordinates": [ 245991.236379271664191, 913121.143281636759639 ] } },
{ "type": "Feature", "properties": { "category": "personal_service" }, "geometry": { "type": "Point", "coordinates": [ 223280.38835879319231, 895129.430870158714242 ] } },
{ "type": "Feature", "properties": { "category": "personal_service" }, "geometry": { "type": "Point", "coordinates": [ 237031.071465652086772, 898480.283158352132887 ] } },
{ "type": "Feature", "properties": { "category": "personal_service" }, "geometry": { "type": "Point", "coordinates": [ 230340.855065419978928, 888279.421245159581304 ] } },
{ "type": "Feature", "properties": { "category": "personal_service" }, "geometry": { "type": "Point", "coordinates": [ 236214.011669046827592, 900148.858493048581295 ] } },
{ "type": "Feature", "properties": { "category": "personal_service" }, "geometry": { "type": "Point", "coordinates": [ 228824.911068273795536, 899994.702414444182068 ] } },
{ "type": "Feature", "properties": { "category": "personal_service" }, "geometry": { "type": "Point", "coordinates": [ 231160.333367829938652, 892707.476986316032708 ] } },
{ "type": "Feature", "properties": { "category": "personal_service" }, "geometry": { "type": "Point", "coordinates": [ 231695.389139414066449, 897826.501551637426019 ] } },
{ "type": "Feature", "properties": { "category": "personal_service" }, "geometry": { "type": "Point", "coordinates": [ 221578.7605552461755, 891455.28660227812361 ] } },
{ "type": "Feature", "properties": { "category": "personal_service" }, "geometry": { "type": "Point", "coordinates": [ 225744.569202013197355, 901880.501843356061727 ] } },
{ "type": "Feature", "properties": { "category": "personal_service" }, "geometry": { "type": "Point", "coordinates": [ 235753.180663219885901, 912017.883542510913685 ] } },
{ "type": "Feature", "properties": { "category": "personal_service" }, "geometry": { "type": "Point", "coordinates": [ 236087.759103506046813, 906229.879012253601104 ] } },
{ "type": "Feature", "properties": { "category": "personal_service" }, "geometry": { "type": "Point", "coordinates": [ 245606.623054978670552, 912724.291269825771451 ] } },
{ "type": "Feature", "properties": { "category": "personal_service" }, "geometry": { "type": "Point", "coordinates": [ 233011.263944965379778, 905827.074840000481345 ] } },
{ "type": "Feature", "properties": { "category": "personal_service" }, "geometry": { "type": "Point", "coordinates": [ 228824.911068273795536, 899994.702414444182068 ] } },
{ "type": "Feature", "properties": { "category": "personal_service" }, "geometry": { "type": "Point", "coordinates": [ 236663.925591213366715, 900707.470597171224654 ] } },
{ "type": "Feature", "properties": { "category": "personal_service" }, "geometry": { "type": "Point", "coordinates": [ 239516.532276895828545, 905262.507539963000454 ] } },
{ "type": "Feature", "properties": { "category": "personal_service" }, "geometry": { "type": "Point", "coordinates": [ 237030.935701939335559, 908846.720338283455931 ] } },
{ "type": "Feature", "properties": { "category": "personal_service" }, "geometry": { "type": "Point", "coordinates": [ 228872.326691836089594, 893059.266957787098363 ] } },
{ "type": "Feature", "properties": { "category": "personal_service" }, "geometry": { "type": "Point", "coordinates": [ 221612.375270824733889, 902034.746826094575226 ] } },
{ "type": "Feature", "properties": { "category": "personal_service" }, "geometry": { "type": "Point", "coordinates": [ 234485.120654162194114, 900042.413407553569414 ] } },
{ "type": "Feature", "properties": { "category": "personal_service" }, "geometry": { "type": "Point", "coordinates": [ 237369.504057741287397, 893569.128306776168756 ] } },
{ "type": "Feature", "properties": { "category": "personal_service" }, "geometry": { "type": "Point", "coordinates": [ 231054.30197020174819, 889577.448644835501909 ] } },
{ "type": "Feature", "properties": { "category": "personal_service" }, "geometry": { "type": "Point", "coordinates": [ 227417.246095765789505, 888713.726616726722568 ] } },
{ "type": "Feature", "properties": { "category": "personal_service" }, "geometry": { "type": "Point", "coordinates": [ 229252.678741301293485, 906446.226465658401139 ] } },
{ "type": "Feature", "properties": { "category": "personal_service" }, "geometry": { "type": "Point", "coordinates": [ 234989.51029365992872, 898689.757979935384355 ] } },
{ "type": "Feature", "properties": { "category": "personal_service" }, "geometry": { "type": "Point", "coordinates": [ 236449.671137850935338, 900701.468533967388794 ] } },
{ "type": "Feature", "properties": { "category": "personal_service" }, "geometry": { "type": "Point", "coordinates": [ 230526.454477939638309, 892751.905198879772797 ] } },
{ "type": "Feature", "properties": { "category": "personal_service" }, "geometry": { "type": "Point", "coordinates": [ 232864.819484874809859, 901512.318657339899801 ] } },
{ "type": "Feature", "properties": { "category": "personal_service" }, "geometry": { "type": "Point", "coordinates": [ 238474.97282784190611, 898382.403145886142738 ] } },
{ "type": "Feature", "properties": { "category": "personal_service" }, "geometry": { "type": "Point", "coordinates": [ 234954.143913135980256, 900166.916287448722869 ] } },
{ "type": "Feature", "properties": { "category": "personal_service" }, "geometry": { "type": "Point", "coordinates": [ 220931.925328269135207, 902311.602195572806522 ] } },
{ "type": "Feature", "properties": { "category": "personal_service" }, "geometry": { "type": "Point", "coordinates": [ 235486.502703233069042, 908717.88693997473456 ] } },
{ "type": "Feature", "properties": { "category": "personal_service" }, "geometry": { "type": "Point", "coordinates": [ 226754.807218620699132, 890972.891375441337004 ] } },
{ "type": "Feature", "properties": { "category": "personal_service" }, "geometry": { "type": "Point", "coordinates": [ 224052.418589892302407, 896415.959542278666049 ] } },
{ "type": "Feature", "properties": { "category": "personal_service" }, "geometry": { "type": "Point", "coordinates": [ 234515.96065206109779, 900003.798635213053785 ] } },
{ "type": "Feature", "properties": { "category": "personal_service" }, "geometry": { "type": "Point", "coordinates": [ 234455.197394624963636, 896396.704252604278736 ] } },
{ "type": "Feature", "properties": { "category": "personal_service" }, "geometry": { "type": "Point", "coordinates": [ 234290.118208634521579, 899649.354573609074578 ] } },
{ "type": "Feature", "properties": { "category": "personal_service" }, "geometry": { "type": "Point", "coordinates": [ 236068.489839775720611, 893676.745787214604206 ] } },
{ "type": "Feature", "properties": { "category": "personal_service" }, "geometry": { "type": "Point", "coordinates": [ 234777.521143663674593, 897063.643354818341322 ] } },
{ "type": "Feature", "properties": { "category": "personal_service" }, "geometry": { "type": "Point", "coordinates": [ 232108.440524903591722, 906610.661526546347886 ] } },
{ "type": "Feature", "properties": { "category": "personal_service" }, "geometry": { "type": "Point", "coordinates": [ 236384.785944490635302, 895392.290388582507148 ] } },
{ "type": "Feature", "properties": { "category": "personal_service" }, "geometry": { "type": "Point", "coordinates": [ 235272.975032041955274, 900336.237084819702432 ] } },
{ "type": "Feature", "properties": { "category": "personal_service" }, "geometry": { "type": "Point", "coordinates": [ 235253.884126226970693, 894118.033124290988781 ] } },
{ "type": "Feature", "properties": { "category": "personal_service" }, "geometry": { "type": "Point", "coordinates": [ 235307.99502015041071, 903466.04527361295186 ] } },
{ "type": "Feature", "properties": { "category": "personal_service" }, "geometry": { "type": "Point", "coordinates": [ 232999.927939175191568, 899457.123063483042642 ] } },
{ "type": "Feature", "properties": { "category": "personal_service" }, "geometry": { "type": "Point", "coordinates": [ 236454.804671757185133, 900188.314308031927794 ] } },
{ "type": "Feature", "properties": { "category": "personal_service" }, "geometry": { "type": "Point", "coordinates": [ 237209.574800746602705, 892621.907753792125732 ] } },
{ "type": "Feature", "properties": { "category": "personal_service" }, "geometry": { "type": "Point", "coordinates": [ 239621.339054662006674, 906926.182949846144766 ] } },
{ "type": "Feature", "properties": { "category": "personal_service" }, "geometry": { "type": "Point", "coordinates": [ 230963.994177117448999, 900222.735645435750484 ] } },
{ "type": "Feature", "properties": { "category": "personal_service" }, "geometry": { "type": "Point", "coordinates": [ 236662.443349845241755, 901259.966050144750625 ] } },
{ "type": "Feature", "properties": { "category": "personal_service" }, "geometry": { "type": "Point", "coordinates": [ 227513.126793187984731, 897089.33355805859901 ] } },
{ "type": "Feature", "properties": { "category": "personal_service" }, "geometry": { "type": "Point", "coordinates": [ 233012.551991115411511, 903450.994332248112187 ] } },
{ "type": "Feature", "properties": { "category": "personal_service" }, "geometry": { "type": "Point", "coordinates": [ 245835.026501616084715, 915013.628749165916815 ] } },
{ "type": "Feature", "properties": { "category": "personal_service" }, "geometry": { "type": "Point", "coordinates": [ 236042.071074131526984, 895597.128788096830249 ] } },
{ "type": "Feature", "properties": { "category": "personal_service" }, "geometry": { "type": "Point", "coordinates": [ 236577.171472344489302, 900929.397042852127925 ] } },
{ "type": "Feature", "properties": { "category": "personal_service" }, "geometry": { "type": "Point", "coordinates": [ 236295.373640966659877, 901767.798819293966517 ] } },
{ "type": "Feature", "properties": { "category": "personal_service" }, "geometry": { "type": "Point", "coordinates": [ 224570.012609360972419, 901818.31360501924064 ] } },
{ "type": "Feature", "properties": { "category": "personal_service" }, "geometry": { "type": "Point", "coordinates": [ 235706.009486252907664, 895209.977319653145969 ] } },
{ "type": "Feature", "properties": { "category": "personal_service" }, "geometry": { "type": "Point", "coordinates": [ 238286.077595976006705, 898201.536828304524533 ] } },
{ "type": "Feature", "properties": { "category": "personal_service" }, "geometry": { "type": "Point", "coordinates": [ 227726.082784161699237, 896973.095262100338005 ] } },
{ "type": "Feature", "properties": { "category": "personal_service" }, "geometry": { "type": "Point", "coordinates": [ 239673.015877573896432, 912285.443923592567444 ] } },
{ "type": "Feature", "properties": { "category": "personal_service" }, "geometry": { "type": "Point", "coordinates": [ 235867.102805064816494, 907687.000907967449166 ] } },
{ "type": "Feature", "properties": { "category": "personal_service" }, "geometry": { "type": "Point", "coordinates": [ 236630.433133296784945, 906385.090160283725709 ] } },
{ "type": "Feature", "properties": { "category": "personal_service" }, "geometry": { "type": "Point", "coordinates": [ 228808.293927723745583, 907497.529661379288882 ] } },
{ "type": "Feature", "properties": { "category": "personal_service" }, "geometry": { "type": "Point", "coordinates": [ 232775.80037527094828, 907769.415094448369928 ] } },
{ "type": "Feature", "properties": { "category": "personal_service" }, "geometry": { "type": "Point", "coordinates": [ 233376.585356070980197, 902646.951525120763108 ] } },
{ "type": "Feature", "properties": { "category": "personal_service" }, "geometry": { "type": "Point", "coordinates": [ 230884.201198733528145, 889247.139424075372517 ] } },
{ "type": "Feature", "properties": { "category": "personal_service" }, "geometry": { "type": "Point", "coordinates": [ 228938.13943816308165, 888224.642085224855691 ] } },
{ "type": "Feature", "properties": { "category": "personal_service" }, "geometry": { "type": "Point", "coordinates": [ 228643.299630456167506, 900200.897181948996149 ] } },
{ "type": "Feature", "properties": { "category": "personal_service" }, "geometry": { "type": "Point", "coordinates": [ 235369.161316651618108, 901049.064239604165778 ] } },
{ "type": "Feature", "properties": { "category": "personal_service" }, "geometry": { "type": "Point", "coordinates": [ 222201.60004779609153, 902908.099239871837199 ] } },
{ "type": "Feature", "properties": { "category": "personal_service" }, "geometry": { "type": "Point", "coordinates": [ 231833.553532910882495, 895890.054400915279984 ] } },
{ "type": "Feature", "properties": { "category": "personal_service" }, "geometry": { "type": "Point", "coordinates": [ 241215.007144348870497, 889017.36312027880922 ] } },
{ "type": "Feature", "properties": { "category": "personal_service" }, "geometry": { "type": "Point", "coordinates": [ 232507.941822563501773, 901606.74095187918283 ] } },
{ "type": "Feature", "properties": { "category": "personal_service" }, "geometry": { "type": "Point", "coordinates": [ 237843.732794853684027, 898465.728142907377332 ] } },
{ "type": "Feature", "properties": { "category": "personal_service" }, "geometry": { "type": "Point", "coordinates": [ 225341.026998351910152, 898157.946767114568502 ] } },
{ "type": "Feature", "properties": { "category": "personal_service" }, "geometry": { "type": "Point", "coordinates": [ 224846.319652676902479, 901250.012800004100427 ] } },
{ "type": "Feature", "properties": { "category": "personal_service" }, "geometry": { "type": "Point", "coordinates": [ 230463.569838455412537, 905213.7347369043855 ] } },
{ "type": "Feature", "properties": { "category": "personal_service" }, "geometry": { "type": "Point", "coordinates": [ 232168.704316818912048, 907632.756084199412726 ] } },
{ "type": "Feature", "properties": { "category": "personal_service" }, "geometry": { "type": "Point", "coordinates": [ 236090.596670087892562, 900740.714068956323899 ] } },
{ "type": "Feature", "properties": { "category": "personal_service" }, "geometry": { "type": "Point", "coordinates": [ 239861.07323238166282, 890993.720031388569623 ] } },
{ "type": "Feature", "properties": { "category": "personal_service" }, "geometry": { "type": "Point", "coordinates": [ 231739.576829576661112, 892050.830137392971665 ] } },
{ "type": "Feature", "properties": { "category": "personal_service" }, "geometry": { "type": "Point", "coordinates": [ 232555.53926112697809, 901770.023966037551872 ] } },
{ "type": "Feature", "properties": { "category": "personal_service" }, "geometry": { "type": "Point", "coordinates": [ 223256.665373114927206, 902071.76560477016028 ] } },
{ "type": "Feature", "properties": { "category": "personal_service" }, "geometry": { "type": "Point", "coordinates": [ 232422.276666042744182, 898712.658995590405539 ] } },
{ "type": "Feature", "properties": { "category": "personal_service" }, "geometry": { "type": "Point", "coordinates": [ 222856.977825792797375, 903272.425846729660407 ] } },
{ "type": "Feature", "properties": { "category": "personal_service" }, "geometry": { "type": "Point", "coordinates": [ 236454.804671757185133, 900188.314308031927794 ] } },
{ "type": "Feature", "properties": { "category": "personal_service" }, "geometry": { "type": "Point", "coordinates": [ 239227.515445410361281, 892717.066497863852419 ] } },
{ "type": "Feature", "properties": { "category": "personal_service" }, "geometry": { "type": "Point", "coordinates": [ 236052.070435432018712, 913045.690082605578937 ] } },
{ "type": "Feature", "properties": { "category": "personal_service" }, "geometry": { "type": "Point", "coordinates": [ 235324.569376161729451, 900299.840509081957862 ] } },
{ "type": "Feature", "properties": { "category": "personal_service" }, "geometry": { "type": "Point", "coordinates": [ 237444.824190753657604, 909331.004297057865188 ] } },
{ "type": "Feature", "properties": { "category": "personal_service" }, "geometry": { "type": "Point", "coordinates": [ 238559.132044244732242, 903664.087509334203787 ] } },
{ "type": "Feature", "properties": { "category": "personal_service" }, "geometry": { "type": "Point", "coordinates": [ 235568.58050480633392, 911470.983478001202457 ] } },
{ "type": "Feature", "properties": { "category": "personal_service" }, "geometry": { "type": "Point", "coordinates": [ 221359.688620533444919, 903815.549261975567788 ] } },
{ "type": "Feature", "properties": { "category": "personal_service" }, "geometry": { "type": "Point", "coordinates": [ 229520.869175908941543, 906094.006844085059129 ] } },
{ "type": "Feature", "properties": { "category": "personal_service" }, "geometry": { "type": "Point", "coordinates": [ 232884.56499178748345, 896991.331696168286726 ] } },
{ "type": "Feature", "properties": { "category": "personal_service" }, "geometry": { "type": "Point", "coordinates": [ 240666.195267004717607, 904187.601547112921253 ] } },
{ "type": "Feature", "properties": { "category": "personal_service" }, "geometry": { "type": "Point", "coordinates": [ 228117.469748767500278, 888301.845666905632243 ] } },
{ "type": "Feature", "properties": { "category": "personal_service" }, "geometry": { "type": "Point", "coordinates": [ 236833.7243422724423, 893989.50463120918721 ] } },
{ "type": "Feature", "properties": { "category": "personal_service" }, "geometry": { "type": "Point", "coordinates": [ 222056.597208476741798, 900300.544032163452357 ] } },
{ "type": "Feature", "properties": { "category": "personal_service" }, "geometry": { "type": "Point", "coordinates": [ 236845.531638384738471, 906526.620148068992421 ] } },
{ "type": "Feature", "properties": { "category": "personal_service" }, "geometry": { "type": "Point", "coordinates": [ 231208.022401312016882, 890453.403905607992783 ] } },
{ "type": "Feature", "properties": { "category": "personal_service" }, "geometry": { "type": "Point", "coordinates": [ 236167.299371517787222, 900292.13075340737123 ] } },
{ "type": "Feature", "properties": { "category": "personal_service" }, "geometry": { "type": "Point", "coordinates": [ 236032.02983287605457, 912496.180397359887138 ] } },
{ "type": "Feature", "properties": { "category": "personal_service" }, "geometry": { "type": "Point", "coordinates": [ 230568.31980624148855, 892797.628167707007378 ] } },
{ "type": "Feature", "properties": { "category": "personal_service" }, "geometry": { "type": "Point", "coordinates": [ 240950.807563315145671, 888116.660436806967482 ] } },
{ "type": "Feature", "properties": { "category": "personal_service" }, "geometry": { "type": "Point", "coordinates": [ 225700.245252898952458, 902986.008116555516608 ] } },
{ "type": "Feature", "properties": { "category": "personal_service" }, "geometry": { "type": "Point", "coordinates": [ 221843.160714923607884, 902833.331029409659095 ] } },
{ "type": "Feature", "properties": { "category": "personal_service" }, "geometry": { "type": "Point", "coordinates": [ 237219.184266452182783, 892676.386082339566201 ] } },
{ "type": "Feature", "properties": { "category": "personal_service" }, "geometry": { "type": "Point", "coordinates": [ 229807.993593163933838, 899769.983756856061518 ] } },
{ "type": "Feature", "properties": { "category": "personal_service" }, "geometry": { "type": "Point", "coordinates": [ 240311.153916391020175, 908340.160597385372967 ] } },
{ "type": "Feature", "properties": { "category": "personal_service" }, "geometry": { "type": "Point", "coordinates": [ 227541.226142210740363, 902642.089237520704046 ] } },
{ "type": "Feature", "properties": { "category": "personal_service" }, "geometry": { "type": "Point", "coordinates": [ 226315.53410802903818, 908326.390343436622061 ] } },
{ "type": "Feature", "properties": { "category": "personal_service" }, "geometry": { "type": "Point", "coordinates": [ 243006.569853221502854, 912202.670466799056157 ] } },
{ "type": "Feature", "properties": { "category": "personal_service" }, "geometry": { "type": "Point", "coordinates": [ 236839.811685947643127, 901321.764681669184938 ] } },
{ "type": "Feature", "properties": { "category": "personal_service" }, "geometry": { "type": "Point", "coordinates": [ 223517.806284553051228, 891786.062759867636487 ] } },
{ "type": "Feature", "properties": { "category": "personal_service" }, "geometry": { "type": "Point", "coordinates": [ 224160.043773320736364, 897937.188933359459043 ] } },
{ "type": "Feature", "properties": { "category": "personal_service" }, "geometry": { "type": "Point", "coordinates": [ 235891.213693838595646, 900274.942193272756413 ] } },
{ "type": "Feature", "properties": { "category": "personal_service" }, "geometry": { "type": "Point", "coordinates": [ 232215.853728285583202, 907581.320357923861593 ] } },
{ "type": "Feature", "properties": { "category": "personal_service" }, "geometry": { "type": "Point", "coordinates": [ 231401.668927323713433, 889397.936903540510684 ] } },
{ "type": "Feature", "properties": { "category": "personal_service" }, "geometry": { "type": "Point", "coordinates": [ 235244.167511405714322, 896878.913038503960706 ] } },
{ "type": "Feature", "properties": { "category": "personal_service" }, "geometry": { "type": "Point", "coordinates": [ 229872.10528762609465, 898818.211834149318747 ] } },
{ "type": "Feature", "properties": { "category": "personal_service" }, "geometry": { "type": "Point", "coordinates": [ 237566.590878872462781, 908980.19714218901936 ] } },
{ "type": "Feature", "properties": { "category": "personal_service" }, "geometry": { "type": "Point", "coordinates": [ 222348.255714907631045, 902631.20322682405822 ] } },
{ "type": "Feature", "properties": { "category": "personal_service" }, "geometry": { "type": "Point", "coordinates": [ 221816.833015378855634, 892253.986115010804497 ] } },
{ "type": "Feature", "properties": { "category": "personal_service" }, "geometry": { "type": "Point", "coordinates": [ 242308.749144088593312, 902792.26184382638894 ] } },
{ "type": "Feature", "properties": { "category": "personal_service" }, "geometry": { "type": "Point", "coordinates": [ 236971.146534737927141, 901004.215150286676362 ] } },
{ "type": "Feature", "properties": { "category": "personal_service" }, "geometry": { "type": "Point", "coordinates": [ 238195.420211967430077, 904657.146828632219695 ] } },
{ "type": "Feature", "properties": { "category": "personal_service" }, "geometry": { "type": "Point", "coordinates": [ 247358.42182133634924, 913170.007917085313238 ] } },
{ "type": "Feature", "properties": { "category": "personal_service" }, "geometry": { "type": "Point", "coordinates": [ 234944.452633968030568, 902015.985757435439155 ] } },
{ "type": "Feature", "properties": { "category": "personal_service" }, "geometry": { "type": "Point", "coordinates": [ 235390.097619300475344, 893301.5267033908749 ] } },
{ "type": "Feature", "properties": { "category": "personal_service" }, "geometry": { "type": "Point", "coordinates": [ 241721.089665548090125, 918070.152634866535664 ] } },
{ "type": "Feature", "properties": { "category": "personal_service" }, "geometry": { "type": "Point", "coordinates": [ 226603.306834860239178, 890108.483938108081929 ] } },
{ "type": "Feature", "properties": { "category": "personal_service" }, "geometry": { "type": "Point", "coordinates": [ 234645.20977528122603, 895895.347572802682407 ] } },
{ "type": "Feature", "properties": { "category": "personal_service" }, "geometry": { "type": "Point", "coordinates": [ 244332.784078079392202, 915093.836602170136757 ] } },
{ "type": "Feature", "properties": { "category": "personal_service" }, "geometry": { "type": "Point", "coordinates": [ 241000.47620951232966, 888133.722017011372373 ] } },
{ "type": "Feature", "properties": { "category": "personal_service" }, "geometry": { "type": "Point", "coordinates": [ 221245.484491728682769, 903321.350815811776556 ] } },
{ "type": "Feature", "properties": { "category": "personal_service" }, "geometry": { "type": "Point", "coordinates": [ 235333.655794979102211, 912187.933339991723187 ] } },
{ "type": "Feature", "properties": { "category": "personal_service" }, "geometry": { "type": "Point", "coordinates": [ 237788.954179497523, 890111.672231851378456 ] } },
{ "type": "Feature", "properties": { "category": "personal_service" }, "geometry": { "type": "Point", "coordinates": [ 232389.908208948880201, 899549.145554485032335 ] } },
{ "type": "Feature", "properties": { "category": "personal_service" }, "geometry": { "type": "Point", "coordinates": [ 234215.308426214731298, 897751.674354412592947 ] } },
{ "type": "Feature", "properties": { "category": "personal_service" }, "geometry": { "type": "Point", "coordinates": [ 230419.230400865228148, 900183.589772433158942 ] } },
{ "type": "Feature", "properties": { "category": "personal_service" }, "geometry": { "type": "Point", "coordinates": [ 236022.561504070705269, 901010.951386832399294 ] } },
{ "type": "Feature", "properties": { "category": "personal_service" }, "geometry": { "type": "Point", "coordinates": [ 237187.988997995678801, 906088.439675692119636 ] } },
{ "type": "Feature", "properties": { "category": "personal_service" }, "geometry": { "type": "Point", "coordinates": [ 236638.092651018814649, 906352.805994185968302 ] } },
{ "type": "Feature", "properties": { "category": "personal_service" }, "geometry": { "type": "Point", "coordinates": [ 222175.864559358655242, 897385.374799735611305 ] } },
{ "type": "Feature", "properties": { "category": "personal_service" }, "geometry": { "type": "Point", "coordinates": [ 227476.78379596490413, 907890.521751286461949 ] } },
{ "type": "Feature", "properties": { "category": "personal_service" }, "geometry": { "type": "Point", "coordinates": [ 228678.494752756465459, 894822.918895923998207 ] } },
{ "type": "Feature", "properties": { "category": "personal_service" }, "geometry": { "type": "Point", "coordinates": [ 231160.333367829938652, 892707.476986316032708 ] } },
{ "type": "Feature", "properties": { "category": "personal_service" }, "geometry": { "type": "Point", "coordinates": [ 241936.371954103466123, 911724.207007241202518 ] } },
{ "type": "Feature", "properties": { "category": "personal_service" }, "geometry": { "type": "Point", "coordinates": [ 234399.384147562552243, 899715.424424112192355 ] } },
{ "type": "Feature", "properties": { "category": "personal_service" }, "geometry": { "type": "Point", "coordinates": [ 235705.61855710868258, 906975.712316364864819 ] } },
{ "type": "Feature", "properties": { "category": "personal_service" }, "geometry": { "type": "Point", "coordinates": [ 234514.750085517356638, 902648.341334258439019 ] } },
{ "type": "Feature", "properties": { "category": "personal_service" }, "geometry": { "type": "Point", "coordinates": [ 241922.690195429808227, 887887.566448638914153 ] } },
{ "type": "Feature", "properties": { "category": "personal_service" }, "geometry": { "type": "Point", "coordinates": [ 231110.850479091051966, 898259.9793774059508 ] } },
{ "type": "Feature", "properties": { "category": "personal_service" }, "geometry": { "type": "Point", "coordinates": [ 235691.687172171543352, 911623.567013822845183 ] } },
{ "type": "Feature", "properties": { "category": "personal_service" }, "geometry": { "type": "Point", "coordinates": [ 239167.736976178362966, 906478.763218063861132 ] } },
{ "type": "Feature", "properties": { "category": "personal_service" }, "geometry": { "type": "Point", "coordinates": [ 221565.436189764644951, 902004.27843070263043 ] } },
{ "type": "Feature", "properties": { "category": "personal_service" }, "geometry": { "type": "Point", "coordinates": [ 232794.898844401846873, 892655.59223545412533 ] } },
{ "type": "Feature", "properties": { "category": "personal_service" }, "geometry": { "type": "Point", "coordinates": [ 240917.204023379279533, 911498.470700683072209 ] } },
{ "type": "Feature", "properties": { "category": "personal_service" }, "geometry": { "type": "Point", "coordinates": [ 225897.829659635957796, 901017.547828328795731 ] } },
{ "type": "Feature", "properties": { "category": "personal_service" }, "geometry": { "type": "Point", "coordinates": [ 220770.559115001815371, 902872.842659993679263 ] } },
{ "type": "Feature", "properties": { "category": "personal_service" }, "geometry": { "type": "Point", "coordinates": [ 225943.437114526459482, 901873.902237169677392 ] } },
{ "type": "Feature", "properties": { "category": "personal_service" }, "geometry": { "type": "Point", "coordinates": [ 228696.920576217788039, 902786.340234201750718 ] } },
{ "type": "Feature", "properties": { "category": "personal_service" }, "geometry": { "type": "Point", "coordinates": [ 234347.937674006039742, 895352.389312882092781 ] } },
{ "type": "Feature", "properties": { "category": "personal_service" }, "geometry": { "type": "Point", "coordinates": [ 232428.1887376459199, 897270.125844385358505 ] } },
{ "type": "Feature", "properties": { "category": "personal_service" }, "geometry": { "type": "Point", "coordinates": [ 234016.333873749099439, 899508.177246680366807 ] } },
{ "type": "Feature", "properties": { "category": "personal_service" }, "geometry": { "type": "Point", "coordinates": [ 230992.121228939708089, 904603.115125133888796 ] } },
{ "type": "Feature", "properties": { "category": "personal_service" }, "geometry": { "type": "Point", "coordinates": [ 236918.128347155754454, 900746.457031648838893 ] } },
{ "type": "Feature", "properties": { "category": "personal_service" }, "geometry": { "type": "Point", "coordinates": [ 236077.46854352398077, 905508.921333932667039 ] } },
{ "type": "Feature", "properties": { "category": "personal_service" }, "geometry": { "type": "Point", "coordinates": [ 233080.757563714694697, 904513.89357786718756 ] } },
{ "type": "Feature", "properties": { "category": "personal_service" }, "geometry": { "type": "Point", "coordinates": [ 236041.643293040135177, 908846.124910766724497 ] } },
{ "type": "Feature", "properties": { "category": "personal_service" }, "geometry": { "type": "Point", "coordinates": [ 234536.615451606281567, 905972.705121991224587 ] } },
{ "type": "Feature", "properties": { "category": "personal_service" }, "geometry": { "type": "Point", "coordinates": [ 228643.299630456167506, 900200.897181948996149 ] } },
{ "type": "Feature", "properties": { "category": "personal_service" }, "geometry": { "type": "Point", "coordinates": [ 234018.271048253984191, 901882.033987342962064 ] } },
{ "type": "Feature", "properties": { "category": "personal_service" }, "geometry": { "type": "Point", "coordinates": [ 226293.826391154143494, 903748.86739973933436 ] } },
{ "type": "Feature", "properties": { "category": "personal_service" }, "geometry": { "type": "Point", "coordinates": [ 221065.517730984953232, 902917.374494269024581 ] } },
{ "type": "Feature", "properties": { "category": "personal_service" }, "geometry": { "type": "Point", "coordinates": [ 238852.796417639998253, 905212.261676845373586 ] } },
{ "type": "Feature", "properties": { "category": "personal_service" }, "geometry": { "type": "Point", "coordinates": [ 225089.202456360129872, 897801.930960300611332 ] } },
{ "type": "Feature", "properties": { "category": "personal_service" }, "geometry": { "type": "Point", "coordinates": [ 225374.45471934278612, 897870.156243167351931 ] } },
{ "type": "Feature", "properties": { "category": "personal_service" }, "geometry": { "type": "Point", "coordinates": [ 220857.239502661570441, 902665.606455776607618 ] } },
{ "type": "Feature", "properties": { "category": "personal_service" }, "geometry": { "type": "Point", "coordinates": [ 228784.726673052093247, 893042.024415964726359 ] } },
{ "type": "Feature", "properties": { "category": "personal_service" }, "geometry": { "type": "Point", "coordinates": [ 228686.269122847850667, 907227.329809231683612 ] } },
{ "type": "Feature", "properties": { "category": "personal_service" }, "geometry": { "type": "Point", "coordinates": [ 232243.326792436477263, 896960.481356428004801 ] } },
{ "type": "Feature", "properties": { "category": "personal_service" }, "geometry": { "type": "Point", "coordinates": [ 220770.559115001815371, 902872.842659993679263 ] } },
{ "type": "Feature", "properties": { "category": "personal_service" }, "geometry": { "type": "Point", "coordinates": [ 224168.817724655818893, 901831.473217084421776 ] } },
{ "type": "Feature", "properties": { "category": "personal_service" }, "geometry": { "type": "Point", "coordinates": [ 229300.511106230958831, 902596.222434339113533 ] } },
{ "type": "Feature", "properties": { "category": "personal_service" }, "geometry": { "type": "Point", "coordinates": [ 233384.022481795254862, 901029.577459549065679 ] } },
{ "type": "Feature", "properties": { "category": "personal_service" }, "geometry": { "type": "Point", "coordinates": [ 239858.209250082087237, 890902.176845866837539 ] } },
{ "type": "Feature", "properties": { "category": "personal_service" }, "geometry": { "type": "Point", "coordinates": [ 224947.310463558649644, 897397.773249183781445 ] } },
{ "type": "Feature", "properties": { "category": "personal_service" }, "geometry": { "type": "Point", "coordinates": [ 235658.350555857352447, 900864.692087547155097 ] } },
{ "type": "Feature", "properties": { "category": "personal_service" }, "geometry": { "type": "Point", "coordinates": [ 237068.967039498267695, 898779.837461224291474 ] } },
{ "type": "Feature", "properties": { "category": "personal_service" }, "geometry": { "type": "Point", "coordinates": [ 232608.087356821546564, 900972.505314097041264 ] } },
{ "type": "Feature", "properties": { "category": "personal_service" }, "geometry": { "type": "Point", "coordinates": [ 232669.557569936907385, 904263.930005983565934 ] } },
{ "type": "Feature", "properties": { "category": "personal_service" }, "geometry": { "type": "Point", "coordinates": [ 221688.617639818461612, 902338.334554543951526 ] } },
{ "type": "Feature", "properties": { "category": "personal_service" }, "geometry": { "type": "Point", "coordinates": [ 233505.192890236823587, 891049.335854492848739 ] } },
{ "type": "Feature", "properties": { "category": "personal_service" }, "geometry": { "type": "Point", "coordinates": [ 235224.461731348186731, 903389.314826505025849 ] } },
{ "type": "Feature", "properties": { "category": "personal_service" }, "geometry": { "type": "Point", "coordinates": [ 245541.923867857141886, 912441.167677752557211 ] } },
{ "type": "Feature", "properties": { "category": "personal_service" }, "geometry": { "type": "Point", "coordinates": [ 235839.097896728577325, 908319.901740051689558 ] } },
{ "type": "Feature", "properties": { "category": "personal_service" }, "geometry": { "type": "Point", "coordinates": [ 237619.317538570903707, 890049.116190173546784 ] } },
{ "type": "Feature", "properties": { "category": "personal_service" }, "geometry": { "type": "Point", "coordinates": [ 232385.033884065516759, 904430.341117786010727 ] } },
{ "type": "Feature", "properties": { "category": "personal_service" }, "geometry": { "type": "Point", "coordinates": [ 230717.921594765241025, 906957.560775218531489 ] } },
{ "type": "Feature", "properties": { "category": "personal_service" }, "geometry": { "type": "Point", "coordinates": [ 241273.01933217747137, 907685.822396183153614 ] } },
{ "type": "Feature", "properties": { "category": "personal_service" }, "geometry": { "type": "Point", "coordinates": [ 227402.804091978468932, 891743.805752653046511 ] } },
{ "type": "Feature", "properties": { "category": "personal_service" }, "geometry": { "type": "Point", "coordinates": [ 226946.272012710571289, 905038.293712148908526 ] } },
{ "type": "Feature", "properties": { "category": "personal_service" }, "geometry": { "type": "Point", "coordinates": [ 234435.585219081956893, 894509.412065278389491 ] } },
{ "type": "Feature", "properties": { "category": "personal_service" }, "geometry": { "type": "Point", "coordinates": [ 224804.629636776662664, 901205.212351977010258 ] } },
{ "type": "Feature", "properties": { "category": "personal_service" }, "geometry": { "type": "Point", "coordinates": [ 236082.53324829673511, 912991.194819462252781 ] } },
{ "type": "Feature", "properties": { "category": "personal_service" }, "geometry": { "type": "Point", "coordinates": [ 234831.77571368200006, 897592.63988897704985 ] } },
{ "type": "Feature", "properties": { "category": "personal_service" }, "geometry": { "type": "Point", "coordinates": [ 231310.878127043892164, 904266.07241611497011 ] } },
{ "type": "Feature", "properties": { "category": "personal_service" }, "geometry": { "type": "Point", "coordinates": [ 231136.453894826903706, 893574.320693474262953 ] } },
{ "type": "Feature", "properties": { "category": "personal_service" }, "geometry": { "type": "Point", "coordinates": [ 232832.051645092695253, 909239.040320060099475 ] } },
{ "type": "Feature", "properties": { "category": "personal_service" }, "geometry": { "type": "Point", "coordinates": [ 225624.190041528228903, 900376.627615866949782 ] } },
{ "type": "Feature", "properties": { "category": "personal_service" }, "geometry": { "type": "Point", "coordinates": [ 236585.736446617782349, 913549.651544168242253 ] } },
{ "type": "Feature", "properties": { "category": "personal_service" }, "geometry": { "type": "Point", "coordinates": [ 225404.769392304035136, 902204.833699146634899 ] } },
{ "type": "Feature", "properties": { "category": "personal_service" }, "geometry": { "type": "Point", "coordinates": [ 232130.846269876230508, 902143.512968650087714 ] } },
{ "type": "Feature", "properties": { "category": "personal_service" }, "geometry": { "type": "Point", "coordinates": [ 224870.426238347776234, 893919.702191384276375 ] } },
{ "type": "Feature", "properties": { "category": "personal_service" }, "geometry": { "type": "Point", "coordinates": [ 227245.192891923652496, 888774.483064408297651 ] } },
{ "type": "Feature", "properties": { "category": "personal_service" }, "geometry": { "type": "Point", "coordinates": [ 233562.651969893195201, 908105.705366312409751 ] } },
{ "type": "Feature", "properties": { "category": "personal_service" }, "geometry": { "type": "Point", "coordinates": [ 235424.031527890532743, 908116.851375222438946 ] } },
{ "type": "Feature", "properties": { "category": "personal_service" }, "geometry": { "type": "Point", "coordinates": [ 236114.896192060870817, 912999.025958506856114 ] } },
{ "type": "Feature", "properties": { "category": "personal_service" }, "geometry": { "type": "Point", "coordinates": [ 234379.505413243983639, 895354.431875748559833 ] } },
{ "type": "Feature", "properties": { "category": "personal_service" }, "geometry": { "type": "Point", "coordinates": [ 221849.814276476681698, 891965.736704658949748 ] } },
{ "type": "Feature", "properties": { "category": "personal_service" }, "geometry": { "type": "Point", "coordinates": [ 240910.26598071391345, 905982.842609341489151 ] } },
{ "type": "Feature", "properties": { "category": "personal_service" }, "geometry": { "type": "Point", "coordinates": [ 233497.002228236466181, 910048.845651943120174 ] } },
{ "type": "Feature", "properties": { "category": "personal_service" }, "geometry": { "type": "Point", "coordinates": [ 236235.613853792892769, 898787.377261576475576 ] } },
{ "type": "Feature", "properties": { "category": "personal_service" }, "geometry": { "type": "Point", "coordinates": [ 235108.40202800964471, 899470.116268438985571 ] } },
{ "type": "Feature", "properties": { "category": "personal_service" }, "geometry": { "type": "Point", "coordinates": [ 234668.727797912433743, 901688.493929884629324 ] } },
{ "type": "Feature", "properties": { "category": "personal_service" }, "geometry": { "type": "Point", "coordinates": [ 231136.432801275601378, 900205.391890109051019 ] } },
{ "type": "Feature", "properties": { "category": "personal_service" }, "geometry": { "type": "Point", "coordinates": [ 229324.854367566527799, 892923.404573459643871 ] } },
{ "type": "Feature", "properties": { "category": "personal_service" }, "geometry": { "type": "Point", "coordinates": [ 231022.244089539366541, 899252.174803400528617 ] } },
{ "type": "Feature", "properties": { "category": "personal_service" }, "geometry": { "type": "Point", "coordinates": [ 224561.247439450147795, 900531.783752453979105 ] } },
{ "type": "Feature", "properties": { "category": "personal_service" }, "geometry": { "type": "Point", "coordinates": [ 230482.407660529599525, 892981.086272252607159 ] } },
{ "type": "Feature", "properties": { "category": "personal_service" }, "geometry": { "type": "Point", "coordinates": [ 236630.425861731695477, 892647.748271477641538 ] } },
{ "type": "Feature", "properties": { "category": "personal_service" }, "geometry": { "type": "Point", "coordinates": [ 231295.389072501944611, 900181.549804988782853 ] } },
{ "type": "Feature", "properties": { "category": "personal_service" }, "geometry": { "type": "Point", "coordinates": [ 246244.891164971195394, 913916.159628548193723 ] } },
{ "type": "Feature", "properties": { "category": "personal_service" }, "geometry": { "type": "Point", "coordinates": [ 236007.364649372873828, 905484.901640101801604 ] } },
{ "type": "Feature", "properties": { "category": "personal_service" }, "geometry": { "type": "Point", "coordinates": [ 235778.670758746447973, 907629.787902573007159 ] } },
{ "type": "Feature", "properties": { "category": "personal_service" }, "geometry": { "type": "Point", "coordinates": [ 231725.848087262362242, 895605.766570339328609 ] } },
{ "type": "Feature", "properties": { "category": "personal_service" }, "geometry": { "type": "Point", "coordinates": [ 235200.15209680746193, 891341.965332968859002 ] } },
{ "type": "Feature", "properties": { "category": "personal_service" }, "geometry": { "type": "Point", "coordinates": [ 235868.253796392586082, 896425.652789307408966 ] } },
{ "type": "Feature", "properties": { "category": "personal_service" }, "geometry": { "type": "Point", "coordinates": [ 234707.637796692433767, 900031.290267876698636 ] } },
{ "type": "Feature", "properties": { "category": "personal_service" }, "geometry": { "type": "Point", "coordinates": [ 236594.223353625246091, 894215.961874473490752 ] } },
{ "type": "Feature", "properties": { "category": "personal_service" }, "geometry": { "type": "Point", "coordinates": [ 222489.855200422956841, 895543.060482669039629 ] } },
{ "type": "Feature", "properties": { "category": "personal_service" }, "geometry": { "type": "Point", "coordinates": [ 238979.741063404420856, 898399.735319142579101 ] } },
{ "type": "Feature", "properties": { "category": "personal_service" }, "geometry": { "type": "Point", "coordinates": [ 236606.917254197585862, 905890.330824761418626 ] } },
{ "type": "Feature", "properties": { "category": "personal_service" }, "geometry": { "type": "Point", "coordinates": [ 234736.644865973561537, 902363.296980025246739 ] } },
{ "type": "Feature", "properties": { "category": "personal_service" }, "geometry": { "type": "Point", "coordinates": [ 245179.399494989484083, 912538.463944496470504 ] } },
{ "type": "Feature", "properties": { "category": "personal_service" }, "geometry": { "type": "Point", "coordinates": [ 223517.806284553051228, 891786.062759867636487 ] } },
{ "type": "Feature", "properties": { "category": "personal_service" }, "geometry": { "type": "Point", "coordinates": [ 231010.188901060580974, 906273.043120313901454 ] } },
{ "type": "Feature", "properties": { "category": "personal_service" }, "geometry": { "type": "Point", "coordinates": [ 242799.286045561195351, 888679.593728619161993 ] } },
{ "type": "Feature", "properties": { "category": "personal_service" }, "geometry": { "type": "Point", "coordinates": [ 229731.390500656387303, 904863.253735573263839 ] } },
{ "type": "Feature", "properties": { "category": "personal_service" }, "geometry": { "type": "Point", "coordinates": [ 235979.089095793722663, 906937.897354651824571 ] } },
{ "type": "Feature", "properties": { "category": "personal_service" }, "geometry": { "type": "Point", "coordinates": [ 229711.302786882180953, 903441.697741689393297 ] } },
{ "type": "Feature", "properties": { "category": "personal_service" }, "geometry": { "type": "Point", "coordinates": [ 221867.804281285323668, 893449.095219435868785 ] } },
{ "type": "Feature", "properties": { "category": "personal_service" }, "geometry": { "type": "Point", "coordinates": [ 236392.238043794874102, 900910.219997654552571 ] } },
{ "type": "Feature", "properties": { "category": "personal_service" }, "geometry": { "type": "Point", "coordinates": [ 234075.538420226308517, 899890.46044981724117 ] } },
{ "type": "Feature", "properties": { "category": "personal_service" }, "geometry": { "type": "Point", "coordinates": [ 227260.749039719172288, 888763.76901370647829 ] } },
{ "type": "Feature", "properties": { "category": "personal_service" }, "geometry": { "type": "Point", "coordinates": [ 235179.065371105447412, 899674.852787753334269 ] } },
{ "type": "Feature", "properties": { "category": "personal_service" }, "geometry": { "type": "Point", "coordinates": [ 240651.894341048318893, 908434.211271897889674 ] } },
{ "type": "Feature", "properties": { "category": "personal_service" }, "geometry": { "type": "Point", "coordinates": [ 233139.827909778803587, 896156.009279544232413 ] } },
{ "type": "Feature", "properties": { "category": "personal_service" }, "geometry": { "type": "Point", "coordinates": [ 238458.493491126806475, 888773.390100459102541 ] } },
{ "type": "Feature", "properties": { "category": "personal_service" }, "geometry": { "type": "Point", "coordinates": [ 235721.62039428440039, 908360.180312482407317 ] } },
{ "type": "Feature", "properties": { "category": "personal_service" }, "geometry": { "type": "Point", "coordinates": [ 231549.597785620659124, 889900.659715416142717 ] } },
{ "type": "Feature", "properties": { "category": "personal_service" }, "geometry": { "type": "Point", "coordinates": [ 235924.884585438587237, 906737.121214462909847 ] } },
{ "type": "Feature", "properties": { "category": "personal_service" }, "geometry": { "type": "Point", "coordinates": [ 223718.095333334582392, 905266.133909626747482 ] } },
{ "type": "Feature", "properties": { "category": "personal_service" }, "geometry": { "type": "Point", "coordinates": [ 233703.551429237937555, 892575.357716447091661 ] } },
{ "type": "Feature", "properties": { "category": "personal_service" }, "geometry": { "type": "Point", "coordinates": [ 239757.801248307223432, 891078.109241557307541 ] } },
{ "type": "Feature", "properties": { "category": "personal_service" }, "geometry": { "type": "Point", "coordinates": [ 236658.28587335642078, 906379.570470167323947 ] } },
{ "type": "Feature", "properties": { "category": "personal_service" }, "geometry": { "type": "Point", "coordinates": [ 223833.926285619789269, 897765.017576744081452 ] } },
{ "type": "Feature", "properties": { "category": "personal_service" }, "geometry": { "type": "Point", "coordinates": [ 228133.173315893596737, 907407.816720388713293 ] } },
{ "type": "Feature", "properties": { "category": "personal_service" }, "geometry": { "type": "Point", "coordinates": [ 240625.179418275132775, 887893.288345464738086 ] } },
{ "type": "Feature", "properties": { "category": "personal_service" }, "geometry": { "type": "Point", "coordinates": [ 228494.887031109712552, 902137.266695536207408 ] } },
{ "type": "Feature", "properties": { "category": "personal_service" }, "geometry": { "type": "Point", "coordinates": [ 235496.434700239915401, 895403.300991575233638 ] } },
{ "type": "Feature", "properties": { "category": "personal_service" }, "geometry": { "type": "Point", "coordinates": [ 231322.34918626624858, 904223.469387606717646 ] } },
{ "type": "Feature", "properties": { "category": "personal_service" }, "geometry": { "type": "Point", "coordinates": [ 230136.415682016551727, 903747.308050707681105 ] } },
{ "type": "Feature", "properties": { "category": "personal_service" }, "geometry": { "type": "Point", "coordinates": [ 222005.817744234460406, 895965.506822803639807 ] } },
{ "type": "Feature", "properties": { "category": "personal_service" }, "geometry": { "type": "Point", "coordinates": [ 225666.897169240488438, 903006.657764851115644 ] } },
{ "type": "Feature", "properties": { "category": "personal_service" }, "geometry": { "type": "Point", "coordinates": [ 232200.407987522892654, 906444.686091114301234 ] } },
{ "type": "Feature", "properties": { "category": "personal_service" }, "geometry": { "type": "Point", "coordinates": [ 220939.55063551812782, 902267.971448273048736 ] } },
{ "type": "Feature", "properties": { "category": "personal_service" }, "geometry": { "type": "Point", "coordinates": [ 242473.763234637328424, 902989.534529066528194 ] } },
{ "type": "Feature", "properties": { "category": "personal_service" }, "geometry": { "type": "Point", "coordinates": [ 220469.559154437942198, 902921.832996568758972 ] } },
{ "type": "Feature", "properties": { "category": "personal_service" }, "geometry": { "type": "Point", "coordinates": [ 237364.0540137377684, 909309.24642213829793 ] } },
{ "type": "Feature", "properties": { "category": "personal_service" }, "geometry": { "type": "Point", "coordinates": [ 238112.081958774622763, 903687.862249871017411 ] } },
{ "type": "Feature", "properties": { "category": "personal_service" }, "geometry": { "type": "Point", "coordinates": [ 226183.175862151721958, 901819.252728331484832 ] } },
{ "type": "Feature", "properties": { "category": "personal_service" }, "geometry": { "type": "Point", "coordinates": [ 221866.847863087634323, 902843.734948642319068 ] } },
{ "type": "Feature", "properties": { "category": "personal_service" }, "geometry": { "type": "Point", "coordinates": [ 221355.047742193040904, 899326.231226850301027 ] } },
{ "type": "Feature", "properties": { "category": "personal_service" }, "geometry": { "type": "Point", "coordinates": [ 233279.646741441800259, 903028.934564689639956 ] } },
{ "type": "Feature", "properties": { "category": "personal_service" }, "geometry": { "type": "Point", "coordinates": [ 228145.735110519890441, 892232.139412240474485 ] } },
{ "type": "Feature", "properties": { "category": "personal_service" }, "geometry": { "type": "Point", "coordinates": [ 233236.765198805514956, 904328.462134225293994 ] } },
{ "type": "Feature", "properties": { "category": "personal_service" }, "geometry": { "type": "Point", "coordinates": [ 236521.175503757840488, 896705.81838138657622 ] } },
{ "type": "Feature", "properties": { "category": "personal_service" }, "geometry": { "type": "Point", "coordinates": [ 231280.494266388646793, 889555.124459392973222 ] } },
{ "type": "Feature", "properties": { "category": "personal_service" }, "geometry": { "type": "Point", "coordinates": [ 239749.923803508660058, 890807.704779430408962 ] } },
{ "type": "Feature", "properties": { "category": "personal_service" }, "geometry": { "type": "Point", "coordinates": [ 237903.90505817529629, 909115.195874148746952 ] } },
{ "type": "Feature", "properties": { "category": "personal_service" }, "geometry": { "type": "Point", "coordinates": [ 240091.061295200343011, 908792.218830998637713 ] } },
{ "type": "Feature", "properties": { "category": "personal_service" }, "geometry": { "type": "Point", "coordinates": [ 234021.797385440790094, 893966.455265200813301 ] } },
{ "type": "Feature", "properties": { "category": "personal_service" }, "geometry": { "type": "Point", "coordinates": [ 222166.441371371882269, 902331.161882745567709 ] } },
{ "type": "Feature", "properties": { "category": "personal_service" }, "geometry": { "type": "Point", "coordinates": [ 234244.141197374119656, 904262.766550202621147 ] } },
{ "type": "Feature", "properties": { "category": "personal_service" }, "geometry": { "type": "Point", "coordinates": [ 237476.668197765480727, 908976.606176206492819 ] } },
{ "type": "Feature", "properties": { "category": "personal_service" }, "geometry": { "type": "Point", "coordinates": [ 239099.040776079025818, 891539.272795902565122 ] } },
{ "type": "Feature", "properties": { "category": "personal_service" }, "geometry": { "type": "Point", "coordinates": [ 232766.507402268733131, 896128.712036564946175 ] } },
{ "type": "Feature", "properties": { "category": "personal_service" }, "geometry": { "type": "Point", "coordinates": [ 231009.513582687446615, 905326.092278953059576 ] } },
{ "type": "Feature", "properties": { "category": "personal_service" }, "geometry": { "type": "Point", "coordinates": [ 233505.642906202818267, 891076.107293255859986 ] } },
{ "type": "Feature", "properties": { "category": "personal_service" }, "geometry": { "type": "Point", "coordinates": [ 233871.74940736105782, 893359.253599978517741 ] } },
{ "type": "Feature", "properties": { "category": "personal_service" }, "geometry": { "type": "Point", "coordinates": [ 231842.00208811199991, 902320.367266673012637 ] } },
{ "type": "Feature", "properties": { "category": "personal_service" }, "geometry": { "type": "Point", "coordinates": [ 236530.586515026167035, 900588.144681349163875 ] } },
{ "type": "Feature", "properties": { "category": "personal_service" }, "geometry": { "type": "Point", "coordinates": [ 244147.775349209172418, 912679.745624797535129 ] } },
{ "type": "Feature", "properties": { "category": "personal_service" }, "geometry": { "type": "Point", "coordinates": [ 244378.827904603094794, 915119.56569871888496 ] } },
{ "type": "Feature", "properties": { "category": "personal_service" }, "geometry": { "type": "Point", "coordinates": [ 239759.43733819204499, 904051.22538790514227 ] } },
{ "type": "Feature", "properties": { "category": "personal_service" }, "geometry": { "type": "Point", "coordinates": [ 228133.241232067928649, 902355.299170322716236 ] } },
{ "type": "Feature", "properties": { "category": "personal_service" }, "geometry": { "type": "Point", "coordinates": [ 232644.752718712144997, 891293.768187933601439 ] } },
{ "type": "Feature", "properties": { "category": "personal_service" }, "geometry": { "type": "Point", "coordinates": [ 230173.523552920931252, 892349.398318101768382 ] } },
{ "type": "Feature", "properties": { "category": "personal_service" }, "geometry": { "type": "Point", "coordinates": [ 234260.398100778606022, 906213.171459471224807 ] } },
{ "type": "Feature", "properties": { "category": "personal_service" }, "geometry": { "type": "Point", "coordinates": [ 242320.770445383823244, 902847.540594431804493 ] } },
{ "type": "Feature", "properties": { "category": "personal_service" }, "geometry": { "type": "Point", "coordinates": [ 233872.288677418022417, 899339.421015802072361 ] } },
{ "type": "Feature", "properties": { "category": "personal_service" }, "geometry": { "type": "Point", "coordinates": [ 244160.943037946446566, 911920.58562166930642 ] } },
{ "type": "Feature", "properties": { "category": "personal_service" }, "geometry": { "type": "Point", "coordinates": [ 225950.321818240568973, 901102.604714933782816 ] } },
{ "type": "Feature", "properties": { "category": "personal_service" }, "geometry": { "type": "Point", "coordinates": [ 235130.463737986458, 899935.975884847226553 ] } },
{ "type": "Feature", "properties": { "category": "personal_service" }, "geometry": { "type": "Point", "coordinates": [ 233567.320341822138289, 891912.692500937730074 ] } },
{ "type": "Feature", "properties": { "category": "personal_service" }, "geometry": { "type": "Point", "coordinates": [ 228030.164810630114516, 905067.862214482738636 ] } },
{ "type": "Feature", "properties": { "category": "personal_service" }, "geometry": { "type": "Point", "coordinates": [ 221555.774302335834363, 891661.149725123192184 ] } },
{ "type": "Feature", "properties": { "category": "personal_service" }, "geometry": { "type": "Point", "coordinates": [ 235798.662629885337083, 900134.511834366479889 ] } },
{ "type": "Feature", "properties": { "category": "personal_service" }, "geometry": { "type": "Point", "coordinates": [ 234578.663057784287957, 906026.896568610798568 ] } },
{ "type": "Feature", "properties": { "category": "personal_service" }, "geometry": { "type": "Point", "coordinates": [ 241844.612051434698515, 888956.320499342516996 ] } },
{ "type": "Feature", "properties": { "category": "personal_service" }, "geometry": { "type": "Point", "coordinates": [ 221699.16892998831463, 902922.19125008629635 ] } },
{ "type": "Feature", "properties": { "category": "personal_service" }, "geometry": { "type": "Point", "coordinates": [ 235839.097896728577325, 908319.901740051689558 ] } },
{ "type": "Feature", "properties": { "category": "personal_service" }, "geometry": { "type": "Point", "coordinates": [ 227643.080971319432138, 890845.033575923880562 ] } },
{ "type": "Feature", "properties": { "category": "personal_service" }, "geometry": { "type": "Point", "coordinates": [ 233045.663340096827596, 899351.258832665043883 ] } },
{ "type": "Feature", "properties": { "category": "personal_service" }, "geometry": { "type": "Point", "coordinates": [ 240457.928040184517158, 911045.26273150567431 ] } },
{ "type": "Feature", "properties": { "category": "personal_service" }, "geometry": { "type": "Point", "coordinates": [ 239139.310668614169117, 911662.946909398306161 ] } },
{ "type": "Feature", "properties": { "category": "personal_service" }, "geometry": { "type": "Point", "coordinates": [ 230536.07688755664276, 892815.260306906187907 ] } },
{ "type": "Feature", "properties": { "category": "personal_service" }, "geometry": { "type": "Point", "coordinates": [ 239657.177760681253858, 915027.957871990045533 ] } },
{ "type": "Feature", "properties": { "category": "personal_service" }, "geometry": { "type": "Point", "coordinates": [ 239437.523654994583922, 888783.916795446188189 ] } },
{ "type": "Feature", "properties": { "category": "personal_service" }, "geometry": { "type": "Point", "coordinates": [ 235483.511285204527667, 901651.795854802010581 ] } },
{ "type": "Feature", "properties": { "category": "personal_service" }, "geometry": { "type": "Point", "coordinates": [ 223888.270485863264184, 896494.708497044630349 ] } },
{ "type": "Feature", "properties": { "category": "personal_service" }, "geometry": { "type": "Point", "coordinates": [ 239764.182819958485197, 888181.168300331686623 ] } },
{ "type": "Feature", "properties": { "category": "personal_service" }, "geometry": { "type": "Point", "coordinates": [ 236407.801514128106646, 909027.186856266111135 ] } },
{ "type": "Feature", "properties": { "category": "personal_service" }, "geometry": { "type": "Point", "coordinates": [ 233020.387240042735357, 904534.492288778885268 ] } },
{ "type": "Feature", "properties": { "category": "personal_service" }, "geometry": { "type": "Point", "coordinates": [ 234433.891727174806874, 899954.299632020760328 ] } },
{ "type": "Feature", "properties": { "category": "personal_service" }, "geometry": { "type": "Point", "coordinates": [ 236055.287876861722907, 903350.20955653314013 ] } },
{ "type": "Feature", "properties": { "category": "personal_service" }, "geometry": { "type": "Point", "coordinates": [ 241501.220769299834501, 888187.751278980984353 ] } },
{ "type": "Feature", "properties": { "category": "personal_service" }, "geometry": { "type": "Point", "coordinates": [ 230233.158324802119751, 892426.296739372657612 ] } },
{ "type": "Feature", "properties": { "category": "personal_service" }, "geometry": { "type": "Point", "coordinates": [ 236293.122587117715739, 894717.579712757840753 ] } },
{ "type": "Feature", "properties": { "category": "personal_service" }, "geometry": { "type": "Point", "coordinates": [ 236671.310217952268431, 901186.811722412821837 ] } },
{ "type": "Feature", "properties": { "category": "personal_service" }, "geometry": { "type": "Point", "coordinates": [ 236675.327138035383541, 893211.140238723019138 ] } },
{ "type": "Feature", "properties": { "category": "personal_service" }, "geometry": { "type": "Point", "coordinates": [ 232178.386160019290401, 904567.573191658826545 ] } },
{ "type": "Feature", "properties": { "category": "personal_service" }, "geometry": { "type": "Point", "coordinates": [ 224790.805995911301579, 901364.11547197017353 ] } },
{ "type": "Feature", "properties": { "category": "personal_service" }, "geometry": { "type": "Point", "coordinates": [ 225417.638353270216612, 897871.089786354452372 ] } },
{ "type": "Feature", "properties": { "category": "personal_service" }, "geometry": { "type": "Point", "coordinates": [ 239415.57556324696634, 891346.655037428950891 ] } },
{ "type": "Feature", "properties": { "category": "personal_service" }, "geometry": { "type": "Point", "coordinates": [ 236505.395122621383052, 900996.781503047794104 ] } },
{ "type": "Feature", "properties": { "category": "personal_service" }, "geometry": { "type": "Point", "coordinates": [ 230965.552754377335077, 905399.87678880058229 ] } },
{ "type": "Feature", "properties": { "category": "personal_service" }, "geometry": { "type": "Point", "coordinates": [ 235973.511583237734158, 905327.2178248106502 ] } },
{ "type": "Feature", "properties": { "category": "personal_service" }, "geometry": { "type": "Point", "coordinates": [ 234535.53771121733007, 900010.448407300049439 ] } },
{ "type": "Feature", "properties": { "category": "personal_service" }, "geometry": { "type": "Point", "coordinates": [ 231645.128477398102405, 896962.53974871034734 ] } },
{ "type": "Feature", "properties": { "category": "personal_service" }, "geometry": { "type": "Point", "coordinates": [ 236217.167423170496477, 908623.091091787093319 ] } },
{ "type": "Feature", "properties": { "category": "personal_service" }, "geometry": { "type": "Point", "coordinates": [ 221617.008050645148614, 902135.286234052386135 ] } },
{ "type": "Feature", "properties": { "category": "personal_service" }, "geometry": { "type": "Point", "coordinates": [ 234932.766695807687938, 900157.9237582256319 ] } },
{ "type": "Feature", "properties": { "category": "personal_service" }, "geometry": { "type": "Point", "coordinates": [ 237439.695462420175318, 898367.260111078503542 ] } },
{ "type": "Feature", "properties": { "category": "personal_service" }, "geometry": { "type": "Point", "coordinates": [ 238546.847248277510516, 892800.499154035234824 ] } },
{ "type": "Feature", "properties": { "category": "personal_service" }, "geometry": { "type": "Point", "coordinates": [ 234721.408379601227352, 900079.121780521702021 ] } },
{ "type": "Feature", "properties": { "category": "personal_service" }, "geometry": { "type": "Point", "coordinates": [ 236357.311860954738222, 900957.136359634692781 ] } },
{ "type": "Feature", "properties": { "category": "personal_service" }, "geometry": { "type": "Point", "coordinates": [ 237351.901718430512119, 893777.859086883021519 ] } },
{ "type": "Feature", "properties": { "category": "personal_service" }, "geometry": { "type": "Point", "coordinates": [ 231790.289291982742725, 890137.223071925342083 ] } },
{ "type": "Feature", "properties": { "category": "personal_service" }, "geometry": { "type": "Point", "coordinates": [ 234276.165566214360297, 902188.308411096921191 ] } },
{ "type": "Feature", "properties": { "category": "personal_service" }, "geometry": { "type": "Point", "coordinates": [ 237875.708594203344546, 902653.994778577936813 ] } },
{ "type": "Feature", "properties": { "category": "personal_service" }, "geometry": { "type": "Point", "coordinates": [ 232267.934940818522591, 901653.287085608462803 ] } },
{ "type": "Feature", "properties": { "category": "personal_service" }, "geometry": { "type": "Point", "coordinates": [ 233563.377841819106834, 892773.62512354424689 ] } },
{ "type": "Feature", "properties": { "category": "personal_service" }, "geometry": { "type": "Point", "coordinates": [ 224147.405473570455797, 897801.520836597541347 ] } },
{ "type": "Feature", "properties": { "category": "personal_service" }, "geometry": { "type": "Point", "coordinates": [ 219231.402742966602091, 904028.000745987636037 ] } },
{ "type": "Feature", "properties": { "category": "personal_service" }, "geometry": { "type": "Point", "coordinates": [ 235181.110040965955704, 900303.341810876736417 ] } },
{ "type": "Feature", "properties": { "category": "personal_service" }, "geometry": { "type": "Point", "coordinates": [ 235940.04440316875116, 912004.84213925502263 ] } },
{ "type": "Feature", "properties": { "category": "personal_service" }, "geometry": { "type": "Point", "coordinates": [ 228937.355247381085064, 906797.040195814683102 ] } },
{ "type": "Feature", "properties": { "category": "personal_service" }, "geometry": { "type": "Point", "coordinates": [ 244577.727325671265135, 913241.428403925616294 ] } },
{ "type": "Feature", "properties": { "category": "personal_service" }, "geometry": { "type": "Point", "coordinates": [ 224955.284796342282789, 893825.921442019869573 ] } },
{ "type": "Feature", "properties": { "category": "personal_service" }, "geometry": { "type": "Point", "coordinates": [ 231214.417883364018053, 901734.946352084865794 ] } },
{ "type": "Feature", "properties": { "category": "personal_service" }, "geometry": { "type": "Point", "coordinates": [ 225107.95796832407359, 897627.385291572776623 ] } },
{ "type": "Feature", "properties": { "category": "personal_service" }, "geometry": { "type": "Point", "coordinates": [ 235794.968523610004922, 911743.171713927411474 ] } },
{ "type": "Feature", "properties": { "category": "personal_service" }, "geometry": { "type": "Point", "coordinates": [ 234132.376213089271914, 906706.850891530746594 ] } },
{ "type": "Feature", "properties": { "category": "personal_service" }, "geometry": { "type": "Point", "coordinates": [ 236886.264068845717702, 900789.943433970329352 ] } },
{ "type": "Feature", "properties": { "category": "personal_service" }, "geometry": { "type": "Point", "coordinates": [ 228167.894337990292115, 892259.997042786329985 ] } },
{ "type": "Feature", "properties": { "category": "personal_service" }, "geometry": { "type": "Point", "coordinates": [ 230849.312120825052261, 889506.902857724693604 ] } },
{ "type": "Feature", "properties": { "category": "personal_service" }, "geometry": { "type": "Point", "coordinates": [ 226689.884332008921774, 904084.817682167049497 ] } },
{ "type": "Feature", "properties": { "category": "personal_service" }, "geometry": { "type": "Point", "coordinates": [ 234937.400859172106721, 900220.150436489377171 ] } },
{ "type": "Feature", "properties": { "category": "personal_service" }, "geometry": { "type": "Point", "coordinates": [ 222169.367954942252254, 901847.428399157477543 ] } },
{ "type": "Feature", "properties": { "category": "personal_service" }, "geometry": { "type": "Point", "coordinates": [ 241194.582112967706053, 888516.845676351338625 ] } },
{ "type": "Feature", "properties": { "category": "personal_service" }, "geometry": { "type": "Point", "coordinates": [ 239923.469532151211752, 894215.743710208218545 ] } },
{ "type": "Feature", "properties": { "category": "personal_service" }, "geometry": { "type": "Point", "coordinates": [ 232942.716936700802762, 899796.530145013472065 ] } },
{ "type": "Feature", "properties": { "category": "personal_service" }, "geometry": { "type": "Point", "coordinates": [ 238732.916436675761361, 902972.910748836584389 ] } },
{ "type": "Feature", "properties": { "category": "personal_service" }, "geometry": { "type": "Point", "coordinates": [ 232621.66801724533434, 900939.689282796345651 ] } },
{ "type": "Feature", "properties": { "category": "personal_service" }, "geometry": { "type": "Point", "coordinates": [ 228480.011404708959162, 888692.954475658014417 ] } },
{ "type": "Feature", "properties": { "category": "personal_service" }, "geometry": { "type": "Point", "coordinates": [ 229966.358133174304385, 893735.852883092826232 ] } },
{ "type": "Feature", "properties": { "category": "personal_service" }, "geometry": { "type": "Point", "coordinates": [ 233817.494621320918668, 904079.41879466874525 ] } },
{ "type": "Feature", "properties": { "category": "personal_service" }, "geometry": { "type": "Point", "coordinates": [ 232982.769241230562329, 896070.852365440805443 ] } },
{ "type": "Feature", "properties": { "category": "personal_service" }, "geometry": { "type": "Point", "coordinates": [ 221071.304371023696149, 901592.014734897296876 ] } },
{ "type": "Feature", "properties": { "category": "personal_service" }, "geometry": { "type": "Point", "coordinates": [ 245870.429993431840558, 912667.360084279673174 ] } },
{ "type": "Feature", "properties": { "category": "personal_service" }, "geometry": { "type": "Point", "coordinates": [ 222379.163980345911114, 899960.112796295084991 ] } },
{ "type": "Feature", "properties": { "category": "personal_service" }, "geometry": { "type": "Point", "coordinates": [ 245201.14938928137417, 912673.235197906149551 ] } },
{ "type": "Feature", "properties": { "category": "personal_service" }, "geometry": { "type": "Point", "coordinates": [ 231022.244089539366541, 899252.174803400528617 ] } },
{ "type": "Feature", "properties": { "category": "personal_service" }, "geometry": { "type": "Point", "coordinates": [ 233746.864556456537684, 892831.040751465945505 ] } },
{ "type": "Feature", "properties": { "category": "personal_service" }, "geometry": { "type": "Point", "coordinates": [ 236412.440232203342021, 898584.79668600903824 ] } },
{ "type": "Feature", "properties": { "category": "personal_service" }, "geometry": { "type": "Point", "coordinates": [ 237951.923642590991221, 898422.99111030716449 ] } },
{ "type": "Feature", "properties": { "category": "personal_service" }, "geometry": { "type": "Point", "coordinates": [ 240814.104046529828338, 889331.149780638050288 ] } },
{ "type": "Feature", "properties": { "category": "personal_service" }, "geometry": { "type": "Point", "coordinates": [ 232824.27793214796111, 899998.248475023428909 ] } },
{ "type": "Feature", "properties": { "category": "personal_service" }, "geometry": { "type": "Point", "coordinates": [ 236625.329234559321776, 901694.977477100561373 ] } },
{ "type": "Feature", "properties": { "category": "personal_service" }, "geometry": { "type": "Point", "coordinates": [ 236178.430164281511679, 900418.594886203412898 ] } },
{ "type": "Feature", "properties": { "category": "personal_service" }, "geometry": { "type": "Point", "coordinates": [ 235703.751176325866254, 899874.106591027230024 ] } },
{ "type": "Feature", "properties": { "category": "personal_service" }, "geometry": { "type": "Point", "coordinates": [ 227301.230667648487724, 888773.589439271017909 ] } },
{ "type": "Feature", "properties": { "category": "personal_service" }, "geometry": { "type": "Point", "coordinates": [ 240406.542344358545961, 887173.813871047692373 ] } },
{ "type": "Feature", "properties": { "category": "personal_service" }, "geometry": { "type": "Point", "coordinates": [ 235542.438505731930491, 913237.259041611105204 ] } },
{ "type": "Feature", "properties": { "category": "personal_service" }, "geometry": { "type": "Point", "coordinates": [ 236558.547368627157994, 896319.574799867230467 ] } },
{ "type": "Feature", "properties": { "category": "personal_service" }, "geometry": { "type": "Point", "coordinates": [ 235328.885988907655701, 899703.37378040200565 ] } },
{ "type": "Feature", "properties": { "category": "personal_service" }, "geometry": { "type": "Point", "coordinates": [ 245861.773935005650856, 912179.765367398853414 ] } },
{ "type": "Feature", "properties": { "category": "personal_service" }, "geometry": { "type": "Point", "coordinates": [ 236518.670803273766069, 896854.760054368991405 ] } },
{ "type": "Feature", "properties": { "category": "personal_service" }, "geometry": { "type": "Point", "coordinates": [ 221769.630362328549381, 892767.564017880009487 ] } },
{ "type": "Feature", "properties": { "category": "personal_service" }, "geometry": { "type": "Point", "coordinates": [ 234495.333810492302291, 906566.776413377374411 ] } },
{ "type": "Feature", "properties": { "category": "personal_service" }, "geometry": { "type": "Point", "coordinates": [ 235405.320438474678667, 900200.054545167833567 ] } },
{ "type": "Feature", "properties": { "category": "personal_service" }, "geometry": { "type": "Point", "coordinates": [ 234445.139321402122732, 897204.519148229621351 ] } },
{ "type": "Feature", "properties": { "category": "personal_service" }, "geometry": { "type": "Point", "coordinates": [ 234559.304900908115087, 907818.62393365171738 ] } },
{ "type": "Feature", "properties": { "category": "personal_service" }, "geometry": { "type": "Point", "coordinates": [ 235884.409638474142412, 908358.677961104782298 ] } },
{ "type": "Feature", "properties": { "category": "personal_service" }, "geometry": { "type": "Point", "coordinates": [ 234366.136752652790165, 897482.047852465533651 ] } },
{ "type": "Feature", "properties": { "category": "personal_service" }, "geometry": { "type": "Point", "coordinates": [ 242202.461137934442377, 888842.271237157750875 ] } },
{ "type": "Feature", "properties": { "category": "personal_service" }, "geometry": { "type": "Point", "coordinates": [ 230181.935777555365348, 900588.222135149524547 ] } },
{ "type": "Feature", "properties": { "category": "personal_service" }, "geometry": { "type": "Point", "coordinates": [ 237262.211560742929578, 907459.444763902225532 ] } },
{ "type": "Feature", "properties": { "category": "personal_service" }, "geometry": { "type": "Point", "coordinates": [ 241668.275567455566488, 906196.907565166242421 ] } },
{ "type": "Feature", "properties": { "category": "personal_service" }, "geometry": { "type": "Point", "coordinates": [ 224267.924051822075853, 900110.115074998931959 ] } },
{ "type": "Feature", "properties": { "category": "personal_service" }, "geometry": { "type": "Point", "coordinates": [ 236557.369252044678433, 901156.893324220902286 ] } },
{ "type": "Feature", "properties": { "category": "personal_service" }, "geometry": { "type": "Point", "coordinates": [ 237710.960263627639506, 909004.409265149268322 ] } },
{ "type": "Feature", "properties": { "category": "personal_service" }, "geometry": { "type": "Point", "coordinates": [ 232395.101130672323052, 904639.88202730123885 ] } },
{ "type": "Feature", "properties": { "category": "personal_service" }, "geometry": { "type": "Point", "coordinates": [ 234593.602585894463118, 899094.342438699444756 ] } },
{ "type": "Feature", "properties": { "category": "personal_service" }, "geometry": { "type": "Point", "coordinates": [ 239028.968576470389962, 913945.607871311251074 ] } },
{ "type": "Feature", "properties": { "category": "personal_service" }, "geometry": { "type": "Point", "coordinates": [ 236532.84739573704428, 898092.236678062588908 ] } },
{ "type": "Feature", "properties": { "category": "personal_service" }, "geometry": { "type": "Point", "coordinates": [ 234485.500595593679463, 906155.401410892605782 ] } },
{ "type": "Feature", "properties": { "category": "personal_service" }, "geometry": { "type": "Point", "coordinates": [ 236323.251362799201161, 894902.900429198052734 ] } },
{ "type": "Feature", "properties": { "category": "personal_service" }, "geometry": { "type": "Point", "coordinates": [ 231112.075799647544045, 899137.495658302679658 ] } },
{ "type": "Feature", "properties": { "category": "personal_service" }, "geometry": { "type": "Point", "coordinates": [ 244485.739233816508204, 911977.28970463690348 ] } },
{ "type": "Feature", "properties": { "category": "personal_service" }, "geometry": { "type": "Point", "coordinates": [ 239104.409284894209122, 912139.512175502604805 ] } },
{ "type": "Feature", "properties": { "category": "personal_service" }, "geometry": { "type": "Point", "coordinates": [ 235116.470169965323294, 898514.888513334561139 ] } },
{ "type": "Feature", "properties": { "category": "personal_service" }, "geometry": { "type": "Point", "coordinates": [ 240510.876943289709743, 907443.671458758530207 ] } },
{ "type": "Feature", "properties": { "category": "personal_service" }, "geometry": { "type": "Point", "coordinates": [ 235181.110040965955704, 900303.341810876736417 ] } },
{ "type": "Feature", "properties": { "category": "personal_service" }, "geometry": { "type": "Point", "coordinates": [ 226462.143545697414083, 908249.96360127965454 ] } },
{ "type": "Feature", "properties": { "category": "personal_service" }, "geometry": { "type": "Point", "coordinates": [ 245005.655269598006271, 912108.12740884127561 ] } },
{ "type": "Feature", "properties": { "category": "personal_service" }, "geometry": { "type": "Point", "coordinates": [ 222035.717528225068236, 893763.297056215000339 ] } },
{ "type": "Feature", "properties": { "category": "personal_service" }, "geometry": { "type": "Point", "coordinates": [ 230315.083601798018208, 900451.947586857248098 ] } },
{ "type": "Feature", "properties": { "category": "personal_service" }, "geometry": { "type": "Point", "coordinates": [ 233936.778324904327746, 903762.97553058504127 ] } },
{ "type": "Feature", "properties": { "category": "personal_service" }, "geometry": { "type": "Point", "coordinates": [ 227174.411499928246485, 892165.229630835819989 ] } },
{ "type": "Feature", "properties": { "category": "personal_service" }, "geometry": { "type": "Point", "coordinates": [ 236552.278129298589192, 897668.021426419029012 ] } },
{ "type": "Feature", "properties": { "category": "personal_service" }, "geometry": { "type": "Point", "coordinates": [ 221968.48023329427815, 902975.123757490422577 ] } },
{ "type": "Feature", "properties": { "category": "personal_service" }, "geometry": { "type": "Point", "coordinates": [ 233452.320528531214222, 891550.592257810058072 ] } },
{ "type": "Feature", "properties": { "category": "personal_service" }, "geometry": { "type": "Point", "coordinates": [ 238176.898102418170311, 904626.055020645842887 ] } },
{ "type": "Feature", "properties": { "category": "personal_service" }, "geometry": { "type": "Point", "coordinates": [ 232509.681444852933055, 901871.670257862540893 ] } },
{ "type": "Feature", "properties": { "category": "personal_service" }, "geometry": { "type": "Point", "coordinates": [ 220471.958949507185025, 891992.360490772640333 ] } },
{ "type": "Feature", "properties": { "category": "personal_service" }, "geometry": { "type": "Point", "coordinates": [ 238086.085107231279835, 909737.676643088576384 ] } },
{ "type": "Feature", "properties": { "category": "personal_service" }, "geometry": { "type": "Point", "coordinates": [ 236001.073943264113041, 900381.028284583473578 ] } },
{ "type": "Feature", "properties": { "category": "personal_service" }, "geometry": { "type": "Point", "coordinates": [ 235204.995629206678132, 896964.690572593710385 ] } },
{ "type": "Feature", "properties": { "category": "personal_service" }, "geometry": { "type": "Point", "coordinates": [ 240510.660625019925646, 887972.047675858717412 ] } },
{ "type": "Feature", "properties": { "category": "personal_service" }, "geometry": { "type": "Point", "coordinates": [ 227542.443319202313432, 901806.344084829790518 ] } },
{ "type": "Feature", "properties": { "category": "personal_service" }, "geometry": { "type": "Point", "coordinates": [ 234680.295108053280273, 900062.257089584483765 ] } },
{ "type": "Feature", "properties": { "category": "personal_service" }, "geometry": { "type": "Point", "coordinates": [ 236116.888336515694391, 901636.139815503032878 ] } },
{ "type": "Feature", "properties": { "category": "personal_service" }, "geometry": { "type": "Point", "coordinates": [ 236479.83637399278814, 901635.349012497346848 ] } },
{ "type": "Feature", "properties": { "category": "personal_service" }, "geometry": { "type": "Point", "coordinates": [ 230501.587426898098784, 892970.617178944172338 ] } },
{ "type": "Feature", "properties": { "category": "personal_service" }, "geometry": { "type": "Point", "coordinates": [ 236657.663902462634724, 906356.795928112231195 ] } },
{ "type": "Feature", "properties": { "category": "personal_service" }, "geometry": { "type": "Point", "coordinates": [ 227985.198997957253596, 902239.075777553254738 ] } },
{ "type": "Feature", "properties": { "category": "personal_service" }, "geometry": { "type": "Point", "coordinates": [ 225110.23231105087325, 897913.638197615044191 ] } },
{ "type": "Feature", "properties": { "category": "personal_service" }, "geometry": { "type": "Point", "coordinates": [ 236956.017763962387107, 907602.563184776692651 ] } },
{ "type": "Feature", "properties": { "category": "personal_service" }, "geometry": { "type": "Point", "coordinates": [ 244316.327351895131869, 913404.173256617272273 ] } },
{ "type": "Feature", "properties": { "category": "personal_service" }, "geometry": { "type": "Point", "coordinates": [ 235472.388875293254387, 892159.742586420150474 ] } },
{ "type": "Feature", "properties": { "category": "personal_service" }, "geometry": { "type": "Point", "coordinates": [ 236358.729362183279591, 894882.534528481191956 ] } },
{ "type": "Feature", "properties": { "category": "personal_service" }, "geometry": { "type": "Point", "coordinates": [ 235485.088991412805626, 911340.485301904031076 ] } },
{ "type": "Feature", "properties": { "category": "personal_service" }, "geometry": { "type": "Point", "coordinates": [ 237839.259608194202883, 902203.485440994147211 ] } },
{ "type": "Feature", "properties": { "category": "personal_service" }, "geometry": { "type": "Point", "coordinates": [ 226179.151688451733207, 901771.8075565865729 ] } },
{ "type": "Feature", "properties": { "category": "personal_service" }, "geometry": { "type": "Point", "coordinates": [ 233872.288677418022417, 899339.421015802072361 ] } },
{ "type": "Feature", "properties": { "category": "personal_service" }, "geometry": { "type": "Point", "coordinates": [ 222808.067718793055974, 895169.536704827100039 ] } },
{ "type": "Feature", "properties": { "category": "personal_service" }, "geometry": { "type": "Point", "coordinates": [ 239953.314030699664727, 894187.921754902228713 ] } },
{ "type": "Feature", "properties": { "category": "personal_service" }, "geometry": { "type": "Point", "coordinates": [ 231149.830958832520992, 906860.603307941462845 ] } },
{ "type": "Feature", "properties": { "category": "personal_service" }, "geometry": { "type": "Point", "coordinates": [ 242225.315573534549912, 902847.188339711050503 ] } },
{ "type": "Feature", "properties": { "category": "personal_service" }, "geometry": { "type": "Point", "coordinates": [ 230482.723486004048027, 887898.713220291654579 ] } },
{ "type": "Feature", "properties": { "category": "personal_service" }, "geometry": { "type": "Point", "coordinates": [ 237439.831256602978101, 905050.741652145050466 ] } },
{ "type": "Feature", "properties": { "category": "personal_service" }, "geometry": { "type": "Point", "coordinates": [ 236663.925591213366715, 900707.470597171224654 ] } },
{ "type": "Feature", "properties": { "category": "personal_service" }, "geometry": { "type": "Point", "coordinates": [ 237020.489227075362578, 901599.188398675294593 ] } },
{ "type": "Feature", "properties": { "category": "personal_service" }, "geometry": { "type": "Point", "coordinates": [ 234447.616592887352454, 900028.677974304999225 ] } },
{ "type": "Feature", "properties": { "category": "personal_service" }, "geometry": { "type": "Point", "coordinates": [ 241021.720790223102085, 887844.715093228965998 ] } },
{ "type": "Feature", "properties": { "category": "personal_service" }, "geometry": { "type": "Point", "coordinates": [ 245387.704517784761265, 912873.609524687519297 ] } },
{ "type": "Feature", "properties": { "category": "personal_service" }, "geometry": { "type": "Point", "coordinates": [ 235303.337776361266151, 900196.431302480516024 ] } },
{ "type": "Feature", "properties": { "category": "personal_service" }, "geometry": { "type": "Point", "coordinates": [ 232754.450894761364907, 902251.139411402284168 ] } },
{ "type": "Feature", "properties": { "category": "personal_service" }, "geometry": { "type": "Point", "coordinates": [ 226026.535830652283039, 903922.708908933447674 ] } },
{ "type": "Feature", "properties": { "category": "personal_service" }, "geometry": { "type": "Point", "coordinates": [ 228030.142137279821327, 892053.956715071573853 ] } },
{ "type": "Feature", "properties": { "category": "personal_service" }, "geometry": { "type": "Point", "coordinates": [ 246619.249699343519751, 912933.117021101992577 ] } },
{ "type": "Feature", "properties": { "category": "personal_service" }, "geometry": { "type": "Point", "coordinates": [ 235096.96756735080271, 898211.99372547538951 ] } },
{ "type": "Feature", "properties": { "category": "personal_service" }, "geometry": { "type": "Point", "coordinates": [ 234719.8954704667849, 898417.058575619827025 ] } },
{ "type": "Feature", "properties": { "category": "personal_service" }, "geometry": { "type": "Point", "coordinates": [ 240314.960629974957556, 907060.983807442244142 ] } },
{ "type": "Feature", "properties": { "category": "personal_service" }, "geometry": { "type": "Point", "coordinates": [ 234557.020280320255551, 906142.312444182578474 ] } },
{ "type": "Feature", "properties": { "category": "personal_service" }, "geometry": { "type": "Point", "coordinates": [ 241215.007144348870497, 889017.36312027880922 ] } },
{ "type": "Feature", "properties": { "category": "personal_service" }, "geometry": { "type": "Point", "coordinates": [ 235853.291493411757983, 895916.398889659671113 ] } },
{ "type": "Feature", "properties": { "category": "personal_service" }, "geometry": { "type": "Point", "coordinates": [ 222292.89150378658087, 901702.085594272473827 ] } },
{ "type": "Feature", "properties": { "category": "personal_service" }, "geometry": { "type": "Point", "coordinates": [ 246823.282749563688412, 913206.293833992676809 ] } },
{ "type": "Feature", "properties": { "category": "personal_service" }, "geometry": { "type": "Point", "coordinates": [ 230130.142331433627987, 900351.182328736060299 ] } },
{ "type": "Feature", "properties": { "category": "personal_service" }, "geometry": { "type": "Point", "coordinates": [ 226826.296304088609759, 908101.499960988992825 ] } },
{ "type": "Feature", "properties": { "category": "personal_service" }, "geometry": { "type": "Point", "coordinates": [ 234717.361580005439464, 907095.609199635568075 ] } },
{ "type": "Feature", "properties": { "category": "personal_service" }, "geometry": { "type": "Point", "coordinates": [ 227951.854605084954528, 902235.499617800116539 ] } },
{ "type": "Feature", "properties": { "category": "personal_service" }, "geometry": { "type": "Point", "coordinates": [ 234495.821546538063558, 901319.974071407923475 ] } },
{ "type": "Feature", "properties": { "category": "personal_service" }, "geometry": { "type": "Point", "coordinates": [ 228569.135747550113592, 888490.492504532681778 ] } },
{ "type": "Feature", "properties": { "category": "personal_service" }, "geometry": { "type": "Point", "coordinates": [ 234608.442999911203515, 907867.963233586400747 ] } },
{ "type": "Feature", "properties": { "category": "personal_service" }, "geometry": { "type": "Point", "coordinates": [ 227103.628156513907015, 888376.288013638579287 ] } },
{ "type": "Feature", "properties": { "category": "personal_service" }, "geometry": { "type": "Point", "coordinates": [ 233007.726098453858867, 898059.582934889360331 ] } },
{ "type": "Feature", "properties": { "category": "personal_service" }, "geometry": { "type": "Point", "coordinates": [ 234990.574147221457679, 897151.340731379110366 ] } },
{ "type": "Feature", "properties": { "category": "personal_service" }, "geometry": { "type": "Point", "coordinates": [ 229078.660008351493161, 906545.363596214912832 ] } },
{ "type": "Feature", "properties": { "category": "personal_service" }, "geometry": { "type": "Point", "coordinates": [ 238421.568987674603704, 907522.678153610089794 ] } },
{ "type": "Feature", "properties": { "category": "personal_service" }, "geometry": { "type": "Point", "coordinates": [ 242623.672115879599005, 908859.682821355760098 ] } },
{ "type": "Feature", "properties": { "category": "personal_service" }, "geometry": { "type": "Point", "coordinates": [ 231088.037349496531533, 902614.346670715371147 ] } },
{ "type": "Feature", "properties": { "category": "personal_service" }, "geometry": { "type": "Point", "coordinates": [ 234005.791872610512655, 899353.839316826546565 ] } },
{ "type": "Feature", "properties": { "category": "personal_service" }, "geometry": { "type": "Point", "coordinates": [ 231178.160457712452626, 902703.053246214753017 ] } },
{ "type": "Feature", "properties": { "category": "personal_service" }, "geometry": { "type": "Point", "coordinates": [ 237102.854078181495424, 894105.550396610517055 ] } },
{ "type": "Feature", "properties": { "category": "personal_service" }, "geometry": { "type": "Point", "coordinates": [ 236300.172094130539335, 900440.216461754171178 ] } },
{ "type": "Feature", "properties": { "category": "personal_service" }, "geometry": { "type": "Point", "coordinates": [ 238097.369538626575377, 901844.985704665072262 ] } },
{ "type": "Feature", "properties": { "category": "personal_service" }, "geometry": { "type": "Point", "coordinates": [ 227450.784664051607251, 902201.422402456752025 ] } },
{ "type": "Feature", "properties": { "category": "personal_service" }, "geometry": { "type": "Point", "coordinates": [ 237969.247648568009026, 902993.956435075029731 ] } },
{ "type": "Feature", "properties": { "category": "personal_service" }, "geometry": { "type": "Point", "coordinates": [ 234446.537741428124718, 895976.790653008618392 ] } },
{ "type": "Feature", "properties": { "category": "personal_service" }, "geometry": { "type": "Point", "coordinates": [ 224098.898134408955229, 900025.892294326215051 ] } },
{ "type": "Feature", "properties": { "category": "personal_service" }, "geometry": { "type": "Point", "coordinates": [ 226839.194320039532613, 891061.850954225286841 ] } },
{ "type": "Feature", "properties": { "category": "personal_service" }, "geometry": { "type": "Point", "coordinates": [ 236887.865275896008825, 906616.372553541208617 ] } },
{ "type": "Feature", "properties": { "category": "personal_service" }, "geometry": { "type": "Point", "coordinates": [ 246656.128304079495138, 912940.471458804793656 ] } },
{ "type": "Feature", "properties": { "category": "personal_service" }, "geometry": { "type": "Point", "coordinates": [ 232604.993530391686363, 905187.583339530741796 ] } },
{ "type": "Feature", "properties": { "category": "personal_service" }, "geometry": { "type": "Point", "coordinates": [ 240953.930539465596667, 888090.575753352371976 ] } },
{ "type": "Feature", "properties": { "category": "personal_service" }, "geometry": { "type": "Point", "coordinates": [ 238286.077595976006705, 898201.536828304524533 ] } },
{ "type": "Feature", "properties": { "category": "personal_service" }, "geometry": { "type": "Point", "coordinates": [ 225242.436558336077724, 902247.124573384528048 ] } },
{ "type": "Feature", "properties": { "category": "personal_service" }, "geometry": { "type": "Point", "coordinates": [ 233872.288677418022417, 899339.421015802072361 ] } },
{ "type": "Feature", "properties": { "category": "personal_service" }, "geometry": { "type": "Point", "coordinates": [ 223162.061782030708855, 895808.604099258780479 ] } },
{ "type": "Feature", "properties": { "category": "personal_service" }, "geometry": { "type": "Point", "coordinates": [ 234542.370153397787362, 907697.574840828077868 ] } },
{ "type": "Feature", "properties": { "category": "personal_service" }, "geometry": { "type": "Point", "coordinates": [ 236098.879031985416077, 903088.843090189038776 ] } },
{ "type": "Feature", "properties": { "category": "personal_service" }, "geometry": { "type": "Point", "coordinates": [ 246152.608899179089349, 913031.449169793864712 ] } },
{ "type": "Feature", "properties": { "category": "personal_service" }, "geometry": { "type": "Point", "coordinates": [ 228615.416485357418424, 902616.502657878445461 ] } },
{ "type": "Feature", "properties": { "category": "personal_service" }, "geometry": { "type": "Point", "coordinates": [ 220494.742671244195662, 901657.51108730759006 ] } },
{ "type": "Feature", "properties": { "category": "personal_service" }, "geometry": { "type": "Point", "coordinates": [ 236467.397588275140151, 900444.858930761925876 ] } },
{ "type": "Feature", "properties": { "category": "personal_service" }, "geometry": { "type": "Point", "coordinates": [ 235410.69673031536513, 900833.559696363168769 ] } },
{ "type": "Feature", "properties": { "category": "personal_service" }, "geometry": { "type": "Point", "coordinates": [ 227899.6927225451509, 902034.019166960846633 ] } },
{ "type": "Feature", "properties": { "category": "personal_service" }, "geometry": { "type": "Point", "coordinates": [ 243103.782886256143684, 903746.601199382683262 ] } },
{ "type": "Feature", "properties": { "category": "personal_service" }, "geometry": { "type": "Point", "coordinates": [ 226562.466025084024295, 889823.977053065318614 ] } },
{ "type": "Feature", "properties": { "category": "personal_service" }, "geometry": { "type": "Point", "coordinates": [ 239262.39466673147399, 905346.613240134203807 ] } },
{ "type": "Feature", "properties": { "category": "personal_service" }, "geometry": { "type": "Point", "coordinates": [ 234668.362563169008354, 894961.52721182082314 ] } },
{ "type": "Feature", "properties": { "category": "personal_service" }, "geometry": { "type": "Point", "coordinates": [ 230743.46468075941084, 888784.116714312229306 ] } },
{ "type": "Feature", "properties": { "category": "personal_service" }, "geometry": { "type": "Point", "coordinates": [ 242251.052292271226179, 902799.467973067075945 ] } },
{ "type": "Feature", "properties": { "category": "personal_service" }, "geometry": { "type": "Point", "coordinates": [ 235753.180663219885901, 912017.883542510913685 ] } },
{ "type": "Feature", "properties": { "category": "personal_service" }, "geometry": { "type": "Point", "coordinates": [ 227578.179321825824445, 907513.139141583815217 ] } },
{ "type": "Feature", "properties": { "category": "personal_service" }, "geometry": { "type": "Point", "coordinates": [ 236012.160609255195595, 906588.388555830111727 ] } },
{ "type": "Feature", "properties": { "category": "personal_service" }, "geometry": { "type": "Point", "coordinates": [ 223228.74519659334328, 901622.475641964701936 ] } },
{ "type": "Feature", "properties": { "category": "personal_service" }, "geometry": { "type": "Point", "coordinates": [ 235694.009056330658495, 908417.023838710854761 ] } },
{ "type": "Feature", "properties": { "category": "personal_service" }, "geometry": { "type": "Point", "coordinates": [ 234676.328263077419251, 900114.777356019243598 ] } },
{ "type": "Feature", "properties": { "category": "personal_service" }, "geometry": { "type": "Point", "coordinates": [ 223228.74519659334328, 901622.475641964701936 ] } },
{ "type": "Feature", "properties": { "category": "personal_service" }, "geometry": { "type": "Point", "coordinates": [ 237984.15588096115971, 904409.960679231560789 ] } },
{ "type": "Feature", "properties": { "category": "personal_service" }, "geometry": { "type": "Point", "coordinates": [ 245250.745061977795558, 914661.590944588650018 ] } },
{ "type": "Feature", "properties": { "category": "personal_service" }, "geometry": { "type": "Point", "coordinates": [ 235131.534295347577427, 898040.107356144348159 ] } },
{ "type": "Feature", "properties": { "category": "personal_service" }, "geometry": { "type": "Point", "coordinates": [ 240316.445622047234792, 908335.858858180115931 ] } },
{ "type": "Feature", "properties": { "category": "personal_service" }, "geometry": { "type": "Point", "coordinates": [ 232646.059657853853423, 898277.493887926801108 ] } },
{ "type": "Feature", "properties": { "category": "personal_service" }, "geometry": { "type": "Point", "coordinates": [ 244898.737938408943592, 912903.009810522547923 ] } },
{ "type": "Feature", "properties": { "category": "personal_service" }, "geometry": { "type": "Point", "coordinates": [ 237086.188662716478575, 907157.486558064469136 ] } },
{ "type": "Feature", "properties": { "category": "personal_service" }, "geometry": { "type": "Point", "coordinates": [ 233105.819567494356306, 902602.90515323181171 ] } },
{ "type": "Feature", "properties": { "category": "personal_service" }, "geometry": { "type": "Point", "coordinates": [ 227002.239347535534762, 888645.588439094251953 ] } },
{ "type": "Feature", "properties": { "category": "personal_service" }, "geometry": { "type": "Point", "coordinates": [ 236399.353612683218671, 901747.120766623527743 ] } },
{ "type": "Feature", "properties": { "category": "personal_service" }, "geometry": { "type": "Point", "coordinates": [ 222979.966624578170013, 895449.563820299925283 ] } },
{ "type": "Feature", "properties": { "category": "personal_service" }, "geometry": { "type": "Point", "coordinates": [ 229504.785498560697306, 888169.01308576145675 ] } },
{ "type": "Feature", "properties": { "category": "personal_service" }, "geometry": { "type": "Point", "coordinates": [ 229997.51306661136914, 893778.63894363923464 ] } },
{ "type": "Feature", "properties": { "category": "personal_service" }, "geometry": { "type": "Point", "coordinates": [ 221593.378675835381728, 891718.579892968642525 ] } },
{ "type": "Feature", "properties": { "category": "personal_service" }, "geometry": { "type": "Point", "coordinates": [ 222690.045640662050573, 900007.428796905907802 ] } },
{ "type": "Feature", "properties": { "category": "personal_service" }, "geometry": { "type": "Point", "coordinates": [ 231972.909643067629077, 893453.11215356644243 ] } },
{ "type": "Feature", "properties": { "category": "personal_service" }, "geometry": { "type": "Point", "coordinates": [ 228568.015280890336726, 899547.122317384928465 ] } },
{ "type": "Feature", "properties": { "category": "personal_service" }, "geometry": { "type": "Point", "coordinates": [ 236663.925591213366715, 900707.470597171224654 ] } },
{ "type": "Feature", "properties": { "category": "personal_service" }, "geometry": { "type": "Point", "coordinates": [ 230614.813550660095643, 904760.63593323668465 ] } },
{ "type": "Feature", "properties": { "category": "personal_service" }, "geometry": { "type": "Point", "coordinates": [ 229508.912029360857559, 888169.030382494907826 ] } },
{ "type": "Feature", "properties": { "category": "personal_service" }, "geometry": { "type": "Point", "coordinates": [ 232421.105557011876954, 902716.232937275082804 ] } },
{ "type": "Feature", "properties": { "category": "personal_service" }, "geometry": { "type": "Point", "coordinates": [ 231698.966973080707248, 897873.836563047138043 ] } },
{ "type": "Feature", "properties": { "category": "personal_service" }, "geometry": { "type": "Point", "coordinates": [ 238326.716681863530539, 904754.167818217538297 ] } },
{ "type": "Feature", "properties": { "category": "personal_service" }, "geometry": { "type": "Point", "coordinates": [ 236012.471038731280714, 895581.426355859613977 ] } },
{ "type": "Feature", "properties": { "category": "personal_service" }, "geometry": { "type": "Point", "coordinates": [ 230855.00732566579245, 899055.387021821574308 ] } },
{ "type": "Feature", "properties": { "category": "personal_service" }, "geometry": { "type": "Point", "coordinates": [ 231227.056796914723236, 898982.830422178260051 ] } },
{ "type": "Feature", "properties": { "category": "personal_service" }, "geometry": { "type": "Point", "coordinates": [ 236485.67614510274143, 900399.522864813916385 ] } },
{ "type": "Feature", "properties": { "category": "personal_service" }, "geometry": { "type": "Point", "coordinates": [ 236557.583950119005749, 898549.560886362218298 ] } },
{ "type": "Feature", "properties": { "category": "personal_service" }, "geometry": { "type": "Point", "coordinates": [ 232016.633691599214217, 899062.359670122503303 ] } },
{ "type": "Feature", "properties": { "category": "personal_service" }, "geometry": { "type": "Point", "coordinates": [ 231313.707676199497655, 898381.287853691494092 ] } },
{ "type": "Feature", "properties": { "category": "personal_service" }, "geometry": { "type": "Point", "coordinates": [ 235843.93583393850713, 911770.525414625415578 ] } },
{ "type": "Feature", "properties": { "category": "personal_service" }, "geometry": { "type": "Point", "coordinates": [ 242225.315573534549912, 902847.188339711050503 ] } },
{ "type": "Feature", "properties": { "category": "personal_service" }, "geometry": { "type": "Point", "coordinates": [ 228934.9081457045977, 906931.435752424760722 ] } },
{ "type": "Feature", "properties": { "category": "personal_service" }, "geometry": { "type": "Point", "coordinates": [ 227186.30590106130694, 892160.943629750516266 ] } },
{ "type": "Feature", "properties": { "category": "personal_service" }, "geometry": { "type": "Point", "coordinates": [ 230726.313555134751368, 905886.240001108380966 ] } },
{ "type": "Feature", "properties": { "category": "personal_service" }, "geometry": { "type": "Point", "coordinates": [ 238273.844275598210515, 898329.209658176521771 ] } },
{ "type": "Feature", "properties": { "category": "personal_service" }, "geometry": { "type": "Point", "coordinates": [ 222370.770785236905795, 902207.846954689361155 ] } },
{ "type": "Feature", "properties": { "category": "personal_service" }, "geometry": { "type": "Point", "coordinates": [ 235472.388875293254387, 892159.742586420150474 ] } },
{ "type": "Feature", "properties": { "category": "personal_service" }, "geometry": { "type": "Point", "coordinates": [ 230598.203162714955397, 892943.267732656444423 ] } },
{ "type": "Feature", "properties": { "category": "personal_service" }, "geometry": { "type": "Point", "coordinates": [ 243183.22148421528982, 903483.608755623456091 ] } },
{ "type": "Feature", "properties": { "category": "personal_service" }, "geometry": { "type": "Point", "coordinates": [ 228322.090607760474086, 890202.052078068139963 ] } },
{ "type": "Feature", "properties": { "category": "personal_service" }, "geometry": { "type": "Point", "coordinates": [ 236396.594608037121361, 900848.483083139639348 ] } },
{ "type": "Feature", "properties": { "category": "personal_service" }, "geometry": { "type": "Point", "coordinates": [ 246254.755544204468606, 913243.288950839778408 ] } },
{ "type": "Feature", "properties": { "category": "personal_service" }, "geometry": { "type": "Point", "coordinates": [ 241993.86227793461876, 907861.605452166404575 ] } },
{ "type": "Feature", "properties": { "category": "personal_service" }, "geometry": { "type": "Point", "coordinates": [ 226813.820111982553499, 907532.616009710356593 ] } },
{ "type": "Feature", "properties": { "category": "personal_service" }, "geometry": { "type": "Point", "coordinates": [ 236206.590847796265734, 900133.935801696847193 ] } },
{ "type": "Feature", "properties": { "category": "personal_service" }, "geometry": { "type": "Point", "coordinates": [ 241263.091359184938483, 889275.341598579543643 ] } },
{ "type": "Feature", "properties": { "category": "personal_service" }, "geometry": { "type": "Point", "coordinates": [ 231719.195921328500845, 902338.139628944569267 ] } },
{ "type": "Feature", "properties": { "category": "personal_service" }, "geometry": { "type": "Point", "coordinates": [ 224052.418589892302407, 896415.959542278666049 ] } },
{ "type": "Feature", "properties": { "category": "personal_service" }, "geometry": { "type": "Point", "coordinates": [ 240553.579152794933179, 906662.581394134322181 ] } },
{ "type": "Feature", "properties": { "category": "personal_service" }, "geometry": { "type": "Point", "coordinates": [ 228164.621711217099801, 892253.319393590092659 ] } },
{ "type": "Feature", "properties": { "category": "personal_service" }, "geometry": { "type": "Point", "coordinates": [ 230731.263257868820801, 887401.177826572908089 ] } },
{ "type": "Feature", "properties": { "category": "personal_service" }, "geometry": { "type": "Point", "coordinates": [ 220301.597823779826285, 902876.136979919858277 ] } },
{ "type": "Feature", "properties": { "category": "personal_service" }, "geometry": { "type": "Point", "coordinates": [ 231812.573959044821095, 892507.682329093920998 ] } },
{ "type": "Feature", "properties": { "category": "personal_service" }, "geometry": { "type": "Point", "coordinates": [ 235120.798452145972988, 897648.505757650360465 ] } },
{ "type": "Feature", "properties": { "category": "personal_service" }, "geometry": { "type": "Point", "coordinates": [ 236718.52300505846506, 900570.240899074007757 ] } },
{ "type": "Feature", "properties": { "category": "personal_service" }, "geometry": { "type": "Point", "coordinates": [ 240580.724156432435848, 906808.363999239751138 ] } },
{ "type": "Feature", "properties": { "category": "personal_service" }, "geometry": { "type": "Point", "coordinates": [ 231096.800127903406974, 904448.623145956080407 ] } },
{ "type": "Feature", "properties": { "category": "personal_service" }, "geometry": { "type": "Point", "coordinates": [ 226498.337779054098064, 887811.500282234046608 ] } },
{ "type": "Feature", "properties": { "category": "personal_service" }, "geometry": { "type": "Point", "coordinates": [ 225061.831660846306477, 901501.146950141526759 ] } },
{ "type": "Feature", "properties": { "category": "personal_service" }, "geometry": { "type": "Point", "coordinates": [ 232013.318605924141593, 907613.717659188667312 ] } },
{ "type": "Feature", "properties": { "category": "personal_service" }, "geometry": { "type": "Point", "coordinates": [ 232223.374753328360384, 906946.869558821548708 ] } },
{ "type": "Feature", "properties": { "category": "personal_service" }, "geometry": { "type": "Point", "coordinates": [ 221462.299602756946115, 894071.425397551851347 ] } },
{ "type": "Feature", "properties": { "category": "personal_service" }, "geometry": { "type": "Point", "coordinates": [ 221975.445927394204773, 906854.107016594032757 ] } },
{ "type": "Feature", "properties": { "category": "personal_service" }, "geometry": { "type": "Point", "coordinates": [ 237934.665066441637464, 902412.827799498103559 ] } },
{ "type": "Feature", "properties": { "category": "personal_service" }, "geometry": { "type": "Point", "coordinates": [ 236354.341234819818055, 902916.100248342147097 ] } },
{ "type": "Feature", "properties": { "category": "personal_service" }, "geometry": { "type": "Point", "coordinates": [ 234906.14676478819456, 904022.207466902560554 ] } },
{ "type": "Feature", "properties": { "category": "personal_service" }, "geometry": { "type": "Point", "coordinates": [ 230682.338376065221382, 905908.263496302533895 ] } },
{ "type": "Feature", "properties": { "category": "personal_service" }, "geometry": { "type": "Point", "coordinates": [ 232981.995572030922631, 906028.990183824906126 ] } },
{ "type": "Feature", "properties": { "category": "personal_service" }, "geometry": { "type": "Point", "coordinates": [ 234703.87589615865727, 900125.687894745962694 ] } },
{ "type": "Feature", "properties": { "category": "personal_service" }, "geometry": { "type": "Point", "coordinates": [ 240580.724156432435848, 906808.363999239751138 ] } },
{ "type": "Feature", "properties": { "category": "personal_service" }, "geometry": { "type": "Point", "coordinates": [ 224160.043773320736364, 897937.188933359459043 ] } },
{ "type": "Feature", "properties": { "category": "personal_service" }, "geometry": { "type": "Point", "coordinates": [ 236663.925591213366715, 900707.470597171224654 ] } },
{ "type": "Feature", "properties": { "category": "personal_service" }, "geometry": { "type": "Point", "coordinates": [ 240917.204023379279533, 911498.470700683072209 ] } },
{ "type": "Feature", "properties": { "category": "personal_service" }, "geometry": { "type": "Point", "coordinates": [ 234174.136545159853995, 902420.18727143551223 ] } },
{ "type": "Feature", "properties": { "category": "personal_service" }, "geometry": { "type": "Point", "coordinates": [ 238732.916436675761361, 902972.910748836584389 ] } },
{ "type": "Feature", "properties": { "category": "personal_service" }, "geometry": { "type": "Point", "coordinates": [ 232469.35968882200541, 905782.004879489191808 ] } },
{ "type": "Feature", "properties": { "category": "personal_service" }, "geometry": { "type": "Point", "coordinates": [ 229870.321764216263546, 893629.922025180305354 ] } },
{ "type": "Feature", "properties": { "category": "personal_service" }, "geometry": { "type": "Point", "coordinates": [ 237042.992403003561776, 911722.102008338202722 ] } },
{ "type": "Feature", "properties": { "category": "personal_service" }, "geometry": { "type": "Point", "coordinates": [ 234382.016818339034216, 895346.668774412246421 ] } },
{ "type": "Feature", "properties": { "category": "personal_service" }, "geometry": { "type": "Point", "coordinates": [ 236780.514975761354435, 899335.266379430657253 ] } },
{ "type": "Feature", "properties": { "category": "personal_service" }, "geometry": { "type": "Point", "coordinates": [ 237773.837138738424983, 905346.668272134498693 ] } },
{ "type": "Feature", "properties": { "category": "personal_service" }, "geometry": { "type": "Point", "coordinates": [ 238606.337914637697395, 888525.278429034398869 ] } },
{ "type": "Feature", "properties": { "category": "personal_service" }, "geometry": { "type": "Point", "coordinates": [ 233199.388037308235653, 903316.581271121511236 ] } },
{ "type": "Feature", "properties": { "category": "personal_service" }, "geometry": { "type": "Point", "coordinates": [ 235549.139787101361435, 905968.316521052620374 ] } },
{ "type": "Feature", "properties": { "category": "personal_service" }, "geometry": { "type": "Point", "coordinates": [ 223768.76646988291759, 895853.170881756348535 ] } },
{ "type": "Feature", "properties": { "category": "personal_service" }, "geometry": { "type": "Point", "coordinates": [ 238732.916436675761361, 902972.910748836584389 ] } },
{ "type": "Feature", "properties": { "category": "personal_service" }, "geometry": { "type": "Point", "coordinates": [ 230894.602088235144038, 904703.322718627750874 ] } },
{ "type": "Feature", "properties": { "category": "personal_service" }, "geometry": { "type": "Point", "coordinates": [ 236233.783971853583353, 900820.316436974331737 ] } },
{ "type": "Feature", "properties": { "category": "personal_service" }, "geometry": { "type": "Point", "coordinates": [ 244734.955766669329023, 914855.230787507374771 ] } },
{ "type": "Feature", "properties": { "category": "personal_service" }, "geometry": { "type": "Point", "coordinates": [ 222382.380675432621501, 902157.343634433927946 ] } },
{ "type": "Feature", "properties": { "category": "personal_service" }, "geometry": { "type": "Point", "coordinates": [ 238852.796417639998253, 905212.261676845373586 ] } },
{ "type": "Feature", "properties": { "category": "personal_service" }, "geometry": { "type": "Point", "coordinates": [ 240979.668875677598407, 888319.542063709814101 ] } },
{ "type": "Feature", "properties": { "category": "personal_service" }, "geometry": { "type": "Point", "coordinates": [ 228633.236445958900731, 899920.607746850466356 ] } },
{ "type": "Feature", "properties": { "category": "personal_service" }, "geometry": { "type": "Point", "coordinates": [ 232741.844733500212897, 896998.996383381308988 ] } },
{ "type": "Feature", "properties": { "category": "personal_service" }, "geometry": { "type": "Point", "coordinates": [ 236166.150065731839277, 897584.715671559795737 ] } },
{ "type": "Feature", "properties": { "category": "personal_service" }, "geometry": { "type": "Point", "coordinates": [ 231878.977169560035691, 900088.64609240507707 ] } },
{ "type": "Feature", "properties": { "category": "personal_service" }, "geometry": { "type": "Point", "coordinates": [ 224952.073327352845808, 893568.880440850625746 ] } },
{ "type": "Feature", "properties": { "category": "personal_service" }, "geometry": { "type": "Point", "coordinates": [ 229613.94992570875911, 900259.015249196556397 ] } },
{ "type": "Feature", "properties": { "category": "personal_service" }, "geometry": { "type": "Point", "coordinates": [ 238020.80901386300684, 904514.462328869733028 ] } },
{ "type": "Feature", "properties": { "category": "personal_service" }, "geometry": { "type": "Point", "coordinates": [ 234758.827151937526651, 904005.814757373416796 ] } },
{ "type": "Feature", "properties": { "category": "personal_service" }, "geometry": { "type": "Point", "coordinates": [ 230998.686607210809598, 904664.015202215872705 ] } },
{ "type": "Feature", "properties": { "category": "personal_service" }, "geometry": { "type": "Point", "coordinates": [ 236583.010319756198442, 900535.76636294357013 ] } },
{ "type": "Feature", "properties": { "category": "personal_service" }, "geometry": { "type": "Point", "coordinates": [ 242118.049161011964316, 917369.927560934214853 ] } },
{ "type": "Feature", "properties": { "category": "personal_service" }, "geometry": { "type": "Point", "coordinates": [ 221599.667338796163676, 901774.342137530446053 ] } },
{ "type": "Feature", "properties": { "category": "personal_service" }, "geometry": { "type": "Point", "coordinates": [ 241087.479968796134926, 905312.733802229166031 ] } },
{ "type": "Feature", "properties": { "category": "personal_service" }, "geometry": { "type": "Point", "coordinates": [ 227513.126793187984731, 897089.33355805859901 ] } },
{ "type": "Feature", "properties": { "category": "personal_service" }, "geometry": { "type": "Point", "coordinates": [ 243479.83757628154126, 902609.244889495195821 ] } },
{ "type": "Feature", "properties": { "category": "personal_service" }, "geometry": { "type": "Point", "coordinates": [ 222567.18228707156959, 903089.987700402387418 ] } },
{ "type": "Feature", "properties": { "category": "personal_service" }, "geometry": { "type": "Point", "coordinates": [ 236553.720812288782327, 907363.523797313449904 ] } },
{ "type": "Feature", "properties": { "category": "personal_service" }, "geometry": { "type": "Point", "coordinates": [ 236134.380494822980836, 897239.101527042221278 ] } },
{ "type": "Feature", "properties": { "category": "personal_service" }, "geometry": { "type": "Point", "coordinates": [ 232430.457804467732785, 896956.898957179044373 ] } },
{ "type": "Feature", "properties": { "category": "personal_service" }, "geometry": { "type": "Point", "coordinates": [ 232772.241325248440262, 904457.796433148323558 ] } },
{ "type": "Feature", "properties": { "category": "personal_service" }, "geometry": { "type": "Point", "coordinates": [ 228828.617002173210494, 907398.86370105901733 ] } },
{ "type": "Feature", "properties": { "category": "personal_service" }, "geometry": { "type": "Point", "coordinates": [ 229839.06498269495205, 901456.052313612541184 ] } },
{ "type": "Feature", "properties": { "category": "personal_service" }, "geometry": { "type": "Point", "coordinates": [ 229038.663434921560111, 887984.356430787593126 ] } },
{ "type": "Feature", "properties": { "category": "personal_service" }, "geometry": { "type": "Point", "coordinates": [ 226135.638101800199365, 904699.217903005075641 ] } },
{ "type": "Feature", "properties": { "category": "personal_service" }, "geometry": { "type": "Point", "coordinates": [ 225383.759418617206393, 897781.217337102163583 ] } },
{ "type": "Feature", "properties": { "category": "personal_service" }, "geometry": { "type": "Point", "coordinates": [ 228843.608724810357671, 898490.126137700630352 ] } },
{ "type": "Feature", "properties": { "category": "personal_service" }, "geometry": { "type": "Point", "coordinates": [ 242633.617972539330367, 902841.212430133949965 ] } },
{ "type": "Feature", "properties": { "category": "personal_service" }, "geometry": { "type": "Point", "coordinates": [ 224583.597679134196369, 900948.957428733585402 ] } },
{ "type": "Feature", "properties": { "category": "personal_service" }, "geometry": { "type": "Point", "coordinates": [ 228336.866960348474095, 901901.586774020921439 ] } },
{ "type": "Feature", "properties": { "category": "personal_service" }, "geometry": { "type": "Point", "coordinates": [ 237050.707957114180317, 907501.535362639231607 ] } },
{ "type": "Feature", "properties": { "category": "personal_service" }, "geometry": { "type": "Point", "coordinates": [ 232906.043996413005516, 899340.384623447433114 ] } },
{ "type": "Feature", "properties": { "category": "personal_service" }, "geometry": { "type": "Point", "coordinates": [ 238732.916436675761361, 902972.910748836584389 ] } },
{ "type": "Feature", "properties": { "category": "personal_service" }, "geometry": { "type": "Point", "coordinates": [ 235831.595099769532681, 895288.147780718863942 ] } },
{ "type": "Feature", "properties": { "category": "personal_service" }, "geometry": { "type": "Point", "coordinates": [ 236231.793901809607632, 900215.596968683181331 ] } },
{ "type": "Feature", "properties": { "category": "personal_service" }, "geometry": { "type": "Point", "coordinates": [ 242969.745214506576303, 888646.087518095504493 ] } },
{ "type": "Feature", "properties": { "category": "personal_service" }, "geometry": { "type": "Point", "coordinates": [ 235169.806449300027452, 903334.390259232488461 ] } },
{ "type": "Feature", "properties": { "category": "personal_service" }, "geometry": { "type": "Point", "coordinates": [ 235993.398419152304996, 900271.021703512291424 ] } },
{ "type": "Feature", "properties": { "category": "personal_service" }, "geometry": { "type": "Point", "coordinates": [ 239509.576796061126515, 915979.764126815833151 ] } },
{ "type": "Feature", "properties": { "category": "personal_service" }, "geometry": { "type": "Point", "coordinates": [ 232693.399646694626426, 896249.445561078260653 ] } },
{ "type": "Feature", "properties": { "category": "personal_service" }, "geometry": { "type": "Point", "coordinates": [ 235304.834327720862348, 893003.080090952338651 ] } },
{ "type": "Feature", "properties": { "category": "personal_service" }, "geometry": { "type": "Point", "coordinates": [ 236887.865275896008825, 906616.372553541208617 ] } },
{ "type": "Feature", "properties": { "category": "personal_service" }, "geometry": { "type": "Point", "coordinates": [ 235753.180663219885901, 912017.883542510913685 ] } },
{ "type": "Feature", "properties": { "category": "personal_service" }, "geometry": { "type": "Point", "coordinates": [ 240382.013078532065265, 912543.087814808823168 ] } },
{ "type": "Feature", "properties": { "category": "personal_service" }, "geometry": { "type": "Point", "coordinates": [ 243844.355623633571668, 912484.338413955876604 ] } },
{ "type": "Feature", "properties": { "category": "personal_service" }, "geometry": { "type": "Point", "coordinates": [ 244846.129794395412318, 914699.20368246815633 ] } },
{ "type": "Feature", "properties": { "category": "personal_service" }, "geometry": { "type": "Point", "coordinates": [ 235430.170824258995708, 901186.775303520378657 ] } },
{ "type": "Feature", "properties": { "category": "personal_service" }, "geometry": { "type": "Point", "coordinates": [ 229798.045049022242893, 904736.351226565428078 ] } },
{ "type": "Feature", "properties": { "category": "personal_service" }, "geometry": { "type": "Point", "coordinates": [ 241993.86227793461876, 907861.605452166404575 ] } },
{ "type": "Feature", "properties": { "category": "personal_service" }, "geometry": { "type": "Point", "coordinates": [ 227371.980574704910396, 907624.966359122656286 ] } },
{ "type": "Feature", "properties": { "category": "personal_service" }, "geometry": { "type": "Point", "coordinates": [ 224129.700730835465947, 899957.463368847384118 ] } },
{ "type": "Feature", "properties": { "category": "personal_service" }, "geometry": { "type": "Point", "coordinates": [ 235225.120530994288856, 908000.993906278628856 ] } },
{ "type": "Feature", "properties": { "category": "personal_service" }, "geometry": { "type": "Point", "coordinates": [ 234707.637796692433767, 900031.290267876698636 ] } },
{ "type": "Feature", "properties": { "category": "personal_service" }, "geometry": { "type": "Point", "coordinates": [ 224757.012152362382039, 900878.587801658431999 ] } },
{ "type": "Feature", "properties": { "category": "personal_service" }, "geometry": { "type": "Point", "coordinates": [ 236831.64391388228978, 901308.392462350311689 ] } },
{ "type": "Feature", "properties": { "category": "personal_service" }, "geometry": { "type": "Point", "coordinates": [ 235706.009486252907664, 895209.977319653145969 ] } },
{ "type": "Feature", "properties": { "category": "personal_service" }, "geometry": { "type": "Point", "coordinates": [ 244668.327280219644308, 913439.619530342868529 ] } },
{ "type": "Feature", "properties": { "category": "personal_service" }, "geometry": { "type": "Point", "coordinates": [ 234160.323927614081185, 899873.321765323053114 ] } },
{ "type": "Feature", "properties": { "category": "personal_service" }, "geometry": { "type": "Point", "coordinates": [ 233264.652398923382862, 902282.083743199822493 ] } },
{ "type": "Feature", "properties": { "category": "personal_service" }, "geometry": { "type": "Point", "coordinates": [ 235200.055886929942062, 900254.784533353056759 ] } },
{ "type": "Feature", "properties": { "category": "personal_service" }, "geometry": { "type": "Point", "coordinates": [ 225906.37986148238997, 908254.444140350446105 ] } },
{ "type": "Feature", "properties": { "category": "personal_service" }, "geometry": { "type": "Point", "coordinates": [ 231694.193327192217112, 902293.484442677581683 ] } },
{ "type": "Feature", "properties": { "category": "personal_service" }, "geometry": { "type": "Point", "coordinates": [ 236247.792651175288484, 900787.731703901430592 ] } },
{ "type": "Feature", "properties": { "category": "personal_service" }, "geometry": { "type": "Point", "coordinates": [ 221904.614477178372908, 893519.298508868087083 ] } },
{ "type": "Feature", "properties": { "category": "personal_service" }, "geometry": { "type": "Point", "coordinates": [ 231832.243795986665646, 900037.782834975980222 ] } },
{ "type": "Feature", "properties": { "category": "personal_service" }, "geometry": { "type": "Point", "coordinates": [ 232317.947096408286598, 901615.083942203782499 ] } },
{ "type": "Feature", "properties": { "category": "personal_service" }, "geometry": { "type": "Point", "coordinates": [ 231416.456151500344276, 902918.940242286305875 ] } },
{ "type": "Feature", "properties": { "category": "personal_service" }, "geometry": { "type": "Point", "coordinates": [ 235082.185897872142959, 893491.81345636153128 ] } },
{ "type": "Feature", "properties": { "category": "personal_service" }, "geometry": { "type": "Point", "coordinates": [ 230707.88893610984087, 901116.676221039844677 ] } },
{ "type": "Feature", "properties": { "category": "personal_service" }, "geometry": { "type": "Point", "coordinates": [ 238732.916436675761361, 902972.910748836584389 ] } },
{ "type": "Feature", "properties": { "category": "personal_service" }, "geometry": { "type": "Point", "coordinates": [ 238504.255904345482122, 910153.400152278132737 ] } },
{ "type": "Feature", "properties": { "category": "personal_service" }, "geometry": { "type": "Point", "coordinates": [ 229590.333614384901011, 904104.547062472556718 ] } },
{ "type": "Feature", "properties": { "category": "personal_service" }, "geometry": { "type": "Point", "coordinates": [ 235854.430189155827975, 902606.842959814006463 ] } },
{ "type": "Feature", "properties": { "category": "personal_service" }, "geometry": { "type": "Point", "coordinates": [ 227396.019409873813856, 890350.559310684911907 ] } },
{ "type": "Feature", "properties": { "category": "personal_service" }, "geometry": { "type": "Point", "coordinates": [ 233704.019685263017891, 892649.781039968598634 ] } },
{ "type": "Feature", "properties": { "category": "personal_service" }, "geometry": { "type": "Point", "coordinates": [ 234301.583227794326376, 899309.290526162949391 ] } },
{ "type": "Feature", "properties": { "category": "personal_service" }, "geometry": { "type": "Point", "coordinates": [ 227987.404850419756258, 902284.959741508821025 ] } },
{ "type": "Feature", "properties": { "category": "personal_service" }, "geometry": { "type": "Point", "coordinates": [ 245155.954207046132069, 891135.450312268454581 ] } },
{ "type": "Feature", "properties": { "category": "personal_service" }, "geometry": { "type": "Point", "coordinates": [ 222293.728954378282651, 899854.095889353891835 ] } },
{ "type": "Feature", "properties": { "category": "personal_service" }, "geometry": { "type": "Point", "coordinates": [ 239186.505974731437163, 909044.150271967402659 ] } },
{ "type": "Feature", "properties": { "category": "personal_service" }, "geometry": { "type": "Point", "coordinates": [ 230371.033269851992372, 900087.854586524656042 ] } },
{ "type": "Feature", "properties": { "category": "personal_service" }, "geometry": { "type": "Point", "coordinates": [ 230256.930316248326562, 900334.176817859406583 ] } },
{ "type": "Feature", "properties": { "category": "personal_service" }, "geometry": { "type": "Point", "coordinates": [ 235973.832236604823265, 891366.982758907019161 ] } },
{ "type": "Feature", "properties": { "category": "personal_service" }, "geometry": { "type": "Point", "coordinates": [ 233120.200243875617161, 897609.915741167147644 ] } },
{ "type": "Feature", "properties": { "category": "personal_service" }, "geometry": { "type": "Point", "coordinates": [ 237991.808326452388428, 904563.180223304079846 ] } },
{ "type": "Feature", "properties": { "category": "personal_service" }, "geometry": { "type": "Point", "coordinates": [ 227555.240404990210664, 889638.188557449728251 ] } },
{ "type": "Feature", "properties": { "category": "personal_service" }, "geometry": { "type": "Point", "coordinates": [ 240051.162340919516282, 890832.738904719473794 ] } },
{ "type": "Feature", "properties": { "category": "personal_service" }, "geometry": { "type": "Point", "coordinates": [ 236181.270539061137242, 900907.020063868025318 ] } },
{ "type": "Feature", "properties": { "category": "personal_service" }, "geometry": { "type": "Point", "coordinates": [ 231788.709556027693907, 895050.111799488309771 ] } },
{ "type": "Feature", "properties": { "category": "personal_service" }, "geometry": { "type": "Point", "coordinates": [ 241683.051508930308046, 906453.5898665842833 ] } },
{ "type": "Feature", "properties": { "category": "personal_service" }, "geometry": { "type": "Point", "coordinates": [ 238929.480605820484925, 903453.525094921933487 ] } },
{ "type": "Feature", "properties": { "category": "personal_service" }, "geometry": { "type": "Point", "coordinates": [ 227481.120638870779658, 891756.329527412541211 ] } },
{ "type": "Feature", "properties": { "category": "personal_service" }, "geometry": { "type": "Point", "coordinates": [ 240938.481806148542091, 907920.464335301192477 ] } },
{ "type": "Feature", "properties": { "category": "personal_service" }, "geometry": { "type": "Point", "coordinates": [ 224935.660078814718872, 901702.303850836935453 ] } },
{ "type": "Feature", "properties": { "category": "personal_service" }, "geometry": { "type": "Point", "coordinates": [ 230663.033746929315384, 893017.971001299330965 ] } },
{ "type": "Feature", "properties": { "category": "personal_service" }, "geometry": { "type": "Point", "coordinates": [ 232646.73093279657769, 896180.361046596779488 ] } },
{ "type": "Feature", "properties": { "category": "personal_service" }, "geometry": { "type": "Point", "coordinates": [ 237614.692216053197626, 898915.474712722119875 ] } },
{ "type": "Feature", "properties": { "category": "personal_service" }, "geometry": { "type": "Point", "coordinates": [ 230252.196115823142463, 900496.10763783857692 ] } },
{ "type": "Feature", "properties": { "category": "personal_service" }, "geometry": { "type": "Point", "coordinates": [ 236599.189931606902974, 901557.770541352685541 ] } },
{ "type": "Feature", "properties": { "category": "personal_service" }, "geometry": { "type": "Point", "coordinates": [ 239832.151889358472545, 915980.811614615609869 ] } },
{ "type": "Feature", "properties": { "category": "personal_service" }, "geometry": { "type": "Point", "coordinates": [ 241492.814456911582965, 906898.893500636564568 ] } },
{ "type": "Feature", "properties": { "category": "personal_service" }, "geometry": { "type": "Point", "coordinates": [ 236663.925591213366715, 900707.470597171224654 ] } },
{ "type": "Feature", "properties": { "category": "personal_service" }, "geometry": { "type": "Point", "coordinates": [ 242315.396756537666079, 902782.526918462361209 ] } },
{ "type": "Feature", "properties": { "category": "personal_service" }, "geometry": { "type": "Point", "coordinates": [ 236457.19388728501508, 901077.618366331909783 ] } },
{ "type": "Feature", "properties": { "category": "personal_service" }, "geometry": { "type": "Point", "coordinates": [ 231897.533896990935318, 905598.658566871541552 ] } },
{ "type": "Feature", "properties": { "category": "personal_service" }, "geometry": { "type": "Point", "coordinates": [ 245623.35922019550344, 914639.789131539640948 ] } },
{ "type": "Feature", "properties": { "category": "personal_service" }, "geometry": { "type": "Point", "coordinates": [ 226607.694925732008414, 901564.813504652469419 ] } },
{ "type": "Feature", "properties": { "category": "personal_service" }, "geometry": { "type": "Point", "coordinates": [ 235385.530172216356732, 899401.415989777306095 ] } },
{ "type": "Feature", "properties": { "category": "personal_service" }, "geometry": { "type": "Point", "coordinates": [ 242094.83663165703183, 910991.353673340054229 ] } },
{ "type": "Feature", "properties": { "category": "personal_service" }, "geometry": { "type": "Point", "coordinates": [ 230598.203162714955397, 892943.267732656444423 ] } },
{ "type": "Feature", "properties": { "category": "personal_service" }, "geometry": { "type": "Point", "coordinates": [ 228270.50289745972259, 902877.361429318203591 ] } },
{ "type": "Feature", "properties": { "category": "personal_service" }, "geometry": { "type": "Point", "coordinates": [ 236455.63727317674784, 901615.784695732989348 ] } },
{ "type": "Feature", "properties": { "category": "personal_service" }, "geometry": { "type": "Point", "coordinates": [ 240917.204023379279533, 911498.470700683072209 ] } },
{ "type": "Feature", "properties": { "category": "personal_service" }, "geometry": { "type": "Point", "coordinates": [ 234038.748447036050493, 901956.88882795709651 ] } },
{ "type": "Feature", "properties": { "category": "personal_service" }, "geometry": { "type": "Point", "coordinates": [ 235694.009056330658495, 908417.023838710854761 ] } },
{ "type": "Feature", "properties": { "category": "personal_service" }, "geometry": { "type": "Point", "coordinates": [ 235390.074262641079258, 899906.287687692209147 ] } },
{ "type": "Feature", "properties": { "category": "personal_service" }, "geometry": { "type": "Point", "coordinates": [ 222637.94054299799609, 903136.756973671261221 ] } },
{ "type": "Feature", "properties": { "category": "personal_service" }, "geometry": { "type": "Point", "coordinates": [ 239759.825796142336912, 887768.941279070801102 ] } },
{ "type": "Feature", "properties": { "category": "personal_service" }, "geometry": { "type": "Point", "coordinates": [ 233324.895206584245898, 902848.202318897820078 ] } },
{ "type": "Feature", "properties": { "category": "personal_service" }, "geometry": { "type": "Point", "coordinates": [ 230530.62136482266942, 892799.019524794537574 ] } },
{ "type": "Feature", "properties": { "category": "personal_service" }, "geometry": { "type": "Point", "coordinates": [ 245445.034116212278605, 912339.566023492487147 ] } },
{ "type": "Feature", "properties": { "category": "personal_service" }, "geometry": { "type": "Point", "coordinates": [ 225133.742256851226557, 897976.92490631644614 ] } },
{ "type": "Feature", "properties": { "category": "personal_service" }, "geometry": { "type": "Point", "coordinates": [ 234030.623409264953807, 899467.036593148019165 ] } },
{ "type": "Feature", "properties": { "category": "personal_service" }, "geometry": { "type": "Point", "coordinates": [ 221728.190743189683417, 903684.052527052117512 ] } },
{ "type": "Feature", "properties": { "category": "personal_service" }, "geometry": { "type": "Point", "coordinates": [ 235731.407099967036629, 893294.032760980539024 ] } },
{ "type": "Feature", "properties": { "category": "personal_service" }, "geometry": { "type": "Point", "coordinates": [ 231948.203471104294294, 898000.148865257855505 ] } },
{ "type": "Feature", "properties": { "category": "personal_service" }, "geometry": { "type": "Point", "coordinates": [ 228894.169017418462317, 900724.544111523078755 ] } },
{ "type": "Feature", "properties": { "category": "personal_service" }, "geometry": { "type": "Point", "coordinates": [ 229591.867323937622132, 904053.235289836069569 ] } },
{ "type": "Feature", "properties": { "category": "personal_service" }, "geometry": { "type": "Point", "coordinates": [ 234445.139321402122732, 897204.519148229621351 ] } },
{ "type": "Feature", "properties": { "category": "personal_service" }, "geometry": { "type": "Point", "coordinates": [ 225489.307376074575586, 897789.707848354591988 ] } },
{ "type": "Feature", "properties": { "category": "personal_service" }, "geometry": { "type": "Point", "coordinates": [ 228242.80598808103241, 902883.359314937959425 ] } },
{ "type": "Feature", "properties": { "category": "personal_service" }, "geometry": { "type": "Point", "coordinates": [ 243276.90732707612915, 911846.650584195042029 ] } },
{ "type": "Feature", "properties": { "category": "personal_service" }, "geometry": { "type": "Point", "coordinates": [ 221793.574227281758795, 902941.477787591749802 ] } },
{ "type": "Feature", "properties": { "category": "personal_service" }, "geometry": { "type": "Point", "coordinates": [ 228581.631616569997277, 899845.975814896868542 ] } },
{ "type": "Feature", "properties": { "category": "personal_service" }, "geometry": { "type": "Point", "coordinates": [ 239168.578152853471693, 891495.673270585248247 ] } },
{ "type": "Feature", "properties": { "category": "personal_service" }, "geometry": { "type": "Point", "coordinates": [ 225216.050585610995768, 904090.479537542210892 ] } },
{ "type": "Feature", "properties": { "category": "personal_service" }, "geometry": { "type": "Point", "coordinates": [ 237542.700467695627594, 899757.949318201979622 ] } },
{ "type": "Feature", "properties": { "category": "personal_service" }, "geometry": { "type": "Point", "coordinates": [ 229503.17688375027501, 904348.219784328248352 ] } },
{ "type": "Feature", "properties": { "category": "personal_service" }, "geometry": { "type": "Point", "coordinates": [ 221279.69838840389275, 902602.226253689732403 ] } },
{ "type": "Feature", "properties": { "category": "personal_service" }, "geometry": { "type": "Point", "coordinates": [ 244655.889743855950655, 912770.93852296739351 ] } },
{ "type": "Feature", "properties": { "category": "personal_service" }, "geometry": { "type": "Point", "coordinates": [ 236887.865275896008825, 906616.372553541208617 ] } },
{ "type": "Feature", "properties": { "category": "personal_service" }, "geometry": { "type": "Point", "coordinates": [ 236410.536023166961968, 896167.408579227048904 ] } },
{ "type": "Feature", "properties": { "category": "personal_service" }, "geometry": { "type": "Point", "coordinates": [ 240354.848139764420921, 912732.991686118999496 ] } },
{ "type": "Feature", "properties": { "category": "personal_service" }, "geometry": { "type": "Point", "coordinates": [ 234557.795258941769134, 903642.26181537960656 ] } },
{ "type": "Feature", "properties": { "category": "personal_service" }, "geometry": { "type": "Point", "coordinates": [ 233806.30899106815923, 899334.43808330851607 ] } },
{ "type": "Feature", "properties": { "category": "personal_service" }, "geometry": { "type": "Point", "coordinates": [ 237344.734879821073264, 893589.990261990809813 ] } },
{ "type": "Feature", "properties": { "category": "personal_service" }, "geometry": { "type": "Point", "coordinates": [ 234175.301493877952453, 899927.93378699675668 ] } },
{ "type": "Feature", "properties": { "category": "personal_service" }, "geometry": { "type": "Point", "coordinates": [ 233341.25312941649463, 890704.221969406004064 ] } },
{ "type": "Feature", "properties": { "category": "personal_service" }, "geometry": { "type": "Point", "coordinates": [ 228466.530523310153512, 899926.150850735604763 ] } },
{ "type": "Feature", "properties": { "category": "personal_service" }, "geometry": { "type": "Point", "coordinates": [ 239165.302986592723755, 888362.752145089325495 ] } },
{ "type": "Feature", "properties": { "category": "personal_service" }, "geometry": { "type": "Point", "coordinates": [ 234736.948015207774006, 905781.859512855415232 ] } },
{ "type": "Feature", "properties": { "category": "personal_service" }, "geometry": { "type": "Point", "coordinates": [ 232211.166548440582119, 907544.531557198031805 ] } },
{ "type": "Feature", "properties": { "category": "personal_service" }, "geometry": { "type": "Point", "coordinates": [ 232384.123425765137654, 896296.666033776942641 ] } },
{ "type": "Feature", "properties": { "category": "personal_service" }, "geometry": { "type": "Point", "coordinates": [ 234795.337044208310544, 906060.291001152945682 ] } },
{ "type": "Feature", "properties": { "category": "personal_service" }, "geometry": { "type": "Point", "coordinates": [ 233232.902914196602069, 903456.587613204377703 ] } },
{ "type": "Feature", "properties": { "category": "personal_service" }, "geometry": { "type": "Point", "coordinates": [ 236270.7722319153836, 901044.218759360839613 ] } },
{ "type": "Feature", "properties": { "category": "personal_service" }, "geometry": { "type": "Point", "coordinates": [ 234119.658403499372071, 906715.342187194386497 ] } },
{ "type": "Feature", "properties": { "category": "personal_service" }, "geometry": { "type": "Point", "coordinates": [ 232470.042200779484119, 898184.262302659684792 ] } },
{ "type": "Feature", "properties": { "category": "personal_service" }, "geometry": { "type": "Point", "coordinates": [ 221571.108266372320941, 903349.112974130897783 ] } },
{ "type": "Feature", "properties": { "category": "personal_service" }, "geometry": { "type": "Point", "coordinates": [ 231788.764784135797527, 895037.893623610259965 ] } },
{ "type": "Feature", "properties": { "category": "personal_service" }, "geometry": { "type": "Point", "coordinates": [ 242278.72987555077998, 902963.031945069553331 ] } },
{ "type": "Feature", "properties": { "category": "personal_service" }, "geometry": { "type": "Point", "coordinates": [ 236003.994441309536342, 902704.801640242571011 ] } },
{ "type": "Feature", "properties": { "category": "personal_service" }, "geometry": { "type": "Point", "coordinates": [ 226186.917798928159755, 908411.551433997694403 ] } },
{ "type": "Feature", "properties": { "category": "personal_service" }, "geometry": { "type": "Point", "coordinates": [ 245285.76038828282617, 914154.059879830456339 ] } },
{ "type": "Feature", "properties": { "category": "personal_service" }, "geometry": { "type": "Point", "coordinates": [ 228081.567389859439572, 886957.251887801568955 ] } },
{ "type": "Feature", "properties": { "category": "personal_service" }, "geometry": { "type": "Point", "coordinates": [ 226799.675118792511057, 903495.632726467913017 ] } },
{ "type": "Feature", "properties": { "category": "personal_service" }, "geometry": { "type": "Point", "coordinates": [ 236358.334954997932073, 900361.318471775390208 ] } },
{ "type": "Feature", "properties": { "category": "personal_service" }, "geometry": { "type": "Point", "coordinates": [ 236466.701439534372184, 901944.078805005294271 ] } },
{ "type": "Feature", "properties": { "category": "personal_service" }, "geometry": { "type": "Point", "coordinates": [ 222305.685400760208722, 902212.749578242423013 ] } },
{ "type": "Feature", "properties": { "category": "personal_service" }, "geometry": { "type": "Point", "coordinates": [ 231577.944627815537388, 899238.432217344176024 ] } },
{ "type": "Feature", "properties": { "category": "personal_service" }, "geometry": { "type": "Point", "coordinates": [ 235202.711169249436352, 900218.142106671002693 ] } },
{ "type": "Feature", "properties": { "category": "personal_service" }, "geometry": { "type": "Point", "coordinates": [ 232319.513420344650513, 894282.881695907795802 ] } },
{ "type": "Feature", "properties": { "category": "personal_service" }, "geometry": { "type": "Point", "coordinates": [ 224147.405473570455797, 897801.520836597541347 ] } },
{ "type": "Feature", "properties": { "category": "personal_service" }, "geometry": { "type": "Point", "coordinates": [ 221952.655260412837379, 902082.898709544213489 ] } },
{ "type": "Feature", "properties": { "category": "personal_service" }, "geometry": { "type": "Point", "coordinates": [ 231713.404184876912041, 900920.424790473189205 ] } },
{ "type": "Feature", "properties": { "category": "personal_service" }, "geometry": { "type": "Point", "coordinates": [ 239759.43733819204499, 904051.22538790514227 ] } },
{ "type": "Feature", "properties": { "category": "personal_service" }, "geometry": { "type": "Point", "coordinates": [ 236320.283372122474248, 900805.212054508505389 ] } },
{ "type": "Feature", "properties": { "category": "personal_service" }, "geometry": { "type": "Point", "coordinates": [ 220768.191279922320973, 902921.598753938917071 ] } },
{ "type": "Feature", "properties": { "category": "personal_service" }, "geometry": { "type": "Point", "coordinates": [ 219118.790615754696773, 902925.469049063511193 ] } },
{ "type": "Feature", "properties": { "category": "personal_service" }, "geometry": { "type": "Point", "coordinates": [ 240233.160195835924242, 890371.255088843288831 ] } },
{ "type": "Feature", "properties": { "category": "personal_service" }, "geometry": { "type": "Point", "coordinates": [ 233361.30946117194253, 899861.707958125509322 ] } },
{ "type": "Feature", "properties": { "category": "personal_service" }, "geometry": { "type": "Point", "coordinates": [ 239541.925456177908927, 905811.938771484536119 ] } },
{ "type": "Feature", "properties": { "category": "personal_service" }, "geometry": { "type": "Point", "coordinates": [ 235974.584279901668197, 900550.286689386004582 ] } },
{ "type": "Feature", "properties": { "category": "personal_service" }, "geometry": { "type": "Point", "coordinates": [ 239253.513520749402232, 891619.996867226087488 ] } },
{ "type": "Feature", "properties": { "category": "personal_service" }, "geometry": { "type": "Point", "coordinates": [ 241628.87248950189678, 906997.227209773845971 ] } },
{ "type": "Feature", "properties": { "category": "personal_service" }, "geometry": { "type": "Point", "coordinates": [ 242668.343928252113983, 911202.761669512139633 ] } },
{ "type": "Feature", "properties": { "category": "personal_service" }, "geometry": { "type": "Point", "coordinates": [ 236135.3162517893943, 893815.934592012548819 ] } },
{ "type": "Feature", "properties": { "category": "personal_service" }, "geometry": { "type": "Point", "coordinates": [ 230532.198935835185694, 892758.594690422876738 ] } },
{ "type": "Feature", "properties": { "category": "personal_service" }, "geometry": { "type": "Point", "coordinates": [ 228579.545585520507302, 899953.712427785038017 ] } },
{ "type": "Feature", "properties": { "category": "personal_service" }, "geometry": { "type": "Point", "coordinates": [ 235559.874837736046175, 899160.257447584648617 ] } },
{ "type": "Feature", "properties": { "category": "personal_service" }, "geometry": { "type": "Point", "coordinates": [ 232754.247049415804213, 903495.993760239100084 ] } },
{ "type": "Feature", "properties": { "category": "personal_service" }, "geometry": { "type": "Point", "coordinates": [ 241039.719661017239559, 906807.033115827594884 ] } },
{ "type": "Feature", "properties": { "category": "personal_service" }, "geometry": { "type": "Point", "coordinates": [ 231416.456151500344276, 902918.940242286305875 ] } },
{ "type": "Feature", "properties": { "category": "personal_service" }, "geometry": { "type": "Point", "coordinates": [ 225137.388008634501603, 897925.398311749333516 ] } },
{ "type": "Feature", "properties": { "category": "personal_service" }, "geometry": { "type": "Point", "coordinates": [ 239850.139415522804484, 916923.669303199276328 ] } },
{ "type": "Feature", "properties": { "category": "personal_service" }, "geometry": { "type": "Point", "coordinates": [ 231127.60791309340857, 906878.832811093539931 ] } },
{ "type": "Feature", "properties": { "category": "personal_service" }, "geometry": { "type": "Point", "coordinates": [ 227103.628156513907015, 888376.288013638579287 ] } },
{ "type": "Feature", "properties": { "category": "personal_service" }, "geometry": { "type": "Point", "coordinates": [ 234933.390116861584829, 900115.384014359558932 ] } },
{ "type": "Feature", "properties": { "category": "personal_service" }, "geometry": { "type": "Point", "coordinates": [ 240572.012792640540283, 887709.37331826123409 ] } },
{ "type": "Feature", "properties": { "category": "personal_service" }, "geometry": { "type": "Point", "coordinates": [ 235988.142120092961704, 912393.649577730451711 ] } },
{ "type": "Feature", "properties": { "category": "personal_service" }, "geometry": { "type": "Point", "coordinates": [ 222905.47836218890734, 903223.820655999821611 ] } },
{ "type": "Feature", "properties": { "category": "personal_service" }, "geometry": { "type": "Point", "coordinates": [ 225191.093315630452707, 897726.985301600769162 ] } },
{ "type": "Feature", "properties": { "category": "personal_service" }, "geometry": { "type": "Point", "coordinates": [ 231739.576829576661112, 892050.830137392971665 ] } },
{ "type": "Feature", "properties": { "category": "personal_service" }, "geometry": { "type": "Point", "coordinates": [ 231129.498780041350983, 898254.841305872891098 ] } },
{ "type": "Feature", "properties": { "category": "personal_service" }, "geometry": { "type": "Point", "coordinates": [ 234266.53038493762142, 899248.248972659232095 ] } },
{ "type": "Feature", "properties": { "category": "personal_service" }, "geometry": { "type": "Point", "coordinates": [ 224159.499318280839361, 896896.399116547545418 ] } },
{ "type": "Feature", "properties": { "category": "personal_service" }, "geometry": { "type": "Point", "coordinates": [ 237639.060496129939565, 898596.811779654119164 ] } },
{ "type": "Feature", "properties": { "category": "personal_service" }, "geometry": { "type": "Point", "coordinates": [ 236505.794207121944055, 902029.812233925564215 ] } },
{ "type": "Feature", "properties": { "category": "personal_service" }, "geometry": { "type": "Point", "coordinates": [ 234528.755232080991846, 895770.479654314694926 ] } },
{ "type": "Feature", "properties": { "category": "personal_service" }, "geometry": { "type": "Point", "coordinates": [ 226682.077503494976554, 893682.418318972806446 ] } },
{ "type": "Feature", "properties": { "category": "personal_service" }, "geometry": { "type": "Point", "coordinates": [ 237542.700467695627594, 899757.949318201979622 ] } },
{ "type": "Feature", "properties": { "category": "personal_service" }, "geometry": { "type": "Point", "coordinates": [ 243462.631737771938788, 911967.76664337865077 ] } },
{ "type": "Feature", "properties": { "category": "personal_service" }, "geometry": { "type": "Point", "coordinates": [ 234894.647507156332722, 899040.291737077524886 ] } },
{ "type": "Feature", "properties": { "category": "personal_service" }, "geometry": { "type": "Point", "coordinates": [ 229682.276646084792446, 905924.84768313053064 ] } },
{ "type": "Feature", "properties": { "category": "personal_service" }, "geometry": { "type": "Point", "coordinates": [ 236887.865275896008825, 906616.372553541208617 ] } },
{ "type": "Feature", "properties": { "category": "personal_service" }, "geometry": { "type": "Point", "coordinates": [ 234057.53900453040842, 901445.020462988410145 ] } },
{ "type": "Feature", "properties": { "category": "personal_service" }, "geometry": { "type": "Point", "coordinates": [ 236801.161510456673568, 906259.796633495250717 ] } },
{ "type": "Feature", "properties": { "category": "personal_service" }, "geometry": { "type": "Point", "coordinates": [ 222549.820839484164026, 901494.079890760360286 ] } },
{ "type": "Feature", "properties": { "category": "personal_service" }, "geometry": { "type": "Point", "coordinates": [ 231240.570944931241684, 898797.502338045509532 ] } },
{ "type": "Feature", "properties": { "category": "personal_service" }, "geometry": { "type": "Point", "coordinates": [ 224134.436778862465871, 896849.54983204009477 ] } },
{ "type": "Feature", "properties": { "category": "personal_service" }, "geometry": { "type": "Point", "coordinates": [ 231416.456151500344276, 902918.940242286305875 ] } },
{ "type": "Feature", "properties": { "category": "personal_service" }, "geometry": { "type": "Point", "coordinates": [ 221548.1578792151995, 892208.727919611963443 ] } },
{ "type": "Feature", "properties": { "category": "personal_service" }, "geometry": { "type": "Point", "coordinates": [ 239749.923803508660058, 890807.704779430408962 ] } },
{ "type": "Feature", "properties": { "category": "personal_service" }, "geometry": { "type": "Point", "coordinates": [ 239932.130345271114493, 890931.253655966138467 ] } },
{ "type": "Feature", "properties": { "category": "personal_service" }, "geometry": { "type": "Point", "coordinates": [ 242799.204750473669264, 911165.67998157418333 ] } },
{ "type": "Feature", "properties": { "category": "personal_service" }, "geometry": { "type": "Point", "coordinates": [ 232622.744415541441413, 896197.46663881582208 ] } },
{ "type": "Feature", "properties": { "category": "personal_service" }, "geometry": { "type": "Point", "coordinates": [ 236887.865275896008825, 906616.372553541208617 ] } },
{ "type": "Feature", "properties": { "category": "personal_service" }, "geometry": { "type": "Point", "coordinates": [ 238618.703314344631508, 903658.416517341509461 ] } },
{ "type": "Feature", "properties": { "category": "personal_service" }, "geometry": { "type": "Point", "coordinates": [ 229772.048290146893123, 898257.402847845456563 ] } },
{ "type": "Feature", "properties": { "category": "personal_service" }, "geometry": { "type": "Point", "coordinates": [ 224028.497619316971395, 896299.691850883187726 ] } },
{ "type": "Feature", "properties": { "category": "personal_service" }, "geometry": { "type": "Point", "coordinates": [ 234522.524803945358144, 908067.81687837280333 ] } },
{ "type": "Feature", "properties": { "category": "personal_service" }, "geometry": { "type": "Point", "coordinates": [ 235369.989754722919315, 899394.784175680833869 ] } },
{ "type": "Feature", "properties": { "category": "personal_service" }, "geometry": { "type": "Point", "coordinates": [ 236520.124805827421369, 894352.201201078481972 ] } },
{ "type": "Feature", "properties": { "category": "personal_service" }, "geometry": { "type": "Point", "coordinates": [ 225814.516977135674097, 904453.657925858162344 ] } },
{ "type": "Feature", "properties": { "category": "personal_service" }, "geometry": { "type": "Point", "coordinates": [ 234160.323927614081185, 899873.321765323053114 ] } },
{ "type": "Feature", "properties": { "category": "personal_service" }, "geometry": { "type": "Point", "coordinates": [ 235971.0309676657198, 901099.549966328078881 ] } },
{ "type": "Feature", "properties": { "category": "personal_service" }, "geometry": { "type": "Point", "coordinates": [ 236955.348942675394937, 900561.818563531152904 ] } },
{ "type": "Feature", "properties": { "category": "personal_service" }, "geometry": { "type": "Point", "coordinates": [ 237542.700467695627594, 899757.949318201979622 ] } },
{ "type": "Feature", "properties": { "category": "personal_service" }, "geometry": { "type": "Point", "coordinates": [ 237281.211299317656085, 905058.784131795284338 ] } },
{ "type": "Feature", "properties": { "category": "personal_service" }, "geometry": { "type": "Point", "coordinates": [ 229850.815498657582793, 898805.569656036794186 ] } },
{ "type": "Feature", "properties": { "category": "personal_service" }, "geometry": { "type": "Point", "coordinates": [ 238110.569694874924608, 900261.523908137925901 ] } },
{ "type": "Feature", "properties": { "category": "personal_service" }, "geometry": { "type": "Point", "coordinates": [ 237505.098624378646491, 898466.134729463490658 ] } },
{ "type": "Feature", "properties": { "category": "personal_service" }, "geometry": { "type": "Point", "coordinates": [ 235633.053413392975926, 889638.017409827327356 ] } },
{ "type": "Feature", "properties": { "category": "personal_service" }, "geometry": { "type": "Point", "coordinates": [ 235383.99747616215609, 898085.249216188909486 ] } },
{ "type": "Feature", "properties": { "category": "personal_service" }, "geometry": { "type": "Point", "coordinates": [ 233946.600223241257481, 902548.379339373554103 ] } },
{ "type": "Feature", "properties": { "category": "personal_service" }, "geometry": { "type": "Point", "coordinates": [ 238122.98834580212133, 912394.817680307896808 ] } },
{ "type": "Feature", "properties": { "category": "personal_service" }, "geometry": { "type": "Point", "coordinates": [ 228635.310177390638273, 904726.62660733575467 ] } },
{ "type": "Feature", "properties": { "category": "personal_service" }, "geometry": { "type": "Point", "coordinates": [ 232952.472640673513524, 902424.458894334267825 ] } },
{ "type": "Feature", "properties": { "category": "personal_service" }, "geometry": { "type": "Point", "coordinates": [ 238714.750330778886564, 903130.87585968140047 ] } },
{ "type": "Feature", "properties": { "category": "personal_service" }, "geometry": { "type": "Point", "coordinates": [ 224540.424184428877197, 900549.483373846625909 ] } },
{ "type": "Feature", "properties": { "category": "personal_service" }, "geometry": { "type": "Point", "coordinates": [ 232926.442975858721184, 905797.462797139771283 ] } },
{ "type": "Feature", "properties": { "category": "personal_service" }, "geometry": { "type": "Point", "coordinates": [ 230602.87427690779441, 905119.701326008886099 ] } },
{ "type": "Feature", "properties": { "category": "personal_service" }, "geometry": { "type": "Point", "coordinates": [ 246309.561369936738629, 913362.73057062132284 ] } },
{ "type": "Feature", "properties": { "category": "personal_service" }, "geometry": { "type": "Point", "coordinates": [ 231845.005418526212452, 905617.525733275106177 ] } },
{ "type": "Feature", "properties": { "category": "personal_service" }, "geometry": { "type": "Point", "coordinates": [ 231921.056971431244165, 905585.547064472339116 ] } },
{ "type": "Feature", "properties": { "category": "personal_service" }, "geometry": { "type": "Point", "coordinates": [ 228637.197590522555402, 907190.806602253345773 ] } },
{ "type": "Feature", "properties": { "category": "personal_service" }, "geometry": { "type": "Point", "coordinates": [ 235011.909794615348801, 894537.80509937601164 ] } },
{ "type": "Feature", "properties": { "category": "personal_service" }, "geometry": { "type": "Point", "coordinates": [ 225829.15866124042077, 900604.642322454368696 ] } },
{ "type": "Feature", "properties": { "category": "personal_service" }, "geometry": { "type": "Point", "coordinates": [ 235638.990520054387162, 894605.379272382473573 ] } },
{ "type": "Feature", "properties": { "category": "personal_service" }, "geometry": { "type": "Point", "coordinates": [ 231900.133534959546523, 905860.039199983584695 ] } },
{ "type": "Feature", "properties": { "category": "personal_service" }, "geometry": { "type": "Point", "coordinates": [ 225401.544190009881277, 904098.701259080786258 ] } },
{ "type": "Feature", "properties": { "category": "personal_service" }, "geometry": { "type": "Point", "coordinates": [ 236441.136641806981061, 895432.569898415822536 ] } },
{ "type": "Feature", "properties": { "category": "personal_service" }, "geometry": { "type": "Point", "coordinates": [ 221639.300825243291911, 903855.726714319433086 ] } },
{ "type": "Feature", "properties": { "category": "personal_service" }, "geometry": { "type": "Point", "coordinates": [ 235987.093394033028744, 899893.324248973396607 ] } },
{ "type": "Feature", "properties": { "category": "personal_service" }, "geometry": { "type": "Point", "coordinates": [ 226789.052369328885106, 907444.768994208192453 ] } },
{ "type": "Feature", "properties": { "category": "personal_service" }, "geometry": { "type": "Point", "coordinates": [ 236663.925591213366715, 900707.470597171224654 ] } },
{ "type": "Feature", "properties": { "category": "personal_service" }, "geometry": { "type": "Point", "coordinates": [ 224268.472599769767839, 896728.715675950166769 ] } },
{ "type": "Feature", "properties": { "category": "personal_service" }, "geometry": { "type": "Point", "coordinates": [ 237358.124754050106276, 909016.407396915717982 ] } },
{ "type": "Feature", "properties": { "category": "personal_service" }, "geometry": { "type": "Point", "coordinates": [ 235542.715737858903594, 908732.611761981504969 ] } },
{ "type": "Feature", "properties": { "category": "personal_service" }, "geometry": { "type": "Point", "coordinates": [ 231380.060520217637531, 891652.676422006101348 ] } },
{ "type": "Feature", "properties": { "category": "personal_service" }, "geometry": { "type": "Point", "coordinates": [ 238964.398781412863173, 887636.423544705612585 ] } }
]
}
